SETTLEMENTDATE,REGIONID,RRP
2025-07-01 00:05:00,VIC1,176.61966
2025-07-01 00:10:00,VIC1,182.30989
2025-07-01 00:15:00,VIC1,169.4761
2025-07-01 00:20:00,VIC1,184.67607
2025-07-01 00:25:00,VIC1,185.739
2025-07-01 00:30:00,VIC1,187.3188
2025-07-01 00:35:00,VIC1,185.42933
2025-07-01 00:40:00,VIC1,187.56786
2025-07-01 00:45:00,VIC1,162.06
2025-07-01 00:50:00,VIC1,182.30989
2025-07-01 00:55:00,VIC1,164.62702
2025-07-01 01:00:00,VIC1,162.06
2025-07-01 01:05:00,VIC1,162.06
2025-07-01 01:10:00,VIC1,182.77973
2025-07-01 01:15:00,VIC1,162.06
2025-07-01 01:20:00,VIC1,179.27602
2025-07-01 01:25:00,VIC1,162.06
2025-07-01 01:30:00,VIC1,162.06
2025-07-01 01:35:00,VIC1,183.04165
2025-07-01 01:40:00,VIC1,180.45781
2025-07-01 01:45:00,VIC1,180.91697
2025-07-01 01:50:00,VIC1,181.64155
2025-07-01 01:55:00,VIC1,166.03292
2025-07-01 02:00:00,VIC1,162.94012
2025-07-01 02:05:00,VIC1,160.34664
2025-07-01 02:10:00,VIC1,161.52676
2025-07-01 02:15:00,VIC1,159.02375
2025-07-01 02:20:00,VIC1,145.61798
2025-07-01 02:25:00,VIC1,143.94711
2025-07-01 02:30:00,VIC1,145.61798
2025-07-01 02:35:00,VIC1,161.2526
2025-07-01 02:40:00,VIC1,141.40983
2025-07-01 02:45:00,VIC1,133.45745
2025-07-01 02:50:00,VIC1,141.54293
2025-07-01 02:55:00,VIC1,111.04392
2025-07-01 03:00:00,VIC1,142.73462
2025-07-01 03:05:00,VIC1,105.66632
2025-07-01 03:10:00,VIC1,108.38652
2025-07-01 03:15:00,VIC1,131.59812
2025-07-01 03:20:00,VIC1,130.14234
2025-07-01 03:25:00,VIC1,107.6014
2025-07-01 03:30:00,VIC1,121.35
2025-07-01 03:35:00,VIC1,104.88383
2025-07-01 03:40:00,VIC1,131.16319
2025-07-01 03:45:00,VIC1,121.35
2025-07-01 03:50:00,VIC1,116.34863
2025-07-01 03:55:00,VIC1,104.70883
2025-07-01 04:00:00,VIC1,107.08169
2025-07-01 04:05:00,VIC1,118.17537
2025-07-01 04:10:00,VIC1,118.12011
2025-07-01 04:15:00,VIC1,118.11491
2025-07-01 04:20:00,VIC1,117.16568
2025-07-01 04:25:00,VIC1,117.92937
2025-07-01 04:30:00,VIC1,114.15821
2025-07-01 04:35:00,VIC1,102.95783
2025-07-01 04:40:00,VIC1,114.52046
2025-07-01 04:45:00,VIC1,117.30093
2025-07-01 04:50:00,VIC1,118.03856
2025-07-01 04:55:00,VIC1,117.92931
2025-07-01 05:00:00,VIC1,115.30754
2025-07-01 05:05:00,VIC1,79.72
2025-07-01 05:10:00,VIC1,114.65201
2025-07-01 05:15:00,VIC1,124.57494
2025-07-01 05:20:00,VIC1,122.02
2025-07-01 05:25:00,VIC1,122.02
2025-07-01 05:30:00,VIC1,122.02
2025-07-01 05:35:00,VIC1,153.09153
2025-07-01 05:40:00,VIC1,122.02
2025-07-01 05:45:00,VIC1,134.87979
2025-07-01 05:50:00,VIC1,133.91523
2025-07-01 05:55:00,VIC1,129.95499
2025-07-01 06:00:00,VIC1,167.33729
2025-07-01 06:05:00,VIC1,122.02
2025-07-01 06:10:00,VIC1,138.567
2025-07-01 06:15:00,VIC1,156.43623
2025-07-01 06:20:00,VIC1,156.39732
2025-07-01 06:25:00,VIC1,167.91504
2025-07-01 06:30:00,VIC1,197.0759
2025-07-01 06:35:00,VIC1,145.72592
2025-07-01 06:40:00,VIC1,158.19165
2025-07-01 06:45:00,VIC1,195.87539
2025-07-01 06:50:00,VIC1,196.17928
2025-07-01 06:55:00,VIC1,223.94418
2025-07-01 07:00:00,VIC1,235.2
2025-07-01 07:05:00,VIC1,203.66827
2025-07-01 07:10:00,VIC1,235.2
2025-07-01 07:15:00,VIC1,237.99
2025-07-01 07:20:00,VIC1,266.96
2025-07-01 07:25:00,VIC1,272.49849
2025-07-01 07:30:00,VIC1,254.04669
2025-07-01 07:35:00,VIC1,243.97033
2025-07-01 07:40:00,VIC1,237.99
2025-07-01 07:45:00,VIC1,232.1
2025-07-01 07:50:00,VIC1,235.2
2025-07-01 07:55:00,VIC1,200.02
2025-07-01 08:00:00,VIC1,200.02
2025-07-01 08:05:00,VIC1,200.02
2025-07-01 08:10:00,VIC1,196.12312
2025-07-01 08:15:00,VIC1,189.82609
2025-07-01 08:20:00,VIC1,184.43837
2025-07-01 08:25:00,VIC1,139.63834
2025-07-01 08:30:00,VIC1,184.00731
2025-07-01 08:35:00,VIC1,187.50888
2025-07-01 08:40:00,VIC1,235.2
2025-07-01 08:45:00,VIC1,144.46576
2025-07-01 08:50:00,VIC1,147.00659
2025-07-01 08:55:00,VIC1,137.96
2025-07-01 09:00:00,VIC1,137.93185
2025-07-01 09:05:00,VIC1,200.02
2025-07-01 09:10:00,VIC1,200.02
2025-07-01 09:15:00,VIC1,194.42029
2025-07-01 09:20:00,VIC1,200.02
2025-07-01 09:25:00,VIC1,200.02
2025-07-01 09:30:00,VIC1,200.02
2025-07-01 09:35:00,VIC1,200.02
2025-07-01 09:40:00,VIC1,195.0942
2025-07-01 09:45:00,VIC1,226.77852
2025-07-01 09:50:00,VIC1,224.52656
2025-07-01 09:55:00,VIC1,193.23421
2025-07-01 10:00:00,VIC1,195.70259
2025-07-01 10:05:00,VIC1,184.50143
2025-07-01 10:10:00,VIC1,187.72513
2025-07-01 10:15:00,VIC1,180.72688
2025-07-01 10:20:00,VIC1,185.46483
2025-07-01 10:25:00,VIC1,182.58515
2025-07-01 10:30:00,VIC1,183.0557
2025-07-01 10:35:00,VIC1,182.60435
2025-07-01 10:40:00,VIC1,184.54024
2025-07-01 10:45:00,VIC1,183.07495
2025-07-01 10:50:00,VIC1,181.67037
2025-07-01 10:55:00,VIC1,180.72688
2025-07-01 11:00:00,VIC1,160.0
2025-07-01 11:05:00,VIC1,176.95231
2025-07-01 11:10:00,VIC1,181.26651
2025-07-01 11:15:00,VIC1,173.5132
2025-07-01 11:20:00,VIC1,174.51897
2025-07-01 11:25:00,VIC1,160.0001
2025-07-01 11:30:00,VIC1,177.25528
2025-07-01 11:35:00,VIC1,177.70977
2025-07-01 11:40:00,VIC1,179.83077
2025-07-01 11:45:00,VIC1,236.21
2025-07-01 11:50:00,VIC1,235.12
2025-07-01 11:55:00,VIC1,236.21
2025-07-01 12:00:00,VIC1,235.12
2025-07-01 12:05:00,VIC1,227.97
2025-07-01 12:10:00,VIC1,235.12
2025-07-01 12:15:00,VIC1,262.40548
2025-07-01 12:20:00,VIC1,260.13145
2025-07-01 12:25:00,VIC1,236.8423
2025-07-01 12:30:00,VIC1,262.85211
2025-07-01 12:35:00,VIC1,235.12
2025-07-01 12:40:00,VIC1,266.96
2025-07-01 12:45:00,VIC1,266.96
2025-07-01 12:50:00,VIC1,257.13188
2025-07-01 12:55:00,VIC1,267.16763
2025-07-01 13:00:00,VIC1,250.17121
2025-07-01 13:05:00,VIC1,266.96
2025-07-01 13:10:00,VIC1,266.96
2025-07-01 13:15:00,VIC1,266.96
2025-07-01 13:20:00,VIC1,268.03981
2025-07-01 13:25:00,VIC1,266.96
2025-07-01 13:30:00,VIC1,268.54926
2025-07-01 13:35:00,VIC1,268.61473
2025-07-01 13:40:00,VIC1,268.94047
2025-07-01 13:45:00,VIC1,235.12
2025-07-01 13:50:00,VIC1,235.12
2025-07-01 13:55:00,VIC1,235.12
2025-07-01 14:00:00,VIC1,232.15501
2025-07-01 14:05:00,VIC1,227.97
2025-07-01 14:10:00,VIC1,227.97
2025-07-01 14:15:00,VIC1,227.97
2025-07-01 14:20:00,VIC1,295.22
2025-07-01 14:25:00,VIC1,227.97
2025-07-01 14:30:00,VIC1,266.96
2025-07-01 14:35:00,VIC1,231.02794
2025-07-01 14:40:00,VIC1,295.22
2025-07-01 14:45:00,VIC1,283.97543
2025-07-01 14:50:00,VIC1,295.22
2025-07-01 14:55:00,VIC1,268.27418
2025-07-01 15:00:00,VIC1,227.97
2025-07-01 15:05:00,VIC1,235.12
2025-07-01 15:10:00,VIC1,291.33205
2025-07-01 15:15:00,VIC1,295.22
2025-07-01 15:20:00,VIC1,290.67604
2025-07-01 15:25:00,VIC1,299.3
2025-07-01 15:30:00,VIC1,291.56491
2025-07-01 15:35:00,VIC1,222.66009
2025-07-01 15:40:00,VIC1,200.02
2025-07-01 15:45:00,VIC1,200.02
2025-07-01 15:50:00,VIC1,185.13708
2025-07-01 15:55:00,VIC1,174.45485
2025-07-01 16:00:00,VIC1,185.66902
2025-07-01 16:05:00,VIC1,191.33839
2025-07-01 16:10:00,VIC1,200.02
2025-07-01 16:15:00,VIC1,214.36395
2025-07-01 16:20:00,VIC1,200.02
2025-07-01 16:25:00,VIC1,216.02253
2025-07-01 16:30:00,VIC1,219.343
2025-07-01 16:35:00,VIC1,221.48307
2025-07-01 16:40:00,VIC1,225.34846
2025-07-01 16:45:00,VIC1,284.0
2025-07-01 16:50:00,VIC1,284.0
2025-07-01 16:55:00,VIC1,281.3375
2025-07-01 17:00:00,VIC1,281.01525
2025-07-01 17:05:00,VIC1,237.99
2025-07-01 17:10:00,VIC1,299.29
2025-07-01 17:15:00,VIC1,237.99
2025-07-01 17:20:00,VIC1,284.0
2025-07-01 17:25:00,VIC1,284.0
2025-07-01 17:30:00,VIC1,306.14624
2025-07-01 17:35:00,VIC1,299.29
2025-07-01 17:40:00,VIC1,298.0
2025-07-01 17:45:00,VIC1,287.64999
2025-07-01 17:50:00,VIC1,311.69
2025-07-01 17:55:00,VIC1,302.65
2025-07-01 18:00:00,VIC1,388.72
2025-07-01 18:05:00,VIC1,306.89896
2025-07-01 18:10:00,VIC1,266.11136
2025-07-01 18:15:00,VIC1,284.0
2025-07-01 18:20:00,VIC1,294.03371
2025-07-01 18:25:00,VIC1,250.30458
2025-07-01 18:30:00,VIC1,246.32192
2025-07-01 18:35:00,VIC1,237.99
2025-07-01 18:40:00,VIC1,248.61048
2025-07-01 18:45:00,VIC1,253.33666
2025-07-01 18:50:00,VIC1,295.21666
2025-07-01 18:55:00,VIC1,237.99
2025-07-01 19:00:00,VIC1,222.29
2025-07-01 19:05:00,VIC1,239.98033
2025-07-01 19:10:00,VIC1,237.99
2025-07-01 19:15:00,VIC1,237.99
2025-07-01 19:20:00,VIC1,237.99
2025-07-01 19:25:00,VIC1,237.99
2025-07-01 19:30:00,VIC1,200.02
2025-07-01 19:35:00,VIC1,201.7782
2025-07-01 19:40:00,VIC1,203.38528
2025-07-01 19:45:00,VIC1,203.44766
2025-07-01 19:50:00,VIC1,192.41831
2025-07-01 19:55:00,VIC1,200.53363
2025-07-01 20:00:00,VIC1,183.85
2025-07-01 20:05:00,VIC1,169.44872
2025-07-01 20:10:00,VIC1,160.0
2025-07-01 20:15:00,VIC1,160.0
2025-07-01 20:20:00,VIC1,160.30703
2025-07-01 20:25:00,VIC1,181.8379
2025-07-01 20:30:00,VIC1,160.0
2025-07-01 20:35:00,VIC1,237.99
2025-07-01 20:40:00,VIC1,186.04201
2025-07-01 20:45:00,VIC1,186.57281
2025-07-01 20:50:00,VIC1,183.85
2025-07-01 20:55:00,VIC1,143.71242
2025-07-01 21:00:00,VIC1,132.72
2025-07-01 21:05:00,VIC1,172.53474
2025-07-01 21:10:00,VIC1,174.43547
2025-07-01 21:15:00,VIC1,160.0
2025-07-01 21:20:00,VIC1,200.02
2025-07-01 21:25:00,VIC1,136.79806
2025-07-01 21:30:00,VIC1,160.0
2025-07-01 21:35:00,VIC1,142.0792
2025-07-01 21:40:00,VIC1,143.38773
2025-07-01 21:45:00,VIC1,142.52724
2025-07-01 21:50:00,VIC1,140.07173
2025-07-01 21:55:00,VIC1,145.8525
2025-07-01 22:00:00,VIC1,137.96
2025-07-01 22:05:00,VIC1,122.02
2025-07-01 22:10:00,VIC1,142.15416
2025-07-01 22:15:00,VIC1,148.00951
2025-07-01 22:20:00,VIC1,146.18078
2025-07-01 22:25:00,VIC1,119.76392
2025-07-01 22:30:00,VIC1,119.5671
2025-07-01 22:35:00,VIC1,120.13854
2025-07-01 22:40:00,VIC1,122.02
2025-07-01 22:45:00,VIC1,122.02
2025-07-01 22:50:00,VIC1,119.84002
2025-07-01 22:55:00,VIC1,122.02
2025-07-01 23:00:00,VIC1,122.02
2025-07-01 23:05:00,VIC1,137.16387
2025-07-01 23:10:00,VIC1,138.567
2025-07-01 23:15:00,VIC1,137.22995
2025-07-01 23:20:00,VIC1,160.00007
2025-07-01 23:25:00,VIC1,140.36181
2025-07-01 23:30:00,VIC1,139.27939
2025-07-01 23:35:00,VIC1,138.92228
2025-07-01 23:40:00,VIC1,139.99914
2025-07-01 23:45:00,VIC1,137.3817
2025-07-01 23:50:00,VIC1,137.85309
2025-07-01 23:55:00,VIC1,139.99914
2025-07-02 00:00:00,VIC1,139.99914
2025-07-02 00:05:00,VIC1,159.22
2025-07-02 00:10:00,VIC1,138.92228
2025-07-02 00:15:00,VIC1,136.88167
2025-07-02 00:20:00,VIC1,137.86187
2025-07-02 00:25:00,VIC1,144.90636
2025-07-02 00:30:00,VIC1,138.92228
2025-07-02 00:35:00,VIC1,144.8585
2025-07-02 00:40:00,VIC1,143.58553
2025-07-02 00:45:00,VIC1,145.99124
2025-07-02 00:50:00,VIC1,137.86187
2025-07-02 00:55:00,VIC1,126.35322
2025-07-02 01:00:00,VIC1,134.61929
2025-07-02 01:05:00,VIC1,144.53965
2025-07-02 01:10:00,VIC1,108.00249
2025-07-02 01:15:00,VIC1,113.45259
2025-07-02 01:20:00,VIC1,134.56709
2025-07-02 01:25:00,VIC1,120.01631
2025-07-02 01:30:00,VIC1,90.0
2025-07-02 01:35:00,VIC1,147.23436
2025-07-02 01:40:00,VIC1,129.98772
2025-07-02 01:45:00,VIC1,147.1343
2025-07-02 01:50:00,VIC1,90.0
2025-07-02 01:55:00,VIC1,147.45806
2025-07-02 02:00:00,VIC1,90.0
2025-07-02 02:05:00,VIC1,97.00147
2025-07-02 02:10:00,VIC1,125.8107
2025-07-02 02:15:00,VIC1,145.27529
2025-07-02 02:20:00,VIC1,90.0
2025-07-02 02:25:00,VIC1,135.18795
2025-07-02 02:30:00,VIC1,90.0
2025-07-02 02:35:00,VIC1,127.64425
2025-07-02 02:40:00,VIC1,86.46459
2025-07-02 02:45:00,VIC1,85.88
2025-07-02 02:50:00,VIC1,85.69444
2025-07-02 02:55:00,VIC1,90.0
2025-07-02 03:00:00,VIC1,85.88
2025-07-02 03:05:00,VIC1,85.95676
2025-07-02 03:10:00,VIC1,119.6
2025-07-02 03:15:00,VIC1,90.0
2025-07-02 03:20:00,VIC1,81.75953
2025-07-02 03:25:00,VIC1,85.88
2025-07-02 03:30:00,VIC1,90.0
2025-07-02 03:35:00,VIC1,82.10542
2025-07-02 03:40:00,VIC1,82.6371
2025-07-02 03:45:00,VIC1,79.72
2025-07-02 03:50:00,VIC1,79.72
2025-07-02 03:55:00,VIC1,79.72
2025-07-02 04:00:00,VIC1,79.72
2025-07-02 04:05:00,VIC1,74.83305
2025-07-02 04:10:00,VIC1,83.03894
2025-07-02 04:15:00,VIC1,72.96744
2025-07-02 04:20:00,VIC1,75.7785
2025-07-02 04:25:00,VIC1,83.11101
2025-07-02 04:30:00,VIC1,76.84515
2025-07-02 04:35:00,VIC1,74.00811
2025-07-02 04:40:00,VIC1,74.0243
2025-07-02 04:45:00,VIC1,74.10774
2025-07-02 04:50:00,VIC1,75.21804
2025-07-02 04:55:00,VIC1,77.78987
2025-07-02 05:00:00,VIC1,84.10792
2025-07-02 05:05:00,VIC1,83.44393
2025-07-02 05:10:00,VIC1,82.87786
2025-07-02 05:15:00,VIC1,82.87059
2025-07-02 05:20:00,VIC1,82.24862
2025-07-02 05:25:00,VIC1,84.27581
2025-07-02 05:30:00,VIC1,93.09819
2025-07-02 05:35:00,VIC1,97.59663
2025-07-02 05:40:00,VIC1,98.42502
2025-07-02 05:45:00,VIC1,122.7403
2025-07-02 05:50:00,VIC1,123.73777
2025-07-02 05:55:00,VIC1,127.92982
2025-07-02 06:00:00,VIC1,126.86068
2025-07-02 06:05:00,VIC1,124.91024
2025-07-02 06:10:00,VIC1,130.48645
2025-07-02 06:15:00,VIC1,160.0
2025-07-02 06:20:00,VIC1,160.0
2025-07-02 06:25:00,VIC1,163.03642
2025-07-02 06:30:00,VIC1,200.02
2025-07-02 06:35:00,VIC1,140.13531
2025-07-02 06:40:00,VIC1,159.87552
2025-07-02 06:45:00,VIC1,160.0
2025-07-02 06:50:00,VIC1,200.02
2025-07-02 06:55:00,VIC1,200.02
2025-07-02 07:00:00,VIC1,200.02
2025-07-02 07:05:00,VIC1,200.02
2025-07-02 07:10:00,VIC1,200.02
2025-07-02 07:15:00,VIC1,200.02
2025-07-02 07:20:00,VIC1,200.02
2025-07-02 07:25:00,VIC1,200.02
2025-07-02 07:30:00,VIC1,167.96758
2025-07-02 07:35:00,VIC1,200.02
2025-07-02 07:40:00,VIC1,185.72
2025-07-02 07:45:00,VIC1,160.10107
2025-07-02 07:50:00,VIC1,167.4
2025-07-02 07:55:00,VIC1,160.0
2025-07-02 08:00:00,VIC1,176.1301
2025-07-02 08:05:00,VIC1,185.04474
2025-07-02 08:10:00,VIC1,188.02331
2025-07-02 08:15:00,VIC1,178.61515
2025-07-02 08:20:00,VIC1,182.56594
2025-07-02 08:25:00,VIC1,181.63216
2025-07-02 08:30:00,VIC1,180.70787
2025-07-02 08:35:00,VIC1,185.55578
2025-07-02 08:40:00,VIC1,189.95206
2025-07-02 08:45:00,VIC1,218.33384
2025-07-02 08:50:00,VIC1,226.60124
2025-07-02 08:55:00,VIC1,268.69403
2025-07-02 09:00:00,VIC1,212.82718
2025-07-02 09:05:00,VIC1,242.35218
2025-07-02 09:10:00,VIC1,270.82
2025-07-02 09:15:00,VIC1,218.83618
2025-07-02 09:20:00,VIC1,209.49811
2025-07-02 09:25:00,VIC1,203.41658
2025-07-02 09:30:00,VIC1,196.19556
2025-07-02 09:35:00,VIC1,195.52272
2025-07-02 09:40:00,VIC1,190.43213
2025-07-02 09:45:00,VIC1,190.95085
2025-07-02 09:50:00,VIC1,212.20065
2025-07-02 09:55:00,VIC1,185.91692
2025-07-02 10:00:00,VIC1,189.34744
2025-07-02 10:05:00,VIC1,188.95716
2025-07-02 10:10:00,VIC1,187.45169
2025-07-02 10:15:00,VIC1,199.21583
2025-07-02 10:20:00,VIC1,184.98188
2025-07-02 10:25:00,VIC1,164.10264
2025-07-02 10:30:00,VIC1,161.58326
2025-07-02 10:35:00,VIC1,210.37791
2025-07-02 10:40:00,VIC1,189.86603
2025-07-02 10:45:00,VIC1,262.86897
2025-07-02 10:50:00,VIC1,189.34744
2025-07-02 10:55:00,VIC1,187.83887
2025-07-02 11:00:00,VIC1,186.35991
2025-07-02 11:05:00,VIC1,155.07387
2025-07-02 11:10:00,VIC1,154.44963
2025-07-02 11:15:00,VIC1,156.22781
2025-07-02 11:20:00,VIC1,148.41823
2025-07-02 11:25:00,VIC1,131.83346
2025-07-02 11:30:00,VIC1,157.4043
2025-07-02 11:35:00,VIC1,177.37275
2025-07-02 11:40:00,VIC1,159.22
2025-07-02 11:45:00,VIC1,159.88
2025-07-02 11:50:00,VIC1,160.0001
2025-07-02 11:55:00,VIC1,160.0001
2025-07-02 12:00:00,VIC1,177.9967
2025-07-02 12:05:00,VIC1,160.0001
2025-07-02 12:10:00,VIC1,174.27764
2025-07-02 12:15:00,VIC1,182.17447
2025-07-02 12:20:00,VIC1,179.8686
2025-07-02 12:25:00,VIC1,179.8686
2025-07-02 12:30:00,VIC1,179.30122
2025-07-02 12:35:00,VIC1,182.64276
2025-07-02 12:40:00,VIC1,227.97
2025-07-02 12:45:00,VIC1,180.74589
2025-07-02 12:50:00,VIC1,183.11346
2025-07-02 12:55:00,VIC1,182.17447
2025-07-02 13:00:00,VIC1,178.49003
2025-07-02 13:05:00,VIC1,227.97
2025-07-02 13:10:00,VIC1,270.90985
2025-07-02 13:15:00,VIC1,180.24925
2025-07-02 13:20:00,VIC1,182.09785
2025-07-02 13:25:00,VIC1,178.8496
2025-07-02 13:30:00,VIC1,167.35751
2025-07-02 13:35:00,VIC1,179.33895
2025-07-02 13:40:00,VIC1,177.0582
2025-07-02 13:45:00,VIC1,177.06758
2025-07-02 13:50:00,VIC1,178.8496
2025-07-02 13:55:00,VIC1,253.21487
2025-07-02 14:00:00,VIC1,180.28717
2025-07-02 14:05:00,VIC1,295.22
2025-07-02 14:10:00,VIC1,184.94297
2025-07-02 14:15:00,VIC1,183.94606
2025-07-02 14:20:00,VIC1,193.365
2025-07-02 14:25:00,VIC1,185.00133
2025-07-02 14:30:00,VIC1,187.95745
2025-07-02 14:35:00,VIC1,185.97964
2025-07-02 14:40:00,VIC1,160.0001
2025-07-02 14:45:00,VIC1,183.13296
2025-07-02 14:50:00,VIC1,185.02078
2025-07-02 14:55:00,VIC1,124.23995
2025-07-02 15:00:00,VIC1,157.0882
2025-07-02 15:05:00,VIC1,180.92368
2025-07-02 15:10:00,VIC1,160.0001
2025-07-02 15:15:00,VIC1,182.52753
2025-07-02 15:20:00,VIC1,198.66982
2025-07-02 15:25:00,VIC1,198.16221
2025-07-02 15:30:00,VIC1,199.18009
2025-07-02 15:35:00,VIC1,227.97
2025-07-02 15:40:00,VIC1,227.97
2025-07-02 15:45:00,VIC1,184.06218
2025-07-02 15:50:00,VIC1,295.22
2025-07-02 15:55:00,VIC1,184.06218
2025-07-02 16:00:00,VIC1,295.22
2025-07-02 16:05:00,VIC1,216.22521
2025-07-02 16:10:00,VIC1,190.39672
2025-07-02 16:15:00,VIC1,212.76644
2025-07-02 16:20:00,VIC1,241.96
2025-07-02 16:25:00,VIC1,241.96
2025-07-02 16:30:00,VIC1,208.82382
2025-07-02 16:35:00,VIC1,200.02
2025-07-02 16:40:00,VIC1,200.02
2025-07-02 16:45:00,VIC1,190.90321
2025-07-02 16:50:00,VIC1,213.23135
2025-07-02 16:55:00,VIC1,200.89
2025-07-02 17:00:00,VIC1,211.59368
2025-07-02 17:05:00,VIC1,188.27065
2025-07-02 17:10:00,VIC1,177.25642
2025-07-02 17:15:00,VIC1,180.94
2025-07-02 17:20:00,VIC1,190.11651
2025-07-02 17:25:00,VIC1,183.85
2025-07-02 17:30:00,VIC1,235.2
2025-07-02 17:35:00,VIC1,231.03558
2025-07-02 17:40:00,VIC1,235.2
2025-07-02 17:45:00,VIC1,233.13605
2025-07-02 17:50:00,VIC1,262.02277
2025-07-02 17:55:00,VIC1,237.99
2025-07-02 18:00:00,VIC1,237.99
2025-07-02 18:05:00,VIC1,235.81135
2025-07-02 18:10:00,VIC1,235.2
2025-07-02 18:15:00,VIC1,235.2
2025-07-02 18:20:00,VIC1,237.30566
2025-07-02 18:25:00,VIC1,237.16138
2025-07-02 18:30:00,VIC1,235.2
2025-07-02 18:35:00,VIC1,208.37502
2025-07-02 18:40:00,VIC1,207.355
2025-07-02 18:45:00,VIC1,220.82051
2025-07-02 18:50:00,VIC1,218.02798
2025-07-02 18:55:00,VIC1,235.2
2025-07-02 19:00:00,VIC1,235.2
2025-07-02 19:05:00,VIC1,201.69828
2025-07-02 19:10:00,VIC1,235.2
2025-07-02 19:15:00,VIC1,200.02
2025-07-02 19:20:00,VIC1,188.72825
2025-07-02 19:25:00,VIC1,200.02
2025-07-02 19:30:00,VIC1,224.45217
2025-07-02 19:35:00,VIC1,200.02
2025-07-02 19:40:00,VIC1,200.02
2025-07-02 19:45:00,VIC1,200.02
2025-07-02 19:50:00,VIC1,200.02
2025-07-02 19:55:00,VIC1,200.02
2025-07-02 20:00:00,VIC1,237.99
2025-07-02 20:05:00,VIC1,228.33156
2025-07-02 20:10:00,VIC1,228.87735
2025-07-02 20:15:00,VIC1,186.04155
2025-07-02 20:20:00,VIC1,189.33021
2025-07-02 20:25:00,VIC1,211.10923
2025-07-02 20:30:00,VIC1,187.90574
2025-07-02 20:35:00,VIC1,237.99
2025-07-02 20:40:00,VIC1,226.69422
2025-07-02 20:45:00,VIC1,227.78578
2025-07-02 20:50:00,VIC1,230.51469
2025-07-02 20:55:00,VIC1,228.28181
2025-07-02 21:00:00,VIC1,220.56163
2025-07-02 21:05:00,VIC1,237.99
2025-07-02 21:10:00,VIC1,232.2972
2025-07-02 21:15:00,VIC1,236.66612
2025-07-02 21:20:00,VIC1,236.09889
2025-07-02 21:25:00,VIC1,231.08143
2025-07-02 21:30:00,VIC1,202.49733
2025-07-02 21:35:00,VIC1,199.42501
2025-07-02 21:40:00,VIC1,231.14276
2025-07-02 21:45:00,VIC1,229.87806
2025-07-02 21:50:00,VIC1,202.30555
2025-07-02 21:55:00,VIC1,210.29854
2025-07-02 22:00:00,VIC1,199.57011
2025-07-02 22:05:00,VIC1,228.91805
2025-07-02 22:10:00,VIC1,200.02
2025-07-02 22:15:00,VIC1,226.61585
2025-07-02 22:20:00,VIC1,202.88422
2025-07-02 22:25:00,VIC1,200.02
2025-07-02 22:30:00,VIC1,200.02
2025-07-02 22:35:00,VIC1,200.02
2025-07-02 22:40:00,VIC1,200.02
2025-07-02 22:45:00,VIC1,200.02
2025-07-02 22:50:00,VIC1,200.02
2025-07-02 22:55:00,VIC1,182.21081
2025-07-02 23:00:00,VIC1,161.68917
2025-07-02 23:05:00,VIC1,291.70219
2025-07-02 23:10:00,VIC1,215.49699
2025-07-02 23:15:00,VIC1,218.24833
2025-07-02 23:20:00,VIC1,189.86007
2025-07-02 23:25:00,VIC1,185.08764
2025-07-02 23:30:00,VIC1,211.61896
2025-07-02 23:35:00,VIC1,210.60578
2025-07-02 23:40:00,VIC1,215.49699
2025-07-02 23:45:00,VIC1,217.68143
2025-07-02 23:50:00,VIC1,218.77364
2025-07-02 23:55:00,VIC1,216.56902
2025-07-03 00:00:00,VIC1,214.77873
2025-07-03 00:05:00,VIC1,211.96319
2025-07-03 00:10:00,VIC1,170.80039
2025-07-03 00:15:00,VIC1,160.36
2025-07-03 00:20:00,VIC1,163.22984
2025-07-03 00:25:00,VIC1,160.0001
2025-07-03 00:30:00,VIC1,160.08
2025-07-03 00:35:00,VIC1,194.96197
2025-07-03 00:40:00,VIC1,181.10426
2025-07-03 00:45:00,VIC1,172.04705
2025-07-03 00:50:00,VIC1,183.03645
2025-07-03 00:55:00,VIC1,194.08652
2025-07-03 01:00:00,VIC1,150.99
2025-07-03 01:05:00,VIC1,178.88724
2025-07-03 01:10:00,VIC1,179.33895
2025-07-03 01:15:00,VIC1,160.0001
2025-07-03 01:20:00,VIC1,119.5
2025-07-03 01:25:00,VIC1,150.99
2025-07-03 01:30:00,VIC1,160.0001
2025-07-03 01:35:00,VIC1,120.73195
2025-07-03 01:40:00,VIC1,119.5
2025-07-03 01:45:00,VIC1,121.67007
2025-07-03 01:50:00,VIC1,121.59128
2025-07-03 01:55:00,VIC1,121.58989
2025-07-03 02:00:00,VIC1,121.73237
2025-07-03 02:05:00,VIC1,159.22
2025-07-03 02:10:00,VIC1,119.5
2025-07-03 02:15:00,VIC1,119.5
2025-07-03 02:20:00,VIC1,131.56838
2025-07-03 02:25:00,VIC1,159.22
2025-07-03 02:30:00,VIC1,119.5
2025-07-03 02:35:00,VIC1,120.46582
2025-07-03 02:40:00,VIC1,122.7032
2025-07-03 02:45:00,VIC1,159.88
2025-07-03 02:50:00,VIC1,150.89003
2025-07-03 02:55:00,VIC1,160.0001
2025-07-03 03:00:00,VIC1,118.50485
2025-07-03 03:05:00,VIC1,178.9531
2025-07-03 03:10:00,VIC1,175.31448
2025-07-03 03:15:00,VIC1,160.0001
2025-07-03 03:20:00,VIC1,132.72
2025-07-03 03:25:00,VIC1,160.0001
2025-07-03 03:30:00,VIC1,160.0001
2025-07-03 03:35:00,VIC1,178.96251
2025-07-03 03:40:00,VIC1,178.4378
2025-07-03 03:45:00,VIC1,212.30538
2025-07-03 03:50:00,VIC1,182.09785
2025-07-03 03:55:00,VIC1,182.09785
2025-07-03 04:00:00,VIC1,181.63216
2025-07-03 04:05:00,VIC1,209.84064
2025-07-03 04:10:00,VIC1,208.23755
2025-07-03 04:15:00,VIC1,160.0
2025-07-03 04:20:00,VIC1,177.0587
2025-07-03 04:25:00,VIC1,171.12728
2025-07-03 04:30:00,VIC1,190.43369
2025-07-03 04:35:00,VIC1,160.0
2025-07-03 04:40:00,VIC1,171.81883
2025-07-03 04:45:00,VIC1,200.02
2025-07-03 04:50:00,VIC1,175.23349
2025-07-03 04:55:00,VIC1,171.66393
2025-07-03 05:00:00,VIC1,191.07456
2025-07-03 05:05:00,VIC1,160.0
2025-07-03 05:10:00,VIC1,183.2759
2025-07-03 05:15:00,VIC1,200.02
2025-07-03 05:20:00,VIC1,163.54916
2025-07-03 05:25:00,VIC1,200.02
2025-07-03 05:30:00,VIC1,200.02
2025-07-03 05:35:00,VIC1,168.70398
2025-07-03 05:40:00,VIC1,168.61264
2025-07-03 05:45:00,VIC1,168.41285
2025-07-03 05:50:00,VIC1,169.55383
2025-07-03 05:55:00,VIC1,169.98197
2025-07-03 06:00:00,VIC1,200.02
2025-07-03 06:05:00,VIC1,172.57111
2025-07-03 06:10:00,VIC1,209.69771
2025-07-03 06:15:00,VIC1,223.00531
2025-07-03 06:20:00,VIC1,253.42607
2025-07-03 06:25:00,VIC1,243.41936
2025-07-03 06:30:00,VIC1,287.53033
2025-07-03 06:35:00,VIC1,256.72247
2025-07-03 06:40:00,VIC1,258.82397
2025-07-03 06:45:00,VIC1,280.20853
2025-07-03 06:50:00,VIC1,286.53847
2025-07-03 06:55:00,VIC1,289.91237
2025-07-03 07:00:00,VIC1,303.66077
2025-07-03 07:05:00,VIC1,298.89
2025-07-03 07:10:00,VIC1,299.29
2025-07-03 07:15:00,VIC1,305.66574
2025-07-03 07:20:00,VIC1,299.29
2025-07-03 07:25:00,VIC1,333.46596
2025-07-03 07:30:00,VIC1,262.64687
2025-07-03 07:35:00,VIC1,300.02045
2025-07-03 07:40:00,VIC1,293.11404
2025-07-03 07:45:00,VIC1,291.44583
2025-07-03 07:50:00,VIC1,294.79519
2025-07-03 07:55:00,VIC1,299.29
2025-07-03 08:00:00,VIC1,264.89042
2025-07-03 08:05:00,VIC1,237.99
2025-07-03 08:10:00,VIC1,238.99267
2025-07-03 08:15:00,VIC1,294.88789
2025-07-03 08:20:00,VIC1,291.69507
2025-07-03 08:25:00,VIC1,299.1614
2025-07-03 08:30:00,VIC1,273.45704
2025-07-03 08:35:00,VIC1,265.83852
2025-07-03 08:40:00,VIC1,237.99
2025-07-03 08:45:00,VIC1,248.69203
2025-07-03 08:50:00,VIC1,237.99
2025-07-03 08:55:00,VIC1,237.99
2025-07-03 09:00:00,VIC1,235.2
2025-07-03 09:05:00,VIC1,235.2
2025-07-03 09:10:00,VIC1,202.9597
2025-07-03 09:15:00,VIC1,203.4515
2025-07-03 09:20:00,VIC1,180.94
2025-07-03 09:25:00,VIC1,180.45133
2025-07-03 09:30:00,VIC1,179.98031
2025-07-03 09:35:00,VIC1,180.6219
2025-07-03 09:40:00,VIC1,180.94
2025-07-03 09:45:00,VIC1,177.43258
2025-07-03 09:50:00,VIC1,172.06
2025-07-03 09:55:00,VIC1,171.60204
2025-07-03 10:00:00,VIC1,174.2983
2025-07-03 10:05:00,VIC1,175.75126
2025-07-03 10:10:00,VIC1,85.88
2025-07-03 10:15:00,VIC1,137.96
2025-07-03 10:20:00,VIC1,168.64781
2025-07-03 10:25:00,VIC1,128.90099
2025-07-03 10:30:00,VIC1,159.52
2025-07-03 10:35:00,VIC1,121.35
2025-07-03 10:40:00,VIC1,153.73529
2025-07-03 10:45:00,VIC1,116.28638
2025-07-03 10:50:00,VIC1,90.0
2025-07-03 10:55:00,VIC1,90.99
2025-07-03 11:00:00,VIC1,90.0
2025-07-03 11:05:00,VIC1,90.0
2025-07-03 11:10:00,VIC1,85.88
2025-07-03 11:15:00,VIC1,85.88
2025-07-03 11:20:00,VIC1,159.22
2025-07-03 11:25:00,VIC1,132.72
2025-07-03 11:30:00,VIC1,121.35
2025-07-03 11:35:00,VIC1,132.72
2025-07-03 11:40:00,VIC1,132.72
2025-07-03 11:45:00,VIC1,153.39065
2025-07-03 11:50:00,VIC1,159.22
2025-07-03 11:55:00,VIC1,159.22
2025-07-03 12:00:00,VIC1,153.77347
2025-07-03 12:05:00,VIC1,159.22
2025-07-03 12:10:00,VIC1,159.22
2025-07-03 12:15:00,VIC1,79.03052
2025-07-03 12:20:00,VIC1,79.56
2025-07-03 12:25:00,VIC1,90.0
2025-07-03 12:30:00,VIC1,90.76
2025-07-03 12:35:00,VIC1,132.72
2025-07-03 12:40:00,VIC1,121.35
2025-07-03 12:45:00,VIC1,79.56
2025-07-03 12:50:00,VIC1,79.56
2025-07-03 12:55:00,VIC1,66.37678
2025-07-03 13:00:00,VIC1,20.0
2025-07-03 13:05:00,VIC1,35.09913
2025-07-03 13:10:00,VIC1,33.88985
2025-07-03 13:15:00,VIC1,46.01
2025-07-03 13:20:00,VIC1,33.89024
2025-07-03 13:25:00,VIC1,34.934
2025-07-03 13:30:00,VIC1,33.89004
2025-07-03 13:35:00,VIC1,20.3
2025-07-03 13:40:00,VIC1,33.89024
2025-07-03 13:45:00,VIC1,33.88985
2025-07-03 13:50:00,VIC1,48.42897
2025-07-03 13:55:00,VIC1,35.43448
2025-07-03 14:00:00,VIC1,34.80829
2025-07-03 14:05:00,VIC1,23.62913
2025-07-03 14:10:00,VIC1,21.76
2025-07-03 14:15:00,VIC1,23.32713
2025-07-03 14:20:00,VIC1,8.95
2025-07-03 14:25:00,VIC1,10.89
2025-07-03 14:30:00,VIC1,20.0
2025-07-03 14:35:00,VIC1,20.0
2025-07-03 14:40:00,VIC1,20.0
2025-07-03 14:45:00,VIC1,21.81
2025-07-03 14:50:00,VIC1,20.0
2025-07-03 14:55:00,VIC1,33.89005
2025-07-03 15:00:00,VIC1,76.15256
2025-07-03 15:05:00,VIC1,79.56
2025-07-03 15:10:00,VIC1,132.72
2025-07-03 15:15:00,VIC1,33.89029
2025-07-03 15:20:00,VIC1,33.89029
2025-07-03 15:25:00,VIC1,42.58442
2025-07-03 15:30:00,VIC1,79.56
2025-07-03 15:35:00,VIC1,121.35
2025-07-03 15:40:00,VIC1,116.9007
2025-07-03 15:45:00,VIC1,121.35
2025-07-03 15:50:00,VIC1,132.72
2025-07-03 15:55:00,VIC1,162.80311
2025-07-03 16:00:00,VIC1,176.60899
2025-07-03 16:05:00,VIC1,184.8383
2025-07-03 16:10:00,VIC1,198.33479
2025-07-03 16:15:00,VIC1,184.51459
2025-07-03 16:20:00,VIC1,307.85374
2025-07-03 16:25:00,VIC1,134.22496
2025-07-03 16:30:00,VIC1,360.07
2025-07-03 16:35:00,VIC1,227.97
2025-07-03 16:40:00,VIC1,226.97
2025-07-03 16:45:00,VIC1,200.64081
2025-07-03 16:50:00,VIC1,230.72258
2025-07-03 16:55:00,VIC1,237.99
2025-07-03 17:00:00,VIC1,240.0
2025-07-03 17:05:00,VIC1,237.99
2025-07-03 17:10:00,VIC1,238.6918
2025-07-03 17:15:00,VIC1,240.0
2025-07-03 17:20:00,VIC1,254.11027
2025-07-03 17:25:00,VIC1,254.1888
2025-07-03 17:30:00,VIC1,299.5
2025-07-03 17:35:00,VIC1,270.82
2025-07-03 17:40:00,VIC1,262.10992
2025-07-03 17:45:00,VIC1,299.29
2025-07-03 17:50:00,VIC1,299.5
2025-07-03 17:55:00,VIC1,278.44624
2025-07-03 18:00:00,VIC1,298.1
2025-07-03 18:05:00,VIC1,264.44018
2025-07-03 18:10:00,VIC1,276.46913
2025-07-03 18:15:00,VIC1,237.99
2025-07-03 18:20:00,VIC1,251.07715
2025-07-03 18:25:00,VIC1,260.96172
2025-07-03 18:30:00,VIC1,254.8451
2025-07-03 18:35:00,VIC1,240.0
2025-07-03 18:40:00,VIC1,237.99
2025-07-03 18:45:00,VIC1,252.03093
2025-07-03 18:50:00,VIC1,270.82
2025-07-03 18:55:00,VIC1,270.82
2025-07-03 19:00:00,VIC1,240.0
2025-07-03 19:05:00,VIC1,299.29
2025-07-03 19:10:00,VIC1,277.95162
2025-07-03 19:15:00,VIC1,252.81809
2025-07-03 19:20:00,VIC1,270.82
2025-07-03 19:25:00,VIC1,276.49069
2025-07-03 19:30:00,VIC1,303.60844
2025-07-03 19:35:00,VIC1,234.48286
2025-07-03 19:40:00,VIC1,241.17128
2025-07-03 19:45:00,VIC1,254.9669
2025-07-03 19:50:00,VIC1,268.90729
2025-07-03 19:55:00,VIC1,269.57757
2025-07-03 20:00:00,VIC1,254.64221
2025-07-03 20:05:00,VIC1,256.95184
2025-07-03 20:10:00,VIC1,312.65562
2025-07-03 20:15:00,VIC1,264.36645
2025-07-03 20:20:00,VIC1,260.02112
2025-07-03 20:25:00,VIC1,312.4123
2025-07-03 20:30:00,VIC1,198.72947
2025-07-03 20:35:00,VIC1,270.20551
2025-07-03 20:40:00,VIC1,270.16295
2025-07-03 20:45:00,VIC1,314.3918
2025-07-03 20:50:00,VIC1,315.81469
2025-07-03 20:55:00,VIC1,266.27026
2025-07-03 21:00:00,VIC1,200.02
2025-07-03 21:05:00,VIC1,240.0
2025-07-03 21:10:00,VIC1,222.93151
2025-07-03 21:15:00,VIC1,235.24712
2025-07-03 21:20:00,VIC1,223.98986
2025-07-03 21:25:00,VIC1,222.55549
2025-07-03 21:30:00,VIC1,218.75009
2025-07-03 21:35:00,VIC1,217.68134
2025-07-03 21:40:00,VIC1,226.60493
2025-07-03 21:45:00,VIC1,225.52514
2025-07-03 21:50:00,VIC1,237.98809
2025-07-03 21:55:00,VIC1,226.58376
2025-07-03 22:00:00,VIC1,192.19857
2025-07-03 22:05:00,VIC1,222.91072
2025-07-03 22:10:00,VIC1,257.41312
2025-07-03 22:15:00,VIC1,225.5473
2025-07-03 22:20:00,VIC1,245.5307
2025-07-03 22:25:00,VIC1,227.97
2025-07-03 22:30:00,VIC1,220.77471
2025-07-03 22:35:00,VIC1,209.31545
2025-07-03 22:40:00,VIC1,210.36327
2025-07-03 22:45:00,VIC1,209.8446
2025-07-03 22:50:00,VIC1,205.40538
2025-07-03 22:55:00,VIC1,191.79309
2025-07-03 23:00:00,VIC1,188.46165
2025-07-03 23:05:00,VIC1,203.51173
2025-07-03 23:10:00,VIC1,205.21784
2025-07-03 23:15:00,VIC1,204.95009
2025-07-03 23:20:00,VIC1,205.06829
2025-07-03 23:25:00,VIC1,205.26687
2025-07-03 23:30:00,VIC1,200.09238
2025-07-03 23:35:00,VIC1,206.61145
2025-07-03 23:40:00,VIC1,208.80726
2025-07-03 23:45:00,VIC1,211.46412
2025-07-03 23:50:00,VIC1,209.34688
2025-07-03 23:55:00,VIC1,206.2139
2025-07-04 00:00:00,VIC1,186.65548
2025-07-04 00:05:00,VIC1,201.48547
2025-07-04 00:10:00,VIC1,195.58516
2025-07-04 00:15:00,VIC1,190.46615
2025-07-04 00:20:00,VIC1,178.34655
2025-07-04 00:25:00,VIC1,186.6534
2025-07-04 00:30:00,VIC1,177.36985
2025-07-04 00:35:00,VIC1,178.22977
2025-07-04 00:40:00,VIC1,193.72855
2025-07-04 00:45:00,VIC1,171.02851
2025-07-04 00:50:00,VIC1,171.08938
2025-07-04 00:55:00,VIC1,166.23561
2025-07-04 01:00:00,VIC1,170.22315
2025-07-04 01:05:00,VIC1,168.9753
2025-07-04 01:10:00,VIC1,160.0
2025-07-04 01:15:00,VIC1,160.0
2025-07-04 01:20:00,VIC1,148.09569
2025-07-04 01:25:00,VIC1,163.82265
2025-07-04 01:30:00,VIC1,141.44609
2025-07-04 01:35:00,VIC1,159.88
2025-07-04 01:40:00,VIC1,160.0
2025-07-04 01:45:00,VIC1,123.58445
2025-07-04 01:50:00,VIC1,153.4155
2025-07-04 01:55:00,VIC1,122.30617
2025-07-04 02:00:00,VIC1,122.5349
2025-07-04 02:05:00,VIC1,141.80396
2025-07-04 02:10:00,VIC1,143.50891
2025-07-04 02:15:00,VIC1,125.20082
2025-07-04 02:20:00,VIC1,142.41457
2025-07-04 02:25:00,VIC1,119.45809
2025-07-04 02:30:00,VIC1,124.99414
2025-07-04 02:35:00,VIC1,121.35
2025-07-04 02:40:00,VIC1,121.35
2025-07-04 02:45:00,VIC1,136.95094
2025-07-04 02:50:00,VIC1,133.93744
2025-07-04 02:55:00,VIC1,119.23222
2025-07-04 03:00:00,VIC1,104.34456
2025-07-04 03:05:00,VIC1,121.05384
2025-07-04 03:10:00,VIC1,164.24
2025-07-04 03:15:00,VIC1,119.24165
2025-07-04 03:20:00,VIC1,118.16934
2025-07-04 03:25:00,VIC1,115.45179
2025-07-04 03:30:00,VIC1,116.48045
2025-07-04 03:35:00,VIC1,116.30138
2025-07-04 03:40:00,VIC1,121.35
2025-07-04 03:45:00,VIC1,116.31157
2025-07-04 03:50:00,VIC1,135.34177
2025-07-04 03:55:00,VIC1,127.57
2025-07-04 04:00:00,VIC1,116.5713
2025-07-04 04:05:00,VIC1,122.32445
2025-07-04 04:10:00,VIC1,115.28497
2025-07-04 04:15:00,VIC1,154.55509
2025-07-04 04:20:00,VIC1,153.34947
2025-07-04 04:25:00,VIC1,117.60636
2025-07-04 04:30:00,VIC1,131.75196
2025-07-04 04:35:00,VIC1,113.35806
2025-07-04 04:40:00,VIC1,132.5183
2025-07-04 04:45:00,VIC1,112.55219
2025-07-04 04:50:00,VIC1,113.13288
2025-07-04 04:55:00,VIC1,124.75248
2025-07-04 05:00:00,VIC1,104.09747
2025-07-04 05:05:00,VIC1,107.68089
2025-07-04 05:10:00,VIC1,110.02499
2025-07-04 05:15:00,VIC1,131.49857
2025-07-04 05:20:00,VIC1,127.33655
2025-07-04 05:25:00,VIC1,156.52373
2025-07-04 05:30:00,VIC1,156.50635
2025-07-04 05:35:00,VIC1,121.41979
2025-07-04 05:40:00,VIC1,122.44376
2025-07-04 05:45:00,VIC1,123.05035
2025-07-04 05:50:00,VIC1,155.16234
2025-07-04 05:55:00,VIC1,164.56723
2025-07-04 06:00:00,VIC1,205.13266
2025-07-04 06:05:00,VIC1,121.68364
2025-07-04 06:10:00,VIC1,180.63985
2025-07-04 06:15:00,VIC1,188.22443
2025-07-04 06:20:00,VIC1,184.7334
2025-07-04 06:25:00,VIC1,184.35068
2025-07-04 06:30:00,VIC1,199.18
2025-07-04 06:35:00,VIC1,252.11592
2025-07-04 06:40:00,VIC1,276.37809
2025-07-04 06:45:00,VIC1,232.61271
2025-07-04 06:50:00,VIC1,233.3922
2025-07-04 06:55:00,VIC1,233.67652
2025-07-04 07:00:00,VIC1,226.74037
2025-07-04 07:05:00,VIC1,255.74852
2025-07-04 07:10:00,VIC1,209.54
2025-07-04 07:15:00,VIC1,226.26431
2025-07-04 07:20:00,VIC1,225.15399
2025-07-04 07:25:00,VIC1,238.88826
2025-07-04 07:30:00,VIC1,209.54
2025-07-04 07:35:00,VIC1,237.57145
2025-07-04 07:40:00,VIC1,226.98
2025-07-04 07:45:00,VIC1,230.95258
2025-07-04 07:50:00,VIC1,209.54
2025-07-04 07:55:00,VIC1,209.54
2025-07-04 08:00:00,VIC1,207.7689
2025-07-04 08:05:00,VIC1,209.11
2025-07-04 08:10:00,VIC1,179.84988
2025-07-04 08:15:00,VIC1,178.13534
2025-07-04 08:20:00,VIC1,167.85909
2025-07-04 08:25:00,VIC1,176.23832
2025-07-04 08:30:00,VIC1,132.72
2025-07-04 08:35:00,VIC1,132.72
2025-07-04 08:40:00,VIC1,132.72
2025-07-04 08:45:00,VIC1,132.72
2025-07-04 08:50:00,VIC1,112.11792
2025-07-04 08:55:00,VIC1,108.74656
2025-07-04 09:00:00,VIC1,106.01442
2025-07-04 09:05:00,VIC1,121.35
2025-07-04 09:10:00,VIC1,111.69922
2025-07-04 09:15:00,VIC1,107.79782
2025-07-04 09:20:00,VIC1,85.88
2025-07-04 09:25:00,VIC1,77.2784
2025-07-04 09:30:00,VIC1,56.21409
2025-07-04 09:35:00,VIC1,51.20661
2025-07-04 09:40:00,VIC1,55.29275
2025-07-04 09:45:00,VIC1,46.33
2025-07-04 09:50:00,VIC1,34.41193
2025-07-04 09:55:00,VIC1,33.89024
2025-07-04 10:00:00,VIC1,33.88995
2025-07-04 10:05:00,VIC1,46.22
2025-07-04 10:10:00,VIC1,52.02969
2025-07-04 10:15:00,VIC1,33.46275
2025-07-04 10:20:00,VIC1,45.41887
2025-07-04 10:25:00,VIC1,20.00007
2025-07-04 10:30:00,VIC1,18.73268
2025-07-04 10:35:00,VIC1,20.0
2025-07-04 10:40:00,VIC1,20.0
2025-07-04 10:45:00,VIC1,20.0
2025-07-04 10:50:00,VIC1,34.91
2025-07-04 10:55:00,VIC1,18.68562
2025-07-04 11:00:00,VIC1,19.18
2025-07-04 11:05:00,VIC1,21.66131
2025-07-04 11:10:00,VIC1,20.0
2025-07-04 11:15:00,VIC1,12.42
2025-07-04 11:20:00,VIC1,13.77
2025-07-04 11:25:00,VIC1,16.80861
2025-07-04 11:30:00,VIC1,8.95
2025-07-04 11:35:00,VIC1,13.53001
2025-07-04 11:40:00,VIC1,-0.01
2025-07-04 11:45:00,VIC1,-0.01
2025-07-04 11:50:00,VIC1,-0.01
2025-07-04 11:55:00,VIC1,0.01
2025-07-04 12:00:00,VIC1,-0.01
2025-07-04 12:05:00,VIC1,19.18
2025-07-04 12:10:00,VIC1,18.44
2025-07-04 12:15:00,VIC1,20.00007
2025-07-04 12:20:00,VIC1,-0.02
2025-07-04 12:25:00,VIC1,-0.02
2025-07-04 12:30:00,VIC1,-2.64946
2025-07-04 12:35:00,VIC1,8.95
2025-07-04 12:40:00,VIC1,-14.7729
2025-07-04 12:45:00,VIC1,-16.49
2025-07-04 12:50:00,VIC1,0.01
2025-07-04 12:55:00,VIC1,-9.96
2025-07-04 13:00:00,VIC1,0.0
2025-07-04 13:05:00,VIC1,0.01
2025-07-04 13:10:00,VIC1,0.01
2025-07-04 13:15:00,VIC1,-16.5
2025-07-04 13:20:00,VIC1,-19.99
2025-07-04 13:25:00,VIC1,-16.0
2025-07-04 13:30:00,VIC1,-16.23065
2025-07-04 13:35:00,VIC1,-14.81929
2025-07-04 13:40:00,VIC1,-14.89442
2025-07-04 13:45:00,VIC1,-15.03
2025-07-04 13:50:00,VIC1,-14.92231
2025-07-04 13:55:00,VIC1,-12.70065
2025-07-04 14:00:00,VIC1,-14.25241
2025-07-04 14:05:00,VIC1,-5.06
2025-07-04 14:10:00,VIC1,-15.20825
2025-07-04 14:15:00,VIC1,-9.96
2025-07-04 14:20:00,VIC1,-14.36705
2025-07-04 14:25:00,VIC1,-16.49
2025-07-04 14:30:00,VIC1,-9.96
2025-07-04 14:35:00,VIC1,-13.76852
2025-07-04 14:40:00,VIC1,-11.61475
2025-07-04 14:45:00,VIC1,0.01
2025-07-04 14:50:00,VIC1,-4.90671
2025-07-04 14:55:00,VIC1,0.01008
2025-07-04 15:00:00,VIC1,19.63
2025-07-04 15:05:00,VIC1,23.50447
2025-07-04 15:10:00,VIC1,20.0
2025-07-04 15:15:00,VIC1,42.50246
2025-07-04 15:20:00,VIC1,8.95
2025-07-04 15:25:00,VIC1,22.58965
2025-07-04 15:30:00,VIC1,23.59651
2025-07-04 15:35:00,VIC1,8.95022
2025-07-04 15:40:00,VIC1,8.95
2025-07-04 15:45:00,VIC1,23.59651
2025-07-04 15:50:00,VIC1,23.71689
2025-07-04 15:55:00,VIC1,57.67482
2025-07-04 16:00:00,VIC1,102.38758
2025-07-04 16:05:00,VIC1,82.86175
2025-07-04 16:10:00,VIC1,90.41767
2025-07-04 16:15:00,VIC1,106.36725
2025-07-04 16:20:00,VIC1,142.72022
2025-07-04 16:25:00,VIC1,201.18321
2025-07-04 16:30:00,VIC1,223.64
2025-07-04 16:35:00,VIC1,192.6382
2025-07-04 16:40:00,VIC1,183.19777
2025-07-04 16:45:00,VIC1,222.32557
2025-07-04 16:50:00,VIC1,223.37
2025-07-04 16:55:00,VIC1,192.5326
2025-07-04 17:00:00,VIC1,270.82
2025-07-04 17:05:00,VIC1,209.11
2025-07-04 17:10:00,VIC1,209.54
2025-07-04 17:15:00,VIC1,209.11
2025-07-04 17:20:00,VIC1,205.78318
2025-07-04 17:25:00,VIC1,223.36
2025-07-04 17:30:00,VIC1,213.78917
2025-07-04 17:35:00,VIC1,209.11
2025-07-04 17:40:00,VIC1,223.11646
2025-07-04 17:45:00,VIC1,209.54
2025-07-04 17:50:00,VIC1,224.47568
2025-07-04 17:55:00,VIC1,223.36
2025-07-04 18:00:00,VIC1,223.36
2025-07-04 18:05:00,VIC1,223.36
2025-07-04 18:10:00,VIC1,218.83505
2025-07-04 18:15:00,VIC1,209.54
2025-07-04 18:20:00,VIC1,209.11
2025-07-04 18:25:00,VIC1,209.54
2025-07-04 18:30:00,VIC1,209.11
2025-07-04 18:35:00,VIC1,209.11
2025-07-04 18:40:00,VIC1,203.97666
2025-07-04 18:45:00,VIC1,194.86119
2025-07-04 18:50:00,VIC1,209.54
2025-07-04 18:55:00,VIC1,209.54
2025-07-04 19:00:00,VIC1,183.35779
2025-07-04 19:05:00,VIC1,193.90756
2025-07-04 19:10:00,VIC1,203.99914
2025-07-04 19:15:00,VIC1,197.35651
2025-07-04 19:20:00,VIC1,209.54
2025-07-04 19:25:00,VIC1,209.54
2025-07-04 19:30:00,VIC1,175.58115
2025-07-04 19:35:00,VIC1,174.50948
2025-07-04 19:40:00,VIC1,172.84675
2025-07-04 19:45:00,VIC1,170.15436
2025-07-04 19:50:00,VIC1,171.44369
2025-07-04 19:55:00,VIC1,146.0385
2025-07-04 20:00:00,VIC1,146.0131
2025-07-04 20:05:00,VIC1,174.06102
2025-07-04 20:10:00,VIC1,145.43737
2025-07-04 20:15:00,VIC1,176.33408
2025-07-04 20:20:00,VIC1,172.29317
2025-07-04 20:25:00,VIC1,171.14285
2025-07-04 20:30:00,VIC1,146.55396
2025-07-04 20:35:00,VIC1,216.23833
2025-07-04 20:40:00,VIC1,217.13761
2025-07-04 20:45:00,VIC1,162.86615
2025-07-04 20:50:00,VIC1,162.84649
2025-07-04 20:55:00,VIC1,144.29776
2025-07-04 21:00:00,VIC1,140.39845
2025-07-04 21:05:00,VIC1,33.89029
2025-07-04 21:10:00,VIC1,99.65592
2025-07-04 21:15:00,VIC1,73.49832
2025-07-04 21:20:00,VIC1,72.16242
2025-07-04 21:25:00,VIC1,103.13222
2025-07-04 21:30:00,VIC1,103.39199
2025-07-04 21:35:00,VIC1,51.93409
2025-07-04 21:40:00,VIC1,51.51449
2025-07-04 21:45:00,VIC1,46.22
2025-07-04 21:50:00,VIC1,46.22
2025-07-04 21:55:00,VIC1,20.0
2025-07-04 22:00:00,VIC1,20.0
2025-07-04 22:05:00,VIC1,20.0
2025-07-04 22:10:00,VIC1,20.0
2025-07-04 22:15:00,VIC1,20.0
2025-07-04 22:20:00,VIC1,19.18
2025-07-04 22:25:00,VIC1,19.18
2025-07-04 22:30:00,VIC1,19.18
2025-07-04 22:35:00,VIC1,19.18
2025-07-04 22:40:00,VIC1,19.18
2025-07-04 22:45:00,VIC1,19.18
2025-07-04 22:50:00,VIC1,10.18081
2025-07-04 22:55:00,VIC1,10.99833
2025-07-04 23:00:00,VIC1,8.95
2025-07-04 23:05:00,VIC1,8.95
2025-07-04 23:10:00,VIC1,8.94979
2025-07-04 23:15:00,VIC1,8.95
2025-07-04 23:20:00,VIC1,8.95
2025-07-04 23:25:00,VIC1,8.95
2025-07-04 23:30:00,VIC1,19.18
2025-07-04 23:35:00,VIC1,19.18
2025-07-04 23:40:00,VIC1,8.95
2025-07-04 23:45:00,VIC1,19.18
2025-07-04 23:50:00,VIC1,8.95
2025-07-04 23:55:00,VIC1,8.95
2025-07-05 00:00:00,VIC1,8.95
2025-07-05 00:05:00,VIC1,19.18
2025-07-05 00:10:00,VIC1,19.18
2025-07-05 00:15:00,VIC1,19.18
2025-07-05 00:20:00,VIC1,19.18
2025-07-05 00:25:00,VIC1,8.95
2025-07-05 00:30:00,VIC1,8.95
2025-07-05 00:35:00,VIC1,8.95
2025-07-05 00:40:00,VIC1,8.95
2025-07-05 00:45:00,VIC1,8.95
2025-07-05 00:50:00,VIC1,8.95
2025-07-05 00:55:00,VIC1,8.95
2025-07-05 01:00:00,VIC1,8.95
2025-07-05 01:05:00,VIC1,8.63048
2025-07-05 01:10:00,VIC1,8.95
2025-07-05 01:15:00,VIC1,8.95
2025-07-05 01:20:00,VIC1,8.95
2025-07-05 01:25:00,VIC1,8.95
2025-07-05 01:30:00,VIC1,8.95
2025-07-05 01:35:00,VIC1,8.95
2025-07-05 01:40:00,VIC1,8.95
2025-07-05 01:45:00,VIC1,8.95
2025-07-05 01:50:00,VIC1,8.95
2025-07-05 01:55:00,VIC1,8.95
2025-07-05 02:00:00,VIC1,8.95
2025-07-05 02:05:00,VIC1,8.95
2025-07-05 02:10:00,VIC1,8.94955
2025-07-05 02:15:00,VIC1,8.95
2025-07-05 02:20:00,VIC1,8.95
2025-07-05 02:25:00,VIC1,8.95
2025-07-05 02:30:00,VIC1,8.95
2025-07-05 02:35:00,VIC1,8.95
2025-07-05 02:40:00,VIC1,8.95
2025-07-05 02:45:00,VIC1,8.95
2025-07-05 02:50:00,VIC1,8.95
2025-07-05 02:55:00,VIC1,11.41222
2025-07-05 03:00:00,VIC1,19.18
2025-07-05 03:05:00,VIC1,19.18
2025-07-05 03:10:00,VIC1,19.18
2025-07-05 03:15:00,VIC1,19.18
2025-07-05 03:20:00,VIC1,19.18
2025-07-05 03:25:00,VIC1,19.18
2025-07-05 03:30:00,VIC1,19.18
2025-07-05 03:35:00,VIC1,19.18016
2025-07-05 03:40:00,VIC1,19.18
2025-07-05 03:45:00,VIC1,19.18
2025-07-05 03:50:00,VIC1,20.0
2025-07-05 03:55:00,VIC1,19.18
2025-07-05 04:00:00,VIC1,19.18
2025-07-05 04:05:00,VIC1,19.18
2025-07-05 04:10:00,VIC1,14.29224
2025-07-05 04:15:00,VIC1,14.4716
2025-07-05 04:20:00,VIC1,14.49353
2025-07-05 04:25:00,VIC1,19.18
2025-07-05 04:30:00,VIC1,14.47776
2025-07-05 04:35:00,VIC1,8.95
2025-07-05 04:40:00,VIC1,8.95
2025-07-05 04:45:00,VIC1,14.6194
2025-07-05 04:50:00,VIC1,18.37136
2025-07-05 04:55:00,VIC1,19.18
2025-07-05 05:00:00,VIC1,15.50262
2025-07-05 05:05:00,VIC1,19.18
2025-07-05 05:10:00,VIC1,19.18
2025-07-05 05:15:00,VIC1,19.18
2025-07-05 05:20:00,VIC1,19.18
2025-07-05 05:25:00,VIC1,19.18
2025-07-05 05:30:00,VIC1,19.18
2025-07-05 05:35:00,VIC1,19.18
2025-07-05 05:40:00,VIC1,19.18
2025-07-05 05:45:00,VIC1,19.18
2025-07-05 05:50:00,VIC1,19.18
2025-07-05 05:55:00,VIC1,19.18
2025-07-05 06:00:00,VIC1,19.18
2025-07-05 06:05:00,VIC1,19.18
2025-07-05 06:10:00,VIC1,20.0
2025-07-05 06:15:00,VIC1,19.18
2025-07-05 06:20:00,VIC1,23.82993
2025-07-05 06:25:00,VIC1,20.0
2025-07-05 06:30:00,VIC1,20.0
2025-07-05 06:35:00,VIC1,20.0
2025-07-05 06:40:00,VIC1,35.94
2025-07-05 06:45:00,VIC1,35.94
2025-07-05 06:50:00,VIC1,32.16317
2025-07-05 06:55:00,VIC1,19.18
2025-07-05 07:00:00,VIC1,20.0
2025-07-05 07:05:00,VIC1,19.18
2025-07-05 07:10:00,VIC1,20.0
2025-07-05 07:15:00,VIC1,20.86499
2025-07-05 07:20:00,VIC1,35.94
2025-07-05 07:25:00,VIC1,35.94
2025-07-05 07:30:00,VIC1,35.94
2025-07-05 07:35:00,VIC1,50.08133
2025-07-05 07:40:00,VIC1,63.94946
2025-07-05 07:45:00,VIC1,84.50496
2025-07-05 07:50:00,VIC1,73.41055
2025-07-05 07:55:00,VIC1,85.05521
2025-07-05 08:00:00,VIC1,100.16489
2025-07-05 08:05:00,VIC1,92.46305
2025-07-05 08:10:00,VIC1,86.04499
2025-07-05 08:15:00,VIC1,83.64872
2025-07-05 08:20:00,VIC1,73.14389
2025-07-05 08:25:00,VIC1,72.18536
2025-07-05 08:30:00,VIC1,20.0
2025-07-05 08:35:00,VIC1,19.18
2025-07-05 08:40:00,VIC1,20.0
2025-07-05 08:45:00,VIC1,19.18
2025-07-05 08:50:00,VIC1,0.01
2025-07-05 08:55:00,VIC1,0.01
2025-07-05 09:00:00,VIC1,-0.01
2025-07-05 09:05:00,VIC1,-2.71124
2025-07-05 09:10:00,VIC1,-0.01
2025-07-05 09:15:00,VIC1,0.56111
2025-07-05 09:20:00,VIC1,2.84249
2025-07-05 09:25:00,VIC1,7.83901
2025-07-05 09:30:00,VIC1,8.95015
2025-07-05 09:35:00,VIC1,0.0
2025-07-05 09:40:00,VIC1,3.55198
2025-07-05 09:45:00,VIC1,8.95015
2025-07-05 09:50:00,VIC1,-16.49
2025-07-05 09:55:00,VIC1,-9.96
2025-07-05 10:00:00,VIC1,-19.5
2025-07-05 10:05:00,VIC1,-18.10827
2025-07-05 10:10:00,VIC1,-9.83
2025-07-05 10:15:00,VIC1,-16.49
2025-07-05 10:20:00,VIC1,-5.06
2025-07-05 10:25:00,VIC1,-16.5
2025-07-05 10:30:00,VIC1,-19.5
2025-07-05 10:35:00,VIC1,-19.5
2025-07-05 10:40:00,VIC1,-19.5
2025-07-05 10:45:00,VIC1,-16.5
2025-07-05 10:50:00,VIC1,-19.99
2025-07-05 10:55:00,VIC1,-18.99
2025-07-05 11:00:00,VIC1,-16.49
2025-07-05 11:05:00,VIC1,-18.14
2025-07-05 11:10:00,VIC1,-18.14
2025-07-05 11:15:00,VIC1,-16.49
2025-07-05 11:20:00,VIC1,-18.0
2025-07-05 11:25:00,VIC1,-18.0
2025-07-05 11:30:00,VIC1,-16.0
2025-07-05 11:35:00,VIC1,-16.49976
2025-07-05 11:40:00,VIC1,-16.14762
2025-07-05 11:45:00,VIC1,-19.5
2025-07-05 11:50:00,VIC1,-20.0
2025-07-05 11:55:00,VIC1,-20.8
2025-07-05 12:00:00,VIC1,-24.42
2025-07-05 12:05:00,VIC1,-24.42
2025-07-05 12:10:00,VIC1,-32.98961
2025-07-05 12:15:00,VIC1,-34.03883
2025-07-05 12:20:00,VIC1,-20.8
2025-07-05 12:25:00,VIC1,-24.42
2025-07-05 12:30:00,VIC1,-33.89726
2025-07-05 12:35:00,VIC1,-24.42
2025-07-05 12:40:00,VIC1,-24.42
2025-07-05 12:45:00,VIC1,-27.78101
2025-07-05 12:50:00,VIC1,-29.05083
2025-07-05 12:55:00,VIC1,-24.42
2025-07-05 13:00:00,VIC1,-24.42
2025-07-05 13:05:00,VIC1,-24.42
2025-07-05 13:10:00,VIC1,-22.36443
2025-07-05 13:15:00,VIC1,-24.42
2025-07-05 13:20:00,VIC1,-27.95925
2025-07-05 13:25:00,VIC1,-24.42
2025-07-05 13:30:00,VIC1,-27.92004
2025-07-05 13:35:00,VIC1,-27.87151
2025-07-05 13:40:00,VIC1,-24.42
2025-07-05 13:45:00,VIC1,-27.77292
2025-07-05 13:50:00,VIC1,-22.99165
2025-07-05 13:55:00,VIC1,-20.8
2025-07-05 14:00:00,VIC1,-20.0
2025-07-05 14:05:00,VIC1,-20.0
2025-07-05 14:10:00,VIC1,-18.0
2025-07-05 14:15:00,VIC1,-15.03
2025-07-05 14:20:00,VIC1,-16.0
2025-07-05 14:25:00,VIC1,-18.0
2025-07-05 14:30:00,VIC1,-9.96
2025-07-05 14:35:00,VIC1,-19.5
2025-07-05 14:40:00,VIC1,-15.03
2025-07-05 14:45:00,VIC1,-20.0
2025-07-05 14:50:00,VIC1,-16.5
2025-07-05 14:55:00,VIC1,-15.03
2025-07-05 15:00:00,VIC1,-18.0
2025-07-05 15:05:00,VIC1,-15.03
2025-07-05 15:10:00,VIC1,-16.49952
2025-07-05 15:15:00,VIC1,-16.0
2025-07-05 15:20:00,VIC1,-16.49
2025-07-05 15:25:00,VIC1,-16.49976
2025-07-05 15:30:00,VIC1,-9.96
2025-07-05 15:35:00,VIC1,-9.96
2025-07-05 15:40:00,VIC1,0.0
2025-07-05 15:45:00,VIC1,4.23765
2025-07-05 15:50:00,VIC1,7.34997
2025-07-05 15:55:00,VIC1,16.41864
2025-07-05 16:00:00,VIC1,47.00529
2025-07-05 16:05:00,VIC1,33.12321
2025-07-05 16:10:00,VIC1,98.51857
2025-07-05 16:15:00,VIC1,160.77988
2025-07-05 16:20:00,VIC1,73.68879
2025-07-05 16:25:00,VIC1,76.76
2025-07-05 16:30:00,VIC1,76.56005
2025-07-05 16:35:00,VIC1,98.04288
2025-07-05 16:40:00,VIC1,75.8
2025-07-05 16:45:00,VIC1,67.96764
2025-07-05 16:50:00,VIC1,20.0
2025-07-05 16:55:00,VIC1,20.0
2025-07-05 17:00:00,VIC1,68.52532
2025-07-05 17:05:00,VIC1,73.56
2025-07-05 17:10:00,VIC1,73.56
2025-07-05 17:15:00,VIC1,73.56
2025-07-05 17:20:00,VIC1,114.04745
2025-07-05 17:25:00,VIC1,118.54
2025-07-05 17:30:00,VIC1,117.42
2025-07-05 17:35:00,VIC1,117.42
2025-07-05 17:40:00,VIC1,118.93347
2025-07-05 17:45:00,VIC1,118.29805
2025-07-05 17:50:00,VIC1,107.28542
2025-07-05 17:55:00,VIC1,73.56
2025-07-05 18:00:00,VIC1,114.19769
2025-07-05 18:05:00,VIC1,118.54
2025-07-05 18:10:00,VIC1,99.91205
2025-07-05 18:15:00,VIC1,99.4272
2025-07-05 18:20:00,VIC1,102.22108
2025-07-05 18:25:00,VIC1,101.01106
2025-07-05 18:30:00,VIC1,91.70059
2025-07-05 18:35:00,VIC1,99.6598
2025-07-05 18:40:00,VIC1,73.56
2025-07-05 18:45:00,VIC1,98.06212
2025-07-05 18:50:00,VIC1,73.56
2025-07-05 18:55:00,VIC1,85.70154
2025-07-05 19:00:00,VIC1,59.44724
2025-07-05 19:05:00,VIC1,56.62132
2025-07-05 19:10:00,VIC1,63.75529
2025-07-05 19:15:00,VIC1,20.0
2025-07-05 19:20:00,VIC1,19.18
2025-07-05 19:25:00,VIC1,19.18
2025-07-05 19:30:00,VIC1,19.18
2025-07-05 19:35:00,VIC1,19.18
2025-07-05 19:40:00,VIC1,19.18
2025-07-05 19:45:00,VIC1,19.18
2025-07-05 19:50:00,VIC1,19.18
2025-07-05 19:55:00,VIC1,19.18
2025-07-05 20:00:00,VIC1,19.18
2025-07-05 20:05:00,VIC1,20.76
2025-07-05 20:10:00,VIC1,20.31993
2025-07-05 20:15:00,VIC1,20.0
2025-07-05 20:20:00,VIC1,21.14007
2025-07-05 20:25:00,VIC1,20.0
2025-07-05 20:30:00,VIC1,22.01
2025-07-05 20:35:00,VIC1,20.0
2025-07-05 20:40:00,VIC1,20.94
2025-07-05 20:45:00,VIC1,20.0
2025-07-05 20:50:00,VIC1,20.0
2025-07-05 20:55:00,VIC1,20.0
2025-07-05 21:00:00,VIC1,19.18
2025-07-05 21:05:00,VIC1,19.18
2025-07-05 21:10:00,VIC1,19.18
2025-07-05 21:15:00,VIC1,20.0
2025-07-05 21:20:00,VIC1,20.76
2025-07-05 21:25:00,VIC1,20.15
2025-07-05 21:30:00,VIC1,28.45
2025-07-05 21:35:00,VIC1,20.0
2025-07-05 21:40:00,VIC1,72.67644
2025-07-05 21:45:00,VIC1,20.0
2025-07-05 21:50:00,VIC1,22.0
2025-07-05 21:55:00,VIC1,20.0
2025-07-05 22:00:00,VIC1,19.18
2025-07-05 22:05:00,VIC1,12.6258
2025-07-05 22:10:00,VIC1,19.18
2025-07-05 22:15:00,VIC1,19.18
2025-07-05 22:20:00,VIC1,8.95
2025-07-05 22:25:00,VIC1,19.18
2025-07-05 22:30:00,VIC1,19.18
2025-07-05 22:35:00,VIC1,19.18
2025-07-05 22:40:00,VIC1,19.18
2025-07-05 22:45:00,VIC1,20.53
2025-07-05 22:50:00,VIC1,20.0
2025-07-05 22:55:00,VIC1,19.18
2025-07-05 23:00:00,VIC1,20.1
2025-07-05 23:05:00,VIC1,100.94596
2025-07-05 23:10:00,VIC1,93.77958
2025-07-05 23:15:00,VIC1,83.6602
2025-07-05 23:20:00,VIC1,20.0
2025-07-05 23:25:00,VIC1,83.6598
2025-07-05 23:30:00,VIC1,20.0
2025-07-05 23:35:00,VIC1,71.75522
2025-07-05 23:40:00,VIC1,20.0
2025-07-05 23:45:00,VIC1,20.0
2025-07-05 23:50:00,VIC1,19.18
2025-07-05 23:55:00,VIC1,19.18
2025-07-06 00:00:00,VIC1,19.18
2025-07-06 00:05:00,VIC1,19.18
2025-07-06 00:10:00,VIC1,19.18
2025-07-06 00:15:00,VIC1,19.18
2025-07-06 00:20:00,VIC1,19.18005
2025-07-06 00:25:00,VIC1,20.0
2025-07-06 00:30:00,VIC1,20.0
2025-07-06 00:35:00,VIC1,35.94
2025-07-06 00:40:00,VIC1,35.94
2025-07-06 00:45:00,VIC1,65.51459
2025-07-06 00:50:00,VIC1,35.94
2025-07-06 00:55:00,VIC1,43.99725
2025-07-06 01:00:00,VIC1,44.61496
2025-07-06 01:05:00,VIC1,51.71124
2025-07-06 01:10:00,VIC1,56.20929
2025-07-06 01:15:00,VIC1,49.95915
2025-07-06 01:20:00,VIC1,49.28849
2025-07-06 01:25:00,VIC1,48.86476
2025-07-06 01:30:00,VIC1,49.22057
2025-07-06 01:35:00,VIC1,46.33
2025-07-06 01:40:00,VIC1,49.61221
2025-07-06 01:45:00,VIC1,44.50931
2025-07-06 01:50:00,VIC1,35.94
2025-07-06 01:55:00,VIC1,35.94
2025-07-06 02:00:00,VIC1,20.0
2025-07-06 02:05:00,VIC1,33.51911
2025-07-06 02:10:00,VIC1,39.68655
2025-07-06 02:15:00,VIC1,35.94
2025-07-06 02:20:00,VIC1,35.94
2025-07-06 02:25:00,VIC1,35.94
2025-07-06 02:30:00,VIC1,35.94
2025-07-06 02:35:00,VIC1,20.0
2025-07-06 02:40:00,VIC1,20.0
2025-07-06 02:45:00,VIC1,35.94
2025-07-06 02:50:00,VIC1,27.63069
2025-07-06 02:55:00,VIC1,19.18
2025-07-06 03:00:00,VIC1,19.18
2025-07-06 03:05:00,VIC1,19.18
2025-07-06 03:10:00,VIC1,19.18
2025-07-06 03:15:00,VIC1,35.94
2025-07-06 03:20:00,VIC1,35.94
2025-07-06 03:25:00,VIC1,20.0
2025-07-06 03:30:00,VIC1,35.94
2025-07-06 03:35:00,VIC1,35.94
2025-07-06 03:40:00,VIC1,35.94
2025-07-06 03:45:00,VIC1,35.94
2025-07-06 03:50:00,VIC1,35.94
2025-07-06 03:55:00,VIC1,20.0
2025-07-06 04:00:00,VIC1,20.0
2025-07-06 04:05:00,VIC1,20.0
2025-07-06 04:10:00,VIC1,20.0
2025-07-06 04:15:00,VIC1,20.0
2025-07-06 04:20:00,VIC1,20.0
2025-07-06 04:25:00,VIC1,19.18
2025-07-06 04:30:00,VIC1,20.0
2025-07-06 04:35:00,VIC1,20.0
2025-07-06 04:40:00,VIC1,33.8899
2025-07-06 04:45:00,VIC1,35.94
2025-07-06 04:50:00,VIC1,33.8899
2025-07-06 04:55:00,VIC1,36.71376
2025-07-06 05:00:00,VIC1,35.94
2025-07-06 05:05:00,VIC1,35.94
2025-07-06 05:10:00,VIC1,65.20306
2025-07-06 05:15:00,VIC1,65.63849
2025-07-06 05:20:00,VIC1,35.94
2025-07-06 05:25:00,VIC1,35.94
2025-07-06 05:30:00,VIC1,35.94
2025-07-06 05:35:00,VIC1,35.94
2025-07-06 05:40:00,VIC1,65.17933
2025-07-06 05:45:00,VIC1,70.5723
2025-07-06 05:50:00,VIC1,65.70686
2025-07-06 05:55:00,VIC1,69.51277
2025-07-06 06:00:00,VIC1,71.20816
2025-07-06 06:05:00,VIC1,51.62107
2025-07-06 06:10:00,VIC1,67.07659
2025-07-06 06:15:00,VIC1,72.58505
2025-07-06 06:20:00,VIC1,67.70244
2025-07-06 06:25:00,VIC1,67.54797
2025-07-06 06:30:00,VIC1,74.23134
2025-07-06 06:35:00,VIC1,76.91923
2025-07-06 06:40:00,VIC1,72.52659
2025-07-06 06:45:00,VIC1,73.56
2025-07-06 06:50:00,VIC1,73.56
2025-07-06 06:55:00,VIC1,75.00944
2025-07-06 07:00:00,VIC1,73.56
2025-07-06 07:05:00,VIC1,68.45485
2025-07-06 07:10:00,VIC1,72.41
2025-07-06 07:15:00,VIC1,73.56
2025-07-06 07:20:00,VIC1,73.56
2025-07-06 07:25:00,VIC1,76.15316
2025-07-06 07:30:00,VIC1,104.62939
2025-07-06 07:35:00,VIC1,79.74305
2025-07-06 07:40:00,VIC1,94.28838
2025-07-06 07:45:00,VIC1,91.11438
2025-07-06 07:50:00,VIC1,91.63342
2025-07-06 07:55:00,VIC1,88.51625
2025-07-06 08:00:00,VIC1,94.18625
2025-07-06 08:05:00,VIC1,95.75492
2025-07-06 08:10:00,VIC1,80.15727
2025-07-06 08:15:00,VIC1,73.56
2025-07-06 08:20:00,VIC1,75.82817
2025-07-06 08:25:00,VIC1,63.30379
2025-07-06 08:30:00,VIC1,62.89169
2025-07-06 08:35:00,VIC1,62.89687
2025-07-06 08:40:00,VIC1,57.2745
2025-07-06 08:45:00,VIC1,57.60134
2025-07-06 08:50:00,VIC1,37.22948
2025-07-06 08:55:00,VIC1,37.52582
2025-07-06 09:00:00,VIC1,37.26285
2025-07-06 09:05:00,VIC1,36.62595
2025-07-06 09:10:00,VIC1,46.33
2025-07-06 09:15:00,VIC1,44.17628
2025-07-06 09:20:00,VIC1,8.95
2025-07-06 09:25:00,VIC1,40.86097
2025-07-06 09:30:00,VIC1,20.0
2025-07-06 09:35:00,VIC1,19.6301
2025-07-06 09:40:00,VIC1,20.0
2025-07-06 09:45:00,VIC1,48.97121
2025-07-06 09:50:00,VIC1,35.7486
2025-07-06 09:55:00,VIC1,20.0
2025-07-06 10:00:00,VIC1,23.74722
2025-07-06 10:05:00,VIC1,34.83051
2025-07-06 10:10:00,VIC1,41.13591
2025-07-06 10:15:00,VIC1,20.0
2025-07-06 10:20:00,VIC1,41.0302
2025-07-06 10:25:00,VIC1,20.0
2025-07-06 10:30:00,VIC1,20.0
2025-07-06 10:35:00,VIC1,31.13445
2025-07-06 10:40:00,VIC1,56.07943
2025-07-06 10:45:00,VIC1,27.3115
2025-07-06 10:50:00,VIC1,16.76997
2025-07-06 10:55:00,VIC1,20.0
2025-07-06 11:00:00,VIC1,37.3622
2025-07-06 11:05:00,VIC1,20.0001
2025-07-06 11:10:00,VIC1,40.20171
2025-07-06 11:15:00,VIC1,46.33
2025-07-06 11:20:00,VIC1,17.52419
2025-07-06 11:25:00,VIC1,27.43679
2025-07-06 11:30:00,VIC1,36.92875
2025-07-06 11:35:00,VIC1,34.56697
2025-07-06 11:40:00,VIC1,34.83211
2025-07-06 11:45:00,VIC1,49.82358
2025-07-06 11:50:00,VIC1,48.71296
2025-07-06 11:55:00,VIC1,46.22
2025-07-06 12:00:00,VIC1,46.22
2025-07-06 12:05:00,VIC1,38.8667
2025-07-06 12:10:00,VIC1,46.33
2025-07-06 12:15:00,VIC1,37.89324
2025-07-06 12:20:00,VIC1,39.65497
2025-07-06 12:25:00,VIC1,54.33125
2025-07-06 12:30:00,VIC1,49.39479
2025-07-06 12:35:00,VIC1,46.22
2025-07-06 12:40:00,VIC1,71.85272
2025-07-06 12:45:00,VIC1,76.92684
2025-07-06 12:50:00,VIC1,46.22
2025-07-06 12:55:00,VIC1,46.22
2025-07-06 13:00:00,VIC1,56.06165
2025-07-06 13:05:00,VIC1,56.3125
2025-07-06 13:10:00,VIC1,61.25135
2025-07-06 13:15:00,VIC1,58.57146
2025-07-06 13:20:00,VIC1,54.66242
2025-07-06 13:25:00,VIC1,47.67044
2025-07-06 13:30:00,VIC1,60.87998
2025-07-06 13:35:00,VIC1,20.0
2025-07-06 13:40:00,VIC1,52.38364
2025-07-06 13:45:00,VIC1,38.43762
2025-07-06 13:50:00,VIC1,37.8306
2025-07-06 13:55:00,VIC1,49.46742
2025-07-06 14:00:00,VIC1,65.08517
2025-07-06 14:05:00,VIC1,70.37527
2025-07-06 14:10:00,VIC1,50.12777
2025-07-06 14:15:00,VIC1,59.47211
2025-07-06 14:20:00,VIC1,58.16159
2025-07-06 14:25:00,VIC1,79.53753
2025-07-06 14:30:00,VIC1,76.38284
2025-07-06 14:35:00,VIC1,63.92203
2025-07-06 14:40:00,VIC1,79.94962
2025-07-06 14:45:00,VIC1,20.0
2025-07-06 14:50:00,VIC1,50.68022
2025-07-06 14:55:00,VIC1,61.72376
2025-07-06 15:00:00,VIC1,61.77912
2025-07-06 15:05:00,VIC1,59.74232
2025-07-06 15:10:00,VIC1,59.01988
2025-07-06 15:15:00,VIC1,33.58731
2025-07-06 15:20:00,VIC1,56.92974
2025-07-06 15:25:00,VIC1,63.49019
2025-07-06 15:30:00,VIC1,68.60047
2025-07-06 15:35:00,VIC1,80.366
2025-07-06 15:40:00,VIC1,79.94962
2025-07-06 15:45:00,VIC1,97.15182
2025-07-06 15:50:00,VIC1,159.88704
2025-07-06 15:55:00,VIC1,146.24393
2025-07-06 16:00:00,VIC1,124.56564
2025-07-06 16:05:00,VIC1,127.37556
2025-07-06 16:10:00,VIC1,164.33893
2025-07-06 16:15:00,VIC1,160.00009
2025-07-06 16:20:00,VIC1,144.32088
2025-07-06 16:25:00,VIC1,154.24477
2025-07-06 16:30:00,VIC1,151.88853
2025-07-06 16:35:00,VIC1,155.99155
2025-07-06 16:40:00,VIC1,155.59876
2025-07-06 16:45:00,VIC1,158.97684
2025-07-06 16:50:00,VIC1,181.28352
2025-07-06 16:55:00,VIC1,209.11
2025-07-06 17:00:00,VIC1,209.54
2025-07-06 17:05:00,VIC1,196.16299
2025-07-06 17:10:00,VIC1,177.8768
2025-07-06 17:15:00,VIC1,191.78984
2025-07-06 17:20:00,VIC1,178.37051
2025-07-06 17:25:00,VIC1,209.11
2025-07-06 17:30:00,VIC1,209.11
2025-07-06 17:35:00,VIC1,196.3001
2025-07-06 17:40:00,VIC1,222.44575
2025-07-06 17:45:00,VIC1,209.54
2025-07-06 17:50:00,VIC1,209.54
2025-07-06 17:55:00,VIC1,223.38
2025-07-06 18:00:00,VIC1,209.54
2025-07-06 18:05:00,VIC1,209.54
2025-07-06 18:10:00,VIC1,227.69307
2025-07-06 18:15:00,VIC1,231.68833
2025-07-06 18:20:00,VIC1,209.54
2025-07-06 18:25:00,VIC1,232.27212
2025-07-06 18:30:00,VIC1,250.50095
2025-07-06 18:35:00,VIC1,235.52
2025-07-06 18:40:00,VIC1,209.54
2025-07-06 18:45:00,VIC1,209.11
2025-07-06 18:50:00,VIC1,200.02
2025-07-06 18:55:00,VIC1,209.54
2025-07-06 19:00:00,VIC1,209.54
2025-07-06 19:05:00,VIC1,179.93863
2025-07-06 19:10:00,VIC1,202.4444
2025-07-06 19:15:00,VIC1,171.71209
2025-07-06 19:20:00,VIC1,200.02
2025-07-06 19:25:00,VIC1,200.02
2025-07-06 19:30:00,VIC1,200.02
2025-07-06 19:35:00,VIC1,209.54
2025-07-06 19:40:00,VIC1,200.02
2025-07-06 19:45:00,VIC1,252.5765
2025-07-06 19:50:00,VIC1,202.48499
2025-07-06 19:55:00,VIC1,250.50095
2025-07-06 20:00:00,VIC1,200.02
2025-07-06 20:05:00,VIC1,200.02
2025-07-06 20:10:00,VIC1,166.46046
2025-07-06 20:15:00,VIC1,160.0
2025-07-06 20:20:00,VIC1,160.0
2025-07-06 20:25:00,VIC1,164.25276
2025-07-06 20:30:00,VIC1,137.96
2025-07-06 20:35:00,VIC1,200.02
2025-07-06 20:40:00,VIC1,196.84172
2025-07-06 20:45:00,VIC1,166.41733
2025-07-06 20:50:00,VIC1,175.88133
2025-07-06 20:55:00,VIC1,161.71155
2025-07-06 21:00:00,VIC1,160.3585
2025-07-06 21:05:00,VIC1,160.0
2025-07-06 21:10:00,VIC1,157.24335
2025-07-06 21:15:00,VIC1,160.0
2025-07-06 21:20:00,VIC1,250.50095
2025-07-06 21:25:00,VIC1,227.97
2025-07-06 21:30:00,VIC1,132.72
2025-07-06 21:35:00,VIC1,132.72
2025-07-06 21:40:00,VIC1,270.82
2025-07-06 21:45:00,VIC1,200.17
2025-07-06 21:50:00,VIC1,132.72
2025-07-06 21:55:00,VIC1,159.4988
2025-07-06 22:00:00,VIC1,166.42706
2025-07-06 22:05:00,VIC1,158.8274
2025-07-06 22:10:00,VIC1,130.50104
2025-07-06 22:15:00,VIC1,160.67558
2025-07-06 22:20:00,VIC1,141.58187
2025-07-06 22:25:00,VIC1,141.80577
2025-07-06 22:30:00,VIC1,127.22502
2025-07-06 22:35:00,VIC1,128.80664
2025-07-06 22:40:00,VIC1,140.36677
2025-07-06 22:45:00,VIC1,122.02
2025-07-06 22:50:00,VIC1,126.07365
2025-07-06 22:55:00,VIC1,122.02
2025-07-06 23:00:00,VIC1,122.02
2025-07-06 23:05:00,VIC1,124.41109
2025-07-06 23:10:00,VIC1,127.6178
2025-07-06 23:15:00,VIC1,122.02
2025-07-06 23:20:00,VIC1,134.40308
2025-07-06 23:25:00,VIC1,135.42263
2025-07-06 23:30:00,VIC1,122.02
2025-07-06 23:35:00,VIC1,227.97
2025-07-06 23:40:00,VIC1,137.55331
2025-07-06 23:45:00,VIC1,129.93314
2025-07-06 23:50:00,VIC1,131.47757
2025-07-06 23:55:00,VIC1,140.48784
2025-07-07 00:00:00,VIC1,144.6249
2025-07-07 00:05:00,VIC1,129.8674
2025-07-07 00:10:00,VIC1,129.07169
2025-07-07 00:15:00,VIC1,129.07416
2025-07-07 00:20:00,VIC1,129.81505
2025-07-07 00:25:00,VIC1,127.75379
2025-07-07 00:30:00,VIC1,128.13288
2025-07-07 00:35:00,VIC1,133.69897
2025-07-07 00:40:00,VIC1,137.80593
2025-07-07 00:45:00,VIC1,134.99155
2025-07-07 00:50:00,VIC1,139.70525
2025-07-07 00:55:00,VIC1,135.9792
2025-07-07 01:00:00,VIC1,138.98563
2025-07-07 01:05:00,VIC1,134.27199
2025-07-07 01:10:00,VIC1,130.25353
2025-07-07 01:15:00,VIC1,120.55948
2025-07-07 01:20:00,VIC1,128.2469
2025-07-07 01:25:00,VIC1,114.35474
2025-07-07 01:30:00,VIC1,110.5047
2025-07-07 01:35:00,VIC1,109.70847
2025-07-07 01:40:00,VIC1,117.0995
2025-07-07 01:45:00,VIC1,112.49939
2025-07-07 01:50:00,VIC1,138.03043
2025-07-07 01:55:00,VIC1,98.5355
2025-07-07 02:00:00,VIC1,93.43037
2025-07-07 02:05:00,VIC1,132.72
2025-07-07 02:10:00,VIC1,122.98699
2025-07-07 02:15:00,VIC1,147.20317
2025-07-07 02:20:00,VIC1,132.72
2025-07-07 02:25:00,VIC1,146.18736
2025-07-07 02:30:00,VIC1,113.09054
2025-07-07 02:35:00,VIC1,92.01444
2025-07-07 02:40:00,VIC1,164.00678
2025-07-07 02:45:00,VIC1,98.39809
2025-07-07 02:50:00,VIC1,114.04732
2025-07-07 02:55:00,VIC1,150.78484
2025-07-07 03:00:00,VIC1,118.55523
2025-07-07 03:05:00,VIC1,165.31939
2025-07-07 03:10:00,VIC1,136.86104
2025-07-07 03:15:00,VIC1,138.87713
2025-07-07 03:20:00,VIC1,166.76354
2025-07-07 03:25:00,VIC1,136.22005
2025-07-07 03:30:00,VIC1,158.94412
2025-07-07 03:35:00,VIC1,128.66688
2025-07-07 03:40:00,VIC1,140.50116
2025-07-07 03:45:00,VIC1,138.85762
2025-07-07 03:50:00,VIC1,150.53517
2025-07-07 03:55:00,VIC1,139.69713
2025-07-07 04:00:00,VIC1,139.83378
2025-07-07 04:05:00,VIC1,132.18202
2025-07-07 04:10:00,VIC1,116.85689
2025-07-07 04:15:00,VIC1,137.63029
2025-07-07 04:20:00,VIC1,117.43812
2025-07-07 04:25:00,VIC1,117.29938
2025-07-07 04:30:00,VIC1,138.24928
2025-07-07 04:35:00,VIC1,116.273
2025-07-07 04:40:00,VIC1,137.05329
2025-07-07 04:45:00,VIC1,116.56535
2025-07-07 04:50:00,VIC1,110.27387
2025-07-07 04:55:00,VIC1,113.01797
2025-07-07 05:00:00,VIC1,114.7848
2025-07-07 05:05:00,VIC1,112.97737
2025-07-07 05:10:00,VIC1,128.17778
2025-07-07 05:15:00,VIC1,126.12286
2025-07-07 05:20:00,VIC1,127.97429
2025-07-07 05:25:00,VIC1,146.50736
2025-07-07 05:30:00,VIC1,125.58997
2025-07-07 05:35:00,VIC1,137.96
2025-07-07 05:40:00,VIC1,121.94886
2025-07-07 05:45:00,VIC1,146.99724
2025-07-07 05:50:00,VIC1,137.96
2025-07-07 05:55:00,VIC1,137.96
2025-07-07 06:00:00,VIC1,160.00009
2025-07-07 06:05:00,VIC1,137.96
2025-07-07 06:10:00,VIC1,145.22522
2025-07-07 06:15:00,VIC1,172.82944
2025-07-07 06:20:00,VIC1,155.86611
2025-07-07 06:25:00,VIC1,158.50851
2025-07-07 06:30:00,VIC1,179.13703
2025-07-07 06:35:00,VIC1,157.60695
2025-07-07 06:40:00,VIC1,160.0
2025-07-07 06:45:00,VIC1,209.11
2025-07-07 06:50:00,VIC1,223.36
2025-07-07 06:55:00,VIC1,223.36
2025-07-07 07:00:00,VIC1,226.58
2025-07-07 07:05:00,VIC1,209.11
2025-07-07 07:10:00,VIC1,270.82
2025-07-07 07:15:00,VIC1,270.83
2025-07-07 07:20:00,VIC1,228.87989
2025-07-07 07:25:00,VIC1,234.09053
2025-07-07 07:30:00,VIC1,209.54
2025-07-07 07:35:00,VIC1,224.15939
2025-07-07 07:40:00,VIC1,200.02
2025-07-07 07:45:00,VIC1,209.54
2025-07-07 07:50:00,VIC1,200.02
2025-07-07 07:55:00,VIC1,209.54
2025-07-07 08:00:00,VIC1,200.02
2025-07-07 08:05:00,VIC1,237.17681
2025-07-07 08:10:00,VIC1,286.20194
2025-07-07 08:15:00,VIC1,270.82
2025-07-07 08:20:00,VIC1,263.84261
2025-07-07 08:25:00,VIC1,209.54
2025-07-07 08:30:00,VIC1,225.72963
2025-07-07 08:35:00,VIC1,177.85157
2025-07-07 08:40:00,VIC1,180.94
2025-07-07 08:45:00,VIC1,240.28802
2025-07-07 08:50:00,VIC1,191.08264
2025-07-07 08:55:00,VIC1,180.44196
2025-07-07 09:00:00,VIC1,237.47247
2025-07-07 09:05:00,VIC1,146.22572
2025-07-07 09:10:00,VIC1,151.08454
2025-07-07 09:15:00,VIC1,227.97
2025-07-07 09:20:00,VIC1,165.01466
2025-07-07 09:25:00,VIC1,132.72
2025-07-07 09:30:00,VIC1,132.72
2025-07-07 09:35:00,VIC1,122.02
2025-07-07 09:40:00,VIC1,92.55693
2025-07-07 09:45:00,VIC1,117.49675
2025-07-07 09:50:00,VIC1,85.88
2025-07-07 09:55:00,VIC1,85.22
2025-07-07 10:00:00,VIC1,46.33
2025-07-07 10:05:00,VIC1,88.81067
2025-07-07 10:10:00,VIC1,94.58923
2025-07-07 10:15:00,VIC1,80.0
2025-07-07 10:20:00,VIC1,80.0
2025-07-07 10:25:00,VIC1,89.83737
2025-07-07 10:30:00,VIC1,77.21921
2025-07-07 10:35:00,VIC1,115.09292
2025-07-07 10:40:00,VIC1,93.40383
2025-07-07 10:45:00,VIC1,46.22
2025-07-07 10:50:00,VIC1,62.51404
2025-07-07 10:55:00,VIC1,85.3
2025-07-07 11:00:00,VIC1,46.22
2025-07-07 11:05:00,VIC1,46.33
2025-07-07 11:10:00,VIC1,67.56588
2025-07-07 11:15:00,VIC1,34.91
2025-07-07 11:20:00,VIC1,56.46661
2025-07-07 11:25:00,VIC1,56.36552
2025-07-07 11:30:00,VIC1,52.14329
2025-07-07 11:35:00,VIC1,57.10432
2025-07-07 11:40:00,VIC1,61.43894
2025-07-07 11:45:00,VIC1,61.43894
2025-07-07 11:50:00,VIC1,53.14994
2025-07-07 11:55:00,VIC1,70.21768
2025-07-07 12:00:00,VIC1,60.48711
2025-07-07 12:05:00,VIC1,101.0559
2025-07-07 12:10:00,VIC1,70.62736
2025-07-07 12:15:00,VIC1,105.48573
2025-07-07 12:20:00,VIC1,101.8138
2025-07-07 12:25:00,VIC1,63.61698
2025-07-07 12:30:00,VIC1,62.09835
2025-07-07 12:35:00,VIC1,72.80903
2025-07-07 12:40:00,VIC1,75.25002
2025-07-07 12:45:00,VIC1,76.66
2025-07-07 12:50:00,VIC1,51.32022
2025-07-07 12:55:00,VIC1,77.96607
2025-07-07 13:00:00,VIC1,48.7243
2025-07-07 13:05:00,VIC1,84.25626
2025-07-07 13:10:00,VIC1,85.22
2025-07-07 13:15:00,VIC1,79.64
2025-07-07 13:20:00,VIC1,46.33
2025-07-07 13:25:00,VIC1,85.22
2025-07-07 13:30:00,VIC1,78.28225
2025-07-07 13:35:00,VIC1,76.14026
2025-07-07 13:40:00,VIC1,72.54348
2025-07-07 13:45:00,VIC1,60.04058
2025-07-07 13:50:00,VIC1,56.31652
2025-07-07 13:55:00,VIC1,56.40077
2025-07-07 14:00:00,VIC1,64.40733
2025-07-07 14:05:00,VIC1,66.02256
2025-07-07 14:10:00,VIC1,62.57375
2025-07-07 14:15:00,VIC1,35.94
2025-07-07 14:20:00,VIC1,63.22001
2025-07-07 14:25:00,VIC1,35.94
2025-07-07 14:30:00,VIC1,35.94
2025-07-07 14:35:00,VIC1,30.50216
2025-07-07 14:40:00,VIC1,20.0
2025-07-07 14:45:00,VIC1,19.18
2025-07-07 14:50:00,VIC1,20.0
2025-07-07 14:55:00,VIC1,26.01
2025-07-07 15:00:00,VIC1,20.01
2025-07-07 15:05:00,VIC1,20.33
2025-07-07 15:10:00,VIC1,19.18
2025-07-07 15:15:00,VIC1,35.94
2025-07-07 15:20:00,VIC1,35.94
2025-07-07 15:25:00,VIC1,36.98996
2025-07-07 15:30:00,VIC1,60.88758
2025-07-07 15:35:00,VIC1,20.36
2025-07-07 15:40:00,VIC1,40.60259
2025-07-07 15:45:00,VIC1,60.81205
2025-07-07 15:50:00,VIC1,61.28101
2025-07-07 15:55:00,VIC1,65.77522
2025-07-07 16:00:00,VIC1,76.1
2025-07-07 16:05:00,VIC1,88.13104
2025-07-07 16:10:00,VIC1,91.04283
2025-07-07 16:15:00,VIC1,95.35208
2025-07-07 16:20:00,VIC1,123.2997
2025-07-07 16:25:00,VIC1,151.24866
2025-07-07 16:30:00,VIC1,129.53482
2025-07-07 16:35:00,VIC1,113.84387
2025-07-07 16:40:00,VIC1,142.25348
2025-07-07 16:45:00,VIC1,122.63059
2025-07-07 16:50:00,VIC1,146.27468
2025-07-07 16:55:00,VIC1,140.28812
2025-07-07 17:00:00,VIC1,153.00458
2025-07-07 17:05:00,VIC1,139.84481
2025-07-07 17:10:00,VIC1,142.07968
2025-07-07 17:15:00,VIC1,152.26784
2025-07-07 17:20:00,VIC1,153.62692
2025-07-07 17:25:00,VIC1,172.08595
2025-07-07 17:30:00,VIC1,190.90035
2025-07-07 17:35:00,VIC1,154.34693
2025-07-07 17:40:00,VIC1,148.5924
2025-07-07 17:45:00,VIC1,157.41516
2025-07-07 17:50:00,VIC1,151.06484
2025-07-07 17:55:00,VIC1,150.08696
2025-07-07 18:00:00,VIC1,150.75994
2025-07-07 18:05:00,VIC1,148.23584
2025-07-07 18:10:00,VIC1,146.61489
2025-07-07 18:15:00,VIC1,140.27964
2025-07-07 18:20:00,VIC1,149.86315
2025-07-07 18:25:00,VIC1,138.97393
2025-07-07 18:30:00,VIC1,148.72676
2025-07-07 18:35:00,VIC1,132.72
2025-07-07 18:40:00,VIC1,130.51178
2025-07-07 18:45:00,VIC1,125.49
2025-07-07 18:50:00,VIC1,132.0
2025-07-07 18:55:00,VIC1,124.59
2025-07-07 19:00:00,VIC1,117.42
2025-07-07 19:05:00,VIC1,120.96757
2025-07-07 19:10:00,VIC1,117.42
2025-07-07 19:15:00,VIC1,117.42
2025-07-07 19:20:00,VIC1,109.24345
2025-07-07 19:25:00,VIC1,107.83131
2025-07-07 19:30:00,VIC1,106.19466
2025-07-07 19:35:00,VIC1,111.11008
2025-07-07 19:40:00,VIC1,105.98573
2025-07-07 19:45:00,VIC1,104.65657
2025-07-07 19:50:00,VIC1,102.44677
2025-07-07 19:55:00,VIC1,92.70758
2025-07-07 20:00:00,VIC1,91.13312
2025-07-07 20:05:00,VIC1,92.16377
2025-07-07 20:10:00,VIC1,92.01201
2025-07-07 20:15:00,VIC1,91.85956
2025-07-07 20:20:00,VIC1,87.92186
2025-07-07 20:25:00,VIC1,88.81067
2025-07-07 20:30:00,VIC1,93.21498
2025-07-07 20:35:00,VIC1,100.34052
2025-07-07 20:40:00,VIC1,100.1248
2025-07-07 20:45:00,VIC1,100.49787
2025-07-07 20:50:00,VIC1,92.73003
2025-07-07 20:55:00,VIC1,77.36696
2025-07-07 21:00:00,VIC1,19.99993
2025-07-07 21:05:00,VIC1,10.18472
2025-07-07 21:10:00,VIC1,20.76
2025-07-07 21:15:00,VIC1,8.95
2025-07-07 21:20:00,VIC1,8.95
2025-07-07 21:25:00,VIC1,0.01
2025-07-07 21:30:00,VIC1,4.37279
2025-07-07 21:35:00,VIC1,8.02066
2025-07-07 21:40:00,VIC1,6.9502
2025-07-07 21:45:00,VIC1,8.95
2025-07-07 21:50:00,VIC1,8.95
2025-07-07 21:55:00,VIC1,8.95
2025-07-07 22:00:00,VIC1,8.95
2025-07-07 22:05:00,VIC1,1.12003
2025-07-07 22:10:00,VIC1,0.74003
2025-07-07 22:15:00,VIC1,3.62148
2025-07-07 22:20:00,VIC1,1.14003
2025-07-07 22:25:00,VIC1,1.13003
2025-07-07 22:30:00,VIC1,0.68003
2025-07-07 22:35:00,VIC1,0.25003
2025-07-07 22:40:00,VIC1,0.01
2025-07-07 22:45:00,VIC1,0.01
2025-07-07 22:50:00,VIC1,0.01008
2025-07-07 22:55:00,VIC1,3e-05
2025-07-07 23:00:00,VIC1,3e-05
2025-07-07 23:05:00,VIC1,0.20003
2025-07-07 23:10:00,VIC1,0.20003
2025-07-07 23:15:00,VIC1,0.30003
2025-07-07 23:20:00,VIC1,0.25003
2025-07-07 23:25:00,VIC1,0.34003
2025-07-07 23:30:00,VIC1,0.20003
2025-07-07 23:35:00,VIC1,0.20003
2025-07-07 23:40:00,VIC1,0.20003
2025-07-07 23:45:00,VIC1,0.01
2025-07-07 23:50:00,VIC1,-0.02992
2025-07-07 23:55:00,VIC1,0.01
2025-07-08 00:00:00,VIC1,-0.01
2025-07-08 00:05:00,VIC1,-5.06
2025-07-08 00:10:00,VIC1,-9.83
2025-07-08 00:15:00,VIC1,-9.83
2025-07-08 00:20:00,VIC1,-9.83
2025-07-08 00:25:00,VIC1,-9.96
2025-07-08 00:30:00,VIC1,-9.96
2025-07-08 00:35:00,VIC1,-9.83
2025-07-08 00:40:00,VIC1,-9.96
2025-07-08 00:45:00,VIC1,-16.49976
2025-07-08 00:50:00,VIC1,-16.49976
2025-07-08 00:55:00,VIC1,-16.49976
2025-07-08 01:00:00,VIC1,-16.49976
2025-07-08 01:05:00,VIC1,-16.49976
2025-07-08 01:10:00,VIC1,-16.49976
2025-07-08 01:15:00,VIC1,-16.49976
2025-07-08 01:20:00,VIC1,-16.49976
2025-07-08 01:25:00,VIC1,-16.49976
2025-07-08 01:30:00,VIC1,-16.49976
2025-07-08 01:35:00,VIC1,-16.49976
2025-07-08 01:40:00,VIC1,-16.49976
2025-07-08 01:45:00,VIC1,-16.49976
2025-07-08 01:50:00,VIC1,-16.49976
2025-07-08 01:55:00,VIC1,-16.49976
2025-07-08 02:00:00,VIC1,-16.49976
2025-07-08 02:05:00,VIC1,-16.49976
2025-07-08 02:10:00,VIC1,-16.49976
2025-07-08 02:15:00,VIC1,-16.49976
2025-07-08 02:20:00,VIC1,-16.49976
2025-07-08 02:25:00,VIC1,-16.49976
2025-07-08 02:30:00,VIC1,-16.49976
2025-07-08 02:35:00,VIC1,-16.5
2025-07-08 02:40:00,VIC1,-16.5
2025-07-08 02:45:00,VIC1,-16.5
2025-07-08 02:50:00,VIC1,-18.14
2025-07-08 02:55:00,VIC1,-16.5
2025-07-08 03:00:00,VIC1,-16.5
2025-07-08 03:05:00,VIC1,-16.5
2025-07-08 03:10:00,VIC1,-16.5
2025-07-08 03:15:00,VIC1,-16.5
2025-07-08 03:20:00,VIC1,-16.5
2025-07-08 03:25:00,VIC1,-16.5
2025-07-08 03:30:00,VIC1,-16.5
2025-07-08 03:35:00,VIC1,-16.5
2025-07-08 03:40:00,VIC1,-16.5
2025-07-08 03:45:00,VIC1,-18.14
2025-07-08 03:50:00,VIC1,-18.14
2025-07-08 03:55:00,VIC1,-18.14
2025-07-08 04:00:00,VIC1,-18.14
2025-07-08 04:05:00,VIC1,-16.5
2025-07-08 04:10:00,VIC1,-16.5
2025-07-08 04:15:00,VIC1,-16.5
2025-07-08 04:20:00,VIC1,-16.5
2025-07-08 04:25:00,VIC1,-16.5
2025-07-08 04:30:00,VIC1,-16.5
2025-07-08 04:35:00,VIC1,-16.5
2025-07-08 04:40:00,VIC1,-16.5
2025-07-08 04:45:00,VIC1,-16.5
2025-07-08 04:50:00,VIC1,-16.5
2025-07-08 04:55:00,VIC1,-16.5
2025-07-08 05:00:00,VIC1,-16.5
2025-07-08 05:05:00,VIC1,-16.5
2025-07-08 05:10:00,VIC1,-16.5
2025-07-08 05:15:00,VIC1,-16.49976
2025-07-08 05:20:00,VIC1,-16.49976
2025-07-08 05:25:00,VIC1,-16.49976
2025-07-08 05:30:00,VIC1,-16.49976
2025-07-08 05:35:00,VIC1,-16.49976
2025-07-08 05:40:00,VIC1,-16.49976
2025-07-08 05:45:00,VIC1,-9.96
2025-07-08 05:50:00,VIC1,-9.96
2025-07-08 05:55:00,VIC1,-9.96
2025-07-08 06:00:00,VIC1,-9.87161
2025-07-08 06:05:00,VIC1,-9.80733
2025-07-08 06:10:00,VIC1,2e-05
2025-07-08 06:15:00,VIC1,2e-05
2025-07-08 06:20:00,VIC1,-14.58791
2025-07-08 06:25:00,VIC1,0.00025
2025-07-08 06:30:00,VIC1,2.99878
2025-07-08 06:35:00,VIC1,2.17273
2025-07-08 06:40:00,VIC1,3.40841
2025-07-08 06:45:00,VIC1,2.25227
2025-07-08 06:50:00,VIC1,8.24023
2025-07-08 06:55:00,VIC1,8.95
2025-07-08 07:00:00,VIC1,79.74157
2025-07-08 07:05:00,VIC1,32.75978
2025-07-08 07:10:00,VIC1,31.59227
2025-07-08 07:15:00,VIC1,20.0
2025-07-08 07:20:00,VIC1,16.89619
2025-07-08 07:25:00,VIC1,35.4823
2025-07-08 07:30:00,VIC1,8.95026
2025-07-08 07:35:00,VIC1,35.62941
2025-07-08 07:40:00,VIC1,20.9741
2025-07-08 07:45:00,VIC1,24.21735
2025-07-08 07:50:00,VIC1,81.32856
2025-07-08 07:55:00,VIC1,82.08761
2025-07-08 08:00:00,VIC1,18.19614
2025-07-08 08:05:00,VIC1,54.97822
2025-07-08 08:10:00,VIC1,80.79551
2025-07-08 08:15:00,VIC1,33.11083
2025-07-08 08:20:00,VIC1,84.831
2025-07-08 08:25:00,VIC1,53.01239
2025-07-08 08:30:00,VIC1,87.06699
2025-07-08 08:35:00,VIC1,205.00724
2025-07-08 08:40:00,VIC1,55.10101
2025-07-08 08:45:00,VIC1,33.24513
2025-07-08 08:50:00,VIC1,161.21888
2025-07-08 08:55:00,VIC1,144.44762
2025-07-08 09:00:00,VIC1,154.78399
2025-07-08 09:05:00,VIC1,125.89973
2025-07-08 09:10:00,VIC1,129.41261
2025-07-08 09:15:00,VIC1,132.15096
2025-07-08 09:20:00,VIC1,132.56939
2025-07-08 09:25:00,VIC1,116.06372
2025-07-08 09:30:00,VIC1,121.6394
2025-07-08 09:35:00,VIC1,135.76311
2025-07-08 09:40:00,VIC1,14.50339
2025-07-08 09:45:00,VIC1,14.56099
2025-07-08 09:50:00,VIC1,32.26827
2025-07-08 09:55:00,VIC1,103.52877
2025-07-08 10:00:00,VIC1,63.63823
2025-07-08 10:05:00,VIC1,32.02936
2025-07-08 10:10:00,VIC1,-50.57844
2025-07-08 10:15:00,VIC1,36.19394
2025-07-08 10:20:00,VIC1,13.56574
2025-07-08 10:25:00,VIC1,-0.01
2025-07-08 10:30:00,VIC1,9.48092
2025-07-08 10:35:00,VIC1,10.12131
2025-07-08 10:40:00,VIC1,8.95
2025-07-08 10:45:00,VIC1,-0.01
2025-07-08 10:50:00,VIC1,9.33
2025-07-08 10:55:00,VIC1,8.95
2025-07-08 11:00:00,VIC1,0.01112
2025-07-08 11:05:00,VIC1,9.90124
2025-07-08 11:10:00,VIC1,3e-05
2025-07-08 11:15:00,VIC1,9.33
2025-07-08 11:20:00,VIC1,8.94947
2025-07-08 11:25:00,VIC1,19.96146
2025-07-08 11:30:00,VIC1,9.33
2025-07-08 11:35:00,VIC1,8.95
2025-07-08 11:40:00,VIC1,3e-05
2025-07-08 11:45:00,VIC1,-0.13403
2025-07-08 11:50:00,VIC1,8.94921
2025-07-08 11:55:00,VIC1,8.94921
2025-07-08 12:00:00,VIC1,-19.3023
2025-07-08 12:05:00,VIC1,-11.79693
2025-07-08 12:10:00,VIC1,-15.83456
2025-07-08 12:15:00,VIC1,-10.07497
2025-07-08 12:20:00,VIC1,28.37838
2025-07-08 12:25:00,VIC1,30.88241
2025-07-08 12:30:00,VIC1,20.0
2025-07-08 12:35:00,VIC1,-19.02757
2025-07-08 12:40:00,VIC1,29.30715
2025-07-08 12:45:00,VIC1,8.95
2025-07-08 12:50:00,VIC1,70.89658
2025-07-08 12:55:00,VIC1,70.63296
2025-07-08 13:00:00,VIC1,70.63296
2025-07-08 13:05:00,VIC1,41.10572
2025-07-08 13:10:00,VIC1,46.22
2025-07-08 13:15:00,VIC1,12.56559
2025-07-08 13:20:00,VIC1,12.75623
2025-07-08 13:25:00,VIC1,13.0058
2025-07-08 13:30:00,VIC1,18.4056
2025-07-08 13:35:00,VIC1,18.4056
2025-07-08 13:40:00,VIC1,38.44672
2025-07-08 13:45:00,VIC1,132.02061
2025-07-08 13:50:00,VIC1,111.26641
2025-07-08 13:55:00,VIC1,9.95551
2025-07-08 14:00:00,VIC1,45.57023
2025-07-08 14:05:00,VIC1,-0.01
2025-07-08 14:10:00,VIC1,33.53865
2025-07-08 14:15:00,VIC1,38.44672
2025-07-08 14:20:00,VIC1,-4.7985
2025-07-08 14:25:00,VIC1,24.6956
2025-07-08 14:30:00,VIC1,38.44672
2025-07-08 14:35:00,VIC1,112.80958
2025-07-08 14:40:00,VIC1,26.77534
2025-07-08 14:45:00,VIC1,-0.55612
2025-07-08 14:50:00,VIC1,0.01112
2025-07-08 14:55:00,VIC1,8.95
2025-07-08 15:00:00,VIC1,23.29776
2025-07-08 15:05:00,VIC1,26.45604
2025-07-08 15:10:00,VIC1,1.74743
2025-07-08 15:15:00,VIC1,-20.54651
2025-07-08 15:20:00,VIC1,0.80437
2025-07-08 15:25:00,VIC1,35.78548
2025-07-08 15:30:00,VIC1,32.47738
2025-07-08 15:35:00,VIC1,-20.43816
2025-07-08 15:40:00,VIC1,29.99349
2025-07-08 15:45:00,VIC1,-21.10603
2025-07-08 15:50:00,VIC1,36.40222
2025-07-08 15:55:00,VIC1,53.64296
2025-07-08 16:00:00,VIC1,70.20986
2025-07-08 16:05:00,VIC1,69.74691
2025-07-08 16:10:00,VIC1,67.63708
2025-07-08 16:15:00,VIC1,18.19684
2025-07-08 16:20:00,VIC1,30.11486
2025-07-08 16:25:00,VIC1,97.29877
2025-07-08 16:30:00,VIC1,74.08503
2025-07-08 16:35:00,VIC1,97.57249
2025-07-08 16:40:00,VIC1,48.49692
2025-07-08 16:45:00,VIC1,60.6315
2025-07-08 16:50:00,VIC1,97.31209
2025-07-08 16:55:00,VIC1,68.984
2025-07-08 17:00:00,VIC1,94.49325
2025-07-08 17:05:00,VIC1,-24.42
2025-07-08 17:10:00,VIC1,-16.5
2025-07-08 17:15:00,VIC1,-9.96
2025-07-08 17:20:00,VIC1,0.0
2025-07-08 17:25:00,VIC1,-0.01
2025-07-08 17:30:00,VIC1,0.01
2025-07-08 17:35:00,VIC1,8.95
2025-07-08 17:40:00,VIC1,32.32752
2025-07-08 17:45:00,VIC1,32.49372
2025-07-08 17:50:00,VIC1,32.32752
2025-07-08 17:55:00,VIC1,35.68298
2025-07-08 18:00:00,VIC1,35.33737
2025-07-08 18:05:00,VIC1,22.24693
2025-07-08 18:10:00,VIC1,22.69744
2025-07-08 18:15:00,VIC1,23.65966
2025-07-08 18:20:00,VIC1,8.95
2025-07-08 18:25:00,VIC1,20.0
2025-07-08 18:30:00,VIC1,30.70579
2025-07-08 18:35:00,VIC1,0.00013
2025-07-08 18:40:00,VIC1,0.01
2025-07-08 18:45:00,VIC1,8.95
2025-07-08 18:50:00,VIC1,0.46216
2025-07-08 18:55:00,VIC1,20.77
2025-07-08 19:00:00,VIC1,0.00013
2025-07-08 19:05:00,VIC1,8.95
2025-07-08 19:10:00,VIC1,20.74
2025-07-08 19:15:00,VIC1,35.14064
2025-07-08 19:20:00,VIC1,106.54
2025-07-08 19:25:00,VIC1,137.49007
2025-07-08 19:30:00,VIC1,106.54
2025-07-08 19:35:00,VIC1,128.22156
2025-07-08 19:40:00,VIC1,103.79607
2025-07-08 19:45:00,VIC1,106.54
2025-07-08 19:50:00,VIC1,113.93049
2025-07-08 19:55:00,VIC1,112.38452
2025-07-08 20:00:00,VIC1,106.54
2025-07-08 20:05:00,VIC1,104.80702
2025-07-08 20:10:00,VIC1,78.88
2025-07-08 20:15:00,VIC1,106.54
2025-07-08 20:20:00,VIC1,100.90031
2025-07-08 20:25:00,VIC1,84.81187
2025-07-08 20:30:00,VIC1,96.4914
2025-07-08 20:35:00,VIC1,80.63843
2025-07-08 20:40:00,VIC1,102.40915
2025-07-08 20:45:00,VIC1,101.61364
2025-07-08 20:50:00,VIC1,103.10643
2025-07-08 20:55:00,VIC1,102.34164
2025-07-08 21:00:00,VIC1,39.91413
2025-07-08 21:05:00,VIC1,80.79041
2025-07-08 21:10:00,VIC1,73.01769
2025-07-08 21:15:00,VIC1,49.83345
2025-07-08 21:20:00,VIC1,83.56723
2025-07-08 21:25:00,VIC1,80.81208
2025-07-08 21:30:00,VIC1,101.53155
2025-07-08 21:35:00,VIC1,103.14908
2025-07-08 21:40:00,VIC1,105.42
2025-07-08 21:45:00,VIC1,20.00007
2025-07-08 21:50:00,VIC1,50.17634
2025-07-08 21:55:00,VIC1,62.44209
2025-07-08 22:00:00,VIC1,17.08474
2025-07-08 22:05:00,VIC1,65.39807
2025-07-08 22:10:00,VIC1,20.0
2025-07-08 22:15:00,VIC1,20.0
2025-07-08 22:20:00,VIC1,8.94951
2025-07-08 22:25:00,VIC1,8.95
2025-07-08 22:30:00,VIC1,11.64237
2025-07-08 22:35:00,VIC1,8.95
2025-07-08 22:40:00,VIC1,0.01
2025-07-08 22:45:00,VIC1,0.01
2025-07-08 22:50:00,VIC1,8.94951
2025-07-08 22:55:00,VIC1,8.95
2025-07-08 23:00:00,VIC1,8.95
2025-07-08 23:05:00,VIC1,8.95
2025-07-08 23:10:00,VIC1,8.95
2025-07-08 23:15:00,VIC1,0.01
2025-07-08 23:20:00,VIC1,15.20247
2025-07-08 23:25:00,VIC1,8.95
2025-07-08 23:30:00,VIC1,20.0
2025-07-08 23:35:00,VIC1,17.198
2025-07-08 23:40:00,VIC1,15.62347
2025-07-08 23:45:00,VIC1,8.95
2025-07-08 23:50:00,VIC1,17.23653
2025-07-08 23:55:00,VIC1,8.95
2025-07-09 00:00:00,VIC1,8.95
2025-07-09 00:05:00,VIC1,17.6075
2025-07-09 00:10:00,VIC1,16.45282
2025-07-09 00:15:00,VIC1,17.63126
2025-07-09 00:20:00,VIC1,14.73931
2025-07-09 00:25:00,VIC1,8.95
2025-07-09 00:30:00,VIC1,8.95
2025-07-09 00:35:00,VIC1,16.70358
2025-07-09 00:40:00,VIC1,8.95
2025-07-09 00:45:00,VIC1,22.56235
2025-07-09 00:50:00,VIC1,20.0
2025-07-09 00:55:00,VIC1,20.46
2025-07-09 01:00:00,VIC1,24.21728
2025-07-09 01:05:00,VIC1,20.0
2025-07-09 01:10:00,VIC1,8.94979
2025-07-09 01:15:00,VIC1,19.18
2025-07-09 01:20:00,VIC1,8.95
2025-07-09 01:25:00,VIC1,8.95
2025-07-09 01:30:00,VIC1,8.95
2025-07-09 01:35:00,VIC1,8.95
2025-07-09 01:40:00,VIC1,8.42734
2025-07-09 01:45:00,VIC1,8.95
2025-07-09 01:50:00,VIC1,8.95
2025-07-09 01:55:00,VIC1,8.95
2025-07-09 02:00:00,VIC1,8.95
2025-07-09 02:05:00,VIC1,8.1498
2025-07-09 02:10:00,VIC1,8.95
2025-07-09 02:15:00,VIC1,8.95
2025-07-09 02:20:00,VIC1,8.95
2025-07-09 02:25:00,VIC1,8.95
2025-07-09 02:30:00,VIC1,8.95
2025-07-09 02:35:00,VIC1,8.95
2025-07-09 02:40:00,VIC1,8.95
2025-07-09 02:45:00,VIC1,0.01
2025-07-09 02:50:00,VIC1,8.95
2025-07-09 02:55:00,VIC1,0.01
2025-07-09 03:00:00,VIC1,20.0
2025-07-09 03:05:00,VIC1,2.94961
2025-07-09 03:10:00,VIC1,0.01
2025-07-09 03:15:00,VIC1,8.95
2025-07-09 03:20:00,VIC1,8.95
2025-07-09 03:25:00,VIC1,7.94982
2025-07-09 03:30:00,VIC1,8.94982
2025-07-09 03:35:00,VIC1,1.15365
2025-07-09 03:40:00,VIC1,8.95
2025-07-09 03:45:00,VIC1,8.95
2025-07-09 03:50:00,VIC1,0.01
2025-07-09 03:55:00,VIC1,8.95
2025-07-09 04:00:00,VIC1,8.95
2025-07-09 04:05:00,VIC1,0.01
2025-07-09 04:10:00,VIC1,0.48
2025-07-09 04:15:00,VIC1,8.95
2025-07-09 04:20:00,VIC1,8.95
2025-07-09 04:25:00,VIC1,8.95
2025-07-09 04:30:00,VIC1,7.94962
2025-07-09 04:35:00,VIC1,8.94982
2025-07-09 04:40:00,VIC1,8.95
2025-07-09 04:45:00,VIC1,0.01
2025-07-09 04:50:00,VIC1,8.95
2025-07-09 04:55:00,VIC1,0.01
2025-07-09 05:00:00,VIC1,20.0
2025-07-09 05:05:00,VIC1,8.95
2025-07-09 05:10:00,VIC1,8.95
2025-07-09 05:15:00,VIC1,6.70043
2025-07-09 05:20:00,VIC1,8.95019
2025-07-09 05:25:00,VIC1,8.95
2025-07-09 05:30:00,VIC1,8.95019
2025-07-09 05:35:00,VIC1,42.01
2025-07-09 05:40:00,VIC1,20.0
2025-07-09 05:45:00,VIC1,20.0
2025-07-09 05:50:00,VIC1,20.0
2025-07-09 05:55:00,VIC1,20.0
2025-07-09 06:00:00,VIC1,20.0
2025-07-09 06:05:00,VIC1,19.17986
2025-07-09 06:10:00,VIC1,19.18006
2025-07-09 06:15:00,VIC1,20.0
2025-07-09 06:20:00,VIC1,62.16341
2025-07-09 06:25:00,VIC1,74.71836
2025-07-09 06:30:00,VIC1,74.84966
2025-07-09 06:35:00,VIC1,92.46071
2025-07-09 06:40:00,VIC1,95.90428
2025-07-09 06:45:00,VIC1,84.55584
2025-07-09 06:50:00,VIC1,81.66253
2025-07-09 06:55:00,VIC1,151.43915
2025-07-09 07:00:00,VIC1,128.22607
2025-07-09 07:05:00,VIC1,167.7866
2025-07-09 07:10:00,VIC1,209.11
2025-07-09 07:15:00,VIC1,251.8134
2025-07-09 07:20:00,VIC1,145.20685
2025-07-09 07:25:00,VIC1,184.02009
2025-07-09 07:30:00,VIC1,181.72314
2025-07-09 07:35:00,VIC1,139.23
2025-07-09 07:40:00,VIC1,139.23
2025-07-09 07:45:00,VIC1,139.23
2025-07-09 07:50:00,VIC1,113.83009
2025-07-09 07:55:00,VIC1,98.40181
2025-07-09 08:00:00,VIC1,97.17311
2025-07-09 08:05:00,VIC1,100.40635
2025-07-09 08:10:00,VIC1,99.08424
2025-07-09 08:15:00,VIC1,98.59115
2025-07-09 08:20:00,VIC1,67.64954
2025-07-09 08:25:00,VIC1,68.934
2025-07-09 08:30:00,VIC1,63.0175
2025-07-09 08:35:00,VIC1,69.02913
2025-07-09 08:40:00,VIC1,64.56851
2025-07-09 08:45:00,VIC1,45.41843
2025-07-09 08:50:00,VIC1,8.95
2025-07-09 08:55:00,VIC1,8.95
2025-07-09 09:00:00,VIC1,0.0
2025-07-09 09:05:00,VIC1,-5.06
2025-07-09 09:10:00,VIC1,-9.96
2025-07-09 09:15:00,VIC1,4.19951
2025-07-09 09:20:00,VIC1,2.8342
2025-07-09 09:25:00,VIC1,0.41681
2025-07-09 09:30:00,VIC1,-9.96
2025-07-09 09:35:00,VIC1,-9.83
2025-07-09 09:40:00,VIC1,-9.83
2025-07-09 09:45:00,VIC1,-0.01
2025-07-09 09:50:00,VIC1,-9.96
2025-07-09 09:55:00,VIC1,-9.96
2025-07-09 10:00:00,VIC1,-9.96
2025-07-09 10:05:00,VIC1,-16.5
2025-07-09 10:10:00,VIC1,-18.14
2025-07-09 10:15:00,VIC1,-16.49976
2025-07-09 10:20:00,VIC1,-16.49976
2025-07-09 10:25:00,VIC1,-16.49976
2025-07-09 10:30:00,VIC1,-16.5
2025-07-09 10:35:00,VIC1,-16.49
2025-07-09 10:40:00,VIC1,-16.49976
2025-07-09 10:45:00,VIC1,-16.49976
2025-07-09 10:50:00,VIC1,-16.5
2025-07-09 10:55:00,VIC1,-16.5
2025-07-09 11:00:00,VIC1,-16.5
2025-07-09 11:05:00,VIC1,-18.0
2025-07-09 11:10:00,VIC1,-16.5
2025-07-09 11:15:00,VIC1,-19.1
2025-07-09 11:20:00,VIC1,-24.42
2025-07-09 11:25:00,VIC1,-23.06
2025-07-09 11:30:00,VIC1,-24.42
2025-07-09 11:35:00,VIC1,-19.99
2025-07-09 11:40:00,VIC1,-16.49976
2025-07-09 11:45:00,VIC1,-16.5
2025-07-09 11:50:00,VIC1,-16.49976
2025-07-09 11:55:00,VIC1,-16.49976
2025-07-09 12:00:00,VIC1,-16.49976
2025-07-09 12:05:00,VIC1,-16.5
2025-07-09 12:10:00,VIC1,-16.5
2025-07-09 12:15:00,VIC1,-20.0
2025-07-09 12:20:00,VIC1,-16.5
2025-07-09 12:25:00,VIC1,-16.5
2025-07-09 12:30:00,VIC1,-19.99
2025-07-09 12:35:00,VIC1,-19.99
2025-07-09 12:40:00,VIC1,-16.49976
2025-07-09 12:45:00,VIC1,-16.49976
2025-07-09 12:50:00,VIC1,-16.49976
2025-07-09 12:55:00,VIC1,-16.5
2025-07-09 13:00:00,VIC1,-20.0
2025-07-09 13:05:00,VIC1,-16.49976
2025-07-09 13:10:00,VIC1,-16.49976
2025-07-09 13:15:00,VIC1,-15.03
2025-07-09 13:20:00,VIC1,-9.96
2025-07-09 13:25:00,VIC1,-3.49219
2025-07-09 13:30:00,VIC1,-13.12799
2025-07-09 13:35:00,VIC1,-9.83
2025-07-09 13:40:00,VIC1,-20.0
2025-07-09 13:45:00,VIC1,-19.27341
2025-07-09 13:50:00,VIC1,-19.99
2025-07-09 13:55:00,VIC1,-18.0
2025-07-09 14:00:00,VIC1,-19.5
2025-07-09 14:05:00,VIC1,-16.49976
2025-07-09 14:10:00,VIC1,-16.49976
2025-07-09 14:15:00,VIC1,-0.00975
2025-07-09 14:20:00,VIC1,12.31976
2025-07-09 14:25:00,VIC1,33.42644
2025-07-09 14:30:00,VIC1,8.95
2025-07-09 14:35:00,VIC1,-4.56217
2025-07-09 14:40:00,VIC1,8.95
2025-07-09 14:45:00,VIC1,-3.78732
2025-07-09 14:50:00,VIC1,5.87402
2025-07-09 14:55:00,VIC1,8.95
2025-07-09 15:00:00,VIC1,20.0
2025-07-09 15:05:00,VIC1,34.73996
2025-07-09 15:10:00,VIC1,41.17239
2025-07-09 15:15:00,VIC1,40.38737
2025-07-09 15:20:00,VIC1,14.01558
2025-07-09 15:25:00,VIC1,20.0
2025-07-09 15:30:00,VIC1,19.99583
2025-07-09 15:35:00,VIC1,19.99583
2025-07-09 15:40:00,VIC1,39.11353
2025-07-09 15:45:00,VIC1,40.13999
2025-07-09 15:50:00,VIC1,67.56129
2025-07-09 15:55:00,VIC1,54.32554
2025-07-09 16:00:00,VIC1,36.76
2025-07-09 16:05:00,VIC1,20.04
2025-07-09 16:10:00,VIC1,20.76
2025-07-09 16:15:00,VIC1,19.18
2025-07-09 16:20:00,VIC1,27.50288
2025-07-09 16:25:00,VIC1,18.61049
2025-07-09 16:30:00,VIC1,6.00815
2025-07-09 16:35:00,VIC1,12.75371
2025-07-09 16:40:00,VIC1,18.19614
2025-07-09 16:45:00,VIC1,33.2607
2025-07-09 16:50:00,VIC1,142.59703
2025-07-09 16:55:00,VIC1,182.03561
2025-07-09 17:00:00,VIC1,200.68185
2025-07-09 17:05:00,VIC1,132.29688
2025-07-09 17:10:00,VIC1,133.15153
2025-07-09 17:15:00,VIC1,144.39702
2025-07-09 17:20:00,VIC1,292.05035
2025-07-09 17:25:00,VIC1,308.2456
2025-07-09 17:30:00,VIC1,363.78741
2025-07-09 17:35:00,VIC1,315.50163
2025-07-09 17:40:00,VIC1,204.2993
2025-07-09 17:45:00,VIC1,327.12518
2025-07-09 17:50:00,VIC1,150.63786
2025-07-09 17:55:00,VIC1,219.04595
2025-07-09 18:00:00,VIC1,131.5787
2025-07-09 18:05:00,VIC1,121.55213
2025-07-09 18:10:00,VIC1,135.47042
2025-07-09 18:15:00,VIC1,106.54
2025-07-09 18:20:00,VIC1,131.5785
2025-07-09 18:25:00,VIC1,131.57884
2025-07-09 18:30:00,VIC1,106.54
2025-07-09 18:35:00,VIC1,318.36452
2025-07-09 18:40:00,VIC1,304.69283
2025-07-09 18:45:00,VIC1,211.5571
2025-07-09 18:50:00,VIC1,275.96648
2025-07-09 18:55:00,VIC1,284.96891
2025-07-09 19:00:00,VIC1,301.29309
2025-07-09 19:05:00,VIC1,282.75
2025-07-09 19:10:00,VIC1,295.50745
2025-07-09 19:15:00,VIC1,263.02034
2025-07-09 19:20:00,VIC1,143.97189
2025-07-09 19:25:00,VIC1,100.84034
2025-07-09 19:30:00,VIC1,99.77181
2025-07-09 19:35:00,VIC1,121.55227
2025-07-09 19:40:00,VIC1,88.52766
2025-07-09 19:45:00,VIC1,121.55213
2025-07-09 19:50:00,VIC1,105.00611
2025-07-09 19:55:00,VIC1,103.35086
2025-07-09 20:00:00,VIC1,99.15471
2025-07-09 20:05:00,VIC1,121.55165
2025-07-09 20:10:00,VIC1,121.55165
2025-07-09 20:15:00,VIC1,31.80596
2025-07-09 20:20:00,VIC1,-39.51
2025-07-09 20:25:00,VIC1,-16.49951
2025-07-09 20:30:00,VIC1,-9.83
2025-07-09 20:35:00,VIC1,110.64723
2025-07-09 20:40:00,VIC1,110.64725
2025-07-09 20:45:00,VIC1,98.98871
2025-07-09 20:50:00,VIC1,100.40635
2025-07-09 20:55:00,VIC1,100.66713
2025-07-09 21:00:00,VIC1,95.31708
2025-07-09 21:05:00,VIC1,100.93879
2025-07-09 21:10:00,VIC1,99.75405
2025-07-09 21:15:00,VIC1,88.49559
2025-07-09 21:20:00,VIC1,85.79795
2025-07-09 21:25:00,VIC1,72.14384
2025-07-09 21:30:00,VIC1,85.19474
2025-07-09 21:35:00,VIC1,72.98846
2025-07-09 21:40:00,VIC1,73.79987
2025-07-09 21:45:00,VIC1,73.62401
2025-07-09 21:50:00,VIC1,65.48546
2025-07-09 21:55:00,VIC1,68.29575
2025-07-09 22:00:00,VIC1,69.86993
2025-07-09 22:05:00,VIC1,85.25812
2025-07-09 22:10:00,VIC1,84.43211
2025-07-09 22:15:00,VIC1,102.29634
2025-07-09 22:20:00,VIC1,99.63205
2025-07-09 22:25:00,VIC1,94.53653
2025-07-09 22:30:00,VIC1,99.40864
2025-07-09 22:35:00,VIC1,83.3969
2025-07-09 22:40:00,VIC1,83.20272
2025-07-09 22:45:00,VIC1,85.62594
2025-07-09 22:50:00,VIC1,81.20996
2025-07-09 22:55:00,VIC1,72.80003
2025-07-09 23:00:00,VIC1,72.2576
2025-07-09 23:05:00,VIC1,83.11007
2025-07-09 23:10:00,VIC1,97.4639
2025-07-09 23:15:00,VIC1,100.62459
2025-07-09 23:20:00,VIC1,95.00024
2025-07-09 23:25:00,VIC1,99.3766
2025-07-09 23:30:00,VIC1,78.85243
2025-07-09 23:35:00,VIC1,90.56303
2025-07-09 23:40:00,VIC1,93.30443
2025-07-09 23:45:00,VIC1,93.94379
2025-07-09 23:50:00,VIC1,98.31251
2025-07-09 23:55:00,VIC1,87.12286
2025-07-10 00:00:00,VIC1,88.75966
2025-07-10 00:05:00,VIC1,88.77158
2025-07-10 00:10:00,VIC1,94.98706
2025-07-10 00:15:00,VIC1,93.47312
2025-07-10 00:20:00,VIC1,99.50655
2025-07-10 00:25:00,VIC1,92.02139
2025-07-10 00:30:00,VIC1,80.07106
2025-07-10 00:35:00,VIC1,81.95595
2025-07-10 00:40:00,VIC1,81.49316
2025-07-10 00:45:00,VIC1,75.29494
2025-07-10 00:50:00,VIC1,74.64037
2025-07-10 00:55:00,VIC1,82.3177
2025-07-10 01:00:00,VIC1,81.59299
2025-07-10 01:05:00,VIC1,94.63376
2025-07-10 01:10:00,VIC1,98.92613
2025-07-10 01:15:00,VIC1,97.57966
2025-07-10 01:20:00,VIC1,84.13815
2025-07-10 01:25:00,VIC1,73.04104
2025-07-10 01:30:00,VIC1,72.745
2025-07-10 01:35:00,VIC1,72.47666
2025-07-10 01:40:00,VIC1,72.71397
2025-07-10 01:45:00,VIC1,72.00051
2025-07-10 01:50:00,VIC1,72.71872
2025-07-10 01:55:00,VIC1,73.86186
2025-07-10 02:00:00,VIC1,72.6464
2025-07-10 02:05:00,VIC1,80.26601
2025-07-10 02:10:00,VIC1,81.29752
2025-07-10 02:15:00,VIC1,73.14161
2025-07-10 02:20:00,VIC1,71.93507
2025-07-10 02:25:00,VIC1,69.64734
2025-07-10 02:30:00,VIC1,68.98886
2025-07-10 02:35:00,VIC1,70.97803
2025-07-10 02:40:00,VIC1,71.46942
2025-07-10 02:45:00,VIC1,70.72638
2025-07-10 02:50:00,VIC1,70.81126
2025-07-10 02:55:00,VIC1,70.70661
2025-07-10 03:00:00,VIC1,70.19266
2025-07-10 03:05:00,VIC1,69.17023
2025-07-10 03:10:00,VIC1,66.10627
2025-07-10 03:15:00,VIC1,50.11863
2025-07-10 03:20:00,VIC1,49.38808
2025-07-10 03:25:00,VIC1,49.31425
2025-07-10 03:30:00,VIC1,54.65115
2025-07-10 03:35:00,VIC1,49.2862
2025-07-10 03:40:00,VIC1,64.16083
2025-07-10 03:45:00,VIC1,66.83427
2025-07-10 03:50:00,VIC1,64.22536
2025-07-10 03:55:00,VIC1,60.6386
2025-07-10 04:00:00,VIC1,48.24887
2025-07-10 04:05:00,VIC1,61.27477
2025-07-10 04:10:00,VIC1,64.291
2025-07-10 04:15:00,VIC1,62.1136
2025-07-10 04:20:00,VIC1,59.87634
2025-07-10 04:25:00,VIC1,65.16763
2025-07-10 04:30:00,VIC1,63.99327
2025-07-10 04:35:00,VIC1,19.18
2025-07-10 04:40:00,VIC1,19.76731
2025-07-10 04:45:00,VIC1,19.18
2025-07-10 04:50:00,VIC1,19.18
2025-07-10 04:55:00,VIC1,19.18
2025-07-10 05:00:00,VIC1,19.18
2025-07-10 05:05:00,VIC1,20.0
2025-07-10 05:10:00,VIC1,19.28495
2025-07-10 05:15:00,VIC1,20.0
2025-07-10 05:20:00,VIC1,19.18
2025-07-10 05:25:00,VIC1,20.0
2025-07-10 05:30:00,VIC1,19.18
2025-07-10 05:35:00,VIC1,8.95
2025-07-10 05:40:00,VIC1,20.53
2025-07-10 05:45:00,VIC1,26.26213
2025-07-10 05:50:00,VIC1,28.17274
2025-07-10 05:55:00,VIC1,19.18
2025-07-10 06:00:00,VIC1,19.18
2025-07-10 06:05:00,VIC1,33.65155
2025-07-10 06:10:00,VIC1,33.68063
2025-07-10 06:15:00,VIC1,35.94
2025-07-10 06:20:00,VIC1,35.94
2025-07-10 06:25:00,VIC1,68.02507
2025-07-10 06:30:00,VIC1,44.3941
2025-07-10 06:35:00,VIC1,65.64382
2025-07-10 06:40:00,VIC1,66.5375
2025-07-10 06:45:00,VIC1,57.48252
2025-07-10 06:50:00,VIC1,20.00007
2025-07-10 06:55:00,VIC1,44.94817
2025-07-10 07:00:00,VIC1,19.18
2025-07-10 07:05:00,VIC1,20.0
2025-07-10 07:10:00,VIC1,23.23
2025-07-10 07:15:00,VIC1,98.95831
2025-07-10 07:20:00,VIC1,104.58688
2025-07-10 07:25:00,VIC1,107.60013
2025-07-10 07:30:00,VIC1,95.34224
2025-07-10 07:35:00,VIC1,102.32026
2025-07-10 07:40:00,VIC1,105.42096
2025-07-10 07:45:00,VIC1,104.78
2025-07-10 07:50:00,VIC1,99.20622
2025-07-10 07:55:00,VIC1,72.47525
2025-07-10 08:00:00,VIC1,70.06163
2025-07-10 08:05:00,VIC1,42.19288
2025-07-10 08:10:00,VIC1,55.2394
2025-07-10 08:15:00,VIC1,67.41016
2025-07-10 08:20:00,VIC1,56.97561
2025-07-10 08:25:00,VIC1,69.45
2025-07-10 08:30:00,VIC1,68.33473
2025-07-10 08:35:00,VIC1,47.97161
2025-07-10 08:40:00,VIC1,33.93844
2025-07-10 08:45:00,VIC1,46.04691
2025-07-10 08:50:00,VIC1,43.91973
2025-07-10 08:55:00,VIC1,35.31951
2025-07-10 09:00:00,VIC1,34.56835
2025-07-10 09:05:00,VIC1,35.04164
2025-07-10 09:10:00,VIC1,61.75016
2025-07-10 09:15:00,VIC1,5.80713
2025-07-10 09:20:00,VIC1,-0.01
2025-07-10 09:25:00,VIC1,0.00992
2025-07-10 09:30:00,VIC1,43.12332
2025-07-10 09:35:00,VIC1,23.61007
2025-07-10 09:40:00,VIC1,8.95052
2025-07-10 09:45:00,VIC1,8.95
2025-07-10 09:50:00,VIC1,19.53658
2025-07-10 09:55:00,VIC1,20.57578
2025-07-10 10:00:00,VIC1,-0.01
2025-07-10 10:05:00,VIC1,2.43127
2025-07-10 10:10:00,VIC1,41.43323
2025-07-10 10:15:00,VIC1,20.04
2025-07-10 10:20:00,VIC1,20.04
2025-07-10 10:25:00,VIC1,4.93179
2025-07-10 10:30:00,VIC1,19.18
2025-07-10 10:35:00,VIC1,-9.83
2025-07-10 10:40:00,VIC1,-16.49976
2025-07-10 10:45:00,VIC1,-9.96
2025-07-10 10:50:00,VIC1,-15.03
2025-07-10 10:55:00,VIC1,-15.03
2025-07-10 11:00:00,VIC1,-0.01
2025-07-10 11:05:00,VIC1,7.62958
2025-07-10 11:10:00,VIC1,8.9498
2025-07-10 11:15:00,VIC1,-0.01
2025-07-10 11:20:00,VIC1,-9.83
2025-07-10 11:25:00,VIC1,-5.06
2025-07-10 11:30:00,VIC1,8.95
2025-07-10 11:35:00,VIC1,8.95
2025-07-10 11:40:00,VIC1,-9.83
2025-07-10 11:45:00,VIC1,-16.49976
2025-07-10 11:50:00,VIC1,-16.49976
2025-07-10 11:55:00,VIC1,-16.49976
2025-07-10 12:00:00,VIC1,-16.49952
2025-07-10 12:05:00,VIC1,-11.53325
2025-07-10 12:10:00,VIC1,-9.96
2025-07-10 12:15:00,VIC1,-5.06
2025-07-10 12:20:00,VIC1,-15.18724
2025-07-10 12:25:00,VIC1,-9.96
2025-07-10 12:30:00,VIC1,0.0
2025-07-10 12:35:00,VIC1,4.61778
2025-07-10 12:40:00,VIC1,8.52018
2025-07-10 12:45:00,VIC1,0.0
2025-07-10 12:50:00,VIC1,-16.5
2025-07-10 12:55:00,VIC1,-9.96
2025-07-10 13:00:00,VIC1,-12.95767
2025-07-10 13:05:00,VIC1,11.68402
2025-07-10 13:10:00,VIC1,8.36781
2025-07-10 13:15:00,VIC1,8.95
2025-07-10 13:20:00,VIC1,-9.96
2025-07-10 13:25:00,VIC1,-9.96
2025-07-10 13:30:00,VIC1,6.41619
2025-07-10 13:35:00,VIC1,0.0
2025-07-10 13:40:00,VIC1,-9.96
2025-07-10 13:45:00,VIC1,10.90001
2025-07-10 13:50:00,VIC1,16.54977
2025-07-10 13:55:00,VIC1,8.95
2025-07-10 14:00:00,VIC1,20.04
2025-07-10 14:05:00,VIC1,10.17796
2025-07-10 14:10:00,VIC1,-16.49976
2025-07-10 14:15:00,VIC1,-16.49976
2025-07-10 14:20:00,VIC1,-16.49976
2025-07-10 14:25:00,VIC1,13.13322
2025-07-10 14:30:00,VIC1,8.9502
2025-07-10 14:35:00,VIC1,-16.49976
2025-07-10 14:40:00,VIC1,-16.49976
2025-07-10 14:45:00,VIC1,0.0
2025-07-10 14:50:00,VIC1,-16.49976
2025-07-10 14:55:00,VIC1,-16.0
2025-07-10 15:00:00,VIC1,0.0
2025-07-10 15:05:00,VIC1,-9.96
2025-07-10 15:10:00,VIC1,-9.96
2025-07-10 15:15:00,VIC1,-9.83
2025-07-10 15:20:00,VIC1,-9.83
2025-07-10 15:25:00,VIC1,-9.83
2025-07-10 15:30:00,VIC1,8.95
2025-07-10 15:35:00,VIC1,20.04
2025-07-10 15:40:00,VIC1,20.04
2025-07-10 15:45:00,VIC1,22.86792
2025-07-10 15:50:00,VIC1,8.95
2025-07-10 15:55:00,VIC1,25.66925
2025-07-10 16:00:00,VIC1,24.98768
2025-07-10 16:05:00,VIC1,-9.83
2025-07-10 16:10:00,VIC1,-9.96
2025-07-10 16:15:00,VIC1,8.95
2025-07-10 16:20:00,VIC1,34.72335
2025-07-10 16:25:00,VIC1,72.30152
2025-07-10 16:30:00,VIC1,85.3066
2025-07-10 16:35:00,VIC1,110.90704
2025-07-10 16:40:00,VIC1,137.7846
2025-07-10 16:45:00,VIC1,140.55
2025-07-10 16:50:00,VIC1,163.70109
2025-07-10 16:55:00,VIC1,134.25
2025-07-10 17:00:00,VIC1,119.98661
2025-07-10 17:05:00,VIC1,107.34013
2025-07-10 17:10:00,VIC1,105.8831
2025-07-10 17:15:00,VIC1,105.06
2025-07-10 17:20:00,VIC1,112.5971
2025-07-10 17:25:00,VIC1,123.2558
2025-07-10 17:30:00,VIC1,120.60724
2025-07-10 17:35:00,VIC1,120.66094
2025-07-10 17:40:00,VIC1,125.42
2025-07-10 17:45:00,VIC1,121.86197
2025-07-10 17:50:00,VIC1,122.02
2025-07-10 17:55:00,VIC1,115.46726
2025-07-10 18:00:00,VIC1,119.5
2025-07-10 18:05:00,VIC1,121.49816
2025-07-10 18:10:00,VIC1,119.5
2025-07-10 18:15:00,VIC1,116.85503
2025-07-10 18:20:00,VIC1,119.5
2025-07-10 18:25:00,VIC1,119.5
2025-07-10 18:30:00,VIC1,119.5
2025-07-10 18:35:00,VIC1,121.65657
2025-07-10 18:40:00,VIC1,107.91867
2025-07-10 18:45:00,VIC1,114.09043
2025-07-10 18:50:00,VIC1,110.1984
2025-07-10 18:55:00,VIC1,121.03237
2025-07-10 19:00:00,VIC1,111.32053
2025-07-10 19:05:00,VIC1,122.02
2025-07-10 19:10:00,VIC1,125.83215
2025-07-10 19:15:00,VIC1,113.61545
2025-07-10 19:20:00,VIC1,122.02
2025-07-10 19:25:00,VIC1,122.02
2025-07-10 19:30:00,VIC1,111.96962
2025-07-10 19:35:00,VIC1,112.62546
2025-07-10 19:40:00,VIC1,118.22968
2025-07-10 19:45:00,VIC1,108.91838
2025-07-10 19:50:00,VIC1,109.37046
2025-07-10 19:55:00,VIC1,105.42
2025-07-10 20:00:00,VIC1,99.74731
2025-07-10 20:05:00,VIC1,105.03643
2025-07-10 20:10:00,VIC1,105.42
2025-07-10 20:15:00,VIC1,102.06684
2025-07-10 20:20:00,VIC1,90.43694
2025-07-10 20:25:00,VIC1,91.39593
2025-07-10 20:30:00,VIC1,89.93158
2025-07-10 20:35:00,VIC1,90.87358
2025-07-10 20:40:00,VIC1,90.06973
2025-07-10 20:45:00,VIC1,90.0786
2025-07-10 20:50:00,VIC1,90.1029
2025-07-10 20:55:00,VIC1,82.7836
2025-07-10 21:00:00,VIC1,81.45935
2025-07-10 21:05:00,VIC1,89.37817
2025-07-10 21:10:00,VIC1,80.85344
2025-07-10 21:15:00,VIC1,76.05413
2025-07-10 21:20:00,VIC1,70.94842
2025-07-10 21:25:00,VIC1,70.92224
2025-07-10 21:30:00,VIC1,69.53164
2025-07-10 21:35:00,VIC1,67.41604
2025-07-10 21:40:00,VIC1,67.86679
2025-07-10 21:45:00,VIC1,48.70442
2025-07-10 21:50:00,VIC1,46.44494
2025-07-10 21:55:00,VIC1,45.15641
2025-07-10 22:00:00,VIC1,35.97367
2025-07-10 22:05:00,VIC1,48.19448
2025-07-10 22:10:00,VIC1,60.40925
2025-07-10 22:15:00,VIC1,60.59036
2025-07-10 22:20:00,VIC1,46.99267
2025-07-10 22:25:00,VIC1,8.94977
2025-07-10 22:30:00,VIC1,8.95
2025-07-10 22:35:00,VIC1,8.85
2025-07-10 22:40:00,VIC1,7.95021
2025-07-10 22:45:00,VIC1,0.01
2025-07-10 22:50:00,VIC1,0.01
2025-07-10 22:55:00,VIC1,8.95
2025-07-10 23:00:00,VIC1,8.95
2025-07-10 23:05:00,VIC1,6.94979
2025-07-10 23:10:00,VIC1,0.01
2025-07-10 23:15:00,VIC1,20.0
2025-07-10 23:20:00,VIC1,8.94979
2025-07-10 23:25:00,VIC1,8.95
2025-07-10 23:30:00,VIC1,20.0
2025-07-10 23:35:00,VIC1,8.95
2025-07-10 23:40:00,VIC1,8.95
2025-07-10 23:45:00,VIC1,8.95
2025-07-10 23:50:00,VIC1,8.95
2025-07-10 23:55:00,VIC1,8.95
2025-07-11 00:00:00,VIC1,8.95
2025-07-11 00:05:00,VIC1,8.95
2025-07-11 00:10:00,VIC1,8.95
2025-07-11 00:15:00,VIC1,8.95
2025-07-11 00:20:00,VIC1,8.95
2025-07-11 00:25:00,VIC1,8.94983
2025-07-11 00:30:00,VIC1,8.95
2025-07-11 00:35:00,VIC1,8.95
2025-07-11 00:40:00,VIC1,21.76
2025-07-11 00:45:00,VIC1,8.95
2025-07-11 00:50:00,VIC1,8.95
2025-07-11 00:55:00,VIC1,8.95
2025-07-11 01:00:00,VIC1,8.95023
2025-07-11 01:05:00,VIC1,8.95
2025-07-11 01:10:00,VIC1,8.95
2025-07-11 01:15:00,VIC1,8.95
2025-07-11 01:20:00,VIC1,8.94953
2025-07-11 01:25:00,VIC1,8.9505
2025-07-11 01:30:00,VIC1,3e-05
2025-07-11 01:35:00,VIC1,20.04
2025-07-11 01:40:00,VIC1,8.95
2025-07-11 01:45:00,VIC1,5.26
2025-07-11 01:50:00,VIC1,8.95
2025-07-11 01:55:00,VIC1,12.42
2025-07-11 02:00:00,VIC1,8.95
2025-07-11 02:05:00,VIC1,8.95
2025-07-11 02:10:00,VIC1,8.95
2025-07-11 02:15:00,VIC1,8.95
2025-07-11 02:20:00,VIC1,5.26
2025-07-11 02:25:00,VIC1,8.15
2025-07-11 02:30:00,VIC1,8.95
2025-07-11 02:35:00,VIC1,5.26
2025-07-11 02:40:00,VIC1,8.95
2025-07-11 02:45:00,VIC1,12.42
2025-07-11 02:50:00,VIC1,8.95
2025-07-11 02:55:00,VIC1,12.42
2025-07-11 03:00:00,VIC1,8.95
2025-07-11 03:05:00,VIC1,11.57
2025-07-11 03:10:00,VIC1,12.42
2025-07-11 03:15:00,VIC1,8.95
2025-07-11 03:20:00,VIC1,8.95
2025-07-11 03:25:00,VIC1,5.26
2025-07-11 03:30:00,VIC1,8.95
2025-07-11 03:35:00,VIC1,8.95
2025-07-11 03:40:00,VIC1,3e-05
2025-07-11 03:45:00,VIC1,8.95
2025-07-11 03:50:00,VIC1,8.64042
2025-07-11 03:55:00,VIC1,8.95
2025-07-11 04:00:00,VIC1,3e-05
2025-07-11 04:05:00,VIC1,3e-05
2025-07-11 04:10:00,VIC1,5.26
2025-07-11 04:15:00,VIC1,7.95027
2025-07-11 04:20:00,VIC1,8.95012
2025-07-11 04:25:00,VIC1,8.95012
2025-07-11 04:30:00,VIC1,5.26
2025-07-11 04:35:00,VIC1,8.94954
2025-07-11 04:40:00,VIC1,5.26
2025-07-11 04:45:00,VIC1,20.0
2025-07-11 04:50:00,VIC1,8.95
2025-07-11 04:55:00,VIC1,8.95
2025-07-11 05:00:00,VIC1,8.95014
2025-07-11 05:05:00,VIC1,5.26
2025-07-11 05:10:00,VIC1,8.95
2025-07-11 05:15:00,VIC1,32.76318
2025-07-11 05:20:00,VIC1,32.07644
2025-07-11 05:25:00,VIC1,20.0
2025-07-11 05:30:00,VIC1,8.95
2025-07-11 05:35:00,VIC1,8.95
2025-07-11 05:40:00,VIC1,8.95
2025-07-11 05:45:00,VIC1,8.95
2025-07-11 05:50:00,VIC1,8.95
2025-07-11 05:55:00,VIC1,20.0
2025-07-11 06:00:00,VIC1,20.38
2025-07-11 06:05:00,VIC1,8.95
2025-07-11 06:10:00,VIC1,55.77919
2025-07-11 06:15:00,VIC1,55.51454
2025-07-11 06:20:00,VIC1,52.53745
2025-07-11 06:25:00,VIC1,84.48687
2025-07-11 06:30:00,VIC1,20.0
2025-07-11 06:35:00,VIC1,65.56
2025-07-11 06:40:00,VIC1,86.05124
2025-07-11 06:45:00,VIC1,88.55791
2025-07-11 06:50:00,VIC1,86.10011
2025-07-11 06:55:00,VIC1,89.07343
2025-07-11 07:00:00,VIC1,90.66738
2025-07-11 07:05:00,VIC1,90.20662
2025-07-11 07:10:00,VIC1,89.8766
2025-07-11 07:15:00,VIC1,90.51105
2025-07-11 07:20:00,VIC1,94.75207
2025-07-11 07:25:00,VIC1,89.99664
2025-07-11 07:30:00,VIC1,93.26576
2025-07-11 07:35:00,VIC1,88.8502
2025-07-11 07:40:00,VIC1,89.4404
2025-07-11 07:45:00,VIC1,84.77756
2025-07-11 07:50:00,VIC1,83.86673
2025-07-11 07:55:00,VIC1,88.40708
2025-07-11 08:00:00,VIC1,89.07343
2025-07-11 08:05:00,VIC1,89.29778
2025-07-11 08:10:00,VIC1,92.09352
2025-07-11 08:15:00,VIC1,89.54214
2025-07-11 08:20:00,VIC1,88.60007
2025-07-11 08:25:00,VIC1,88.85956
2025-07-11 08:30:00,VIC1,83.06686
2025-07-11 08:35:00,VIC1,65.56
2025-07-11 08:40:00,VIC1,88.22655
2025-07-11 08:45:00,VIC1,75.8
2025-07-11 08:50:00,VIC1,87.93277
2025-07-11 08:55:00,VIC1,89.54214
2025-07-11 09:00:00,VIC1,89.3166
2025-07-11 09:05:00,VIC1,88.37573
2025-07-11 09:10:00,VIC1,75.8
2025-07-11 09:15:00,VIC1,60.61373
2025-07-11 09:20:00,VIC1,60.1914
2025-07-11 09:25:00,VIC1,60.34293
2025-07-11 09:30:00,VIC1,42.19
2025-07-11 09:35:00,VIC1,42.19
2025-07-11 09:40:00,VIC1,41.45
2025-07-11 09:45:00,VIC1,42.19
2025-07-11 09:50:00,VIC1,33.012
2025-07-11 09:55:00,VIC1,33.09578
2025-07-11 10:00:00,VIC1,33.17999
2025-07-11 10:05:00,VIC1,41.45
2025-07-11 10:10:00,VIC1,20.0
2025-07-11 10:15:00,VIC1,31.99645
2025-07-11 10:20:00,VIC1,20.0
2025-07-11 10:25:00,VIC1,5.26
2025-07-11 10:30:00,VIC1,0.05
2025-07-11 10:35:00,VIC1,31.57
2025-07-11 10:40:00,VIC1,35.94
2025-07-11 10:45:00,VIC1,-5.06
2025-07-11 10:50:00,VIC1,0.04
2025-07-11 10:55:00,VIC1,0.0
2025-07-11 11:00:00,VIC1,19.18
2025-07-11 11:05:00,VIC1,19.18
2025-07-11 11:10:00,VIC1,19.18
2025-07-11 11:15:00,VIC1,19.99896
2025-07-11 11:20:00,VIC1,19.99896
2025-07-11 11:25:00,VIC1,19.18
2025-07-11 11:30:00,VIC1,5.26
2025-07-11 11:35:00,VIC1,19.18
2025-07-11 11:40:00,VIC1,20.0
2025-07-11 11:45:00,VIC1,31.57
2025-07-11 11:50:00,VIC1,27.09214
2025-07-11 11:55:00,VIC1,19.18
2025-07-11 12:00:00,VIC1,5.26
2025-07-11 12:05:00,VIC1,19.18
2025-07-11 12:10:00,VIC1,19.18
2025-07-11 12:15:00,VIC1,0.05
2025-07-11 12:20:00,VIC1,0.05
2025-07-11 12:25:00,VIC1,0.04
2025-07-11 12:30:00,VIC1,8.94998
2025-07-11 12:35:00,VIC1,8.94998
2025-07-11 12:40:00,VIC1,9.17592
2025-07-11 12:45:00,VIC1,9.2734
2025-07-11 12:50:00,VIC1,13.0827
2025-07-11 12:55:00,VIC1,42.19
2025-07-11 13:00:00,VIC1,20.0
2025-07-11 13:05:00,VIC1,19.99583
2025-07-11 13:10:00,VIC1,19.99583
2025-07-11 13:15:00,VIC1,13.09195
2025-07-11 13:20:00,VIC1,14.93016
2025-07-11 13:25:00,VIC1,13.61436
2025-07-11 13:30:00,VIC1,19.18
2025-07-11 13:35:00,VIC1,19.18005
2025-07-11 13:40:00,VIC1,41.45
2025-07-11 13:45:00,VIC1,0.04
2025-07-11 13:50:00,VIC1,0.00583
2025-07-11 13:55:00,VIC1,7.13503
2025-07-11 14:00:00,VIC1,9.66782
2025-07-11 14:05:00,VIC1,16.84544
2025-07-11 14:10:00,VIC1,20.0
2025-07-11 14:15:00,VIC1,20.0
2025-07-11 14:20:00,VIC1,19.18
2025-07-11 14:25:00,VIC1,23.33802
2025-07-11 14:30:00,VIC1,34.73305
2025-07-11 14:35:00,VIC1,67.50446
2025-07-11 14:40:00,VIC1,62.16784
2025-07-11 14:45:00,VIC1,42.19
2025-07-11 14:50:00,VIC1,50.94367
2025-07-11 14:55:00,VIC1,62.48828
2025-07-11 15:00:00,VIC1,60.57907
2025-07-11 15:05:00,VIC1,41.45
2025-07-11 15:10:00,VIC1,41.45
2025-07-11 15:15:00,VIC1,20.0
2025-07-11 15:20:00,VIC1,62.00885
2025-07-11 15:25:00,VIC1,20.0
2025-07-11 15:30:00,VIC1,60.03544
2025-07-11 15:35:00,VIC1,61.07174
2025-07-11 15:40:00,VIC1,72.48882
2025-07-11 15:45:00,VIC1,61.85068
2025-07-11 15:50:00,VIC1,89.23
2025-07-11 15:55:00,VIC1,75.8
2025-07-11 16:00:00,VIC1,85.2808
2025-07-11 16:05:00,VIC1,60.89778
2025-07-11 16:10:00,VIC1,61.31211
2025-07-11 16:15:00,VIC1,61.99942
2025-07-11 16:20:00,VIC1,88.71578
2025-07-11 16:25:00,VIC1,101.25687
2025-07-11 16:30:00,VIC1,100.0
2025-07-11 16:35:00,VIC1,91.11643
2025-07-11 16:40:00,VIC1,100.91425
2025-07-11 16:45:00,VIC1,101.93117
2025-07-11 16:50:00,VIC1,135.46166
2025-07-11 16:55:00,VIC1,107.89228
2025-07-11 17:00:00,VIC1,160.14284
2025-07-11 17:05:00,VIC1,143.76964
2025-07-11 17:10:00,VIC1,133.66138
2025-07-11 17:15:00,VIC1,134.17416
2025-07-11 17:20:00,VIC1,140.0
2025-07-11 17:25:00,VIC1,140.0
2025-07-11 17:30:00,VIC1,152.96715
2025-07-11 17:35:00,VIC1,136.06741
2025-07-11 17:40:00,VIC1,176.17934
2025-07-11 17:45:00,VIC1,170.25
2025-07-11 17:50:00,VIC1,145.94164
2025-07-11 17:55:00,VIC1,147.56441
2025-07-11 18:00:00,VIC1,175.64
2025-07-11 18:05:00,VIC1,139.25908
2025-07-11 18:10:00,VIC1,144.02526
2025-07-11 18:15:00,VIC1,136.5057
2025-07-11 18:20:00,VIC1,140.55
2025-07-11 18:25:00,VIC1,147.0255
2025-07-11 18:30:00,VIC1,139.20776
2025-07-11 18:35:00,VIC1,140.55
2025-07-11 18:40:00,VIC1,134.25
2025-07-11 18:45:00,VIC1,140.55
2025-07-11 18:50:00,VIC1,136.38854
2025-07-11 18:55:00,VIC1,140.0
2025-07-11 19:00:00,VIC1,134.25
2025-07-11 19:05:00,VIC1,134.25
2025-07-11 19:10:00,VIC1,130.39969
2025-07-11 19:15:00,VIC1,140.55
2025-07-11 19:20:00,VIC1,152.09466
2025-07-11 19:25:00,VIC1,140.55
2025-07-11 19:30:00,VIC1,133.11
2025-07-11 19:35:00,VIC1,137.73584
2025-07-11 19:40:00,VIC1,134.25
2025-07-11 19:45:00,VIC1,156.05477
2025-07-11 19:50:00,VIC1,155.3157
2025-07-11 19:55:00,VIC1,140.55
2025-07-11 20:00:00,VIC1,138.87674
2025-07-11 20:05:00,VIC1,125.80926
2025-07-11 20:10:00,VIC1,129.16293
2025-07-11 20:15:00,VIC1,132.35199
2025-07-11 20:20:00,VIC1,160.75006
2025-07-11 20:25:00,VIC1,105.37839
2025-07-11 20:30:00,VIC1,125.49
2025-07-11 20:35:00,VIC1,125.10706
2025-07-11 20:40:00,VIC1,106.57491
2025-07-11 20:45:00,VIC1,135.12508
2025-07-11 20:50:00,VIC1,165.9775
2025-07-11 20:55:00,VIC1,169.9073
2025-07-11 21:00:00,VIC1,140.37409
2025-07-11 21:05:00,VIC1,132.72
2025-07-11 21:10:00,VIC1,116.85503
2025-07-11 21:15:00,VIC1,111.88905
2025-07-11 21:20:00,VIC1,111.55278
2025-07-11 21:25:00,VIC1,128.66718
2025-07-11 21:30:00,VIC1,110.28571
2025-07-11 21:35:00,VIC1,106.1432
2025-07-11 21:40:00,VIC1,102.79727
2025-07-11 21:45:00,VIC1,104.51933
2025-07-11 21:50:00,VIC1,100.0
2025-07-11 21:55:00,VIC1,100.0
2025-07-11 22:00:00,VIC1,92.18775
2025-07-11 22:05:00,VIC1,100.0
2025-07-11 22:10:00,VIC1,101.68316
2025-07-11 22:15:00,VIC1,102.52888
2025-07-11 22:20:00,VIC1,100.0
2025-07-11 22:25:00,VIC1,101.23954
2025-07-11 22:30:00,VIC1,100.0
2025-07-11 22:35:00,VIC1,101.87273
2025-07-11 22:40:00,VIC1,100.20678
2025-07-11 22:45:00,VIC1,101.80361
2025-07-11 22:50:00,VIC1,101.04508
2025-07-11 22:55:00,VIC1,101.0054
2025-07-11 23:00:00,VIC1,90.51516
2025-07-11 23:05:00,VIC1,100.0
2025-07-11 23:10:00,VIC1,103.13569
2025-07-11 23:15:00,VIC1,100.0
2025-07-11 23:20:00,VIC1,103.37486
2025-07-11 23:25:00,VIC1,101.89928
2025-07-11 23:30:00,VIC1,103.25262
2025-07-11 23:35:00,VIC1,104.59361
2025-07-11 23:40:00,VIC1,104.08447
2025-07-11 23:45:00,VIC1,111.95927
2025-07-11 23:50:00,VIC1,130.37239
2025-07-11 23:55:00,VIC1,103.89
2025-07-12 00:00:00,VIC1,170.22
2025-07-12 00:05:00,VIC1,130.64608
2025-07-12 00:10:00,VIC1,120.95629
2025-07-12 00:15:00,VIC1,132.72
2025-07-12 00:20:00,VIC1,135.20824
2025-07-12 00:25:00,VIC1,136.51175
2025-07-12 00:30:00,VIC1,117.48411
2025-07-12 00:35:00,VIC1,120.0664
2025-07-12 00:40:00,VIC1,136.01136
2025-07-12 00:45:00,VIC1,170.22
2025-07-12 00:50:00,VIC1,136.22442
2025-07-12 00:55:00,VIC1,175.64
2025-07-12 01:00:00,VIC1,130.64749
2025-07-12 01:05:00,VIC1,175.64
2025-07-12 01:10:00,VIC1,162.52191
2025-07-12 01:15:00,VIC1,178.34774
2025-07-12 01:20:00,VIC1,164.12951
2025-07-12 01:25:00,VIC1,127.32015
2025-07-12 01:30:00,VIC1,140.81173
2025-07-12 01:35:00,VIC1,124.27715
2025-07-12 01:40:00,VIC1,113.86118
2025-07-12 01:45:00,VIC1,116.97579
2025-07-12 01:50:00,VIC1,113.27787
2025-07-12 01:55:00,VIC1,114.55767
2025-07-12 02:00:00,VIC1,102.52888
2025-07-12 02:05:00,VIC1,130.64488
2025-07-12 02:10:00,VIC1,135.7796
2025-07-12 02:15:00,VIC1,166.19078
2025-07-12 02:20:00,VIC1,115.44712
2025-07-12 02:25:00,VIC1,102.26189
2025-07-12 02:30:00,VIC1,116.49823
2025-07-12 02:35:00,VIC1,116.91669
2025-07-12 02:40:00,VIC1,114.51036
2025-07-12 02:45:00,VIC1,101.46921
2025-07-12 02:50:00,VIC1,90.32238
2025-07-12 02:55:00,VIC1,101.46921
2025-07-12 03:00:00,VIC1,91.07653
2025-07-12 03:05:00,VIC1,90.0
2025-07-12 03:10:00,VIC1,89.86392
2025-07-12 03:15:00,VIC1,90.0
2025-07-12 03:20:00,VIC1,90.0
2025-07-12 03:25:00,VIC1,89.86392
2025-07-12 03:30:00,VIC1,78.94898
2025-07-12 03:35:00,VIC1,83.82691
2025-07-12 03:40:00,VIC1,83.46047
2025-07-12 03:45:00,VIC1,86.57727
2025-07-12 03:50:00,VIC1,82.97516
2025-07-12 03:55:00,VIC1,81.75839
2025-07-12 04:00:00,VIC1,83.58276
2025-07-12 04:05:00,VIC1,91.0
2025-07-12 04:10:00,VIC1,90.13152
2025-07-12 04:15:00,VIC1,84.46828
2025-07-12 04:20:00,VIC1,83.01669
2025-07-12 04:25:00,VIC1,82.64486
2025-07-12 04:30:00,VIC1,81.88202
2025-07-12 04:35:00,VIC1,83.06958
2025-07-12 04:40:00,VIC1,86.51416
2025-07-12 04:45:00,VIC1,80.82337
2025-07-12 04:50:00,VIC1,86.56398
2025-07-12 04:55:00,VIC1,95.35105
2025-07-12 05:00:00,VIC1,94.64478
2025-07-12 05:05:00,VIC1,86.06941
2025-07-12 05:10:00,VIC1,94.14914
2025-07-12 05:15:00,VIC1,86.56663
2025-07-12 05:20:00,VIC1,95.81816
2025-07-12 05:25:00,VIC1,86.64626
2025-07-12 05:30:00,VIC1,86.05977
2025-07-12 05:35:00,VIC1,87.47857
2025-07-12 05:40:00,VIC1,87.21848
2025-07-12 05:45:00,VIC1,93.12071
2025-07-12 05:50:00,VIC1,95.6148
2025-07-12 05:55:00,VIC1,96.12821
2025-07-12 06:00:00,VIC1,99.45799
2025-07-12 06:05:00,VIC1,99.71105
2025-07-12 06:10:00,VIC1,109.56379
2025-07-12 06:15:00,VIC1,104.44061
2025-07-12 06:20:00,VIC1,105.16208
2025-07-12 06:25:00,VIC1,105.29484
2025-07-12 06:30:00,VIC1,105.43736
2025-07-12 06:35:00,VIC1,104.53846
2025-07-12 06:40:00,VIC1,134.25
2025-07-12 06:45:00,VIC1,131.90103
2025-07-12 06:50:00,VIC1,134.25
2025-07-12 06:55:00,VIC1,140.0
2025-07-12 07:00:00,VIC1,135.02284
2025-07-12 07:05:00,VIC1,136.6312
2025-07-12 07:10:00,VIC1,134.32014
2025-07-12 07:15:00,VIC1,139.50339
2025-07-12 07:20:00,VIC1,138.03231
2025-07-12 07:25:00,VIC1,140.55
2025-07-12 07:30:00,VIC1,185.0
2025-07-12 07:35:00,VIC1,153.28308
2025-07-12 07:40:00,VIC1,185.0
2025-07-12 07:45:00,VIC1,185.0
2025-07-12 07:50:00,VIC1,159.6992
2025-07-12 07:55:00,VIC1,208.08281
2025-07-12 08:00:00,VIC1,255.45704
2025-07-12 08:05:00,VIC1,192.77759
2025-07-12 08:10:00,VIC1,150.60025
2025-07-12 08:15:00,VIC1,138.73145
2025-07-12 08:20:00,VIC1,172.8979
2025-07-12 08:25:00,VIC1,131.26405
2025-07-12 08:30:00,VIC1,140.13698
2025-07-12 08:35:00,VIC1,121.08425
2025-07-12 08:40:00,VIC1,107.41797
2025-07-12 08:45:00,VIC1,109.04192
2025-07-12 08:50:00,VIC1,124.5361
2025-07-12 08:55:00,VIC1,138.52188
2025-07-12 09:00:00,VIC1,101.19896
2025-07-12 09:05:00,VIC1,106.59462
2025-07-12 09:10:00,VIC1,103.89
2025-07-12 09:15:00,VIC1,108.77584
2025-07-12 09:20:00,VIC1,102.85593
2025-07-12 09:25:00,VIC1,103.12588
2025-07-12 09:30:00,VIC1,99.88918
2025-07-12 09:35:00,VIC1,101.51918
2025-07-12 09:40:00,VIC1,75.8
2025-07-12 09:45:00,VIC1,99.87012
2025-07-12 09:50:00,VIC1,97.81017
2025-07-12 09:55:00,VIC1,68.75436
2025-07-12 10:00:00,VIC1,42.19
2025-07-12 10:05:00,VIC1,42.19
2025-07-12 10:10:00,VIC1,41.45
2025-07-12 10:15:00,VIC1,8.71
2025-07-12 10:20:00,VIC1,8.95
2025-07-12 10:25:00,VIC1,8.95
2025-07-12 10:30:00,VIC1,0.05
2025-07-12 10:35:00,VIC1,8.95
2025-07-12 10:40:00,VIC1,20.04
2025-07-12 10:45:00,VIC1,5.26
2025-07-12 10:50:00,VIC1,0.01
2025-07-12 10:55:00,VIC1,5.26
2025-07-12 11:00:00,VIC1,0.05
2025-07-12 11:05:00,VIC1,8.95
2025-07-12 11:10:00,VIC1,8.95
2025-07-12 11:15:00,VIC1,-3.85484
2025-07-12 11:20:00,VIC1,0.04
2025-07-12 11:25:00,VIC1,8.9496
2025-07-12 11:30:00,VIC1,0.04
2025-07-12 11:35:00,VIC1,-0.36
2025-07-12 11:40:00,VIC1,5.26
2025-07-12 11:45:00,VIC1,-5.06
2025-07-12 11:50:00,VIC1,-8.38586
2025-07-12 11:55:00,VIC1,-9.83
2025-07-12 12:00:00,VIC1,-5.06417
2025-07-12 12:05:00,VIC1,0.0
2025-07-12 12:10:00,VIC1,-3.44354
2025-07-12 12:15:00,VIC1,0.01
2025-07-12 12:20:00,VIC1,-2.71129
2025-07-12 12:25:00,VIC1,-8.29814
2025-07-12 12:30:00,VIC1,-8.44921
2025-07-12 12:35:00,VIC1,-13.99976
2025-07-12 12:40:00,VIC1,-13.99927
2025-07-12 12:45:00,VIC1,-16.0
2025-07-12 12:50:00,VIC1,-17.19
2025-07-12 12:55:00,VIC1,-14.0
2025-07-12 13:00:00,VIC1,-14.42366
2025-07-12 13:05:00,VIC1,-14.0
2025-07-12 13:10:00,VIC1,-14.11504
2025-07-12 13:15:00,VIC1,-14.22013
2025-07-12 13:20:00,VIC1,-15.11816
2025-07-12 13:25:00,VIC1,-13.99976
2025-07-12 13:30:00,VIC1,-14.0
2025-07-12 13:35:00,VIC1,-8.94571
2025-07-12 13:40:00,VIC1,-8.67963
2025-07-12 13:45:00,VIC1,-13.99976
2025-07-12 13:50:00,VIC1,-9.83
2025-07-12 13:55:00,VIC1,-14.0
2025-07-12 14:00:00,VIC1,-13.99927
2025-07-12 14:05:00,VIC1,-13.99976
2025-07-12 14:10:00,VIC1,0.0
2025-07-12 14:15:00,VIC1,-8.99096
2025-07-12 14:20:00,VIC1,-9.96
2025-07-12 14:25:00,VIC1,0.01
2025-07-12 14:30:00,VIC1,0.0
2025-07-12 14:35:00,VIC1,-8.83262
2025-07-12 14:40:00,VIC1,8.94957
2025-07-12 14:45:00,VIC1,8.95043
2025-07-12 14:50:00,VIC1,8.95022
2025-07-12 14:55:00,VIC1,55.46124
2025-07-12 15:00:00,VIC1,54.85485
2025-07-12 15:05:00,VIC1,8.95026
2025-07-12 15:10:00,VIC1,8.95
2025-07-12 15:15:00,VIC1,34.97816
2025-07-12 15:20:00,VIC1,45.43134
2025-07-12 15:25:00,VIC1,46.6465
2025-07-12 15:30:00,VIC1,35.62036
2025-07-12 15:35:00,VIC1,8.95
2025-07-12 15:40:00,VIC1,44.55762
2025-07-12 15:45:00,VIC1,50.62118
2025-07-12 15:50:00,VIC1,62.48828
2025-07-12 15:55:00,VIC1,80.9007
2025-07-12 16:00:00,VIC1,106.92957
2025-07-12 16:05:00,VIC1,81.53197
2025-07-12 16:10:00,VIC1,81.53197
2025-07-12 16:15:00,VIC1,133.11
2025-07-12 16:20:00,VIC1,132.72
2025-07-12 16:25:00,VIC1,91.45442
2025-07-12 16:30:00,VIC1,133.11
2025-07-12 16:35:00,VIC1,125.89635
2025-07-12 16:40:00,VIC1,125.6
2025-07-12 16:45:00,VIC1,175.28906
2025-07-12 16:50:00,VIC1,185.0
2025-07-12 16:55:00,VIC1,179.03434
2025-07-12 17:00:00,VIC1,235.15811
2025-07-12 17:05:00,VIC1,157.39961
2025-07-12 17:10:00,VIC1,143.8132
2025-07-12 17:15:00,VIC1,180.18542
2025-07-12 17:20:00,VIC1,202.38614
2025-07-12 17:25:00,VIC1,198.96161
2025-07-12 17:30:00,VIC1,259.10978
2025-07-12 17:35:00,VIC1,175.18286
2025-07-12 17:40:00,VIC1,227.70744
2025-07-12 17:45:00,VIC1,283.23577
2025-07-12 17:50:00,VIC1,170.22
2025-07-12 17:55:00,VIC1,163.25528
2025-07-12 18:00:00,VIC1,169.15
2025-07-12 18:05:00,VIC1,163.40875
2025-07-12 18:10:00,VIC1,163.46458
2025-07-12 18:15:00,VIC1,141.47062
2025-07-12 18:20:00,VIC1,140.55
2025-07-12 18:25:00,VIC1,135.88647
2025-07-12 18:30:00,VIC1,170.22
2025-07-12 18:35:00,VIC1,135.11361
2025-07-12 18:40:00,VIC1,133.6248
2025-07-12 18:45:00,VIC1,234.92771
2025-07-12 18:50:00,VIC1,131.94854
2025-07-12 18:55:00,VIC1,175.32625
2025-07-12 19:00:00,VIC1,132.72
2025-07-12 19:05:00,VIC1,133.13335
2025-07-12 19:10:00,VIC1,132.21852
2025-07-12 19:15:00,VIC1,129.48881
2025-07-12 19:20:00,VIC1,100.90281
2025-07-12 19:25:00,VIC1,102.24244
2025-07-12 19:30:00,VIC1,101.06092
2025-07-12 19:35:00,VIC1,101.19896
2025-07-12 19:40:00,VIC1,102.67767
2025-07-12 19:45:00,VIC1,101.46112
2025-07-12 19:50:00,VIC1,98.82148
2025-07-12 19:55:00,VIC1,98.84252
2025-07-12 20:00:00,VIC1,98.2044
2025-07-12 20:05:00,VIC1,97.40895
2025-07-12 20:10:00,VIC1,88.97544
2025-07-12 20:15:00,VIC1,83.43972
2025-07-12 20:20:00,VIC1,74.75465
2025-07-12 20:25:00,VIC1,81.09142
2025-07-12 20:30:00,VIC1,78.94206
2025-07-12 20:35:00,VIC1,82.16572
2025-07-12 20:40:00,VIC1,83.64827
2025-07-12 20:45:00,VIC1,18.6
2025-07-12 20:50:00,VIC1,20.0
2025-07-12 20:55:00,VIC1,8.95
2025-07-12 21:00:00,VIC1,8.95
2025-07-12 21:05:00,VIC1,8.95
2025-07-12 21:10:00,VIC1,19.18
2025-07-12 21:15:00,VIC1,19.18
2025-07-12 21:20:00,VIC1,0.01
2025-07-12 21:25:00,VIC1,8.95
2025-07-12 21:30:00,VIC1,5.26
2025-07-12 21:35:00,VIC1,8.94929
2025-07-12 21:40:00,VIC1,8.95
2025-07-12 21:45:00,VIC1,0.01
2025-07-12 21:50:00,VIC1,8.95
2025-07-12 21:55:00,VIC1,8.95
2025-07-12 22:00:00,VIC1,8.95
2025-07-12 22:05:00,VIC1,8.95
2025-07-12 22:10:00,VIC1,8.95
2025-07-12 22:15:00,VIC1,8.95
2025-07-12 22:20:00,VIC1,7.72128
2025-07-12 22:25:00,VIC1,7.85874
2025-07-12 22:30:00,VIC1,8.84979
2025-07-12 22:35:00,VIC1,8.95
2025-07-12 22:40:00,VIC1,8.95
2025-07-12 22:45:00,VIC1,8.01981
2025-07-12 22:50:00,VIC1,8.95
2025-07-12 22:55:00,VIC1,8.95
2025-07-12 23:00:00,VIC1,8.95
2025-07-12 23:05:00,VIC1,8.95
2025-07-12 23:10:00,VIC1,20.0
2025-07-12 23:15:00,VIC1,20.0
2025-07-12 23:20:00,VIC1,8.95
2025-07-12 23:25:00,VIC1,8.95
2025-07-12 23:30:00,VIC1,8.95
2025-07-12 23:35:00,VIC1,8.95
2025-07-12 23:40:00,VIC1,8.95
2025-07-12 23:45:00,VIC1,8.95
2025-07-12 23:50:00,VIC1,8.95
2025-07-12 23:55:00,VIC1,0.76002
2025-07-13 00:00:00,VIC1,0.53002
2025-07-13 00:05:00,VIC1,0.53002
2025-07-13 00:10:00,VIC1,0.53002
2025-07-13 00:15:00,VIC1,0.53002
2025-07-13 00:20:00,VIC1,0.62002
2025-07-13 00:25:00,VIC1,2e-05
2025-07-13 00:30:00,VIC1,-5.06
2025-07-13 00:35:00,VIC1,-7.41
2025-07-13 00:40:00,VIC1,-5.06
2025-07-13 00:45:00,VIC1,-9.96
2025-07-13 00:50:00,VIC1,-9.96
2025-07-13 00:55:00,VIC1,-9.96
2025-07-13 01:00:00,VIC1,-13.99967
2025-07-13 01:05:00,VIC1,-9.96
2025-07-13 01:10:00,VIC1,-9.96
2025-07-13 01:15:00,VIC1,-9.96
2025-07-13 01:20:00,VIC1,-9.96
2025-07-13 01:25:00,VIC1,-9.96
2025-07-13 01:30:00,VIC1,-13.99967
2025-07-13 01:35:00,VIC1,-9.96
2025-07-13 01:40:00,VIC1,-9.96
2025-07-13 01:45:00,VIC1,-9.96
2025-07-13 01:50:00,VIC1,-13.99942
2025-07-13 01:55:00,VIC1,-9.96
2025-07-13 02:00:00,VIC1,-13.99942
2025-07-13 02:05:00,VIC1,-13.99942
2025-07-13 02:10:00,VIC1,-13.99942
2025-07-13 02:15:00,VIC1,-13.99967
2025-07-13 02:20:00,VIC1,-13.99967
2025-07-13 02:25:00,VIC1,-13.99967
2025-07-13 02:30:00,VIC1,-13.99967
2025-07-13 02:35:00,VIC1,-13.99967
2025-07-13 02:40:00,VIC1,-13.99967
2025-07-13 02:45:00,VIC1,-13.99967
2025-07-13 02:50:00,VIC1,-13.99967
2025-07-13 02:55:00,VIC1,-13.99967
2025-07-13 03:00:00,VIC1,-13.99967
2025-07-13 03:05:00,VIC1,-13.99991
2025-07-13 03:10:00,VIC1,-13.99991
2025-07-13 03:15:00,VIC1,-13.99991
2025-07-13 03:20:00,VIC1,-13.99991
2025-07-13 03:25:00,VIC1,-13.99991
2025-07-13 03:30:00,VIC1,-13.99991
2025-07-13 03:35:00,VIC1,-13.99991
2025-07-13 03:40:00,VIC1,-13.99991
2025-07-13 03:45:00,VIC1,-13.99991
2025-07-13 03:50:00,VIC1,-13.99991
2025-07-13 03:55:00,VIC1,-13.99991
2025-07-13 04:00:00,VIC1,-17.19
2025-07-13 04:05:00,VIC1,-13.99991
2025-07-13 04:10:00,VIC1,-13.99991
2025-07-13 04:15:00,VIC1,-17.19
2025-07-13 04:20:00,VIC1,-17.19
2025-07-13 04:25:00,VIC1,-13.99991
2025-07-13 04:30:00,VIC1,-13.99991
2025-07-13 04:35:00,VIC1,-18.98
2025-07-13 04:40:00,VIC1,-18.37
2025-07-13 04:45:00,VIC1,-13.99991
2025-07-13 04:50:00,VIC1,-13.99991
2025-07-13 04:55:00,VIC1,-13.99991
2025-07-13 05:00:00,VIC1,-18.14
2025-07-13 05:05:00,VIC1,-18.98
2025-07-13 05:10:00,VIC1,-18.14
2025-07-13 05:15:00,VIC1,-19.96
2025-07-13 05:20:00,VIC1,-19.96
2025-07-13 05:25:00,VIC1,-19.96
2025-07-13 05:30:00,VIC1,-13.99991
2025-07-13 05:35:00,VIC1,-18.14
2025-07-13 05:40:00,VIC1,-13.99991
2025-07-13 05:45:00,VIC1,-13.99991
2025-07-13 05:50:00,VIC1,-13.99991
2025-07-13 05:55:00,VIC1,-19.96
2025-07-13 06:00:00,VIC1,-13.99991
2025-07-13 06:05:00,VIC1,-13.99991
2025-07-13 06:10:00,VIC1,-13.99991
2025-07-13 06:15:00,VIC1,-13.99991
2025-07-13 06:20:00,VIC1,-13.99991
2025-07-13 06:25:00,VIC1,-13.99991
2025-07-13 06:30:00,VIC1,-13.99967
2025-07-13 06:35:00,VIC1,-13.99967
2025-07-13 06:40:00,VIC1,-13.99967
2025-07-13 06:45:00,VIC1,-13.99967
2025-07-13 06:50:00,VIC1,-13.99967
2025-07-13 06:55:00,VIC1,-9.96
2025-07-13 07:00:00,VIC1,-13.99967
2025-07-13 07:05:00,VIC1,-9.96
2025-07-13 07:10:00,VIC1,-13.99967
2025-07-13 07:15:00,VIC1,-9.96
2025-07-13 07:20:00,VIC1,-9.83
2025-07-13 07:25:00,VIC1,-9.83
2025-07-13 07:30:00,VIC1,-9.96
2025-07-13 07:35:00,VIC1,-9.83
2025-07-13 07:40:00,VIC1,0.01
2025-07-13 07:45:00,VIC1,0.01
2025-07-13 07:50:00,VIC1,-7.41
2025-07-13 07:55:00,VIC1,-9.96
2025-07-13 08:00:00,VIC1,-13.99976
2025-07-13 08:05:00,VIC1,-13.99976
2025-07-13 08:10:00,VIC1,-9.96
2025-07-13 08:15:00,VIC1,-12.28585
2025-07-13 08:20:00,VIC1,-11.49118
2025-07-13 08:25:00,VIC1,-9.96
2025-07-13 08:30:00,VIC1,-0.17269
2025-07-13 08:35:00,VIC1,0.80992
2025-07-13 08:40:00,VIC1,-13.99967
2025-07-13 08:45:00,VIC1,-0.43188
2025-07-13 08:50:00,VIC1,0.01
2025-07-13 08:55:00,VIC1,-13.99967
2025-07-13 09:00:00,VIC1,-13.99991
2025-07-13 09:05:00,VIC1,-13.99991
2025-07-13 09:10:00,VIC1,-13.99967
2025-07-13 09:15:00,VIC1,-14.0
2025-07-13 09:20:00,VIC1,-13.99976
2025-07-13 09:25:00,VIC1,-13.99976
2025-07-13 09:30:00,VIC1,-13.99967
2025-07-13 09:35:00,VIC1,-13.99967
2025-07-13 09:40:00,VIC1,-20.37
2025-07-13 09:45:00,VIC1,-19.5
2025-07-13 09:50:00,VIC1,-15.99
2025-07-13 09:55:00,VIC1,-18.0
2025-07-13 10:00:00,VIC1,-20.99
2025-07-13 10:05:00,VIC1,-13.99991
2025-07-13 10:10:00,VIC1,-13.99967
2025-07-13 10:15:00,VIC1,-13.99967
2025-07-13 10:20:00,VIC1,-13.99967
2025-07-13 10:25:00,VIC1,-12.44567
2025-07-13 10:30:00,VIC1,-9.96
2025-07-13 10:35:00,VIC1,-9.96
2025-07-13 10:40:00,VIC1,-5.17194
2025-07-13 10:45:00,VIC1,-13.99967
2025-07-13 10:50:00,VIC1,-13.99967
2025-07-13 10:55:00,VIC1,-13.99967
2025-07-13 11:00:00,VIC1,-13.99967
2025-07-13 11:05:00,VIC1,-13.99991
2025-07-13 11:10:00,VIC1,-5.89022
2025-07-13 11:15:00,VIC1,-13.99991
2025-07-13 11:20:00,VIC1,-13.99967
2025-07-13 11:25:00,VIC1,-13.99967
2025-07-13 11:30:00,VIC1,-13.99991
2025-07-13 11:35:00,VIC1,-13.99967
2025-07-13 11:40:00,VIC1,-13.99991
2025-07-13 11:45:00,VIC1,-13.99967
2025-07-13 11:50:00,VIC1,-13.99991
2025-07-13 11:55:00,VIC1,-13.99991
2025-07-13 12:00:00,VIC1,-13.99991
2025-07-13 12:05:00,VIC1,-15.99
2025-07-13 12:10:00,VIC1,-13.99991
2025-07-13 12:15:00,VIC1,-13.99991
2025-07-13 12:20:00,VIC1,-15.99
2025-07-13 12:25:00,VIC1,-13.99991
2025-07-13 12:30:00,VIC1,-14.387
2025-07-13 12:35:00,VIC1,-13.99991
2025-07-13 12:40:00,VIC1,-13.99991
2025-07-13 12:45:00,VIC1,-14.3729
2025-07-13 12:50:00,VIC1,-15.99
2025-07-13 12:55:00,VIC1,-13.99991
2025-07-13 13:00:00,VIC1,-14.08908
2025-07-13 13:05:00,VIC1,-13.99991
2025-07-13 13:10:00,VIC1,-13.99991
2025-07-13 13:15:00,VIC1,-13.99967
2025-07-13 13:20:00,VIC1,-13.99991
2025-07-13 13:25:00,VIC1,-15.99
2025-07-13 13:30:00,VIC1,-17.74523
2025-07-13 13:35:00,VIC1,-15.0
2025-07-13 13:40:00,VIC1,-13.99991
2025-07-13 13:45:00,VIC1,-15.99
2025-07-13 13:50:00,VIC1,-15.99
2025-07-13 13:55:00,VIC1,-13.99991
2025-07-13 14:00:00,VIC1,-13.99967
2025-07-13 14:05:00,VIC1,-13.99967
2025-07-13 14:10:00,VIC1,-13.99967
2025-07-13 14:15:00,VIC1,0.04
2025-07-13 14:20:00,VIC1,0.04
2025-07-13 14:25:00,VIC1,0.04
2025-07-13 14:30:00,VIC1,1.475
2025-07-13 14:35:00,VIC1,0.04
2025-07-13 14:40:00,VIC1,16.5
2025-07-13 14:45:00,VIC1,8.95
2025-07-13 14:50:00,VIC1,8.95
2025-07-13 14:55:00,VIC1,12.42
2025-07-13 15:00:00,VIC1,0.00583
2025-07-13 15:05:00,VIC1,-13.99967
2025-07-13 15:10:00,VIC1,-13.99942
2025-07-13 15:15:00,VIC1,-0.02119
2025-07-13 15:20:00,VIC1,-11.74387
2025-07-13 15:25:00,VIC1,2e-05
2025-07-13 15:30:00,VIC1,-0.0275
2025-07-13 15:35:00,VIC1,-12.94651
2025-07-13 15:40:00,VIC1,12.4
2025-07-13 15:45:00,VIC1,20.04
2025-07-13 15:50:00,VIC1,8.95
2025-07-13 15:55:00,VIC1,8.95
2025-07-13 16:00:00,VIC1,22.6723
2025-07-13 16:05:00,VIC1,20.0
2025-07-13 16:10:00,VIC1,20.0
2025-07-13 16:15:00,VIC1,28.53128
2025-07-13 16:20:00,VIC1,44.82501
2025-07-13 16:25:00,VIC1,38.82804
2025-07-13 16:30:00,VIC1,8.95
2025-07-13 16:35:00,VIC1,8.95
2025-07-13 16:40:00,VIC1,36.39494
2025-07-13 16:45:00,VIC1,20.0
2025-07-13 16:50:00,VIC1,53.08229
2025-07-13 16:55:00,VIC1,53.13091
2025-07-13 17:00:00,VIC1,73.35457
2025-07-13 17:05:00,VIC1,53.30998
2025-07-13 17:10:00,VIC1,43.32499
2025-07-13 17:15:00,VIC1,58.28615
2025-07-13 17:20:00,VIC1,71.71907
2025-07-13 17:25:00,VIC1,82.90727
2025-07-13 17:30:00,VIC1,97.41312
2025-07-13 17:35:00,VIC1,64.69024
2025-07-13 17:40:00,VIC1,59.20868
2025-07-13 17:45:00,VIC1,61.39711
2025-07-13 17:50:00,VIC1,62.47712
2025-07-13 17:55:00,VIC1,72.60614
2025-07-13 18:00:00,VIC1,95.58531
2025-07-13 18:05:00,VIC1,106.61608
2025-07-13 18:10:00,VIC1,70.57346
2025-07-13 18:15:00,VIC1,83.83475
2025-07-13 18:20:00,VIC1,65.79404
2025-07-13 18:25:00,VIC1,41.85176
2025-07-13 18:30:00,VIC1,64.58965
2025-07-13 18:35:00,VIC1,54.91903
2025-07-13 18:40:00,VIC1,53.62984
2025-07-13 18:45:00,VIC1,45.48526
2025-07-13 18:50:00,VIC1,45.84468
2025-07-13 18:55:00,VIC1,62.23964
2025-07-13 19:00:00,VIC1,49.60041
2025-07-13 19:05:00,VIC1,46.21615
2025-07-13 19:10:00,VIC1,47.06594
2025-07-13 19:15:00,VIC1,45.56143
2025-07-13 19:20:00,VIC1,43.16153
2025-07-13 19:25:00,VIC1,39.0647
2025-07-13 19:30:00,VIC1,34.13301
2025-07-13 19:35:00,VIC1,49.6463
2025-07-13 19:40:00,VIC1,50.92737
2025-07-13 19:45:00,VIC1,50.46929
2025-07-13 19:50:00,VIC1,54.53709
2025-07-13 19:55:00,VIC1,58.69385
2025-07-13 20:00:00,VIC1,45.72704
2025-07-13 20:05:00,VIC1,54.74946
2025-07-13 20:10:00,VIC1,53.68054
2025-07-13 20:15:00,VIC1,55.02361
2025-07-13 20:20:00,VIC1,45.86046
2025-07-13 20:25:00,VIC1,39.07811
2025-07-13 20:30:00,VIC1,35.27979
2025-07-13 20:35:00,VIC1,39.36718
2025-07-13 20:40:00,VIC1,45.97476
2025-07-13 20:45:00,VIC1,31.40326
2025-07-13 20:50:00,VIC1,-13.99976
2025-07-13 20:55:00,VIC1,-13.99976
2025-07-13 21:00:00,VIC1,-13.99976
2025-07-13 21:05:00,VIC1,-13.99967
2025-07-13 21:10:00,VIC1,0.01
2025-07-13 21:15:00,VIC1,0.01
2025-07-13 21:20:00,VIC1,0.01
2025-07-13 21:25:00,VIC1,0.01
2025-07-13 21:30:00,VIC1,0.01
2025-07-13 21:35:00,VIC1,0.01
2025-07-13 21:40:00,VIC1,0.01
2025-07-13 21:45:00,VIC1,0.53
2025-07-13 21:50:00,VIC1,8.95
2025-07-13 21:55:00,VIC1,8.95
2025-07-13 22:00:00,VIC1,1.14004
2025-07-13 22:05:00,VIC1,8.4973
2025-07-13 22:10:00,VIC1,7.81022
2025-07-13 22:15:00,VIC1,8.24022
2025-07-13 22:20:00,VIC1,7.81022
2025-07-13 22:25:00,VIC1,53.81443
2025-07-13 22:30:00,VIC1,36.94791
2025-07-13 22:35:00,VIC1,39.90847
2025-07-13 22:40:00,VIC1,54.13093
2025-07-13 22:45:00,VIC1,46.11661
2025-07-13 22:50:00,VIC1,29.71581
2025-07-13 22:55:00,VIC1,20.0
2025-07-13 23:00:00,VIC1,8.95021
2025-07-13 23:05:00,VIC1,8.95
2025-07-13 23:10:00,VIC1,31.59147
2025-07-13 23:15:00,VIC1,8.95
2025-07-13 23:20:00,VIC1,8.95
2025-07-13 23:25:00,VIC1,8.95
2025-07-13 23:30:00,VIC1,8.95
2025-07-13 23:35:00,VIC1,8.95
2025-07-13 23:40:00,VIC1,20.2
2025-07-13 23:45:00,VIC1,8.95
2025-07-13 23:50:00,VIC1,6.95046
2025-07-13 23:55:00,VIC1,8.9502
2025-07-14 00:00:00,VIC1,8.95
2025-07-14 00:05:00,VIC1,8.95
2025-07-14 00:10:00,VIC1,8.95
2025-07-14 00:15:00,VIC1,8.95
2025-07-14 00:20:00,VIC1,19.18
2025-07-14 00:25:00,VIC1,19.18
2025-07-14 00:30:00,VIC1,8.94981
2025-07-14 00:35:00,VIC1,19.18
2025-07-14 00:40:00,VIC1,0.01
2025-07-14 00:45:00,VIC1,19.18
2025-07-14 00:50:00,VIC1,19.18
2025-07-14 00:55:00,VIC1,19.18
2025-07-14 01:00:00,VIC1,19.18
2025-07-14 01:05:00,VIC1,19.18
2025-07-14 01:10:00,VIC1,19.18
2025-07-14 01:15:00,VIC1,18.17995
2025-07-14 01:20:00,VIC1,16.78011
2025-07-14 01:25:00,VIC1,19.18
2025-07-14 01:30:00,VIC1,19.18
2025-07-14 01:35:00,VIC1,19.18
2025-07-14 01:40:00,VIC1,18.17995
2025-07-14 01:45:00,VIC1,8.94982
2025-07-14 01:50:00,VIC1,8.95
2025-07-14 01:55:00,VIC1,19.18
2025-07-14 02:00:00,VIC1,23.60993
2025-07-14 02:05:00,VIC1,19.18
2025-07-14 02:10:00,VIC1,19.17995
2025-07-14 02:15:00,VIC1,19.18
2025-07-14 02:20:00,VIC1,19.18
2025-07-14 02:25:00,VIC1,0.01
2025-07-14 02:30:00,VIC1,19.18
2025-07-14 02:35:00,VIC1,19.18
2025-07-14 02:40:00,VIC1,19.18
2025-07-14 02:45:00,VIC1,19.18
2025-07-14 02:50:00,VIC1,19.18
2025-07-14 02:55:00,VIC1,19.17995
2025-07-14 03:00:00,VIC1,19.18
2025-07-14 03:05:00,VIC1,19.18
2025-07-14 03:10:00,VIC1,19.18
2025-07-14 03:15:00,VIC1,19.18
2025-07-14 03:20:00,VIC1,19.18
2025-07-14 03:25:00,VIC1,19.18
2025-07-14 03:30:00,VIC1,19.18
2025-07-14 03:35:00,VIC1,21.66374
2025-07-14 03:40:00,VIC1,35.94
2025-07-14 03:45:00,VIC1,35.94
2025-07-14 03:50:00,VIC1,20.0
2025-07-14 03:55:00,VIC1,20.0
2025-07-14 04:00:00,VIC1,35.94
2025-07-14 04:05:00,VIC1,32.1485
2025-07-14 04:10:00,VIC1,50.96283
2025-07-14 04:15:00,VIC1,64.91799
2025-07-14 04:20:00,VIC1,58.79749
2025-07-14 04:25:00,VIC1,58.93249
2025-07-14 04:30:00,VIC1,66.22442
2025-07-14 04:35:00,VIC1,52.1216
2025-07-14 04:40:00,VIC1,51.7367
2025-07-14 04:45:00,VIC1,64.55471
2025-07-14 04:50:00,VIC1,64.18405
2025-07-14 04:55:00,VIC1,60.09715
2025-07-14 05:00:00,VIC1,70.22126
2025-07-14 05:05:00,VIC1,66.65846
2025-07-14 05:10:00,VIC1,73.19057
2025-07-14 05:15:00,VIC1,73.83114
2025-07-14 05:20:00,VIC1,72.5303
2025-07-14 05:25:00,VIC1,81.76135
2025-07-14 05:30:00,VIC1,90.0
2025-07-14 05:35:00,VIC1,79.95517
2025-07-14 05:40:00,VIC1,100.9017
2025-07-14 05:45:00,VIC1,155.00505
2025-07-14 05:50:00,VIC1,175.64
2025-07-14 05:55:00,VIC1,176.50235
2025-07-14 06:00:00,VIC1,160.6866
2025-07-14 06:05:00,VIC1,125.42
2025-07-14 06:10:00,VIC1,178.04479
2025-07-14 06:15:00,VIC1,175.64
2025-07-14 06:20:00,VIC1,175.64
2025-07-14 06:25:00,VIC1,164.36925
2025-07-14 06:30:00,VIC1,198.11
2025-07-14 06:35:00,VIC1,140.55
2025-07-14 06:40:00,VIC1,168.047
2025-07-14 06:45:00,VIC1,137.47755
2025-07-14 06:50:00,VIC1,140.55
2025-07-14 06:55:00,VIC1,157.39952
2025-07-14 07:00:00,VIC1,140.75257
2025-07-14 07:05:00,VIC1,170.22
2025-07-14 07:10:00,VIC1,165.00031
2025-07-14 07:15:00,VIC1,146.5
2025-07-14 07:20:00,VIC1,154.81816
2025-07-14 07:25:00,VIC1,147.18225
2025-07-14 07:30:00,VIC1,138.51069
2025-07-14 07:35:00,VIC1,153.749
2025-07-14 07:40:00,VIC1,151.50355
2025-07-14 07:45:00,VIC1,192.19582
2025-07-14 07:50:00,VIC1,151.26038
2025-07-14 07:55:00,VIC1,175.64
2025-07-14 08:00:00,VIC1,205.87481
2025-07-14 08:05:00,VIC1,164.5565
2025-07-14 08:10:00,VIC1,170.22
2025-07-14 08:15:00,VIC1,206.86532
2025-07-14 08:20:00,VIC1,170.22
2025-07-14 08:25:00,VIC1,132.23
2025-07-14 08:30:00,VIC1,150.82751
2025-07-14 08:35:00,VIC1,151.83256
2025-07-14 08:40:00,VIC1,140.55
2025-07-14 08:45:00,VIC1,132.72
2025-07-14 08:50:00,VIC1,124.52437
2025-07-14 08:55:00,VIC1,124.56263
2025-07-14 09:00:00,VIC1,124.8013
2025-07-14 09:05:00,VIC1,131.23
2025-07-14 09:10:00,VIC1,89.11817
2025-07-14 09:15:00,VIC1,82.7409
2025-07-14 09:20:00,VIC1,122.02
2025-07-14 09:25:00,VIC1,82.28199
2025-07-14 09:30:00,VIC1,75.8
2025-07-14 09:35:00,VIC1,83.89991
2025-07-14 09:40:00,VIC1,137.96
2025-07-14 09:45:00,VIC1,122.02
2025-07-14 09:50:00,VIC1,98.25236
2025-07-14 09:55:00,VIC1,121.56991
2025-07-14 10:00:00,VIC1,82.51571
2025-07-14 10:05:00,VIC1,89.23
2025-07-14 10:10:00,VIC1,88.95
2025-07-14 10:15:00,VIC1,61.94198
2025-07-14 10:20:00,VIC1,60.97766
2025-07-14 10:25:00,VIC1,42.19
2025-07-14 10:30:00,VIC1,42.19
2025-07-14 10:35:00,VIC1,42.19
2025-07-14 10:40:00,VIC1,61.13163
2025-07-14 10:45:00,VIC1,42.19
2025-07-14 10:50:00,VIC1,78.05055
2025-07-14 10:55:00,VIC1,41.45
2025-07-14 11:00:00,VIC1,41.45
2025-07-14 11:05:00,VIC1,20.04
2025-07-14 11:10:00,VIC1,19.62
2025-07-14 11:15:00,VIC1,23.86
2025-07-14 11:20:00,VIC1,20.0
2025-07-14 11:25:00,VIC1,12.42
2025-07-14 11:30:00,VIC1,11.37
2025-07-14 11:35:00,VIC1,0.05
2025-07-14 11:40:00,VIC1,11.35
2025-07-14 11:45:00,VIC1,0.05
2025-07-14 11:50:00,VIC1,0.05
2025-07-14 11:55:00,VIC1,8.95
2025-07-14 12:00:00,VIC1,8.95
2025-07-14 12:05:00,VIC1,0.05
2025-07-14 12:10:00,VIC1,8.95
2025-07-14 12:15:00,VIC1,8.95
2025-07-14 12:20:00,VIC1,8.95
2025-07-14 12:25:00,VIC1,8.95
2025-07-14 12:30:00,VIC1,0.05
2025-07-14 12:35:00,VIC1,8.95
2025-07-14 12:40:00,VIC1,8.95
2025-07-14 12:45:00,VIC1,0.01
2025-07-14 12:50:00,VIC1,8.95
2025-07-14 12:55:00,VIC1,8.95
2025-07-14 13:00:00,VIC1,8.95
2025-07-14 13:05:00,VIC1,8.95
2025-07-14 13:10:00,VIC1,8.95
2025-07-14 13:15:00,VIC1,5.26
2025-07-14 13:20:00,VIC1,0.01
2025-07-14 13:25:00,VIC1,8.95
2025-07-14 13:30:00,VIC1,5.26
2025-07-14 13:35:00,VIC1,8.95
2025-07-14 13:40:00,VIC1,31.57
2025-07-14 13:45:00,VIC1,29.12905
2025-07-14 13:50:00,VIC1,8.95023
2025-07-14 13:55:00,VIC1,20.0
2025-07-14 14:00:00,VIC1,8.95
2025-07-14 14:05:00,VIC1,21.0
2025-07-14 14:10:00,VIC1,39.98203
2025-07-14 14:15:00,VIC1,51.01
2025-07-14 14:20:00,VIC1,75.8
2025-07-14 14:25:00,VIC1,76.44989
2025-07-14 14:30:00,VIC1,75.8
2025-07-14 14:35:00,VIC1,79.29
2025-07-14 14:40:00,VIC1,83.45951
2025-07-14 14:45:00,VIC1,115.63269
2025-07-14 14:50:00,VIC1,122.02
2025-07-14 14:55:00,VIC1,222.32318
2025-07-14 15:00:00,VIC1,163.14819
2025-07-14 15:05:00,VIC1,110.50566
2025-07-14 15:10:00,VIC1,122.02
2025-07-14 15:15:00,VIC1,122.02
2025-07-14 15:20:00,VIC1,223.36
2025-07-14 15:25:00,VIC1,126.20326
2025-07-14 15:30:00,VIC1,122.02
2025-07-14 15:35:00,VIC1,90.4751
2025-07-14 15:40:00,VIC1,122.02
2025-07-14 15:45:00,VIC1,122.02
2025-07-14 15:50:00,VIC1,147.24233
2025-07-14 15:55:00,VIC1,223.36
2025-07-14 16:00:00,VIC1,137.96
2025-07-14 16:05:00,VIC1,137.96
2025-07-14 16:10:00,VIC1,122.02
2025-07-14 16:15:00,VIC1,137.96
2025-07-14 16:20:00,VIC1,183.70585
2025-07-14 16:25:00,VIC1,163.49255
2025-07-14 16:30:00,VIC1,185.0
2025-07-14 16:35:00,VIC1,170.63709
2025-07-14 16:40:00,VIC1,185.0
2025-07-14 16:45:00,VIC1,175.64
2025-07-14 16:50:00,VIC1,174.24976
2025-07-14 16:55:00,VIC1,149.85597
2025-07-14 17:00:00,VIC1,166.06156
2025-07-14 17:05:00,VIC1,152.98469
2025-07-14 17:10:00,VIC1,166.14748
2025-07-14 17:15:00,VIC1,170.56
2025-07-14 17:20:00,VIC1,169.17004
2025-07-14 17:25:00,VIC1,175.64
2025-07-14 17:30:00,VIC1,180.94
2025-07-14 17:35:00,VIC1,185.0
2025-07-14 17:40:00,VIC1,198.11
2025-07-14 17:45:00,VIC1,195.13518
2025-07-14 17:50:00,VIC1,199.11
2025-07-14 17:55:00,VIC1,200.88999
2025-07-14 18:00:00,VIC1,218.45
2025-07-14 18:05:00,VIC1,199.11
2025-07-14 18:10:00,VIC1,198.11
2025-07-14 18:15:00,VIC1,201.41894
2025-07-14 18:20:00,VIC1,185.0
2025-07-14 18:25:00,VIC1,198.11
2025-07-14 18:30:00,VIC1,196.9
2025-07-14 18:35:00,VIC1,170.22
2025-07-14 18:40:00,VIC1,172.61173
2025-07-14 18:45:00,VIC1,139.57
2025-07-14 18:50:00,VIC1,140.0
2025-07-14 18:55:00,VIC1,140.0
2025-07-14 19:00:00,VIC1,145.01774
2025-07-14 19:05:00,VIC1,140.15281
2025-07-14 19:10:00,VIC1,136.76611
2025-07-14 19:15:00,VIC1,138.86353
2025-07-14 19:20:00,VIC1,140.0
2025-07-14 19:25:00,VIC1,140.0
2025-07-14 19:30:00,VIC1,140.0
2025-07-14 19:35:00,VIC1,122.02
2025-07-14 19:40:00,VIC1,122.02
2025-07-14 19:45:00,VIC1,136.40991
2025-07-14 19:50:00,VIC1,140.0
2025-07-14 19:55:00,VIC1,122.02
2025-07-14 20:00:00,VIC1,122.02
2025-07-14 20:05:00,VIC1,129.55042
2025-07-14 20:10:00,VIC1,122.22
2025-07-14 20:15:00,VIC1,122.02
2025-07-14 20:20:00,VIC1,131.23079
2025-07-14 20:25:00,VIC1,131.28007
2025-07-14 20:30:00,VIC1,131.24806
2025-07-14 20:35:00,VIC1,122.63581
2025-07-14 20:40:00,VIC1,130.39841
2025-07-14 20:45:00,VIC1,130.36029
2025-07-14 20:50:00,VIC1,131.11388
2025-07-14 20:55:00,VIC1,129.32641
2025-07-14 21:00:00,VIC1,107.31487
2025-07-14 21:05:00,VIC1,140.0
2025-07-14 21:10:00,VIC1,114.97995
2025-07-14 21:15:00,VIC1,110.77401
2025-07-14 21:20:00,VIC1,109.40816
2025-07-14 21:25:00,VIC1,102.92421
2025-07-14 21:30:00,VIC1,109.85116
2025-07-14 21:35:00,VIC1,116.65715
2025-07-14 21:40:00,VIC1,105.71408
2025-07-14 21:45:00,VIC1,90.88491
2025-07-14 21:50:00,VIC1,84.11584
2025-07-14 21:55:00,VIC1,91.54222
2025-07-14 22:00:00,VIC1,85.50847
2025-07-14 22:05:00,VIC1,101.73806
2025-07-14 22:10:00,VIC1,91.26365
2025-07-14 22:15:00,VIC1,101.78285
2025-07-14 22:20:00,VIC1,100.45468
2025-07-14 22:25:00,VIC1,101.57911
2025-07-14 22:30:00,VIC1,92.29732
2025-07-14 22:35:00,VIC1,91.97718
2025-07-14 22:40:00,VIC1,98.14606
2025-07-14 22:45:00,VIC1,87.14929
2025-07-14 22:50:00,VIC1,43.36241
2025-07-14 22:55:00,VIC1,89.39917
2025-07-14 23:00:00,VIC1,80.53966
2025-07-14 23:05:00,VIC1,90.56951
2025-07-14 23:10:00,VIC1,90.0
2025-07-14 23:15:00,VIC1,92.3181
2025-07-14 23:20:00,VIC1,90.85563
2025-07-14 23:25:00,VIC1,88.82968
2025-07-14 23:30:00,VIC1,46.38819
2025-07-14 23:35:00,VIC1,20.00007
2025-07-14 23:40:00,VIC1,49.78675
2025-07-14 23:45:00,VIC1,20.85668
2025-07-14 23:50:00,VIC1,20.0
2025-07-14 23:55:00,VIC1,20.0
2025-07-15 00:00:00,VIC1,20.0
2025-07-15 00:05:00,VIC1,19.61294
2025-07-15 00:10:00,VIC1,5.26
2025-07-15 00:15:00,VIC1,19.18
2025-07-15 00:20:00,VIC1,22.85163
2025-07-15 00:25:00,VIC1,20.2
2025-07-15 00:30:00,VIC1,20.14
2025-07-15 00:35:00,VIC1,18.17989
2025-07-15 00:40:00,VIC1,5.26
2025-07-15 00:45:00,VIC1,8.95
2025-07-15 00:50:00,VIC1,20.2
2025-07-15 00:55:00,VIC1,19.18
2025-07-15 01:00:00,VIC1,18.18
2025-07-15 01:05:00,VIC1,19.18
2025-07-15 01:10:00,VIC1,19.18
2025-07-15 01:15:00,VIC1,19.18
2025-07-15 01:20:00,VIC1,19.14453
2025-07-15 01:25:00,VIC1,19.18
2025-07-15 01:30:00,VIC1,19.18
2025-07-15 01:35:00,VIC1,15.68759
2025-07-15 01:40:00,VIC1,18.36937
2025-07-15 01:45:00,VIC1,20.0
2025-07-15 01:50:00,VIC1,19.18
2025-07-15 01:55:00,VIC1,19.18
2025-07-15 02:00:00,VIC1,5.26
2025-07-15 02:05:00,VIC1,19.18
2025-07-15 02:10:00,VIC1,20.14
2025-07-15 02:15:00,VIC1,19.18
2025-07-15 02:20:00,VIC1,20.0
2025-07-15 02:25:00,VIC1,20.00007
2025-07-15 02:30:00,VIC1,31.57
2025-07-15 02:35:00,VIC1,35.94
2025-07-15 02:40:00,VIC1,26.55723
2025-07-15 02:45:00,VIC1,20.00007
2025-07-15 02:50:00,VIC1,22.72906
2025-07-15 02:55:00,VIC1,35.94
2025-07-15 03:00:00,VIC1,25.8934
2025-07-15 03:05:00,VIC1,31.57
2025-07-15 03:10:00,VIC1,31.57
2025-07-15 03:15:00,VIC1,35.94
2025-07-15 03:20:00,VIC1,35.94
2025-07-15 03:25:00,VIC1,35.94
2025-07-15 03:30:00,VIC1,31.57
2025-07-15 03:35:00,VIC1,31.57
2025-07-15 03:40:00,VIC1,35.94
2025-07-15 03:45:00,VIC1,35.94
2025-07-15 03:50:00,VIC1,31.57
2025-07-15 03:55:00,VIC1,35.94
2025-07-15 04:00:00,VIC1,35.94
2025-07-15 04:05:00,VIC1,31.57
2025-07-15 04:10:00,VIC1,35.94
2025-07-15 04:15:00,VIC1,53.69392
2025-07-15 04:20:00,VIC1,31.57
2025-07-15 04:25:00,VIC1,35.94
2025-07-15 04:30:00,VIC1,35.94
2025-07-15 04:35:00,VIC1,58.69265
2025-07-15 04:40:00,VIC1,51.01
2025-07-15 04:45:00,VIC1,56.59478
2025-07-15 04:50:00,VIC1,64.37
2025-07-15 04:55:00,VIC1,70.7916
2025-07-15 05:00:00,VIC1,71.29152
2025-07-15 05:05:00,VIC1,72.8776
2025-07-15 05:10:00,VIC1,73.29604
2025-07-15 05:15:00,VIC1,79.332
2025-07-15 05:20:00,VIC1,80.81348
2025-07-15 05:25:00,VIC1,72.06438
2025-07-15 05:30:00,VIC1,80.17145
2025-07-15 05:35:00,VIC1,71.42883
2025-07-15 05:40:00,VIC1,73.73574
2025-07-15 05:45:00,VIC1,86.33223
2025-07-15 05:50:00,VIC1,97.32592
2025-07-15 05:55:00,VIC1,97.26384
2025-07-15 06:00:00,VIC1,98.60824
2025-07-15 06:05:00,VIC1,99.13074
2025-07-15 06:10:00,VIC1,104.95744
2025-07-15 06:15:00,VIC1,132.02464
2025-07-15 06:20:00,VIC1,144.26032
2025-07-15 06:25:00,VIC1,132.12441
2025-07-15 06:30:00,VIC1,144.09296
2025-07-15 06:35:00,VIC1,131.23
2025-07-15 06:40:00,VIC1,140.0
2025-07-15 06:45:00,VIC1,143.52334
2025-07-15 06:50:00,VIC1,134.56273
2025-07-15 06:55:00,VIC1,131.23
2025-07-15 07:00:00,VIC1,140.0
2025-07-15 07:05:00,VIC1,138.23295
2025-07-15 07:10:00,VIC1,132.72
2025-07-15 07:15:00,VIC1,132.72
2025-07-15 07:20:00,VIC1,154.20071
2025-07-15 07:25:00,VIC1,145.15616
2025-07-15 07:30:00,VIC1,170.50211
2025-07-15 07:35:00,VIC1,136.90931
2025-07-15 07:40:00,VIC1,132.72
2025-07-15 07:45:00,VIC1,140.0
2025-07-15 07:50:00,VIC1,132.72
2025-07-15 07:55:00,VIC1,132.735
2025-07-15 08:00:00,VIC1,132.72
2025-07-15 08:05:00,VIC1,147.20116
2025-07-15 08:10:00,VIC1,134.93618
2025-07-15 08:15:00,VIC1,131.23
2025-07-15 08:20:00,VIC1,133.91035
2025-07-15 08:25:00,VIC1,136.09213
2025-07-15 08:30:00,VIC1,131.97931
2025-07-15 08:35:00,VIC1,143.9116
2025-07-15 08:40:00,VIC1,140.0
2025-07-15 08:45:00,VIC1,132.72
2025-07-15 08:50:00,VIC1,144.31939
2025-07-15 08:55:00,VIC1,132.72
2025-07-15 09:00:00,VIC1,132.72
2025-07-15 09:05:00,VIC1,140.55
2025-07-15 09:10:00,VIC1,173.50516
2025-07-15 09:15:00,VIC1,132.72
2025-07-15 09:20:00,VIC1,140.55
2025-07-15 09:25:00,VIC1,180.01174
2025-07-15 09:30:00,VIC1,175.64
2025-07-15 09:35:00,VIC1,143.67708
2025-07-15 09:40:00,VIC1,144.62266
2025-07-15 09:45:00,VIC1,181.85017
2025-07-15 09:50:00,VIC1,152.72584
2025-07-15 09:55:00,VIC1,146.69898
2025-07-15 10:00:00,VIC1,140.55
2025-07-15 10:05:00,VIC1,132.72
2025-07-15 10:10:00,VIC1,185.0
2025-07-15 10:15:00,VIC1,132.72
2025-07-15 10:20:00,VIC1,128.98918
2025-07-15 10:25:00,VIC1,130.32987
2025-07-15 10:30:00,VIC1,122.02
2025-07-15 10:35:00,VIC1,126.24686
2025-07-15 10:40:00,VIC1,101.78023
2025-07-15 10:45:00,VIC1,100.0
2025-07-15 10:50:00,VIC1,99.67142
2025-07-15 10:55:00,VIC1,91.0
2025-07-15 11:00:00,VIC1,88.95
2025-07-15 11:05:00,VIC1,106.81489
2025-07-15 11:10:00,VIC1,99.61626
2025-07-15 11:15:00,VIC1,95.85977
2025-07-15 11:20:00,VIC1,100.0
2025-07-15 11:25:00,VIC1,97.52107
2025-07-15 11:30:00,VIC1,99.04848
2025-07-15 11:35:00,VIC1,101.96127
2025-07-15 11:40:00,VIC1,97.16728
2025-07-15 11:45:00,VIC1,95.70661
2025-07-15 11:50:00,VIC1,91.58147
2025-07-15 11:55:00,VIC1,136.64597
2025-07-15 12:00:00,VIC1,142.39195
2025-07-15 12:05:00,VIC1,130.19031
2025-07-15 12:10:00,VIC1,148.93544
2025-07-15 12:15:00,VIC1,97.19514
2025-07-15 12:20:00,VIC1,112.76327
2025-07-15 12:25:00,VIC1,116.3273
2025-07-15 12:30:00,VIC1,91.0
2025-07-15 12:35:00,VIC1,114.77059
2025-07-15 12:40:00,VIC1,91.41563
2025-07-15 12:45:00,VIC1,91.44325
2025-07-15 12:50:00,VIC1,89.24569
2025-07-15 12:55:00,VIC1,90.0
2025-07-15 13:00:00,VIC1,90.0
2025-07-15 13:05:00,VIC1,89.23
2025-07-15 13:10:00,VIC1,89.23
2025-07-15 13:15:00,VIC1,89.23
2025-07-15 13:20:00,VIC1,89.23
2025-07-15 13:25:00,VIC1,91.0
2025-07-15 13:30:00,VIC1,90.0
2025-07-15 13:35:00,VIC1,89.23
2025-07-15 13:40:00,VIC1,90.0
2025-07-15 13:45:00,VIC1,84.24315
2025-07-15 13:50:00,VIC1,88.59329
2025-07-15 13:55:00,VIC1,80.49351
2025-07-15 14:00:00,VIC1,81.29157
2025-07-15 14:05:00,VIC1,86.31818
2025-07-15 14:10:00,VIC1,79.42148
2025-07-15 14:15:00,VIC1,80.0
2025-07-15 14:20:00,VIC1,82.06012
2025-07-15 14:25:00,VIC1,92.65802
2025-07-15 14:30:00,VIC1,83.74294
2025-07-15 14:35:00,VIC1,90.0
2025-07-15 14:40:00,VIC1,111.03653
2025-07-15 14:45:00,VIC1,87.70801
2025-07-15 14:50:00,VIC1,86.13517
2025-07-15 14:55:00,VIC1,69.70782
2025-07-15 15:00:00,VIC1,80.0
2025-07-15 15:05:00,VIC1,86.15502
2025-07-15 15:10:00,VIC1,77.41002
2025-07-15 15:15:00,VIC1,80.0
2025-07-15 15:20:00,VIC1,80.0
2025-07-15 15:25:00,VIC1,80.0
2025-07-15 15:30:00,VIC1,83.12544
2025-07-15 15:35:00,VIC1,115.09129
2025-07-15 15:40:00,VIC1,122.02
2025-07-15 15:45:00,VIC1,115.41992
2025-07-15 15:50:00,VIC1,130.80602
2025-07-15 15:55:00,VIC1,124.60503
2025-07-15 16:00:00,VIC1,165.64904
2025-07-15 16:05:00,VIC1,125.77699
2025-07-15 16:10:00,VIC1,181.33208
2025-07-15 16:15:00,VIC1,132.72
2025-07-15 16:20:00,VIC1,137.33505
2025-07-15 16:25:00,VIC1,120.10102
2025-07-15 16:30:00,VIC1,188.51576
2025-07-15 16:35:00,VIC1,136.48669
2025-07-15 16:40:00,VIC1,138.82662
2025-07-15 16:45:00,VIC1,170.37
2025-07-15 16:50:00,VIC1,173.44
2025-07-15 16:55:00,VIC1,188.65106
2025-07-15 17:00:00,VIC1,195.90609
2025-07-15 17:05:00,VIC1,197.11
2025-07-15 17:10:00,VIC1,180.10118
2025-07-15 17:15:00,VIC1,189.55145
2025-07-15 17:20:00,VIC1,194.50523
2025-07-15 17:25:00,VIC1,184.81352
2025-07-15 17:30:00,VIC1,175.64
2025-07-15 17:35:00,VIC1,174.42712
2025-07-15 17:40:00,VIC1,178.08361
2025-07-15 17:45:00,VIC1,233.54
2025-07-15 17:50:00,VIC1,223.36
2025-07-15 17:55:00,VIC1,248.8893
2025-07-15 18:00:00,VIC1,188.78382
2025-07-15 18:05:00,VIC1,208.74665
2025-07-15 18:10:00,VIC1,165.84725
2025-07-15 18:15:00,VIC1,185.95242
2025-07-15 18:20:00,VIC1,172.6426
2025-07-15 18:25:00,VIC1,226.46542
2025-07-15 18:30:00,VIC1,215.06244
2025-07-15 18:35:00,VIC1,175.64
2025-07-15 18:40:00,VIC1,196.17558
2025-07-15 18:45:00,VIC1,144.06834
2025-07-15 18:50:00,VIC1,188.07708
2025-07-15 18:55:00,VIC1,131.15508
2025-07-15 19:00:00,VIC1,147.94753
2025-07-15 19:05:00,VIC1,159.94125
2025-07-15 19:10:00,VIC1,155.13654
2025-07-15 19:15:00,VIC1,175.64
2025-07-15 19:20:00,VIC1,131.23
2025-07-15 19:25:00,VIC1,145.72428
2025-07-15 19:30:00,VIC1,154.85424
2025-07-15 19:35:00,VIC1,163.30089
2025-07-15 19:40:00,VIC1,134.08353
2025-07-15 19:45:00,VIC1,129.06946
2025-07-15 19:50:00,VIC1,123.89716
2025-07-15 19:55:00,VIC1,136.6268
2025-07-15 20:00:00,VIC1,132.72
2025-07-15 20:05:00,VIC1,141.72888
2025-07-15 20:10:00,VIC1,143.51731
2025-07-15 20:15:00,VIC1,114.15538
2025-07-15 20:20:00,VIC1,123.85027
2025-07-15 20:25:00,VIC1,124.76903
2025-07-15 20:30:00,VIC1,110.96143
2025-07-15 20:35:00,VIC1,132.72
2025-07-15 20:40:00,VIC1,130.96706
2025-07-15 20:45:00,VIC1,134.18065
2025-07-15 20:50:00,VIC1,125.61472
2025-07-15 20:55:00,VIC1,124.86355
2025-07-15 21:00:00,VIC1,106.89976
2025-07-15 21:05:00,VIC1,125.17858
2025-07-15 21:10:00,VIC1,134.37047
2025-07-15 21:15:00,VIC1,144.22114
2025-07-15 21:20:00,VIC1,123.83593
2025-07-15 21:25:00,VIC1,122.82358
2025-07-15 21:30:00,VIC1,123.80585
2025-07-15 21:35:00,VIC1,123.37665
2025-07-15 21:40:00,VIC1,108.32216
2025-07-15 21:45:00,VIC1,106.79875
2025-07-15 21:50:00,VIC1,87.69875
2025-07-15 21:55:00,VIC1,69.43127
2025-07-15 22:00:00,VIC1,78.35477
2025-07-15 22:05:00,VIC1,93.52059
2025-07-15 22:10:00,VIC1,120.77693
2025-07-15 22:15:00,VIC1,137.73584
2025-07-15 22:20:00,VIC1,121.39835
2025-07-15 22:25:00,VIC1,96.59868
2025-07-15 22:30:00,VIC1,39.60604
2025-07-15 22:35:00,VIC1,36.6346
2025-07-15 22:40:00,VIC1,20.00007
2025-07-15 22:45:00,VIC1,20.97396
2025-07-15 22:50:00,VIC1,35.63793
2025-07-15 22:55:00,VIC1,20.0
2025-07-15 23:00:00,VIC1,21.11071
2025-07-15 23:05:00,VIC1,20.00007
2025-07-15 23:10:00,VIC1,8.95
2025-07-15 23:15:00,VIC1,57.50152
2025-07-15 23:20:00,VIC1,13.69937
2025-07-15 23:25:00,VIC1,8.95
2025-07-15 23:30:00,VIC1,8.95
2025-07-15 23:35:00,VIC1,25.39289
2025-07-15 23:40:00,VIC1,20.0
2025-07-15 23:45:00,VIC1,0.01
2025-07-15 23:50:00,VIC1,8.95
2025-07-15 23:55:00,VIC1,8.95
2025-07-16 00:00:00,VIC1,25.26
2025-07-16 00:05:00,VIC1,8.95
2025-07-16 00:10:00,VIC1,5.26
2025-07-16 00:15:00,VIC1,8.95
2025-07-16 00:20:00,VIC1,8.95
2025-07-16 00:25:00,VIC1,20.0
2025-07-16 00:30:00,VIC1,8.95
2025-07-16 00:35:00,VIC1,5.26
2025-07-16 00:40:00,VIC1,8.95
2025-07-16 00:45:00,VIC1,0.01
2025-07-16 00:50:00,VIC1,8.95
2025-07-16 00:55:00,VIC1,8.95
2025-07-16 01:00:00,VIC1,0.01
2025-07-16 01:05:00,VIC1,8.95
2025-07-16 01:10:00,VIC1,20.0
2025-07-16 01:15:00,VIC1,5.26
2025-07-16 01:20:00,VIC1,8.95
2025-07-16 01:25:00,VIC1,8.95
2025-07-16 01:30:00,VIC1,5.26
2025-07-16 01:35:00,VIC1,28.84388
2025-07-16 01:40:00,VIC1,8.95023
2025-07-16 01:45:00,VIC1,0.01
2025-07-16 01:50:00,VIC1,5.26
2025-07-16 01:55:00,VIC1,8.95
2025-07-16 02:00:00,VIC1,8.95
2025-07-16 02:05:00,VIC1,5.26
2025-07-16 02:10:00,VIC1,8.95
2025-07-16 02:15:00,VIC1,8.95049
2025-07-16 02:20:00,VIC1,8.95
2025-07-16 02:25:00,VIC1,8.885
2025-07-16 02:30:00,VIC1,8.95
2025-07-16 02:35:00,VIC1,8.95
2025-07-16 02:40:00,VIC1,8.37937
2025-07-16 02:45:00,VIC1,7.50557
2025-07-16 02:50:00,VIC1,11.60092
2025-07-16 02:55:00,VIC1,8.95
2025-07-16 03:00:00,VIC1,8.95
2025-07-16 03:05:00,VIC1,20.0
2025-07-16 03:10:00,VIC1,8.95
2025-07-16 03:15:00,VIC1,8.95
2025-07-16 03:20:00,VIC1,5.26
2025-07-16 03:25:00,VIC1,8.95
2025-07-16 03:30:00,VIC1,5.26
2025-07-16 03:35:00,VIC1,0.01
2025-07-16 03:40:00,VIC1,0.01
2025-07-16 03:45:00,VIC1,8.95
2025-07-16 03:50:00,VIC1,8.93922
2025-07-16 03:55:00,VIC1,8.94023
2025-07-16 04:00:00,VIC1,8.88023
2025-07-16 04:05:00,VIC1,8.95
2025-07-16 04:10:00,VIC1,8.95017
2025-07-16 04:15:00,VIC1,8.95017
2025-07-16 04:20:00,VIC1,8.95017
2025-07-16 04:25:00,VIC1,8.95
2025-07-16 04:30:00,VIC1,8.93985
2025-07-16 04:35:00,VIC1,8.95
2025-07-16 04:40:00,VIC1,20.00007
2025-07-16 04:45:00,VIC1,20.0
2025-07-16 04:50:00,VIC1,8.95
2025-07-16 04:55:00,VIC1,20.0
2025-07-16 05:00:00,VIC1,20.0
2025-07-16 05:05:00,VIC1,20.35049
2025-07-16 05:10:00,VIC1,24.71457
2025-07-16 05:15:00,VIC1,27.06007
2025-07-16 05:20:00,VIC1,19.18006
2025-07-16 05:25:00,VIC1,23.61
2025-07-16 05:30:00,VIC1,19.18
2025-07-16 05:35:00,VIC1,8.95
2025-07-16 05:40:00,VIC1,8.57003
2025-07-16 05:45:00,VIC1,8.95
2025-07-16 05:50:00,VIC1,2.94519
2025-07-16 05:55:00,VIC1,8.95
2025-07-16 06:00:00,VIC1,20.64
2025-07-16 06:05:00,VIC1,40.99993
2025-07-16 06:10:00,VIC1,110.33727
2025-07-16 06:15:00,VIC1,38.42142
2025-07-16 06:20:00,VIC1,20.0
2025-07-16 06:25:00,VIC1,126.1582
2025-07-16 06:30:00,VIC1,122.59327
2025-07-16 06:35:00,VIC1,122.02
2025-07-16 06:40:00,VIC1,105.21708
2025-07-16 06:45:00,VIC1,122.02
2025-07-16 06:50:00,VIC1,124.35844
2025-07-16 06:55:00,VIC1,164.5353
2025-07-16 07:00:00,VIC1,125.41882
2025-07-16 07:05:00,VIC1,132.72
2025-07-16 07:10:00,VIC1,181.09117
2025-07-16 07:15:00,VIC1,158.0
2025-07-16 07:20:00,VIC1,166.02
2025-07-16 07:25:00,VIC1,219.09599
2025-07-16 07:30:00,VIC1,177.88431
2025-07-16 07:35:00,VIC1,142.84131
2025-07-16 07:40:00,VIC1,132.72
2025-07-16 07:45:00,VIC1,136.94204
2025-07-16 07:50:00,VIC1,139.0548
2025-07-16 07:55:00,VIC1,133.69938
2025-07-16 08:00:00,VIC1,132.72
2025-07-16 08:05:00,VIC1,132.14
2025-07-16 08:10:00,VIC1,131.23
2025-07-16 08:15:00,VIC1,134.98654
2025-07-16 08:20:00,VIC1,140.55
2025-07-16 08:25:00,VIC1,140.55
2025-07-16 08:30:00,VIC1,137.62258
2025-07-16 08:35:00,VIC1,166.02
2025-07-16 08:40:00,VIC1,144.08963
2025-07-16 08:45:00,VIC1,223.36
2025-07-16 08:50:00,VIC1,227.97
2025-07-16 08:55:00,VIC1,221.55379
2025-07-16 09:00:00,VIC1,223.36
2025-07-16 09:05:00,VIC1,146.20646
2025-07-16 09:10:00,VIC1,151.48921
2025-07-16 09:15:00,VIC1,174.05729
2025-07-16 09:20:00,VIC1,145.1231
2025-07-16 09:25:00,VIC1,161.94729
2025-07-16 09:30:00,VIC1,140.55
2025-07-16 09:35:00,VIC1,143.59748
2025-07-16 09:40:00,VIC1,132.72
2025-07-16 09:45:00,VIC1,179.80325
2025-07-16 09:50:00,VIC1,134.4
2025-07-16 09:55:00,VIC1,176.70116
2025-07-16 10:00:00,VIC1,177.16195
2025-07-16 10:05:00,VIC1,176.73096
2025-07-16 10:10:00,VIC1,178.50682
2025-07-16 10:15:00,VIC1,135.89
2025-07-16 10:20:00,VIC1,155.85974
2025-07-16 10:25:00,VIC1,118.65314
2025-07-16 10:30:00,VIC1,100.25817
2025-07-16 10:35:00,VIC1,81.37216
2025-07-16 10:40:00,VIC1,80.00012
2025-07-16 10:45:00,VIC1,79.5328
2025-07-16 10:50:00,VIC1,43.15
2025-07-16 10:55:00,VIC1,47.11333
2025-07-16 11:00:00,VIC1,46.68429
2025-07-16 11:05:00,VIC1,31.57
2025-07-16 11:10:00,VIC1,19.18
2025-07-16 11:15:00,VIC1,42.19
2025-07-16 11:20:00,VIC1,63.92169
2025-07-16 11:25:00,VIC1,43.15
2025-07-16 11:30:00,VIC1,20.0
2025-07-16 11:35:00,VIC1,43.15
2025-07-16 11:40:00,VIC1,51.01
2025-07-16 11:45:00,VIC1,42.19
2025-07-16 11:50:00,VIC1,46.6324
2025-07-16 11:55:00,VIC1,43.15
2025-07-16 12:00:00,VIC1,43.15
2025-07-16 12:05:00,VIC1,49.9561
2025-07-16 12:10:00,VIC1,51.7
2025-07-16 12:15:00,VIC1,60.68934
2025-07-16 12:20:00,VIC1,82.31388
2025-07-16 12:25:00,VIC1,34.91
2025-07-16 12:30:00,VIC1,34.50973
2025-07-16 12:35:00,VIC1,53.52086
2025-07-16 12:40:00,VIC1,90.01
2025-07-16 12:45:00,VIC1,89.23
2025-07-16 12:50:00,VIC1,90.01
2025-07-16 12:55:00,VIC1,54.90254
2025-07-16 13:00:00,VIC1,43.15
2025-07-16 13:05:00,VIC1,74.26717
2025-07-16 13:10:00,VIC1,67.56222
2025-07-16 13:15:00,VIC1,52.85841
2025-07-16 13:20:00,VIC1,90.0
2025-07-16 13:25:00,VIC1,43.15
2025-07-16 13:30:00,VIC1,54.96361
2025-07-16 13:35:00,VIC1,72.40331
2025-07-16 13:40:00,VIC1,89.23
2025-07-16 13:45:00,VIC1,112.49819
2025-07-16 13:50:00,VIC1,90.01
2025-07-16 13:55:00,VIC1,75.38357
2025-07-16 14:00:00,VIC1,116.6361
2025-07-16 14:05:00,VIC1,115.75399
2025-07-16 14:10:00,VIC1,117.58397
2025-07-16 14:15:00,VIC1,114.83698
2025-07-16 14:20:00,VIC1,147.99906
2025-07-16 14:25:00,VIC1,142.70411
2025-07-16 14:30:00,VIC1,116.51878
2025-07-16 14:35:00,VIC1,75.80003
2025-07-16 14:40:00,VIC1,111.62316
2025-07-16 14:45:00,VIC1,164.18
2025-07-16 14:50:00,VIC1,105.63634
2025-07-16 14:55:00,VIC1,101.39986
2025-07-16 15:00:00,VIC1,199.2056
2025-07-16 15:05:00,VIC1,159.68431
2025-07-16 15:10:00,VIC1,163.06403
2025-07-16 15:15:00,VIC1,110.65905
2025-07-16 15:20:00,VIC1,130.60807
2025-07-16 15:25:00,VIC1,104.96471
2025-07-16 15:30:00,VIC1,156.1393
2025-07-16 15:35:00,VIC1,102.08489
2025-07-16 15:40:00,VIC1,119.84416
2025-07-16 15:45:00,VIC1,100.5071
2025-07-16 15:50:00,VIC1,97.5245
2025-07-16 15:55:00,VIC1,69.22714
2025-07-16 16:00:00,VIC1,68.52999
2025-07-16 16:05:00,VIC1,73.95
2025-07-16 16:10:00,VIC1,68.79
2025-07-16 16:15:00,VIC1,99.76349
2025-07-16 16:20:00,VIC1,123.48612
2025-07-16 16:25:00,VIC1,121.67413
2025-07-16 16:30:00,VIC1,178.57033
2025-07-16 16:35:00,VIC1,122.02029
2025-07-16 16:40:00,VIC1,161.4631
2025-07-16 16:45:00,VIC1,175.64
2025-07-16 16:50:00,VIC1,214.88243
2025-07-16 16:55:00,VIC1,162.68652
2025-07-16 17:00:00,VIC1,166.02
2025-07-16 17:05:00,VIC1,164.46467
2025-07-16 17:10:00,VIC1,155.5788
2025-07-16 17:15:00,VIC1,153.56089
2025-07-16 17:20:00,VIC1,180.94
2025-07-16 17:25:00,VIC1,170.22
2025-07-16 17:30:00,VIC1,227.21
2025-07-16 17:35:00,VIC1,213.67351
2025-07-16 17:40:00,VIC1,241.59352
2025-07-16 17:45:00,VIC1,244.41043
2025-07-16 17:50:00,VIC1,256.28399
2025-07-16 17:55:00,VIC1,254.36923
2025-07-16 18:00:00,VIC1,243.5545
2025-07-16 18:05:00,VIC1,211.8435
2025-07-16 18:10:00,VIC1,269.05375
2025-07-16 18:15:00,VIC1,234.05724
2025-07-16 18:20:00,VIC1,257.48032
2025-07-16 18:25:00,VIC1,166.36416
2025-07-16 18:30:00,VIC1,239.16785
2025-07-16 18:35:00,VIC1,175.64
2025-07-16 18:40:00,VIC1,198.03895
2025-07-16 18:45:00,VIC1,267.61612
2025-07-16 18:50:00,VIC1,222.08584
2025-07-16 18:55:00,VIC1,196.46737
2025-07-16 19:00:00,VIC1,180.94
2025-07-16 19:05:00,VIC1,180.94
2025-07-16 19:10:00,VIC1,176.81918
2025-07-16 19:15:00,VIC1,213.28232
2025-07-16 19:20:00,VIC1,202.28001
2025-07-16 19:25:00,VIC1,208.05202
2025-07-16 19:30:00,VIC1,200.96037
2025-07-16 19:35:00,VIC1,180.94
2025-07-16 19:40:00,VIC1,180.94
2025-07-16 19:45:00,VIC1,177.22577
2025-07-16 19:50:00,VIC1,180.94
2025-07-16 19:55:00,VIC1,190.24445
2025-07-16 20:00:00,VIC1,137.96
2025-07-16 20:05:00,VIC1,142.08377
2025-07-16 20:10:00,VIC1,139.71181
2025-07-16 20:15:00,VIC1,150.00408
2025-07-16 20:20:00,VIC1,98.53637
2025-07-16 20:25:00,VIC1,101.27572
2025-07-16 20:30:00,VIC1,61.87944
2025-07-16 20:35:00,VIC1,84.2335
2025-07-16 20:40:00,VIC1,98.50956
2025-07-16 20:45:00,VIC1,81.18148
2025-07-16 20:50:00,VIC1,130.4115
2025-07-16 20:55:00,VIC1,87.12952
2025-07-16 21:00:00,VIC1,79.81127
2025-07-16 21:05:00,VIC1,80.57148
2025-07-16 21:10:00,VIC1,58.50386
2025-07-16 21:15:00,VIC1,130.21908
2025-07-16 21:20:00,VIC1,98.57383
2025-07-16 21:25:00,VIC1,82.77492
2025-07-16 21:30:00,VIC1,20.0
2025-07-16 21:35:00,VIC1,81.97206
2025-07-16 21:40:00,VIC1,95.91801
2025-07-16 21:45:00,VIC1,96.36177
2025-07-16 21:50:00,VIC1,20.0
2025-07-16 21:55:00,VIC1,50.15816
2025-07-16 22:00:00,VIC1,8.95
2025-07-16 22:05:00,VIC1,70.53235
2025-07-16 22:10:00,VIC1,8.95
2025-07-16 22:15:00,VIC1,42.51242
2025-07-16 22:20:00,VIC1,47.02844
2025-07-16 22:25:00,VIC1,8.95
2025-07-16 22:30:00,VIC1,0.01
2025-07-16 22:35:00,VIC1,8.95
2025-07-16 22:40:00,VIC1,8.95
2025-07-16 22:45:00,VIC1,0.06
2025-07-16 22:50:00,VIC1,0.01
2025-07-16 22:55:00,VIC1,8.94974
2025-07-16 23:00:00,VIC1,24.15072
2025-07-16 23:05:00,VIC1,8.95
2025-07-16 23:10:00,VIC1,8.95
2025-07-16 23:15:00,VIC1,0.00023
2025-07-16 23:20:00,VIC1,0.00036
2025-07-16 23:25:00,VIC1,8.95
2025-07-16 23:30:00,VIC1,5.26
2025-07-16 23:35:00,VIC1,0.01
2025-07-16 23:40:00,VIC1,0.00036
2025-07-16 23:45:00,VIC1,0.01
2025-07-16 23:50:00,VIC1,5.3602
2025-07-16 23:55:00,VIC1,0.01
2025-07-17 00:00:00,VIC1,6.86909
2025-07-17 00:05:00,VIC1,0.01
2025-07-17 00:10:00,VIC1,8.16997
2025-07-17 00:15:00,VIC1,8.00543
2025-07-17 00:20:00,VIC1,20.04
2025-07-17 00:25:00,VIC1,0.01
2025-07-17 00:30:00,VIC1,3e-05
2025-07-17 00:35:00,VIC1,3e-05
2025-07-17 00:40:00,VIC1,0.01
2025-07-17 00:45:00,VIC1,0.01
2025-07-17 00:50:00,VIC1,0.06
2025-07-17 00:55:00,VIC1,0.01
2025-07-17 01:00:00,VIC1,0.01
2025-07-17 01:05:00,VIC1,0.01
2025-07-17 01:10:00,VIC1,3e-05
2025-07-17 01:15:00,VIC1,3e-05
2025-07-17 01:20:00,VIC1,3e-05
2025-07-17 01:25:00,VIC1,3e-05
2025-07-17 01:30:00,VIC1,-4.80105
2025-07-17 01:35:00,VIC1,-1.82168
2025-07-17 01:40:00,VIC1,3e-05
2025-07-17 01:45:00,VIC1,-5.06
2025-07-17 01:50:00,VIC1,-4.80802
2025-07-17 01:55:00,VIC1,0.0
2025-07-17 02:00:00,VIC1,0.0
2025-07-17 02:05:00,VIC1,3e-05
2025-07-17 02:10:00,VIC1,3e-05
2025-07-17 02:15:00,VIC1,-7.06771
2025-07-17 02:20:00,VIC1,-4.82061
2025-07-17 02:25:00,VIC1,-1.83904
2025-07-17 02:30:00,VIC1,0.0
2025-07-17 02:35:00,VIC1,-9.83
2025-07-17 02:40:00,VIC1,-9.96
2025-07-17 02:45:00,VIC1,-7.00518
2025-07-17 02:50:00,VIC1,-9.96
2025-07-17 02:55:00,VIC1,-11.65877
2025-07-17 03:00:00,VIC1,-9.83
2025-07-17 03:05:00,VIC1,5.26
2025-07-17 03:10:00,VIC1,0.01912
2025-07-17 03:15:00,VIC1,4.28797
2025-07-17 03:20:00,VIC1,0.6848
2025-07-17 03:25:00,VIC1,-11.14856
2025-07-17 03:30:00,VIC1,-11.84755
2025-07-17 03:35:00,VIC1,-5.06
2025-07-17 03:40:00,VIC1,3e-05
2025-07-17 03:45:00,VIC1,-7.41
2025-07-17 03:50:00,VIC1,-4.87928
2025-07-17 03:55:00,VIC1,0.0
2025-07-17 04:00:00,VIC1,0.0
2025-07-17 04:05:00,VIC1,3e-05
2025-07-17 04:10:00,VIC1,-9.83
2025-07-17 04:15:00,VIC1,-1.93797
2025-07-17 04:20:00,VIC1,-5.06
2025-07-17 04:25:00,VIC1,-1.82994
2025-07-17 04:30:00,VIC1,3e-05
2025-07-17 04:35:00,VIC1,0.0
2025-07-17 04:40:00,VIC1,-7.41
2025-07-17 04:45:00,VIC1,-9.83
2025-07-17 04:50:00,VIC1,-9.83
2025-07-17 04:55:00,VIC1,-9.83
2025-07-17 05:00:00,VIC1,-7.41
2025-07-17 05:05:00,VIC1,-9.96
2025-07-17 05:10:00,VIC1,-9.96
2025-07-17 05:15:00,VIC1,-9.96
2025-07-17 05:20:00,VIC1,-9.83
2025-07-17 05:25:00,VIC1,-5.06
2025-07-17 05:30:00,VIC1,-7.41
2025-07-17 05:35:00,VIC1,-5.06
2025-07-17 05:40:00,VIC1,3e-05
2025-07-17 05:45:00,VIC1,3e-05
2025-07-17 05:50:00,VIC1,3e-05
2025-07-17 05:55:00,VIC1,3e-05
2025-07-17 06:00:00,VIC1,0.01
2025-07-17 06:05:00,VIC1,63.74613
2025-07-17 06:10:00,VIC1,35.29598
2025-07-17 06:15:00,VIC1,19.78
2025-07-17 06:20:00,VIC1,3e-05
2025-07-17 06:25:00,VIC1,20.0
2025-07-17 06:30:00,VIC1,-13.99985
2025-07-17 06:35:00,VIC1,-13.99985
2025-07-17 06:40:00,VIC1,-13.99985
2025-07-17 06:45:00,VIC1,-13.99985
2025-07-17 06:50:00,VIC1,0.01
2025-07-17 06:55:00,VIC1,7.00008
2025-07-17 07:00:00,VIC1,104.95676
2025-07-17 07:05:00,VIC1,83.13283
2025-07-17 07:10:00,VIC1,83.01673
2025-07-17 07:15:00,VIC1,88.66616
2025-07-17 07:20:00,VIC1,85.03821
2025-07-17 07:25:00,VIC1,104.68331
2025-07-17 07:30:00,VIC1,20.0
2025-07-17 07:35:00,VIC1,8.95052
2025-07-17 07:40:00,VIC1,20.0
2025-07-17 07:45:00,VIC1,0.01
2025-07-17 07:50:00,VIC1,8.94951
2025-07-17 07:55:00,VIC1,20.63
2025-07-17 08:00:00,VIC1,76.17941
2025-07-17 08:05:00,VIC1,75.41986
2025-07-17 08:10:00,VIC1,75.79985
2025-07-17 08:15:00,VIC1,48.45844
2025-07-17 08:20:00,VIC1,71.53879
2025-07-17 08:25:00,VIC1,70.95109
2025-07-17 08:30:00,VIC1,61.83731
2025-07-17 08:35:00,VIC1,72.13566
2025-07-17 08:40:00,VIC1,75.8
2025-07-17 08:45:00,VIC1,74.86103
2025-07-17 08:50:00,VIC1,74.92377
2025-07-17 08:55:00,VIC1,20.04
2025-07-17 09:00:00,VIC1,55.54724
2025-07-17 09:05:00,VIC1,42.19
2025-07-17 09:10:00,VIC1,75.06977
2025-07-17 09:15:00,VIC1,74.61945
2025-07-17 09:20:00,VIC1,53.19498
2025-07-17 09:25:00,VIC1,75.8
2025-07-17 09:30:00,VIC1,20.0
2025-07-17 09:35:00,VIC1,56.36666
2025-07-17 09:40:00,VIC1,76.30015
2025-07-17 09:45:00,VIC1,43.15
2025-07-17 09:50:00,VIC1,43.15
2025-07-17 09:55:00,VIC1,132.72
2025-07-17 10:00:00,VIC1,55.71544
2025-07-17 10:05:00,VIC1,43.15
2025-07-17 10:10:00,VIC1,130.23
2025-07-17 10:15:00,VIC1,130.23
2025-07-17 10:20:00,VIC1,84.34701
2025-07-17 10:25:00,VIC1,55.86629
2025-07-17 10:30:00,VIC1,130.23
2025-07-17 10:35:00,VIC1,80.0
2025-07-17 10:40:00,VIC1,81.44161
2025-07-17 10:45:00,VIC1,81.04766
2025-07-17 10:50:00,VIC1,83.4627
2025-07-17 10:55:00,VIC1,130.23
2025-07-17 11:00:00,VIC1,130.23
2025-07-17 11:05:00,VIC1,79.44691
2025-07-17 11:10:00,VIC1,90.01
2025-07-17 11:15:00,VIC1,43.15
2025-07-17 11:20:00,VIC1,56.95169
2025-07-17 11:25:00,VIC1,69.28165
2025-07-17 11:30:00,VIC1,44.94521
2025-07-17 11:35:00,VIC1,126.93466
2025-07-17 11:40:00,VIC1,75.29
2025-07-17 11:45:00,VIC1,48.13768
2025-07-17 11:50:00,VIC1,130.23
2025-07-17 11:55:00,VIC1,82.81
2025-07-17 12:00:00,VIC1,20.0
2025-07-17 12:05:00,VIC1,33.86
2025-07-17 12:10:00,VIC1,20.0
2025-07-17 12:15:00,VIC1,39.1655
2025-07-17 12:20:00,VIC1,35.93992
2025-07-17 12:25:00,VIC1,35.94
2025-07-17 12:30:00,VIC1,20.0
2025-07-17 12:35:00,VIC1,20.0
2025-07-17 12:40:00,VIC1,0.01
2025-07-17 12:45:00,VIC1,19.17989
2025-07-17 12:50:00,VIC1,0.0
2025-07-17 12:55:00,VIC1,1.0483
2025-07-17 13:00:00,VIC1,0.0
2025-07-17 13:05:00,VIC1,53.21931
2025-07-17 13:10:00,VIC1,64.83026
2025-07-17 13:15:00,VIC1,54.45779
2025-07-17 13:20:00,VIC1,35.94023
2025-07-17 13:25:00,VIC1,53.22816
2025-07-17 13:30:00,VIC1,19.17994
2025-07-17 13:35:00,VIC1,51.84554
2025-07-17 13:40:00,VIC1,70.18654
2025-07-17 13:45:00,VIC1,1.59582
2025-07-17 13:50:00,VIC1,74.22234
2025-07-17 13:55:00,VIC1,35.11199
2025-07-17 14:00:00,VIC1,75.8
2025-07-17 14:05:00,VIC1,55.38587
2025-07-17 14:10:00,VIC1,60.84223
2025-07-17 14:15:00,VIC1,108.5596
2025-07-17 14:20:00,VIC1,73.83701
2025-07-17 14:25:00,VIC1,54.31902
2025-07-17 14:30:00,VIC1,58.81001
2025-07-17 14:35:00,VIC1,72.08726
2025-07-17 14:40:00,VIC1,74.81168
2025-07-17 14:45:00,VIC1,132.72
2025-07-17 14:50:00,VIC1,136.27795
2025-07-17 14:55:00,VIC1,137.6307
2025-07-17 15:00:00,VIC1,74.57729
2025-07-17 15:05:00,VIC1,227.97
2025-07-17 15:10:00,VIC1,108.76796
2025-07-17 15:15:00,VIC1,77.04
2025-07-17 15:20:00,VIC1,52.77344
2025-07-17 15:25:00,VIC1,53.3833
2025-07-17 15:30:00,VIC1,57.34472
2025-07-17 15:35:00,VIC1,44.65835
2025-07-17 15:40:00,VIC1,79.99979
2025-07-17 15:45:00,VIC1,100.3605
2025-07-17 15:50:00,VIC1,71.7785
2025-07-17 15:55:00,VIC1,78.95255
2025-07-17 16:00:00,VIC1,78.01181
2025-07-17 16:05:00,VIC1,80.87974
2025-07-17 16:10:00,VIC1,81.01606
2025-07-17 16:15:00,VIC1,80.0
2025-07-17 16:20:00,VIC1,127.71635
2025-07-17 16:25:00,VIC1,122.02
2025-07-17 16:30:00,VIC1,122.02
2025-07-17 16:35:00,VIC1,122.02
2025-07-17 16:40:00,VIC1,132.72
2025-07-17 16:45:00,VIC1,158.0
2025-07-17 16:50:00,VIC1,172.06572
2025-07-17 16:55:00,VIC1,202.82685
2025-07-17 17:00:00,VIC1,169.13853
2025-07-17 17:05:00,VIC1,192.13907
2025-07-17 17:10:00,VIC1,187.61458
2025-07-17 17:15:00,VIC1,193.71283
2025-07-17 17:20:00,VIC1,179.24763
2025-07-17 17:25:00,VIC1,227.34468
2025-07-17 17:30:00,VIC1,174.33469
2025-07-17 17:35:00,VIC1,224.50782
2025-07-17 17:40:00,VIC1,170.87197
2025-07-17 17:45:00,VIC1,238.1361
2025-07-17 17:50:00,VIC1,223.36
2025-07-17 17:55:00,VIC1,240.0
2025-07-17 18:00:00,VIC1,240.0
2025-07-17 18:05:00,VIC1,223.69
2025-07-17 18:10:00,VIC1,224.42
2025-07-17 18:15:00,VIC1,181.38596
2025-07-17 18:20:00,VIC1,270.82
2025-07-17 18:25:00,VIC1,206.47658
2025-07-17 18:30:00,VIC1,270.82
2025-07-17 18:35:00,VIC1,207.90838
2025-07-17 18:40:00,VIC1,184.33052
2025-07-17 18:45:00,VIC1,178.48735
2025-07-17 18:50:00,VIC1,196.90002
2025-07-17 18:55:00,VIC1,270.82
2025-07-17 19:00:00,VIC1,226.61888
2025-07-17 19:05:00,VIC1,186.25526
2025-07-17 19:10:00,VIC1,233.33087
2025-07-17 19:15:00,VIC1,238.82865
2025-07-17 19:20:00,VIC1,270.82
2025-07-17 19:25:00,VIC1,240.0
2025-07-17 19:30:00,VIC1,240.0
2025-07-17 19:35:00,VIC1,230.91417
2025-07-17 19:40:00,VIC1,240.0
2025-07-17 19:45:00,VIC1,158.0
2025-07-17 19:50:00,VIC1,181.79249
2025-07-17 19:55:00,VIC1,158.0
2025-07-17 20:00:00,VIC1,170.01697
2025-07-17 20:05:00,VIC1,158.0
2025-07-17 20:10:00,VIC1,230.01997
2025-07-17 20:15:00,VIC1,169.44652
2025-07-17 20:20:00,VIC1,176.82699
2025-07-17 20:25:00,VIC1,219.06166
2025-07-17 20:30:00,VIC1,227.97
2025-07-17 20:35:00,VIC1,171.48755
2025-07-17 20:40:00,VIC1,228.93398
2025-07-17 20:45:00,VIC1,241.82882
2025-07-17 20:50:00,VIC1,299.29
2025-07-17 20:55:00,VIC1,270.82
2025-07-17 21:00:00,VIC1,247.15501
2025-07-17 21:05:00,VIC1,297.90682
2025-07-17 21:10:00,VIC1,263.40195
2025-07-17 21:15:00,VIC1,264.27607
2025-07-17 21:20:00,VIC1,270.82
2025-07-17 21:25:00,VIC1,264.27607
2025-07-17 21:30:00,VIC1,177.30031
2025-07-17 21:35:00,VIC1,229.60315
2025-07-17 21:40:00,VIC1,229.82819
2025-07-17 21:45:00,VIC1,226.53649
2025-07-17 21:50:00,VIC1,166.53343
2025-07-17 21:55:00,VIC1,159.60536
2025-07-17 22:00:00,VIC1,157.48862
2025-07-17 22:05:00,VIC1,158.0
2025-07-17 22:10:00,VIC1,158.0
2025-07-17 22:15:00,VIC1,159.1328
2025-07-17 22:20:00,VIC1,158.0
2025-07-17 22:25:00,VIC1,158.0
2025-07-17 22:30:00,VIC1,155.77739
2025-07-17 22:35:00,VIC1,158.0
2025-07-17 22:40:00,VIC1,155.30601
2025-07-17 22:45:00,VIC1,137.96
2025-07-17 22:50:00,VIC1,122.58746
2025-07-17 22:55:00,VIC1,122.02
2025-07-17 23:00:00,VIC1,121.87676
2025-07-17 23:05:00,VIC1,201.03541
2025-07-17 23:10:00,VIC1,186.7804
2025-07-17 23:15:00,VIC1,185.43187
2025-07-17 23:20:00,VIC1,158.07123
2025-07-17 23:25:00,VIC1,158.27892
2025-07-17 23:30:00,VIC1,156.98432
2025-07-17 23:35:00,VIC1,137.96
2025-07-17 23:40:00,VIC1,137.96
2025-07-17 23:45:00,VIC1,123.44834
2025-07-17 23:50:00,VIC1,122.02
2025-07-17 23:55:00,VIC1,132.11453
2025-07-18 00:00:00,VIC1,134.3472
2025-07-18 00:05:00,VIC1,143.925
2025-07-18 00:10:00,VIC1,148.82137
2025-07-18 00:15:00,VIC1,122.02
2025-07-18 00:20:00,VIC1,122.02
2025-07-18 00:25:00,VIC1,149.07952
2025-07-18 00:30:00,VIC1,146.31262
2025-07-18 00:35:00,VIC1,122.02
2025-07-18 00:40:00,VIC1,147.21925
2025-07-18 00:45:00,VIC1,144.04558
2025-07-18 00:50:00,VIC1,145.35511
2025-07-18 00:55:00,VIC1,100.30983
2025-07-18 01:00:00,VIC1,93.96353
2025-07-18 01:05:00,VIC1,124.76664
2025-07-18 01:10:00,VIC1,136.34323
2025-07-18 01:15:00,VIC1,90.0
2025-07-18 01:20:00,VIC1,119.72054
2025-07-18 01:25:00,VIC1,120.86182
2025-07-18 01:30:00,VIC1,120.17877
2025-07-18 01:35:00,VIC1,112.69373
2025-07-18 01:40:00,VIC1,90.0
2025-07-18 01:45:00,VIC1,84.58499
2025-07-18 01:50:00,VIC1,89.57582
2025-07-18 01:55:00,VIC1,120.97086
2025-07-18 02:00:00,VIC1,90.0
2025-07-18 02:05:00,VIC1,80.81229
2025-07-18 02:10:00,VIC1,90.0
2025-07-18 02:15:00,VIC1,90.0
2025-07-18 02:20:00,VIC1,90.0
2025-07-18 02:25:00,VIC1,80.0
2025-07-18 02:30:00,VIC1,81.97106
2025-07-18 02:35:00,VIC1,119.72054
2025-07-18 02:40:00,VIC1,90.0
2025-07-18 02:45:00,VIC1,80.0
2025-07-18 02:50:00,VIC1,80.0
2025-07-18 02:55:00,VIC1,90.12453
2025-07-18 03:00:00,VIC1,80.0
2025-07-18 03:05:00,VIC1,90.60124
2025-07-18 03:10:00,VIC1,91.41802
2025-07-18 03:15:00,VIC1,101.03644
2025-07-18 03:20:00,VIC1,90.0
2025-07-18 03:25:00,VIC1,90.0
2025-07-18 03:30:00,VIC1,92.62352
2025-07-18 03:35:00,VIC1,90.0
2025-07-18 03:40:00,VIC1,97.86287
2025-07-18 03:45:00,VIC1,83.42828
2025-07-18 03:50:00,VIC1,85.08639
2025-07-18 03:55:00,VIC1,84.61731
2025-07-18 04:00:00,VIC1,85.17171
2025-07-18 04:05:00,VIC1,90.0
2025-07-18 04:10:00,VIC1,94.49398
2025-07-18 04:15:00,VIC1,98.18079
2025-07-18 04:20:00,VIC1,99.85803
2025-07-18 04:25:00,VIC1,100.55955
2025-07-18 04:30:00,VIC1,98.37962
2025-07-18 04:35:00,VIC1,97.13108
2025-07-18 04:40:00,VIC1,96.6902
2025-07-18 04:45:00,VIC1,108.4161
2025-07-18 04:50:00,VIC1,117.80829
2025-07-18 04:55:00,VIC1,116.34087
2025-07-18 05:00:00,VIC1,116.16589
2025-07-18 05:05:00,VIC1,101.05548
2025-07-18 05:10:00,VIC1,108.44347
2025-07-18 05:15:00,VIC1,120.0
2025-07-18 05:20:00,VIC1,122.02
2025-07-18 05:25:00,VIC1,122.02
2025-07-18 05:30:00,VIC1,139.38842
2025-07-18 05:35:00,VIC1,122.02
2025-07-18 05:40:00,VIC1,120.0
2025-07-18 05:45:00,VIC1,122.02
2025-07-18 05:50:00,VIC1,142.6766
2025-07-18 05:55:00,VIC1,147.02968
2025-07-18 06:00:00,VIC1,160.0
2025-07-18 06:05:00,VIC1,144.54908
2025-07-18 06:10:00,VIC1,158.0
2025-07-18 06:15:00,VIC1,158.0
2025-07-18 06:20:00,VIC1,192.34943
2025-07-18 06:25:00,VIC1,224.50098
2025-07-18 06:30:00,VIC1,212.74039
2025-07-18 06:35:00,VIC1,166.04674
2025-07-18 06:40:00,VIC1,213.55591
2025-07-18 06:45:00,VIC1,211.6331
2025-07-18 06:50:00,VIC1,212.44705
2025-07-18 06:55:00,VIC1,214.32657
2025-07-18 07:00:00,VIC1,266.11
2025-07-18 07:05:00,VIC1,265.45
2025-07-18 07:10:00,VIC1,272.37904
2025-07-18 07:15:00,VIC1,272.14645
2025-07-18 07:20:00,VIC1,272.6418
2025-07-18 07:25:00,VIC1,275.71973
2025-07-18 07:30:00,VIC1,279.38875
2025-07-18 07:35:00,VIC1,267.55425
2025-07-18 07:40:00,VIC1,266.11
2025-07-18 07:45:00,VIC1,266.11
2025-07-18 07:50:00,VIC1,266.11
2025-07-18 07:55:00,VIC1,266.11
2025-07-18 08:00:00,VIC1,265.45
2025-07-18 08:05:00,VIC1,265.51102
2025-07-18 08:10:00,VIC1,265.45
2025-07-18 08:15:00,VIC1,265.45
2025-07-18 08:20:00,VIC1,228.78518
2025-07-18 08:25:00,VIC1,244.92644
2025-07-18 08:30:00,VIC1,168.85611
2025-07-18 08:35:00,VIC1,217.98728
2025-07-18 08:40:00,VIC1,225.20232
2025-07-18 08:45:00,VIC1,226.51345
2025-07-18 08:50:00,VIC1,214.99077
2025-07-18 08:55:00,VIC1,225.64522
2025-07-18 09:00:00,VIC1,174.35412
2025-07-18 09:05:00,VIC1,226.08292
2025-07-18 09:10:00,VIC1,173.97482
2025-07-18 09:15:00,VIC1,228.26823
2025-07-18 09:20:00,VIC1,221.88577
2025-07-18 09:25:00,VIC1,202.8256
2025-07-18 09:30:00,VIC1,146.30325
2025-07-18 09:35:00,VIC1,180.94
2025-07-18 09:40:00,VIC1,156.61451
2025-07-18 09:45:00,VIC1,141.39862
2025-07-18 09:50:00,VIC1,141.52526
2025-07-18 09:55:00,VIC1,122.02
2025-07-18 10:00:00,VIC1,122.02
2025-07-18 10:05:00,VIC1,139.41484
2025-07-18 10:10:00,VIC1,122.65142
2025-07-18 10:15:00,VIC1,117.77817
2025-07-18 10:20:00,VIC1,118.75034
2025-07-18 10:25:00,VIC1,97.45694
2025-07-18 10:30:00,VIC1,87.53739
2025-07-18 10:35:00,VIC1,95.90292
2025-07-18 10:40:00,VIC1,97.53182
2025-07-18 10:45:00,VIC1,86.05124
2025-07-18 10:50:00,VIC1,75.44009
2025-07-18 10:55:00,VIC1,73.85205
2025-07-18 11:00:00,VIC1,56.59417
2025-07-18 11:05:00,VIC1,83.33839
2025-07-18 11:10:00,VIC1,83.1226
2025-07-18 11:15:00,VIC1,77.74313
2025-07-18 11:20:00,VIC1,38.03387
2025-07-18 11:25:00,VIC1,38.72205
2025-07-18 11:30:00,VIC1,35.94
2025-07-18 11:35:00,VIC1,33.16173
2025-07-18 11:40:00,VIC1,35.94
2025-07-18 11:45:00,VIC1,35.94
2025-07-18 11:50:00,VIC1,38.02418
2025-07-18 11:55:00,VIC1,35.94
2025-07-18 12:00:00,VIC1,34.92
2025-07-18 12:05:00,VIC1,35.94
2025-07-18 12:10:00,VIC1,33.60902
2025-07-18 12:15:00,VIC1,35.94
2025-07-18 12:20:00,VIC1,20.73
2025-07-18 12:25:00,VIC1,20.04
2025-07-18 12:30:00,VIC1,20.00007
2025-07-18 12:35:00,VIC1,20.0
2025-07-18 12:40:00,VIC1,20.0
2025-07-18 12:45:00,VIC1,20.0
2025-07-18 12:50:00,VIC1,20.0
2025-07-18 12:55:00,VIC1,17.79672
2025-07-18 13:00:00,VIC1,19.18
2025-07-18 13:05:00,VIC1,20.0
2025-07-18 13:10:00,VIC1,19.18
2025-07-18 13:15:00,VIC1,20.2
2025-07-18 13:20:00,VIC1,20.0
2025-07-18 13:25:00,VIC1,20.04
2025-07-18 13:30:00,VIC1,20.04
2025-07-18 13:35:00,VIC1,20.04
2025-07-18 13:40:00,VIC1,20.04
2025-07-18 13:45:00,VIC1,20.04
2025-07-18 13:50:00,VIC1,20.04
2025-07-18 13:55:00,VIC1,20.04
2025-07-18 14:00:00,VIC1,35.78231
2025-07-18 14:05:00,VIC1,36.99005
2025-07-18 14:10:00,VIC1,8.5517
2025-07-18 14:15:00,VIC1,0.06
2025-07-18 14:20:00,VIC1,0.06
2025-07-18 14:25:00,VIC1,19.18011
2025-07-18 14:30:00,VIC1,19.18
2025-07-18 14:35:00,VIC1,17.03889
2025-07-18 14:40:00,VIC1,8.95
2025-07-18 14:45:00,VIC1,8.95
2025-07-18 14:50:00,VIC1,19.18
2025-07-18 14:55:00,VIC1,15.7
2025-07-18 15:00:00,VIC1,19.18
2025-07-18 15:05:00,VIC1,16.29867
2025-07-18 15:10:00,VIC1,20.04
2025-07-18 15:15:00,VIC1,19.18
2025-07-18 15:20:00,VIC1,19.18
2025-07-18 15:25:00,VIC1,20.0
2025-07-18 15:30:00,VIC1,20.0
2025-07-18 15:35:00,VIC1,20.3
2025-07-18 15:40:00,VIC1,47.63123
2025-07-18 15:45:00,VIC1,50.19182
2025-07-18 15:50:00,VIC1,75.2769
2025-07-18 15:55:00,VIC1,67.28481
2025-07-18 16:00:00,VIC1,68.10702
2025-07-18 16:05:00,VIC1,57.35395
2025-07-18 16:10:00,VIC1,58.98321
2025-07-18 16:15:00,VIC1,75.89616
2025-07-18 16:20:00,VIC1,85.45181
2025-07-18 16:25:00,VIC1,114.37835
2025-07-18 16:30:00,VIC1,148.38647
2025-07-18 16:35:00,VIC1,162.48076
2025-07-18 16:40:00,VIC1,180.66923
2025-07-18 16:45:00,VIC1,210.4849
2025-07-18 16:50:00,VIC1,250.96717
2025-07-18 16:55:00,VIC1,246.43094
2025-07-18 17:00:00,VIC1,223.36
2025-07-18 17:05:00,VIC1,179.83518
2025-07-18 17:10:00,VIC1,172.97412
2025-07-18 17:15:00,VIC1,166.97
2025-07-18 17:20:00,VIC1,170.22
2025-07-18 17:25:00,VIC1,217.53972
2025-07-18 17:30:00,VIC1,224.89568
2025-07-18 17:35:00,VIC1,185.93999
2025-07-18 17:40:00,VIC1,219.45489
2025-07-18 17:45:00,VIC1,251.04089
2025-07-18 17:50:00,VIC1,261.05621
2025-07-18 17:55:00,VIC1,300.3
2025-07-18 18:00:00,VIC1,280.82714
2025-07-18 18:05:00,VIC1,238.81844
2025-07-18 18:10:00,VIC1,189.5703
2025-07-18 18:15:00,VIC1,185.68255
2025-07-18 18:20:00,VIC1,181.90548
2025-07-18 18:25:00,VIC1,180.96
2025-07-18 18:30:00,VIC1,176.06569
2025-07-18 18:35:00,VIC1,172.79173
2025-07-18 18:40:00,VIC1,166.02
2025-07-18 18:45:00,VIC1,165.02071
2025-07-18 18:50:00,VIC1,163.71795
2025-07-18 18:55:00,VIC1,162.05351
2025-07-18 19:00:00,VIC1,166.02
2025-07-18 19:05:00,VIC1,163.52376
2025-07-18 19:10:00,VIC1,166.02
2025-07-18 19:15:00,VIC1,144.77226
2025-07-18 19:20:00,VIC1,141.91788
2025-07-18 19:25:00,VIC1,145.22088
2025-07-18 19:30:00,VIC1,138.64456
2025-07-18 19:35:00,VIC1,134.72976
2025-07-18 19:40:00,VIC1,131.23
2025-07-18 19:45:00,VIC1,123.64351
2025-07-18 19:50:00,VIC1,123.96981
2025-07-18 19:55:00,VIC1,112.43623
2025-07-18 20:00:00,VIC1,109.67942
2025-07-18 20:05:00,VIC1,120.0
2025-07-18 20:10:00,VIC1,122.02
2025-07-18 20:15:00,VIC1,109.04766
2025-07-18 20:20:00,VIC1,120.0
2025-07-18 20:25:00,VIC1,108.14765
2025-07-18 20:30:00,VIC1,105.08954
2025-07-18 20:35:00,VIC1,120.0
2025-07-18 20:40:00,VIC1,115.5532
2025-07-18 20:45:00,VIC1,117.28567
2025-07-18 20:50:00,VIC1,100.08667
2025-07-18 20:55:00,VIC1,99.56302
2025-07-18 21:00:00,VIC1,85.06059
2025-07-18 21:05:00,VIC1,112.86241
2025-07-18 21:10:00,VIC1,99.99537
2025-07-18 21:15:00,VIC1,87.71432
2025-07-18 21:20:00,VIC1,93.23126
2025-07-18 21:25:00,VIC1,101.92203
2025-07-18 21:30:00,VIC1,81.41004
2025-07-18 21:35:00,VIC1,88.68334
2025-07-18 21:40:00,VIC1,101.19988
2025-07-18 21:45:00,VIC1,86.97281
2025-07-18 21:50:00,VIC1,82.07652
2025-07-18 21:55:00,VIC1,71.89038
2025-07-18 22:00:00,VIC1,74.37708
2025-07-18 22:05:00,VIC1,76.54
2025-07-18 22:10:00,VIC1,76.5401
2025-07-18 22:15:00,VIC1,77.27
2025-07-18 22:20:00,VIC1,48.40645
2025-07-18 22:25:00,VIC1,73.8001
2025-07-18 22:30:00,VIC1,20.0
2025-07-18 22:35:00,VIC1,20.0
2025-07-18 22:40:00,VIC1,19.18
2025-07-18 22:45:00,VIC1,0.01
2025-07-18 22:50:00,VIC1,0.01
2025-07-18 22:55:00,VIC1,0.01
2025-07-18 23:00:00,VIC1,8.94977
2025-07-18 23:05:00,VIC1,8.95
2025-07-18 23:10:00,VIC1,8.95
2025-07-18 23:15:00,VIC1,8.95
2025-07-18 23:20:00,VIC1,0.01
2025-07-18 23:25:00,VIC1,8.94977
2025-07-18 23:30:00,VIC1,0.01
2025-07-18 23:35:00,VIC1,-2e-05
2025-07-18 23:40:00,VIC1,0.01
2025-07-18 23:45:00,VIC1,0.01
2025-07-18 23:50:00,VIC1,-2e-05
2025-07-18 23:55:00,VIC1,8.4594
2025-07-19 00:00:00,VIC1,-2e-05
2025-07-19 00:05:00,VIC1,0.01
2025-07-19 00:10:00,VIC1,0.01
2025-07-19 00:15:00,VIC1,0.01
2025-07-19 00:20:00,VIC1,-2e-05
2025-07-19 00:25:00,VIC1,-2e-05
2025-07-19 00:30:00,VIC1,-2e-05
2025-07-19 00:35:00,VIC1,3e-05
2025-07-19 00:40:00,VIC1,3e-05
2025-07-19 00:45:00,VIC1,3e-05
2025-07-19 00:50:00,VIC1,3e-05
2025-07-19 00:55:00,VIC1,3e-05
2025-07-19 01:00:00,VIC1,-7.41
2025-07-19 01:05:00,VIC1,-7.41
2025-07-19 01:10:00,VIC1,-9.83
2025-07-19 01:15:00,VIC1,-9.96
2025-07-19 01:20:00,VIC1,-9.96
2025-07-19 01:25:00,VIC1,-9.96
2025-07-19 01:30:00,VIC1,-9.96
2025-07-19 01:35:00,VIC1,-11.21445
2025-07-19 01:40:00,VIC1,-11.94891
2025-07-19 01:45:00,VIC1,-13.78871
2025-07-19 01:50:00,VIC1,-13.79
2025-07-19 01:55:00,VIC1,-13.79
2025-07-19 02:00:00,VIC1,-13.99967
2025-07-19 02:05:00,VIC1,-13.99942
2025-07-19 02:10:00,VIC1,-13.79
2025-07-19 02:15:00,VIC1,-13.79
2025-07-19 02:20:00,VIC1,-11.81745
2025-07-19 02:25:00,VIC1,-13.99967
2025-07-19 02:30:00,VIC1,-13.99967
2025-07-19 02:35:00,VIC1,-13.79
2025-07-19 02:40:00,VIC1,-13.79
2025-07-19 02:45:00,VIC1,-13.99967
2025-07-19 02:50:00,VIC1,-13.99967
2025-07-19 02:55:00,VIC1,-13.99967
2025-07-19 03:00:00,VIC1,-13.99967
2025-07-19 03:05:00,VIC1,-13.99967
2025-07-19 03:10:00,VIC1,-13.99967
2025-07-19 03:15:00,VIC1,-13.99967
2025-07-19 03:20:00,VIC1,-13.99967
2025-07-19 03:25:00,VIC1,-13.99967
2025-07-19 03:30:00,VIC1,-13.99967
2025-07-19 03:35:00,VIC1,-13.99967
2025-07-19 03:40:00,VIC1,-13.99967
2025-07-19 03:45:00,VIC1,-13.99967
2025-07-19 03:50:00,VIC1,-13.99967
2025-07-19 03:55:00,VIC1,-13.99967
2025-07-19 04:00:00,VIC1,-13.99967
2025-07-19 04:05:00,VIC1,-13.99967
2025-07-19 04:10:00,VIC1,-13.99991
2025-07-19 04:15:00,VIC1,-13.99967
2025-07-19 04:20:00,VIC1,-13.99991
2025-07-19 04:25:00,VIC1,-13.99991
2025-07-19 04:30:00,VIC1,-13.99967
2025-07-19 04:35:00,VIC1,-13.99967
2025-07-19 04:40:00,VIC1,-13.99967
2025-07-19 04:45:00,VIC1,-13.99967
2025-07-19 04:50:00,VIC1,-13.99967
2025-07-19 04:55:00,VIC1,-13.99967
2025-07-19 05:00:00,VIC1,-13.99967
2025-07-19 05:05:00,VIC1,-13.99967
2025-07-19 05:10:00,VIC1,-13.99967
2025-07-19 05:15:00,VIC1,-13.99967
2025-07-19 05:20:00,VIC1,-13.99991
2025-07-19 05:25:00,VIC1,-13.99967
2025-07-19 05:30:00,VIC1,-13.99967
2025-07-19 05:35:00,VIC1,-13.99967
2025-07-19 05:40:00,VIC1,-13.99967
2025-07-19 05:45:00,VIC1,-13.99967
2025-07-19 05:50:00,VIC1,-13.99967
2025-07-19 05:55:00,VIC1,-13.99967
2025-07-19 06:00:00,VIC1,-13.99967
2025-07-19 06:05:00,VIC1,-13.99967
2025-07-19 06:10:00,VIC1,-13.99967
2025-07-19 06:15:00,VIC1,-13.99967
2025-07-19 06:20:00,VIC1,-11.89635
2025-07-19 06:25:00,VIC1,-9.96
2025-07-19 06:30:00,VIC1,-9.96
2025-07-19 06:35:00,VIC1,-13.99967
2025-07-19 06:40:00,VIC1,-13.99967
2025-07-19 06:45:00,VIC1,0.01
2025-07-19 06:50:00,VIC1,0.01
2025-07-19 06:55:00,VIC1,-13.99976
2025-07-19 07:00:00,VIC1,-13.99967
2025-07-19 07:05:00,VIC1,104.60914
2025-07-19 07:10:00,VIC1,15.51263
2025-07-19 07:15:00,VIC1,6.95
2025-07-19 07:20:00,VIC1,6.95
2025-07-19 07:25:00,VIC1,0.01
2025-07-19 07:30:00,VIC1,20.0
2025-07-19 07:35:00,VIC1,33.8901
2025-07-19 07:40:00,VIC1,33.8901
2025-07-19 07:45:00,VIC1,69.64815
2025-07-19 07:50:00,VIC1,45.89
2025-07-19 07:55:00,VIC1,45.89
2025-07-19 08:00:00,VIC1,45.8901
2025-07-19 08:05:00,VIC1,20.0
2025-07-19 08:10:00,VIC1,33.89001
2025-07-19 08:15:00,VIC1,22.77044
2025-07-19 08:20:00,VIC1,20.0
2025-07-19 08:25:00,VIC1,18.0
2025-07-19 08:30:00,VIC1,4.49211
2025-07-19 08:35:00,VIC1,8.95
2025-07-19 08:40:00,VIC1,20.0
2025-07-19 08:45:00,VIC1,3e-05
2025-07-19 08:50:00,VIC1,0.01
2025-07-19 08:55:00,VIC1,0.01
2025-07-19 09:00:00,VIC1,0.01
2025-07-19 09:05:00,VIC1,1.20735
2025-07-19 09:10:00,VIC1,0.00022
2025-07-19 09:15:00,VIC1,0.01
2025-07-19 09:20:00,VIC1,0.01
2025-07-19 09:25:00,VIC1,0.01
2025-07-19 09:30:00,VIC1,0.0
2025-07-19 09:35:00,VIC1,-5.06
2025-07-19 09:40:00,VIC1,-9.83
2025-07-19 09:45:00,VIC1,-9.96
2025-07-19 09:50:00,VIC1,-9.83
2025-07-19 09:55:00,VIC1,-9.96
2025-07-19 10:00:00,VIC1,-9.83
2025-07-19 10:05:00,VIC1,-9.83
2025-07-19 10:10:00,VIC1,-9.83
2025-07-19 10:15:00,VIC1,-9.83
2025-07-19 10:20:00,VIC1,-9.83
2025-07-19 10:25:00,VIC1,-9.83
2025-07-19 10:30:00,VIC1,-9.96
2025-07-19 10:35:00,VIC1,-9.96
2025-07-19 10:40:00,VIC1,-9.96
2025-07-19 10:45:00,VIC1,-13.79
2025-07-19 10:50:00,VIC1,-13.79
2025-07-19 10:55:00,VIC1,-13.79
2025-07-19 11:00:00,VIC1,-13.99976
2025-07-19 11:05:00,VIC1,-13.99976
2025-07-19 11:10:00,VIC1,-13.99967
2025-07-19 11:15:00,VIC1,-13.99967
2025-07-19 11:20:00,VIC1,-13.99967
2025-07-19 11:25:00,VIC1,-15.0
2025-07-19 11:30:00,VIC1,-15.79
2025-07-19 11:35:00,VIC1,-18.0
2025-07-19 11:40:00,VIC1,-18.0
2025-07-19 11:45:00,VIC1,-19.41491
2025-07-19 11:50:00,VIC1,-19.27039
2025-07-19 11:55:00,VIC1,-16.8791
2025-07-19 12:00:00,VIC1,-16.53293
2025-07-19 12:05:00,VIC1,-15.35476
2025-07-19 12:10:00,VIC1,-19.99
2025-07-19 12:15:00,VIC1,-19.99
2025-07-19 12:20:00,VIC1,-17.76667
2025-07-19 12:25:00,VIC1,-19.11377
2025-07-19 12:30:00,VIC1,-17.65967
2025-07-19 12:35:00,VIC1,-17.42287
2025-07-19 12:40:00,VIC1,-17.52523
2025-07-19 12:45:00,VIC1,-19.5
2025-07-19 12:50:00,VIC1,-20.78858
2025-07-19 12:55:00,VIC1,-20.4347
2025-07-19 13:00:00,VIC1,-20.99
2025-07-19 13:05:00,VIC1,-19.99
2025-07-19 13:10:00,VIC1,-19.5
2025-07-19 13:15:00,VIC1,-19.5
2025-07-19 13:20:00,VIC1,-18.94583
2025-07-19 13:25:00,VIC1,-18.82218
2025-07-19 13:30:00,VIC1,-19.99
2025-07-19 13:35:00,VIC1,-20.34537
2025-07-19 13:40:00,VIC1,-19.66065
2025-07-19 13:45:00,VIC1,-19.99
2025-07-19 13:50:00,VIC1,-17.30039
2025-07-19 13:55:00,VIC1,-17.51846
2025-07-19 14:00:00,VIC1,-16.53037
2025-07-19 14:05:00,VIC1,-16.84518
2025-07-19 14:10:00,VIC1,-16.69835
2025-07-19 14:15:00,VIC1,-18.96965
2025-07-19 14:20:00,VIC1,-16.0
2025-07-19 14:25:00,VIC1,-14.57381
2025-07-19 14:30:00,VIC1,-13.99976
2025-07-19 14:35:00,VIC1,-13.99976
2025-07-19 14:40:00,VIC1,-13.99976
2025-07-19 14:45:00,VIC1,-13.57677
2025-07-19 14:50:00,VIC1,-13.58929
2025-07-19 14:55:00,VIC1,-8.38177
2025-07-19 15:00:00,VIC1,0.0
2025-07-19 15:05:00,VIC1,-5.06
2025-07-19 15:10:00,VIC1,-2.18782
2025-07-19 15:15:00,VIC1,0.0
2025-07-19 15:20:00,VIC1,27.53653
2025-07-19 15:25:00,VIC1,55.67809
2025-07-19 15:30:00,VIC1,55.74641
2025-07-19 15:35:00,VIC1,43.81211
2025-07-19 15:40:00,VIC1,62.97886
2025-07-19 15:45:00,VIC1,78.03087
2025-07-19 15:50:00,VIC1,57.0851
2025-07-19 15:55:00,VIC1,53.08574
2025-07-19 16:00:00,VIC1,108.90989
2025-07-19 16:05:00,VIC1,55.2659
2025-07-19 16:10:00,VIC1,63.17067
2025-07-19 16:15:00,VIC1,88.83603
2025-07-19 16:20:00,VIC1,95.86107
2025-07-19 16:25:00,VIC1,127.66634
2025-07-19 16:30:00,VIC1,107.56927
2025-07-19 16:35:00,VIC1,136.40664
2025-07-19 16:40:00,VIC1,122.43186
2025-07-19 16:45:00,VIC1,114.15331
2025-07-19 16:50:00,VIC1,133.73933
2025-07-19 16:55:00,VIC1,140.47254
2025-07-19 17:00:00,VIC1,137.98602
2025-07-19 17:05:00,VIC1,130.23
2025-07-19 17:10:00,VIC1,128.90216
2025-07-19 17:15:00,VIC1,131.23
2025-07-19 17:20:00,VIC1,138.51261
2025-07-19 17:25:00,VIC1,137.02719
2025-07-19 17:30:00,VIC1,143.1078
2025-07-19 17:35:00,VIC1,133.06832
2025-07-19 17:40:00,VIC1,166.36585
2025-07-19 17:45:00,VIC1,132.72
2025-07-19 17:50:00,VIC1,150.40383
2025-07-19 17:55:00,VIC1,155.97881
2025-07-19 18:00:00,VIC1,135.13775
2025-07-19 18:05:00,VIC1,131.23
2025-07-19 18:10:00,VIC1,131.23
2025-07-19 18:15:00,VIC1,130.23
2025-07-19 18:20:00,VIC1,131.23
2025-07-19 18:25:00,VIC1,131.23
2025-07-19 18:30:00,VIC1,154.41146
2025-07-19 18:35:00,VIC1,155.47906
2025-07-19 18:40:00,VIC1,131.23
2025-07-19 18:45:00,VIC1,159.20803
2025-07-19 18:50:00,VIC1,131.23
2025-07-19 18:55:00,VIC1,131.23
2025-07-19 19:00:00,VIC1,163.29179
2025-07-19 19:05:00,VIC1,135.88997
2025-07-19 19:10:00,VIC1,164.47982
2025-07-19 19:15:00,VIC1,158.67491
2025-07-19 19:20:00,VIC1,163.65638
2025-07-19 19:25:00,VIC1,161.05672
2025-07-19 19:30:00,VIC1,132.72
2025-07-19 19:35:00,VIC1,152.13807
2025-07-19 19:40:00,VIC1,140.08012
2025-07-19 19:45:00,VIC1,160.55726
2025-07-19 19:50:00,VIC1,207.61427
2025-07-19 19:55:00,VIC1,159.37608
2025-07-19 20:00:00,VIC1,159.58849
2025-07-19 20:05:00,VIC1,160.93917
2025-07-19 20:10:00,VIC1,152.60676
2025-07-19 20:15:00,VIC1,153.6335
2025-07-19 20:20:00,VIC1,153.70562
2025-07-19 20:25:00,VIC1,132.72
2025-07-19 20:30:00,VIC1,151.58512
2025-07-19 20:35:00,VIC1,131.72
2025-07-19 20:40:00,VIC1,127.23153
2025-07-19 20:45:00,VIC1,129.87949
2025-07-19 20:50:00,VIC1,152.79006
2025-07-19 20:55:00,VIC1,151.40609
2025-07-19 21:00:00,VIC1,126.97553
2025-07-19 21:05:00,VIC1,150.4982
2025-07-19 21:10:00,VIC1,135.43239
2025-07-19 21:15:00,VIC1,129.47835
2025-07-19 21:20:00,VIC1,121.79084
2025-07-19 21:25:00,VIC1,122.92748
2025-07-19 21:30:00,VIC1,118.67263
2025-07-19 21:35:00,VIC1,132.72
2025-07-19 21:40:00,VIC1,149.8676
2025-07-19 21:45:00,VIC1,148.55702
2025-07-19 21:50:00,VIC1,155.96455
2025-07-19 21:55:00,VIC1,138.90387
2025-07-19 22:00:00,VIC1,134.80974
2025-07-19 22:05:00,VIC1,134.70027
2025-07-19 22:10:00,VIC1,153.28087
2025-07-19 22:15:00,VIC1,154.35284
2025-07-19 22:20:00,VIC1,126.71377
2025-07-19 22:25:00,VIC1,113.28345
2025-07-19 22:30:00,VIC1,104.02199
2025-07-19 22:35:00,VIC1,125.22174
2025-07-19 22:40:00,VIC1,114.78891
2025-07-19 22:45:00,VIC1,116.47675
2025-07-19 22:50:00,VIC1,100.2004
2025-07-19 22:55:00,VIC1,106.09534
2025-07-19 23:00:00,VIC1,89.9027
2025-07-19 23:05:00,VIC1,111.55278
2025-07-19 23:10:00,VIC1,119.88197
2025-07-19 23:15:00,VIC1,116.85503
2025-07-19 23:20:00,VIC1,112.34499
2025-07-19 23:25:00,VIC1,94.30584
2025-07-19 23:30:00,VIC1,94.25762
2025-07-19 23:35:00,VIC1,151.61031
2025-07-19 23:40:00,VIC1,117.18793
2025-07-19 23:45:00,VIC1,117.43588
2025-07-19 23:50:00,VIC1,108.65277
2025-07-19 23:55:00,VIC1,82.93982
2025-07-20 00:00:00,VIC1,80.28542
2025-07-20 00:05:00,VIC1,89.91929
2025-07-20 00:10:00,VIC1,101.3934
2025-07-20 00:15:00,VIC1,79.73788
2025-07-20 00:20:00,VIC1,74.8189
2025-07-20 00:25:00,VIC1,79.89913
2025-07-20 00:30:00,VIC1,79.15653
2025-07-20 00:35:00,VIC1,78.68262
2025-07-20 00:40:00,VIC1,79.68287
2025-07-20 00:45:00,VIC1,79.31486
2025-07-20 00:50:00,VIC1,77.44973
2025-07-20 00:55:00,VIC1,75.44142
2025-07-20 01:00:00,VIC1,75.39357
2025-07-20 01:05:00,VIC1,79.81495
2025-07-20 01:10:00,VIC1,78.56919
2025-07-20 01:15:00,VIC1,70.76279
2025-07-20 01:20:00,VIC1,73.24079
2025-07-20 01:25:00,VIC1,73.07513
2025-07-20 01:30:00,VIC1,69.67227
2025-07-20 01:35:00,VIC1,69.77437
2025-07-20 01:40:00,VIC1,72.86299
2025-07-20 01:45:00,VIC1,73.03676
2025-07-20 01:50:00,VIC1,69.4283
2025-07-20 01:55:00,VIC1,69.89912
2025-07-20 02:00:00,VIC1,70.80579
2025-07-20 02:05:00,VIC1,73.63749
2025-07-20 02:10:00,VIC1,77.80482
2025-07-20 02:15:00,VIC1,76.0846
2025-07-20 02:20:00,VIC1,68.33623
2025-07-20 02:25:00,VIC1,73.40115
2025-07-20 02:30:00,VIC1,73.38527
2025-07-20 02:35:00,VIC1,73.47715
2025-07-20 02:40:00,VIC1,72.85428
2025-07-20 02:45:00,VIC1,75.80708
2025-07-20 02:50:00,VIC1,71.76386
2025-07-20 02:55:00,VIC1,73.34476
2025-07-20 03:00:00,VIC1,73.48898
2025-07-20 03:05:00,VIC1,79.47584
2025-07-20 03:10:00,VIC1,79.43903
2025-07-20 03:15:00,VIC1,82.02191
2025-07-20 03:20:00,VIC1,83.45644
2025-07-20 03:25:00,VIC1,79.92506
2025-07-20 03:30:00,VIC1,79.39538
2025-07-20 03:35:00,VIC1,83.94068
2025-07-20 03:40:00,VIC1,81.80172
2025-07-20 03:45:00,VIC1,85.9907
2025-07-20 03:50:00,VIC1,81.71447
2025-07-20 03:55:00,VIC1,85.19658
2025-07-20 04:00:00,VIC1,83.54882
2025-07-20 04:05:00,VIC1,80.0
2025-07-20 04:10:00,VIC1,91.63116
2025-07-20 04:15:00,VIC1,92.54172
2025-07-20 04:20:00,VIC1,93.9092
2025-07-20 04:25:00,VIC1,93.83907
2025-07-20 04:30:00,VIC1,94.55811
2025-07-20 04:35:00,VIC1,94.4137
2025-07-20 04:40:00,VIC1,95.57072
2025-07-20 04:45:00,VIC1,92.5122
2025-07-20 04:50:00,VIC1,90.45302
2025-07-20 04:55:00,VIC1,91.31967
2025-07-20 05:00:00,VIC1,93.18424
2025-07-20 05:05:00,VIC1,84.39967
2025-07-20 05:10:00,VIC1,83.57159
2025-07-20 05:15:00,VIC1,95.09727
2025-07-20 05:20:00,VIC1,95.76274
2025-07-20 05:25:00,VIC1,96.13149
2025-07-20 05:30:00,VIC1,86.65749
2025-07-20 05:35:00,VIC1,85.51235
2025-07-20 05:40:00,VIC1,98.43789
2025-07-20 05:45:00,VIC1,101.26653
2025-07-20 05:50:00,VIC1,94.4352
2025-07-20 05:55:00,VIC1,87.12632
2025-07-20 06:00:00,VIC1,107.50692
2025-07-20 06:05:00,VIC1,106.4059
2025-07-20 06:10:00,VIC1,111.19873
2025-07-20 06:15:00,VIC1,120.0
2025-07-20 06:20:00,VIC1,124.98073
2025-07-20 06:25:00,VIC1,107.70171
2025-07-20 06:30:00,VIC1,123.29751
2025-07-20 06:35:00,VIC1,120.0
2025-07-20 06:40:00,VIC1,114.87071
2025-07-20 06:45:00,VIC1,123.46357
2025-07-20 06:50:00,VIC1,131.26403
2025-07-20 06:55:00,VIC1,131.86194
2025-07-20 07:00:00,VIC1,132.52607
2025-07-20 07:05:00,VIC1,124.07089
2025-07-20 07:10:00,VIC1,130.23
2025-07-20 07:15:00,VIC1,130.23
2025-07-20 07:20:00,VIC1,133.18722
2025-07-20 07:25:00,VIC1,165.2199
2025-07-20 07:30:00,VIC1,135.02482
2025-07-20 07:35:00,VIC1,166.02
2025-07-20 07:40:00,VIC1,166.02
2025-07-20 07:45:00,VIC1,166.02
2025-07-20 07:50:00,VIC1,177.11427
2025-07-20 07:55:00,VIC1,179.85496
2025-07-20 08:00:00,VIC1,178.98084
2025-07-20 08:05:00,VIC1,135.01961
2025-07-20 08:10:00,VIC1,132.4
2025-07-20 08:15:00,VIC1,177.95141
2025-07-20 08:20:00,VIC1,163.04711
2025-07-20 08:25:00,VIC1,135.43622
2025-07-20 08:30:00,VIC1,95.00437
2025-07-20 08:35:00,VIC1,65.75062
2025-07-20 08:40:00,VIC1,57.0
2025-07-20 08:45:00,VIC1,64.72779
2025-07-20 08:50:00,VIC1,56.4846
2025-07-20 08:55:00,VIC1,57.0
2025-07-20 09:00:00,VIC1,35.54282
2025-07-20 09:05:00,VIC1,56.93894
2025-07-20 09:10:00,VIC1,65.78375
2025-07-20 09:15:00,VIC1,57.54006
2025-07-20 09:20:00,VIC1,42.19
2025-07-20 09:25:00,VIC1,35.30514
2025-07-20 09:30:00,VIC1,20.04
2025-07-20 09:35:00,VIC1,34.89934
2025-07-20 09:40:00,VIC1,34.92264
2025-07-20 09:45:00,VIC1,34.51337
2025-07-20 09:50:00,VIC1,22.7703
2025-07-20 09:55:00,VIC1,22.92569
2025-07-20 10:00:00,VIC1,8.95
2025-07-20 10:05:00,VIC1,11.52
2025-07-20 10:10:00,VIC1,45.98731
2025-07-20 10:15:00,VIC1,33.3537
2025-07-20 10:20:00,VIC1,8.81856
2025-07-20 10:25:00,VIC1,8.95
2025-07-20 10:30:00,VIC1,20.0
2025-07-20 10:35:00,VIC1,10.5274
2025-07-20 10:40:00,VIC1,8.94974
2025-07-20 10:45:00,VIC1,12.29292
2025-07-20 10:50:00,VIC1,10.55817
2025-07-20 10:55:00,VIC1,12.42766
2025-07-20 11:00:00,VIC1,-0.09
2025-07-20 11:05:00,VIC1,0.01
2025-07-20 11:10:00,VIC1,9.36427
2025-07-20 11:15:00,VIC1,8.95
2025-07-20 11:20:00,VIC1,8.95
2025-07-20 11:25:00,VIC1,8.94974
2025-07-20 11:30:00,VIC1,8.95
2025-07-20 11:35:00,VIC1,8.95
2025-07-20 11:40:00,VIC1,8.95
2025-07-20 11:45:00,VIC1,0.0
2025-07-20 11:50:00,VIC1,6.80026
2025-07-20 11:55:00,VIC1,-5.10515
2025-07-20 12:00:00,VIC1,0.0
2025-07-20 12:05:00,VIC1,2.5033
2025-07-20 12:10:00,VIC1,-0.05539
2025-07-20 12:15:00,VIC1,-12.94904
2025-07-20 12:20:00,VIC1,0.0
2025-07-20 12:25:00,VIC1,8.94974
2025-07-20 12:30:00,VIC1,-12.70611
2025-07-20 12:35:00,VIC1,0.0
2025-07-20 12:40:00,VIC1,8.95075
2025-07-20 12:45:00,VIC1,-8.95979
2025-07-20 12:50:00,VIC1,-13.00916
2025-07-20 12:55:00,VIC1,0.01
2025-07-20 13:00:00,VIC1,0.0
2025-07-20 13:05:00,VIC1,-13.79
2025-07-20 13:10:00,VIC1,-13.06601
2025-07-20 13:15:00,VIC1,-10.08186
2025-07-20 13:20:00,VIC1,-9.96
2025-07-20 13:25:00,VIC1,0.0
2025-07-20 13:30:00,VIC1,0.0
2025-07-20 13:35:00,VIC1,0.01
2025-07-20 13:40:00,VIC1,0.01
2025-07-20 13:45:00,VIC1,8.95026
2025-07-20 13:50:00,VIC1,6.30278
2025-07-20 13:55:00,VIC1,8.95
2025-07-20 14:00:00,VIC1,8.95
2025-07-20 14:05:00,VIC1,8.95
2025-07-20 14:10:00,VIC1,0.01
2025-07-20 14:15:00,VIC1,11.00212
2025-07-20 14:20:00,VIC1,8.95
2025-07-20 14:25:00,VIC1,20.0
2025-07-20 14:30:00,VIC1,20.0
2025-07-20 14:35:00,VIC1,10.60406
2025-07-20 14:40:00,VIC1,8.95
2025-07-20 14:45:00,VIC1,10.20937
2025-07-20 14:50:00,VIC1,26.10701
2025-07-20 14:55:00,VIC1,20.0
2025-07-20 15:00:00,VIC1,21.09474
2025-07-20 15:05:00,VIC1,8.95
2025-07-20 15:10:00,VIC1,50.33484
2025-07-20 15:15:00,VIC1,30.9117
2025-07-20 15:20:00,VIC1,23.81
2025-07-20 15:25:00,VIC1,29.85602
2025-07-20 15:30:00,VIC1,50.40398
2025-07-20 15:35:00,VIC1,32.12415
2025-07-20 15:40:00,VIC1,65.49517
2025-07-20 15:45:00,VIC1,40.5219
2025-07-20 15:50:00,VIC1,51.23768
2025-07-20 15:55:00,VIC1,67.23793
2025-07-20 16:00:00,VIC1,91.61743
2025-07-20 16:05:00,VIC1,69.34277
2025-07-20 16:10:00,VIC1,68.89218
2025-07-20 16:15:00,VIC1,89.66032
2025-07-20 16:20:00,VIC1,120.0
2025-07-20 16:25:00,VIC1,132.72
2025-07-20 16:30:00,VIC1,120.0
2025-07-20 16:35:00,VIC1,123.10598
2025-07-20 16:40:00,VIC1,120.0
2025-07-20 16:45:00,VIC1,136.02327
2025-07-20 16:50:00,VIC1,158.0
2025-07-20 16:55:00,VIC1,158.0
2025-07-20 17:00:00,VIC1,158.0
2025-07-20 17:05:00,VIC1,166.97
2025-07-20 17:10:00,VIC1,158.0
2025-07-20 17:15:00,VIC1,166.02
2025-07-20 17:20:00,VIC1,166.02
2025-07-20 17:25:00,VIC1,170.01954
2025-07-20 17:30:00,VIC1,170.04468
2025-07-20 17:35:00,VIC1,166.97
2025-07-20 17:40:00,VIC1,166.97
2025-07-20 17:45:00,VIC1,297.17946
2025-07-20 17:50:00,VIC1,226.69073
2025-07-20 17:55:00,VIC1,233.45114
2025-07-20 18:00:00,VIC1,203.83197
2025-07-20 18:05:00,VIC1,167.47086
2025-07-20 18:10:00,VIC1,207.03469
2025-07-20 18:15:00,VIC1,164.94518
2025-07-20 18:20:00,VIC1,167.83681
2025-07-20 18:25:00,VIC1,166.97
2025-07-20 18:30:00,VIC1,166.97
2025-07-20 18:35:00,VIC1,164.96488
2025-07-20 18:40:00,VIC1,166.97
2025-07-20 18:45:00,VIC1,166.97
2025-07-20 18:50:00,VIC1,158.0
2025-07-20 18:55:00,VIC1,171.3693
2025-07-20 19:00:00,VIC1,140.83099
2025-07-20 19:05:00,VIC1,164.34494
2025-07-20 19:10:00,VIC1,158.0
2025-07-20 19:15:00,VIC1,131.72
2025-07-20 19:20:00,VIC1,158.0
2025-07-20 19:25:00,VIC1,158.0
2025-07-20 19:30:00,VIC1,141.23412
2025-07-20 19:35:00,VIC1,143.09434
2025-07-20 19:40:00,VIC1,143.67537
2025-07-20 19:45:00,VIC1,158.0
2025-07-20 19:50:00,VIC1,158.0
2025-07-20 19:55:00,VIC1,137.78345
2025-07-20 20:00:00,VIC1,138.73135
2025-07-20 20:05:00,VIC1,158.0
2025-07-20 20:10:00,VIC1,142.23665
2025-07-20 20:15:00,VIC1,131.23
2025-07-20 20:20:00,VIC1,131.23
2025-07-20 20:25:00,VIC1,122.02
2025-07-20 20:30:00,VIC1,122.02
2025-07-20 20:35:00,VIC1,131.23
2025-07-20 20:40:00,VIC1,131.23
2025-07-20 20:45:00,VIC1,131.23
2025-07-20 20:50:00,VIC1,122.02
2025-07-20 20:55:00,VIC1,98.56973
2025-07-20 21:00:00,VIC1,86.58858
2025-07-20 21:05:00,VIC1,120.0
2025-07-20 21:10:00,VIC1,99.34605
2025-07-20 21:15:00,VIC1,82.78834
2025-07-20 21:20:00,VIC1,80.0
2025-07-20 21:25:00,VIC1,78.76187
2025-07-20 21:30:00,VIC1,76.80646
2025-07-20 21:35:00,VIC1,71.95451
2025-07-20 21:40:00,VIC1,72.24239
2025-07-20 21:45:00,VIC1,59.88413
2025-07-20 21:50:00,VIC1,68.07962
2025-07-20 21:55:00,VIC1,62.56943
2025-07-20 22:00:00,VIC1,51.51862
2025-07-20 22:05:00,VIC1,58.25391
2025-07-20 22:10:00,VIC1,70.54746
2025-07-20 22:15:00,VIC1,67.25129
2025-07-20 22:20:00,VIC1,59.52674
2025-07-20 22:25:00,VIC1,58.96977
2025-07-20 22:30:00,VIC1,52.5066
2025-07-20 22:35:00,VIC1,57.6607
2025-07-20 22:40:00,VIC1,20.0
2025-07-20 22:45:00,VIC1,20.99993
2025-07-20 22:50:00,VIC1,14.21451
2025-07-20 22:55:00,VIC1,2.86989
2025-07-20 23:00:00,VIC1,8.94974
2025-07-20 23:05:00,VIC1,8.95
2025-07-20 23:10:00,VIC1,8.95
2025-07-20 23:15:00,VIC1,8.95
2025-07-20 23:20:00,VIC1,0.01
2025-07-20 23:25:00,VIC1,8.94948
2025-07-20 23:30:00,VIC1,8.95
2025-07-20 23:35:00,VIC1,8.95
2025-07-20 23:40:00,VIC1,8.95
2025-07-20 23:45:00,VIC1,8.95
2025-07-20 23:50:00,VIC1,8.95
2025-07-20 23:55:00,VIC1,0.01
2025-07-21 00:00:00,VIC1,0.01
2025-07-21 00:05:00,VIC1,8.41171
2025-07-21 00:10:00,VIC1,8.94974
2025-07-21 00:15:00,VIC1,0.11153
2025-07-21 00:20:00,VIC1,0.01
2025-07-21 00:25:00,VIC1,0.01
2025-07-21 00:30:00,VIC1,7.94925
2025-07-21 00:35:00,VIC1,8.94974
2025-07-21 00:40:00,VIC1,8.94974
2025-07-21 00:45:00,VIC1,8.94974
2025-07-21 00:50:00,VIC1,0.01
2025-07-21 00:55:00,VIC1,8.46023
2025-07-21 01:00:00,VIC1,-3e-05
2025-07-21 01:05:00,VIC1,0.01
2025-07-21 01:10:00,VIC1,0.00992
2025-07-21 01:15:00,VIC1,0.01
2025-07-21 01:20:00,VIC1,0.01
2025-07-21 01:25:00,VIC1,3e-05
2025-07-21 01:30:00,VIC1,3e-05
2025-07-21 01:35:00,VIC1,3e-05
2025-07-21 01:40:00,VIC1,3e-05
2025-07-21 01:45:00,VIC1,-2.82
2025-07-21 01:50:00,VIC1,3e-05
2025-07-21 01:55:00,VIC1,3e-05
2025-07-21 02:00:00,VIC1,3e-05
2025-07-21 02:05:00,VIC1,-2.82
2025-07-21 02:10:00,VIC1,0.01
2025-07-21 02:15:00,VIC1,8.88016
2025-07-21 02:20:00,VIC1,3e-05
2025-07-21 02:25:00,VIC1,-2.82
2025-07-21 02:30:00,VIC1,-7.41
2025-07-21 02:35:00,VIC1,-2.82
2025-07-21 02:40:00,VIC1,3e-05
2025-07-21 02:45:00,VIC1,-8.9536
2025-07-21 02:50:00,VIC1,-7.41
2025-07-21 02:55:00,VIC1,-2.28512
2025-07-21 03:00:00,VIC1,-2.82
2025-07-21 03:05:00,VIC1,-7.41
2025-07-21 03:10:00,VIC1,-9.83
2025-07-21 03:15:00,VIC1,-2.82
2025-07-21 03:20:00,VIC1,-9.13468
2025-07-21 03:25:00,VIC1,-9.83
2025-07-21 03:30:00,VIC1,-9.07065
2025-07-21 03:35:00,VIC1,-9.83
2025-07-21 03:40:00,VIC1,-2.82
2025-07-21 03:45:00,VIC1,-9.16557
2025-07-21 03:50:00,VIC1,-9.96
2025-07-21 03:55:00,VIC1,-9.96
2025-07-21 04:00:00,VIC1,-9.96
2025-07-21 04:05:00,VIC1,-9.96
2025-07-21 04:10:00,VIC1,-9.96
2025-07-21 04:15:00,VIC1,-9.96
2025-07-21 04:20:00,VIC1,-13.99927
2025-07-21 04:25:00,VIC1,-12.79
2025-07-21 04:30:00,VIC1,-12.79
2025-07-21 04:35:00,VIC1,-13.99952
2025-07-21 04:40:00,VIC1,-9.96
2025-07-21 04:45:00,VIC1,-9.96
2025-07-21 04:50:00,VIC1,-13.99952
2025-07-21 04:55:00,VIC1,-12.79
2025-07-21 05:00:00,VIC1,-9.96
2025-07-21 05:05:00,VIC1,-9.96
2025-07-21 05:10:00,VIC1,-9.96
2025-07-21 05:15:00,VIC1,-9.96
2025-07-21 05:20:00,VIC1,-9.96
2025-07-21 05:25:00,VIC1,-7.41
2025-07-21 05:30:00,VIC1,-7.41
2025-07-21 05:35:00,VIC1,-7.41
2025-07-21 05:40:00,VIC1,3e-05
2025-07-21 05:45:00,VIC1,3e-05
2025-07-21 05:50:00,VIC1,0.40811
2025-07-21 05:55:00,VIC1,0.01
2025-07-21 06:00:00,VIC1,8.94932
2025-07-21 06:05:00,VIC1,8.95
2025-07-21 06:10:00,VIC1,20.0
2025-07-21 06:15:00,VIC1,24.50373
2025-07-21 06:20:00,VIC1,34.51421
2025-07-21 06:25:00,VIC1,34.15432
2025-07-21 06:30:00,VIC1,51.03884
2025-07-21 06:35:00,VIC1,41.0199
2025-07-21 06:40:00,VIC1,44.89402
2025-07-21 06:45:00,VIC1,59.18432
2025-07-21 06:50:00,VIC1,74.98924
2025-07-21 06:55:00,VIC1,88.52659
2025-07-21 07:00:00,VIC1,8.95049
2025-07-21 07:05:00,VIC1,8.94925
2025-07-21 07:10:00,VIC1,-0.00028
2025-07-21 07:15:00,VIC1,0.00992
2025-07-21 07:20:00,VIC1,8.94925
2025-07-21 07:25:00,VIC1,8.07078
2025-07-21 07:30:00,VIC1,28.04564
2025-07-21 07:35:00,VIC1,27.61409
2025-07-21 07:40:00,VIC1,20.0
2025-07-21 07:45:00,VIC1,59.09238
2025-07-21 07:50:00,VIC1,79.1615
2025-07-21 07:55:00,VIC1,76.26149
2025-07-21 08:00:00,VIC1,20.00007
2025-07-21 08:05:00,VIC1,48.46331
2025-07-21 08:10:00,VIC1,55.3392
2025-07-21 08:15:00,VIC1,37.71687
2025-07-21 08:20:00,VIC1,20.0
2025-07-21 08:25:00,VIC1,20.0
2025-07-21 08:30:00,VIC1,8.95
2025-07-21 08:35:00,VIC1,8.95
2025-07-21 08:40:00,VIC1,8.95
2025-07-21 08:45:00,VIC1,8.95
2025-07-21 08:50:00,VIC1,20.20007
2025-07-21 08:55:00,VIC1,20.10007
2025-07-21 09:00:00,VIC1,8.95
2025-07-21 09:05:00,VIC1,0.06
2025-07-21 09:10:00,VIC1,0.06
2025-07-21 09:15:00,VIC1,20.1
2025-07-21 09:20:00,VIC1,8.95
2025-07-21 09:25:00,VIC1,0.0
2025-07-21 09:30:00,VIC1,0.06
2025-07-21 09:35:00,VIC1,19.18005
2025-07-21 09:40:00,VIC1,19.18
2025-07-21 09:45:00,VIC1,19.18
2025-07-21 09:50:00,VIC1,19.18
2025-07-21 09:55:00,VIC1,-2.52646
2025-07-21 10:00:00,VIC1,0.01
2025-07-21 10:05:00,VIC1,33.89034
2025-07-21 10:10:00,VIC1,39.83255
2025-07-21 10:15:00,VIC1,35.94
2025-07-21 10:20:00,VIC1,35.94
2025-07-21 10:25:00,VIC1,35.28674
2025-07-21 10:30:00,VIC1,19.18
2025-07-21 10:35:00,VIC1,35.79067
2025-07-21 10:40:00,VIC1,2.20134
2025-07-21 10:45:00,VIC1,19.18
2025-07-21 10:50:00,VIC1,19.18
2025-07-21 10:55:00,VIC1,-9.83
2025-07-21 11:00:00,VIC1,8.95
2025-07-21 11:05:00,VIC1,-9.96
2025-07-21 11:10:00,VIC1,8.95
2025-07-21 11:15:00,VIC1,0.0
2025-07-21 11:20:00,VIC1,8.95
2025-07-21 11:25:00,VIC1,8.95
2025-07-21 11:30:00,VIC1,-7.82395
2025-07-21 11:35:00,VIC1,13.34842
2025-07-21 11:40:00,VIC1,19.18
2025-07-21 11:45:00,VIC1,12.47998
2025-07-21 11:50:00,VIC1,0.06
2025-07-21 11:55:00,VIC1,7.77495
2025-07-21 12:00:00,VIC1,-12.79
2025-07-21 12:05:00,VIC1,-9.96
2025-07-21 12:10:00,VIC1,-9.83
2025-07-21 12:15:00,VIC1,0.06
2025-07-21 12:20:00,VIC1,-12.79
2025-07-21 12:25:00,VIC1,-13.99976
2025-07-21 12:30:00,VIC1,-14.0
2025-07-21 12:35:00,VIC1,-13.99976
2025-07-21 12:40:00,VIC1,-14.0
2025-07-21 12:45:00,VIC1,-13.99976
2025-07-21 12:50:00,VIC1,-16.5
2025-07-21 12:55:00,VIC1,-14.0
2025-07-21 13:00:00,VIC1,-14.0
2025-07-21 13:05:00,VIC1,-18.14
2025-07-21 13:10:00,VIC1,-18.14
2025-07-21 13:15:00,VIC1,-14.0
2025-07-21 13:20:00,VIC1,-16.5
2025-07-21 13:25:00,VIC1,-20.99
2025-07-21 13:30:00,VIC1,-20.99
2025-07-21 13:35:00,VIC1,-20.99
2025-07-21 13:40:00,VIC1,-22.63
2025-07-21 13:45:00,VIC1,-19.99
2025-07-21 13:50:00,VIC1,-17.42
2025-07-21 13:55:00,VIC1,-20.99
2025-07-21 14:00:00,VIC1,-16.5
2025-07-21 14:05:00,VIC1,-16.5
2025-07-21 14:10:00,VIC1,-14.16768
2025-07-21 14:15:00,VIC1,-20.99
2025-07-21 14:20:00,VIC1,-19.92523
2025-07-21 14:25:00,VIC1,-14.0
2025-07-21 14:30:00,VIC1,-19.99
2025-07-21 14:35:00,VIC1,-19.95084
2025-07-21 14:40:00,VIC1,-14.0
2025-07-21 14:45:00,VIC1,-16.64132
2025-07-21 14:50:00,VIC1,-15.8761
2025-07-21 14:55:00,VIC1,-19.99
2025-07-21 15:00:00,VIC1,-19.95245
2025-07-21 15:05:00,VIC1,-19.99
2025-07-21 15:10:00,VIC1,-20.99
2025-07-21 15:15:00,VIC1,-13.99976
2025-07-21 15:20:00,VIC1,-14.0
2025-07-21 15:25:00,VIC1,10.08042
2025-07-21 15:30:00,VIC1,8.95
2025-07-21 15:35:00,VIC1,-14.0
2025-07-21 15:40:00,VIC1,-20.99
2025-07-21 15:45:00,VIC1,-17.39625
2025-07-21 15:50:00,VIC1,-16.62427
2025-07-21 15:55:00,VIC1,-13.99976
2025-07-21 16:00:00,VIC1,-13.99976
2025-07-21 16:05:00,VIC1,-13.99976
2025-07-21 16:10:00,VIC1,-13.99976
2025-07-21 16:15:00,VIC1,8.25016
2025-07-21 16:20:00,VIC1,7.82016
2025-07-21 16:25:00,VIC1,75.8
2025-07-21 16:30:00,VIC1,75.8
2025-07-21 16:35:00,VIC1,70.66966
2025-07-21 16:40:00,VIC1,73.79
2025-07-21 16:45:00,VIC1,75.8
2025-07-21 16:50:00,VIC1,101.67643
2025-07-21 16:55:00,VIC1,71.11582
2025-07-21 17:00:00,VIC1,75.8
2025-07-21 17:05:00,VIC1,20.0
2025-07-21 17:10:00,VIC1,8.95
2025-07-21 17:15:00,VIC1,8.95049
2025-07-21 17:20:00,VIC1,8.95
2025-07-21 17:25:00,VIC1,8.95
2025-07-21 17:30:00,VIC1,8.95
2025-07-21 17:35:00,VIC1,20.0
2025-07-21 17:40:00,VIC1,30.2979
2025-07-21 17:45:00,VIC1,38.68268
2025-07-21 17:50:00,VIC1,97.76092
2025-07-21 17:55:00,VIC1,31.26684
2025-07-21 18:00:00,VIC1,57.32606
2025-07-21 18:05:00,VIC1,53.22289
2025-07-21 18:10:00,VIC1,52.92958
2025-07-21 18:15:00,VIC1,76.68023
2025-07-21 18:20:00,VIC1,113.29514
2025-07-21 18:25:00,VIC1,114.94071
2025-07-21 18:30:00,VIC1,103.78893
2025-07-21 18:35:00,VIC1,151.66368
2025-07-21 18:40:00,VIC1,149.22439
2025-07-21 18:45:00,VIC1,82.91831
2025-07-21 18:50:00,VIC1,64.99951
2025-07-21 18:55:00,VIC1,65.17112
2025-07-21 19:00:00,VIC1,73.36189
2025-07-21 19:05:00,VIC1,199.19473
2025-07-21 19:10:00,VIC1,149.1012
2025-07-21 19:15:00,VIC1,62.46626
2025-07-21 19:20:00,VIC1,54.52098
2025-07-21 19:25:00,VIC1,121.46534
2025-07-21 19:30:00,VIC1,33.86944
2025-07-21 19:35:00,VIC1,-4.17021
2025-07-21 19:40:00,VIC1,42.68011
2025-07-21 19:45:00,VIC1,77.5973
2025-07-21 19:50:00,VIC1,92.66187
2025-07-21 19:55:00,VIC1,-51.10244
2025-07-21 20:00:00,VIC1,198.98057
2025-07-21 20:05:00,VIC1,-157.62766
2025-07-21 20:10:00,VIC1,-48.75822
2025-07-21 20:15:00,VIC1,-16.04108
2025-07-21 20:20:00,VIC1,13.75549
2025-07-21 20:25:00,VIC1,13.6659
2025-07-21 20:30:00,VIC1,6.64429
2025-07-21 20:35:00,VIC1,15.21267
2025-07-21 20:40:00,VIC1,31.25093
2025-07-21 20:45:00,VIC1,17.28795
2025-07-21 20:50:00,VIC1,8.18531
2025-07-21 20:55:00,VIC1,-14.4557
2025-07-21 21:00:00,VIC1,0.91147
2025-07-21 21:05:00,VIC1,14.67657
2025-07-21 21:10:00,VIC1,14.69393
2025-07-21 21:15:00,VIC1,15.25078
2025-07-21 21:20:00,VIC1,7.4059
2025-07-21 21:25:00,VIC1,15.2307
2025-07-21 21:30:00,VIC1,14.46232
2025-07-21 21:35:00,VIC1,8.95
2025-07-21 21:40:00,VIC1,20.0
2025-07-21 21:45:00,VIC1,8.95
2025-07-21 21:50:00,VIC1,8.95
2025-07-21 21:55:00,VIC1,8.95
2025-07-21 22:00:00,VIC1,8.95
2025-07-21 22:05:00,VIC1,8.95
2025-07-21 22:10:00,VIC1,-4.92067
2025-07-21 22:15:00,VIC1,-13.99985
2025-07-21 22:20:00,VIC1,-13.99985
2025-07-21 22:25:00,VIC1,-13.99985
2025-07-21 22:30:00,VIC1,3e-05
2025-07-21 22:35:00,VIC1,47.20272
2025-07-21 22:40:00,VIC1,-9.83
2025-07-21 22:45:00,VIC1,-7.41
2025-07-21 22:50:00,VIC1,-9.96
2025-07-21 22:55:00,VIC1,-13.99976
2025-07-21 23:00:00,VIC1,-13.99976
2025-07-21 23:05:00,VIC1,-9.96
2025-07-21 23:10:00,VIC1,-7.41
2025-07-21 23:15:00,VIC1,-9.83
2025-07-21 23:20:00,VIC1,-9.83
2025-07-21 23:25:00,VIC1,-7.41
2025-07-21 23:30:00,VIC1,-9.83
2025-07-21 23:35:00,VIC1,-9.83
2025-07-21 23:40:00,VIC1,-9.96
2025-07-21 23:45:00,VIC1,-9.96
2025-07-21 23:50:00,VIC1,-9.83
2025-07-21 23:55:00,VIC1,-9.83
2025-07-22 00:00:00,VIC1,-9.96
2025-07-22 00:05:00,VIC1,-9.96
2025-07-22 00:10:00,VIC1,-9.96
2025-07-22 00:15:00,VIC1,-12.79
2025-07-22 00:20:00,VIC1,-13.99976
2025-07-22 00:25:00,VIC1,-13.99976
2025-07-22 00:30:00,VIC1,-13.99976
2025-07-22 00:35:00,VIC1,-13.99976
2025-07-22 00:40:00,VIC1,-13.99967
2025-07-22 00:45:00,VIC1,-13.99967
2025-07-22 00:50:00,VIC1,-13.99967
2025-07-22 00:55:00,VIC1,-13.99967
2025-07-22 01:00:00,VIC1,-13.99967
2025-07-22 01:05:00,VIC1,-13.99976
2025-07-22 01:10:00,VIC1,-13.99976
2025-07-22 01:15:00,VIC1,-13.99976
2025-07-22 01:20:00,VIC1,-14.0
2025-07-22 01:25:00,VIC1,-14.0
2025-07-22 01:30:00,VIC1,-14.0
2025-07-22 01:35:00,VIC1,-14.0
2025-07-22 01:40:00,VIC1,-14.0
2025-07-22 01:45:00,VIC1,-14.0
2025-07-22 01:50:00,VIC1,-14.0
2025-07-22 01:55:00,VIC1,-14.0
2025-07-22 02:00:00,VIC1,-14.0
2025-07-22 02:05:00,VIC1,-13.99976
2025-07-22 02:10:00,VIC1,-13.99976
2025-07-22 02:15:00,VIC1,-13.99976
2025-07-22 02:20:00,VIC1,-13.99976
2025-07-22 02:25:00,VIC1,-14.0
2025-07-22 02:30:00,VIC1,-14.0
2025-07-22 02:35:00,VIC1,-14.0
2025-07-22 02:40:00,VIC1,-14.0
2025-07-22 02:45:00,VIC1,-14.0
2025-07-22 02:50:00,VIC1,-14.0
2025-07-22 02:55:00,VIC1,-14.0
2025-07-22 03:00:00,VIC1,-15.08029
2025-07-22 03:05:00,VIC1,-19.96
2025-07-22 03:10:00,VIC1,-19.96
2025-07-22 03:15:00,VIC1,-20.34
2025-07-22 03:20:00,VIC1,-19.96
2025-07-22 03:25:00,VIC1,-19.56319
2025-07-22 03:30:00,VIC1,-16.07565
2025-07-22 03:35:00,VIC1,-16.45058
2025-07-22 03:40:00,VIC1,-17.67794
2025-07-22 03:45:00,VIC1,-16.38427
2025-07-22 03:50:00,VIC1,-16.44891
2025-07-22 03:55:00,VIC1,-17.67338
2025-07-22 04:00:00,VIC1,-16.79
2025-07-22 04:05:00,VIC1,-19.96
2025-07-22 04:10:00,VIC1,-18.14
2025-07-22 04:15:00,VIC1,-19.99
2025-07-22 04:20:00,VIC1,-19.96
2025-07-22 04:25:00,VIC1,-19.99
2025-07-22 04:30:00,VIC1,-19.7239
2025-07-22 04:35:00,VIC1,-19.96007
2025-07-22 04:40:00,VIC1,-19.6998
2025-07-22 04:45:00,VIC1,-19.61231
2025-07-22 04:50:00,VIC1,-19.5503
2025-07-22 04:55:00,VIC1,-19.96
2025-07-22 05:00:00,VIC1,-16.63503
2025-07-22 05:05:00,VIC1,-16.34463
2025-07-22 05:10:00,VIC1,-16.26373
2025-07-22 05:15:00,VIC1,-13.99991
2025-07-22 05:20:00,VIC1,-13.99991
2025-07-22 05:25:00,VIC1,-16.47548
2025-07-22 05:30:00,VIC1,-13.99991
2025-07-22 05:35:00,VIC1,-13.99967
2025-07-22 05:40:00,VIC1,-13.99967
2025-07-22 05:45:00,VIC1,-13.99967
2025-07-22 05:50:00,VIC1,-13.99967
2025-07-22 05:55:00,VIC1,-13.99967
2025-07-22 06:00:00,VIC1,-13.99967
2025-07-22 06:05:00,VIC1,-13.99967
2025-07-22 06:10:00,VIC1,-9.96
2025-07-22 06:15:00,VIC1,-9.96
2025-07-22 06:20:00,VIC1,-2.82
2025-07-22 06:25:00,VIC1,0.01
2025-07-22 06:30:00,VIC1,0.01
2025-07-22 06:35:00,VIC1,2.12624
2025-07-22 06:40:00,VIC1,36.76
2025-07-22 06:45:00,VIC1,20.74
2025-07-22 06:50:00,VIC1,20.73
2025-07-22 06:55:00,VIC1,53.56689
2025-07-22 07:00:00,VIC1,55.789
2025-07-22 07:05:00,VIC1,45.81508
2025-07-22 07:10:00,VIC1,8.95061
2025-07-22 07:15:00,VIC1,8.95002
2025-07-22 07:20:00,VIC1,26.96734
2025-07-22 07:25:00,VIC1,15.01109
2025-07-22 07:30:00,VIC1,15.08285
2025-07-22 07:35:00,VIC1,27.03886
2025-07-22 07:40:00,VIC1,26.39363
2025-07-22 07:45:00,VIC1,8.95069
2025-07-22 07:50:00,VIC1,20.0
2025-07-22 07:55:00,VIC1,8.95069
2025-07-22 08:00:00,VIC1,8.94979
2025-07-22 08:05:00,VIC1,8.95
2025-07-22 08:10:00,VIC1,8.95
2025-07-22 08:15:00,VIC1,8.95
2025-07-22 08:20:00,VIC1,8.95
2025-07-22 08:25:00,VIC1,8.95
2025-07-22 08:30:00,VIC1,8.95
2025-07-22 08:35:00,VIC1,8.95
2025-07-22 08:40:00,VIC1,8.94978
2025-07-22 08:45:00,VIC1,8.95
2025-07-22 08:50:00,VIC1,8.95
2025-07-22 08:55:00,VIC1,0.77003
2025-07-22 09:00:00,VIC1,8.95
2025-07-22 09:05:00,VIC1,8.95
2025-07-22 09:10:00,VIC1,8.95
2025-07-22 09:15:00,VIC1,8.95
2025-07-22 09:20:00,VIC1,8.95
2025-07-22 09:25:00,VIC1,1.05
2025-07-22 09:30:00,VIC1,8.95
2025-07-22 09:35:00,VIC1,1.86907
2025-07-22 09:40:00,VIC1,12.58892
2025-07-22 09:45:00,VIC1,4.73902
2025-07-22 09:50:00,VIC1,24.98194
2025-07-22 09:55:00,VIC1,13.16107
2025-07-22 10:00:00,VIC1,8.95
2025-07-22 10:05:00,VIC1,8.95
2025-07-22 10:10:00,VIC1,8.95
2025-07-22 10:15:00,VIC1,12.55445
2025-07-22 10:20:00,VIC1,21.51163
2025-07-22 10:25:00,VIC1,3.92425
2025-07-22 10:30:00,VIC1,8.95
2025-07-22 10:35:00,VIC1,8.95
2025-07-22 10:40:00,VIC1,-13.99976
2025-07-22 10:45:00,VIC1,8.95
2025-07-22 10:50:00,VIC1,8.95
2025-07-22 10:55:00,VIC1,-13.99976
2025-07-22 11:00:00,VIC1,-2.92842
2025-07-22 11:05:00,VIC1,8.95
2025-07-22 11:10:00,VIC1,32.21495
2025-07-22 11:15:00,VIC1,14.13375
2025-07-22 11:20:00,VIC1,-1.6999
2025-07-22 11:25:00,VIC1,20.0
2025-07-22 11:30:00,VIC1,14.42459
2025-07-22 11:35:00,VIC1,17.04779
2025-07-22 11:40:00,VIC1,15.84257
2025-07-22 11:45:00,VIC1,18.40533
2025-07-22 11:50:00,VIC1,-3.77204
2025-07-22 11:55:00,VIC1,18.4056
2025-07-22 12:00:00,VIC1,79.41088
2025-07-22 12:05:00,VIC1,37.36195
2025-07-22 12:10:00,VIC1,-27.0049
2025-07-22 12:15:00,VIC1,37.09518
2025-07-22 12:20:00,VIC1,18.29868
2025-07-22 12:25:00,VIC1,40.79276
2025-07-22 12:30:00,VIC1,127.60739
2025-07-22 12:35:00,VIC1,136.61233
2025-07-22 12:40:00,VIC1,-37.22594
2025-07-22 12:45:00,VIC1,-44.20147
2025-07-22 12:50:00,VIC1,-4.73402
2025-07-22 12:55:00,VIC1,11.23253
2025-07-22 13:00:00,VIC1,-14.0
2025-07-22 13:05:00,VIC1,-9.61012
2025-07-22 13:10:00,VIC1,-9.20913
2025-07-22 13:15:00,VIC1,45.89
2025-07-22 13:20:00,VIC1,30.22415
2025-07-22 13:25:00,VIC1,45.89
2025-07-22 13:30:00,VIC1,73.02053
2025-07-22 13:35:00,VIC1,45.89
2025-07-22 13:40:00,VIC1,45.89
2025-07-22 13:45:00,VIC1,43.49469
2025-07-22 13:50:00,VIC1,13.02523
2025-07-22 13:55:00,VIC1,136.46069
2025-07-22 14:00:00,VIC1,45.89005
2025-07-22 14:05:00,VIC1,17.96383
2025-07-22 14:10:00,VIC1,17.964
2025-07-22 14:15:00,VIC1,-5.20368
2025-07-22 14:20:00,VIC1,-37.27782
2025-07-22 14:25:00,VIC1,-38.31483
2025-07-22 14:30:00,VIC1,-22.63
2025-07-22 14:35:00,VIC1,-22.63
2025-07-22 14:40:00,VIC1,-22.63
2025-07-22 14:45:00,VIC1,-19.99
2025-07-22 14:50:00,VIC1,-21.58865
2025-07-22 14:55:00,VIC1,-22.63
2025-07-22 15:00:00,VIC1,-37.09044
2025-07-22 15:05:00,VIC1,-20.0
2025-07-22 15:10:00,VIC1,-16.5
2025-07-22 15:15:00,VIC1,-15.71253
2025-07-22 15:20:00,VIC1,-20.0
2025-07-22 15:25:00,VIC1,-13.99967
2025-07-22 15:30:00,VIC1,-13.99967
2025-07-22 15:35:00,VIC1,-13.99967
2025-07-22 15:40:00,VIC1,-9.96
2025-07-22 15:45:00,VIC1,-13.99991
2025-07-22 15:50:00,VIC1,-16.69683
2025-07-22 15:55:00,VIC1,19.99007
2025-07-22 16:00:00,VIC1,26.90974
2025-07-22 16:05:00,VIC1,-13.99981
2025-07-22 16:10:00,VIC1,8.95
2025-07-22 16:15:00,VIC1,8.95
2025-07-22 16:20:00,VIC1,-8.14118
2025-07-22 16:25:00,VIC1,-5.18456
2025-07-22 16:30:00,VIC1,-13.99985
2025-07-22 16:35:00,VIC1,15.17447
2025-07-22 16:40:00,VIC1,60.67899
2025-07-22 16:45:00,VIC1,59.82942
2025-07-22 16:50:00,VIC1,83.29819
2025-07-22 16:55:00,VIC1,70.02755
2025-07-22 17:00:00,VIC1,75.59218
2025-07-22 17:05:00,VIC1,24.33073
2025-07-22 17:10:00,VIC1,15.17562
2025-07-22 17:15:00,VIC1,17.26464
2025-07-22 17:20:00,VIC1,79.54743
2025-07-22 17:25:00,VIC1,46.82105
2025-07-22 17:30:00,VIC1,7.61478
2025-07-22 17:35:00,VIC1,32.35246
2025-07-22 17:40:00,VIC1,26.24518
2025-07-22 17:45:00,VIC1,127.30468
2025-07-22 17:50:00,VIC1,141.82293
2025-07-22 17:55:00,VIC1,57.9747
2025-07-22 18:00:00,VIC1,-61.52693
2025-07-22 18:05:00,VIC1,24.41769
2025-07-22 18:10:00,VIC1,145.91825
2025-07-22 18:15:00,VIC1,334.70322
2025-07-22 18:20:00,VIC1,-36.27278
2025-07-22 18:25:00,VIC1,257.8723
2025-07-22 18:30:00,VIC1,148.92268
2025-07-22 18:35:00,VIC1,148.84159
2025-07-22 18:40:00,VIC1,66.97679
2025-07-22 18:45:00,VIC1,27.90468
2025-07-22 18:50:00,VIC1,138.39978
2025-07-22 18:55:00,VIC1,97.57906
2025-07-22 19:00:00,VIC1,57.01642
2025-07-22 19:05:00,VIC1,97.63034
2025-07-22 19:10:00,VIC1,100.80429
2025-07-22 19:15:00,VIC1,64.55568
2025-07-22 19:20:00,VIC1,46.24566
2025-07-22 19:25:00,VIC1,65.8006
2025-07-22 19:30:00,VIC1,-13.4505
2025-07-22 19:35:00,VIC1,27.90468
2025-07-22 19:40:00,VIC1,217.58303
2025-07-22 19:45:00,VIC1,97.59091
2025-07-22 19:50:00,VIC1,-13.4505
2025-07-22 19:55:00,VIC1,81.7602
2025-07-22 20:00:00,VIC1,-64.87232
2025-07-22 20:05:00,VIC1,-64.59566
2025-07-22 20:10:00,VIC1,-0.97436
2025-07-22 20:15:00,VIC1,-14.0
2025-07-22 20:20:00,VIC1,-16.82304
2025-07-22 20:25:00,VIC1,-14.0
2025-07-22 20:30:00,VIC1,-27.5
2025-07-22 20:35:00,VIC1,-13.99985
2025-07-22 20:40:00,VIC1,-14.00009
2025-07-22 20:45:00,VIC1,-14.00009
2025-07-22 20:50:00,VIC1,-14.00009
2025-07-22 20:55:00,VIC1,-14.00009
2025-07-22 21:00:00,VIC1,-13.99985
2025-07-22 21:05:00,VIC1,-13.99942
2025-07-22 21:10:00,VIC1,4.5
2025-07-22 21:15:00,VIC1,-13.99985
2025-07-22 21:20:00,VIC1,-13.99985
2025-07-22 21:25:00,VIC1,-13.99985
2025-07-22 21:30:00,VIC1,-13.99985
2025-07-22 21:35:00,VIC1,8.95
2025-07-22 21:40:00,VIC1,4.5
2025-07-22 21:45:00,VIC1,4.5
2025-07-22 21:50:00,VIC1,4.5
2025-07-22 21:55:00,VIC1,4.5
2025-07-22 22:00:00,VIC1,-13.99985
2025-07-22 22:05:00,VIC1,-13.9996
2025-07-22 22:10:00,VIC1,26.63
2025-07-22 22:15:00,VIC1,23.55
2025-07-22 22:20:00,VIC1,20.0
2025-07-22 22:25:00,VIC1,20.0
2025-07-22 22:30:00,VIC1,20.0
2025-07-22 22:35:00,VIC1,8.95026
2025-07-22 22:40:00,VIC1,-13.99985
2025-07-22 22:45:00,VIC1,-13.9996
2025-07-22 22:50:00,VIC1,20.0
2025-07-22 22:55:00,VIC1,20.0
2025-07-22 23:00:00,VIC1,-3.89737
2025-07-22 23:05:00,VIC1,8.94977
2025-07-22 23:10:00,VIC1,23.55
2025-07-22 23:15:00,VIC1,8.95026
2025-07-22 23:20:00,VIC1,8.95026
2025-07-22 23:25:00,VIC1,8.95026
2025-07-22 23:30:00,VIC1,-2.57083
2025-07-22 23:35:00,VIC1,20.0
2025-07-22 23:40:00,VIC1,20.0
2025-07-22 23:45:00,VIC1,-13.99985
2025-07-22 23:50:00,VIC1,-13.99985
2025-07-22 23:55:00,VIC1,-13.99985
2025-07-23 00:00:00,VIC1,32.01
2025-07-23 00:05:00,VIC1,20.0
2025-07-23 00:10:00,VIC1,8.94977
2025-07-23 00:15:00,VIC1,20.0
2025-07-23 00:20:00,VIC1,8.94977
2025-07-23 00:25:00,VIC1,-13.99985
2025-07-23 00:30:00,VIC1,-13.99985
2025-07-23 00:35:00,VIC1,23.55
2025-07-23 00:40:00,VIC1,20.0
2025-07-23 00:45:00,VIC1,-2.82
2025-07-23 00:50:00,VIC1,-10.8122
2025-07-23 00:55:00,VIC1,-13.99985
2025-07-23 01:00:00,VIC1,-2.82
2025-07-23 01:05:00,VIC1,14.39
2025-07-23 01:10:00,VIC1,8.59977
2025-07-23 01:15:00,VIC1,4.5
2025-07-23 01:20:00,VIC1,3e-05
2025-07-23 01:25:00,VIC1,4.5
2025-07-23 01:30:00,VIC1,4.5
2025-07-23 01:35:00,VIC1,4.5
2025-07-23 01:40:00,VIC1,0.14003
2025-07-23 01:45:00,VIC1,0.05003
2025-07-23 01:50:00,VIC1,0.05003
2025-07-23 01:55:00,VIC1,3e-05
2025-07-23 02:00:00,VIC1,3e-05
2025-07-23 02:05:00,VIC1,-2.82
2025-07-23 02:10:00,VIC1,4.5
2025-07-23 02:15:00,VIC1,12.42
2025-07-23 02:20:00,VIC1,3e-05
2025-07-23 02:25:00,VIC1,3e-05
2025-07-23 02:30:00,VIC1,3e-05
2025-07-23 02:35:00,VIC1,3e-05
2025-07-23 02:40:00,VIC1,3e-05
2025-07-23 02:45:00,VIC1,3e-05
2025-07-23 02:50:00,VIC1,4.5
2025-07-23 02:55:00,VIC1,3e-05
2025-07-23 03:00:00,VIC1,4.5
2025-07-23 03:05:00,VIC1,3e-05
2025-07-23 03:10:00,VIC1,3e-05
2025-07-23 03:15:00,VIC1,3e-05
2025-07-23 03:20:00,VIC1,4.49629
2025-07-23 03:25:00,VIC1,4.5
2025-07-23 03:30:00,VIC1,4.5
2025-07-23 03:35:00,VIC1,4.5
2025-07-23 03:40:00,VIC1,20.0
2025-07-23 03:45:00,VIC1,4.5
2025-07-23 03:50:00,VIC1,4.5
2025-07-23 03:55:00,VIC1,4.5
2025-07-23 04:00:00,VIC1,13.77
2025-07-23 04:05:00,VIC1,4.5
2025-07-23 04:10:00,VIC1,4.5
2025-07-23 04:15:00,VIC1,0.9
2025-07-23 04:20:00,VIC1,0.01
2025-07-23 04:25:00,VIC1,3e-05
2025-07-23 04:30:00,VIC1,0.01
2025-07-23 04:35:00,VIC1,4.5
2025-07-23 04:40:00,VIC1,4.5
2025-07-23 04:45:00,VIC1,4.5
2025-07-23 04:50:00,VIC1,8.95023
2025-07-23 04:55:00,VIC1,12.42
2025-07-23 05:00:00,VIC1,13.77
2025-07-23 05:05:00,VIC1,20.0
2025-07-23 05:10:00,VIC1,34.91
2025-07-23 05:15:00,VIC1,59.04017
2025-07-23 05:20:00,VIC1,60.10334
2025-07-23 05:25:00,VIC1,58.57205
2025-07-23 05:30:00,VIC1,59.63754
2025-07-23 05:35:00,VIC1,21.62336
2025-07-23 05:40:00,VIC1,23.79
2025-07-23 05:45:00,VIC1,19.18
2025-07-23 05:50:00,VIC1,6.17635
2025-07-23 05:55:00,VIC1,20.33
2025-07-23 06:00:00,VIC1,20.47
2025-07-23 06:05:00,VIC1,30.18696
2025-07-23 06:10:00,VIC1,20.46993
2025-07-23 06:15:00,VIC1,65.58494
2025-07-23 06:20:00,VIC1,68.45541
2025-07-23 06:25:00,VIC1,37.96214
2025-07-23 06:30:00,VIC1,20.0
2025-07-23 06:35:00,VIC1,16.54783
2025-07-23 06:40:00,VIC1,19.18004
2025-07-23 06:45:00,VIC1,20.0
2025-07-23 06:50:00,VIC1,27.69
2025-07-23 06:55:00,VIC1,23.54
2025-07-23 07:00:00,VIC1,74.10837
2025-07-23 07:05:00,VIC1,107.23981
2025-07-23 07:10:00,VIC1,123.15108
2025-07-23 07:15:00,VIC1,124.70641
2025-07-23 07:20:00,VIC1,138.85707
2025-07-23 07:25:00,VIC1,145.28034
2025-07-23 07:30:00,VIC1,145.57727
2025-07-23 07:35:00,VIC1,146.09248
2025-07-23 07:40:00,VIC1,149.51156
2025-07-23 07:45:00,VIC1,140.17
2025-07-23 07:50:00,VIC1,132.69307
2025-07-23 07:55:00,VIC1,115.39718
2025-07-23 08:00:00,VIC1,104.33253
2025-07-23 08:05:00,VIC1,103.86417
2025-07-23 08:10:00,VIC1,98.67425
2025-07-23 08:15:00,VIC1,92.64092
2025-07-23 08:20:00,VIC1,75.06546
2025-07-23 08:25:00,VIC1,54.94223
2025-07-23 08:30:00,VIC1,21.76
2025-07-23 08:35:00,VIC1,20.71
2025-07-23 08:40:00,VIC1,20.00007
2025-07-23 08:45:00,VIC1,20.00007
2025-07-23 08:50:00,VIC1,20.0
2025-07-23 08:55:00,VIC1,20.00007
2025-07-23 09:00:00,VIC1,20.01007
2025-07-23 09:05:00,VIC1,34.20508
2025-07-23 09:10:00,VIC1,34.14459
2025-07-23 09:15:00,VIC1,33.76854
2025-07-23 09:20:00,VIC1,20.0
2025-07-23 09:25:00,VIC1,33.14975
2025-07-23 09:30:00,VIC1,8.95
2025-07-23 09:35:00,VIC1,45.89
2025-07-23 09:40:00,VIC1,22.04727
2025-07-23 09:45:00,VIC1,21.8574
2025-07-23 09:50:00,VIC1,27.76954
2025-07-23 09:55:00,VIC1,21.79672
2025-07-23 10:00:00,VIC1,8.95
2025-07-23 10:05:00,VIC1,8.95
2025-07-23 10:10:00,VIC1,45.02074
2025-07-23 10:15:00,VIC1,3e-05
2025-07-23 10:20:00,VIC1,8.95
2025-07-23 10:25:00,VIC1,-0.86115
2025-07-23 10:30:00,VIC1,4.5
2025-07-23 10:35:00,VIC1,26.8086
2025-07-23 10:40:00,VIC1,20.57082
2025-07-23 10:45:00,VIC1,4.5
2025-07-23 10:50:00,VIC1,-0.00817
2025-07-23 10:55:00,VIC1,8.95
2025-07-23 11:00:00,VIC1,-0.08082
2025-07-23 11:05:00,VIC1,-6.17037
2025-07-23 11:10:00,VIC1,4.5
2025-07-23 11:15:00,VIC1,8.95
2025-07-23 11:20:00,VIC1,4.5
2025-07-23 11:25:00,VIC1,8.95
2025-07-23 11:30:00,VIC1,10.67537
2025-07-23 11:35:00,VIC1,4.5
2025-07-23 11:40:00,VIC1,4.5
2025-07-23 11:45:00,VIC1,27.05746
2025-07-23 11:50:00,VIC1,10.28798
2025-07-23 11:55:00,VIC1,20.51878
2025-07-23 12:00:00,VIC1,-2.82
2025-07-23 12:05:00,VIC1,4.5
2025-07-23 12:10:00,VIC1,8.95
2025-07-23 12:15:00,VIC1,8.95
2025-07-23 12:20:00,VIC1,18.14649
2025-07-23 12:25:00,VIC1,0.43514
2025-07-23 12:30:00,VIC1,8.95
2025-07-23 12:35:00,VIC1,8.95
2025-07-23 12:40:00,VIC1,26.28733
2025-07-23 12:45:00,VIC1,25.87772
2025-07-23 12:50:00,VIC1,29.60057
2025-07-23 12:55:00,VIC1,4.5
2025-07-23 13:00:00,VIC1,8.95
2025-07-23 13:05:00,VIC1,30.68426
2025-07-23 13:10:00,VIC1,50.04411
2025-07-23 13:15:00,VIC1,45.89005
2025-07-23 13:20:00,VIC1,38.46241
2025-07-23 13:25:00,VIC1,14.42837
2025-07-23 13:30:00,VIC1,44.56696
2025-07-23 13:35:00,VIC1,45.50656
2025-07-23 13:40:00,VIC1,39.68443
2025-07-23 13:45:00,VIC1,28.48
2025-07-23 13:50:00,VIC1,12.42
2025-07-23 13:55:00,VIC1,26.23737
2025-07-23 14:00:00,VIC1,4.5
2025-07-23 14:05:00,VIC1,4.5
2025-07-23 14:10:00,VIC1,3e-05
2025-07-23 14:15:00,VIC1,23.53997
2025-07-23 14:20:00,VIC1,6.71694
2025-07-23 14:25:00,VIC1,30.36982
2025-07-23 14:30:00,VIC1,29.53748
2025-07-23 14:35:00,VIC1,0.0
2025-07-23 14:40:00,VIC1,0.0
2025-07-23 14:45:00,VIC1,0.01005
2025-07-23 14:50:00,VIC1,-9.96
2025-07-23 14:55:00,VIC1,8.94978
2025-07-23 15:00:00,VIC1,41.76005
2025-07-23 15:05:00,VIC1,33.89005
2025-07-23 15:10:00,VIC1,34.87363
2025-07-23 15:15:00,VIC1,20.04
2025-07-23 15:20:00,VIC1,8.95
2025-07-23 15:25:00,VIC1,21.06392
2025-07-23 15:30:00,VIC1,39.96732
2025-07-23 15:35:00,VIC1,40.75199
2025-07-23 15:40:00,VIC1,32.52586
2025-07-23 15:45:00,VIC1,57.0
2025-07-23 15:50:00,VIC1,80.33238
2025-07-23 15:55:00,VIC1,72.47715
2025-07-23 16:00:00,VIC1,58.44263
2025-07-23 16:05:00,VIC1,20.93627
2025-07-23 16:10:00,VIC1,34.27
2025-07-23 16:15:00,VIC1,54.09015
2025-07-23 16:20:00,VIC1,54.46856
2025-07-23 16:25:00,VIC1,77.0046
2025-07-23 16:30:00,VIC1,82.05123
2025-07-23 16:35:00,VIC1,99.51685
2025-07-23 16:40:00,VIC1,102.66929
2025-07-23 16:45:00,VIC1,131.23
2025-07-23 16:50:00,VIC1,131.23
2025-07-23 16:55:00,VIC1,129.94893
2025-07-23 17:00:00,VIC1,158.0
2025-07-23 17:05:00,VIC1,151.16459
2025-07-23 17:10:00,VIC1,158.0
2025-07-23 17:15:00,VIC1,166.97
2025-07-23 17:20:00,VIC1,163.55239
2025-07-23 17:25:00,VIC1,162.01494
2025-07-23 17:30:00,VIC1,166.97
2025-07-23 17:35:00,VIC1,158.0
2025-07-23 17:40:00,VIC1,170.22
2025-07-23 17:45:00,VIC1,263.83901
2025-07-23 17:50:00,VIC1,202.47251
2025-07-23 17:55:00,VIC1,218.08618
2025-07-23 18:00:00,VIC1,210.92007
2025-07-23 18:05:00,VIC1,213.70426
2025-07-23 18:10:00,VIC1,166.97
2025-07-23 18:15:00,VIC1,170.22
2025-07-23 18:20:00,VIC1,223.36
2025-07-23 18:25:00,VIC1,203.78037
2025-07-23 18:30:00,VIC1,173.77796
2025-07-23 18:35:00,VIC1,184.27799
2025-07-23 18:40:00,VIC1,223.36
2025-07-23 18:45:00,VIC1,245.64123
2025-07-23 18:50:00,VIC1,266.11
2025-07-23 18:55:00,VIC1,273.44457
2025-07-23 19:00:00,VIC1,266.11
2025-07-23 19:05:00,VIC1,266.11
2025-07-23 19:10:00,VIC1,266.11
2025-07-23 19:15:00,VIC1,288.53858
2025-07-23 19:20:00,VIC1,266.53017
2025-07-23 19:25:00,VIC1,267.92031
2025-07-23 19:30:00,VIC1,266.11
2025-07-23 19:35:00,VIC1,266.11
2025-07-23 19:40:00,VIC1,263.83901
2025-07-23 19:45:00,VIC1,223.92063
2025-07-23 19:50:00,VIC1,265.84898
2025-07-23 19:55:00,VIC1,265.17038
2025-07-23 20:00:00,VIC1,222.42866
2025-07-23 20:05:00,VIC1,227.26293
2025-07-23 20:10:00,VIC1,160.50284
2025-07-23 20:15:00,VIC1,166.97
2025-07-23 20:20:00,VIC1,265.1502
2025-07-23 20:25:00,VIC1,265.1502
2025-07-23 20:30:00,VIC1,264.27607
2025-07-23 20:35:00,VIC1,265.1502
2025-07-23 20:40:00,VIC1,263.12093
2025-07-23 20:45:00,VIC1,165.92131
2025-07-23 20:50:00,VIC1,216.76919
2025-07-23 20:55:00,VIC1,176.63341
2025-07-23 21:00:00,VIC1,168.46448
2025-07-23 21:05:00,VIC1,167.06451
2025-07-23 21:10:00,VIC1,168.35562
2025-07-23 21:15:00,VIC1,168.30424
2025-07-23 21:20:00,VIC1,183.3944
2025-07-23 21:25:00,VIC1,169.79656
2025-07-23 21:30:00,VIC1,160.0
2025-07-23 21:35:00,VIC1,160.0
2025-07-23 21:40:00,VIC1,120.91454
2025-07-23 21:45:00,VIC1,117.35432
2025-07-23 21:50:00,VIC1,116.24557
2025-07-23 21:55:00,VIC1,104.38797
2025-07-23 22:00:00,VIC1,97.0
2025-07-23 22:05:00,VIC1,97.0
2025-07-23 22:10:00,VIC1,101.06233
2025-07-23 22:15:00,VIC1,97.0
2025-07-23 22:20:00,VIC1,97.0
2025-07-23 22:25:00,VIC1,96.87612
2025-07-23 22:30:00,VIC1,118.11493
2025-07-23 22:35:00,VIC1,122.1281
2025-07-23 22:40:00,VIC1,103.20317
2025-07-23 22:45:00,VIC1,98.69695
2025-07-23 22:50:00,VIC1,101.84179
2025-07-23 22:55:00,VIC1,82.67137
2025-07-23 23:00:00,VIC1,90.01
2025-07-23 23:05:00,VIC1,90.01
2025-07-23 23:10:00,VIC1,93.84821
2025-07-23 23:15:00,VIC1,80.70669
2025-07-23 23:20:00,VIC1,80.0
2025-07-23 23:25:00,VIC1,84.36794
2025-07-23 23:30:00,VIC1,80.56331
2025-07-23 23:35:00,VIC1,80.0
2025-07-23 23:40:00,VIC1,83.53084
2025-07-23 23:45:00,VIC1,80.0
2025-07-23 23:50:00,VIC1,80.0
2025-07-23 23:55:00,VIC1,77.18876
2025-07-24 00:00:00,VIC1,76.84551
2025-07-24 00:05:00,VIC1,71.25752
2025-07-24 00:10:00,VIC1,73.45167
2025-07-24 00:15:00,VIC1,69.80705
2025-07-24 00:20:00,VIC1,71.16151
2025-07-24 00:25:00,VIC1,57.0
2025-07-24 00:30:00,VIC1,67.94655
2025-07-24 00:35:00,VIC1,74.25091
2025-07-24 00:40:00,VIC1,73.40276
2025-07-24 00:45:00,VIC1,73.10307
2025-07-24 00:50:00,VIC1,71.4612
2025-07-24 00:55:00,VIC1,68.19807
2025-07-24 01:00:00,VIC1,57.0
2025-07-24 01:05:00,VIC1,49.92688
2025-07-24 01:10:00,VIC1,65.85913
2025-07-24 01:15:00,VIC1,49.10218
2025-07-24 01:20:00,VIC1,51.32817
2025-07-24 01:25:00,VIC1,49.45099
2025-07-24 01:30:00,VIC1,49.84952
2025-07-24 01:35:00,VIC1,55.43076
2025-07-24 01:40:00,VIC1,56.34133
2025-07-24 01:45:00,VIC1,54.2078
2025-07-24 01:50:00,VIC1,33.31577
2025-07-24 01:55:00,VIC1,34.03397
2025-07-24 02:00:00,VIC1,20.22993
2025-07-24 02:05:00,VIC1,39.43817
2025-07-24 02:10:00,VIC1,65.70287
2025-07-24 02:15:00,VIC1,48.75642
2025-07-24 02:20:00,VIC1,39.68711
2025-07-24 02:25:00,VIC1,39.67878
2025-07-24 02:30:00,VIC1,31.20352
2025-07-24 02:35:00,VIC1,39.72813
2025-07-24 02:40:00,VIC1,39.73001
2025-07-24 02:45:00,VIC1,20.0
2025-07-24 02:50:00,VIC1,39.91043
2025-07-24 02:55:00,VIC1,39.70459
2025-07-24 03:00:00,VIC1,38.12544
2025-07-24 03:05:00,VIC1,48.65555
2025-07-24 03:10:00,VIC1,33.08417
2025-07-24 03:15:00,VIC1,20.00007
2025-07-24 03:20:00,VIC1,43.15
2025-07-24 03:25:00,VIC1,40.96959
2025-07-24 03:30:00,VIC1,43.15
2025-07-24 03:35:00,VIC1,41.93294
2025-07-24 03:40:00,VIC1,48.57018
2025-07-24 03:45:00,VIC1,43.15
2025-07-24 03:50:00,VIC1,42.58359
2025-07-24 03:55:00,VIC1,37.61106
2025-07-24 04:00:00,VIC1,33.24107
2025-07-24 04:05:00,VIC1,31.14003
2025-07-24 04:10:00,VIC1,35.94
2025-07-24 04:15:00,VIC1,35.94
2025-07-24 04:20:00,VIC1,35.94
2025-07-24 04:25:00,VIC1,23.32531
2025-07-24 04:30:00,VIC1,30.67232
2025-07-24 04:35:00,VIC1,35.94
2025-07-24 04:40:00,VIC1,22.89506
2025-07-24 04:45:00,VIC1,35.94
2025-07-24 04:50:00,VIC1,35.94
2025-07-24 04:55:00,VIC1,35.94
2025-07-24 05:00:00,VIC1,35.94
2025-07-24 05:05:00,VIC1,30.9723
2025-07-24 05:10:00,VIC1,48.15945
2025-07-24 05:15:00,VIC1,48.46897
2025-07-24 05:20:00,VIC1,49.68944
2025-07-24 05:25:00,VIC1,49.75258
2025-07-24 05:30:00,VIC1,48.73051
2025-07-24 05:35:00,VIC1,49.00338
2025-07-24 05:40:00,VIC1,49.75258
2025-07-24 05:45:00,VIC1,49.06823
2025-07-24 05:50:00,VIC1,48.39525
2025-07-24 05:55:00,VIC1,64.21397
2025-07-24 06:00:00,VIC1,66.54785
2025-07-24 06:05:00,VIC1,70.6512
2025-07-24 06:10:00,VIC1,89.89596
2025-07-24 06:15:00,VIC1,88.45095
2025-07-24 06:20:00,VIC1,96.10748
2025-07-24 06:25:00,VIC1,100.22797
2025-07-24 06:30:00,VIC1,99.19867
2025-07-24 06:35:00,VIC1,80.0
2025-07-24 06:40:00,VIC1,104.99247
2025-07-24 06:45:00,VIC1,104.32989
2025-07-24 06:50:00,VIC1,141.27096
2025-07-24 06:55:00,VIC1,145.73296
2025-07-24 07:00:00,VIC1,145.18329
2025-07-24 07:05:00,VIC1,143.53424
2025-07-24 07:10:00,VIC1,130.63045
2025-07-24 07:15:00,VIC1,111.40662
2025-07-24 07:20:00,VIC1,117.82998
2025-07-24 07:25:00,VIC1,103.11542
2025-07-24 07:30:00,VIC1,97.0
2025-07-24 07:35:00,VIC1,97.48695
2025-07-24 07:40:00,VIC1,97.0
2025-07-24 07:45:00,VIC1,86.78299
2025-07-24 07:50:00,VIC1,97.0
2025-07-24 07:55:00,VIC1,97.0
2025-07-24 08:00:00,VIC1,133.99683
2025-07-24 08:05:00,VIC1,107.84743
2025-07-24 08:10:00,VIC1,97.0
2025-07-24 08:15:00,VIC1,137.83304
2025-07-24 08:20:00,VIC1,164.97
2025-07-24 08:25:00,VIC1,133.54671
2025-07-24 08:30:00,VIC1,118.19914
2025-07-24 08:35:00,VIC1,37.25932
2025-07-24 08:40:00,VIC1,37.38839
2025-07-24 08:45:00,VIC1,8.95
2025-07-24 08:50:00,VIC1,20.0
2025-07-24 08:55:00,VIC1,38.88691
2025-07-24 09:00:00,VIC1,20.0
2025-07-24 09:05:00,VIC1,24.88685
2025-07-24 09:10:00,VIC1,20.0
2025-07-24 09:15:00,VIC1,37.44729
2025-07-24 09:20:00,VIC1,25.10951
2025-07-24 09:25:00,VIC1,24.9059
2025-07-24 09:30:00,VIC1,24.5122
2025-07-24 09:35:00,VIC1,41.6202
2025-07-24 09:40:00,VIC1,13.47016
2025-07-24 09:45:00,VIC1,8.95
2025-07-24 09:50:00,VIC1,8.95
2025-07-24 09:55:00,VIC1,20.01
2025-07-24 10:00:00,VIC1,0.05
2025-07-24 10:05:00,VIC1,8.95
2025-07-24 10:10:00,VIC1,8.95
2025-07-24 10:15:00,VIC1,12.01979
2025-07-24 10:20:00,VIC1,12.07867
2025-07-24 10:25:00,VIC1,-10.88051
2025-07-24 10:30:00,VIC1,-9.83
2025-07-24 10:35:00,VIC1,-7.41
2025-07-24 10:40:00,VIC1,8.30961
2025-07-24 10:45:00,VIC1,8.95
2025-07-24 10:50:00,VIC1,-10.28467
2025-07-24 10:55:00,VIC1,-9.00274
2025-07-24 11:00:00,VIC1,-9.96
2025-07-24 11:05:00,VIC1,-3.24879
2025-07-24 11:10:00,VIC1,0.05
2025-07-24 11:15:00,VIC1,-9.83
2025-07-24 11:20:00,VIC1,-3.88229
2025-07-24 11:25:00,VIC1,-9.96
2025-07-24 11:30:00,VIC1,-9.83
2025-07-24 11:35:00,VIC1,-13.0
2025-07-24 11:40:00,VIC1,-13.5
2025-07-24 11:45:00,VIC1,-13.90331
2025-07-24 11:50:00,VIC1,-9.96
2025-07-24 11:55:00,VIC1,-9.08105
2025-07-24 12:00:00,VIC1,-13.0
2025-07-24 12:05:00,VIC1,-2.82
2025-07-24 12:10:00,VIC1,-11.23407
2025-07-24 12:15:00,VIC1,-13.0
2025-07-24 12:20:00,VIC1,-13.99344
2025-07-24 12:25:00,VIC1,-13.0
2025-07-24 12:30:00,VIC1,-13.0
2025-07-24 12:35:00,VIC1,-13.99951
2025-07-24 12:40:00,VIC1,-14.11233
2025-07-24 12:45:00,VIC1,-14.0851
2025-07-24 12:50:00,VIC1,-14.29185
2025-07-24 12:55:00,VIC1,-14.77115
2025-07-24 13:00:00,VIC1,-16.5
2025-07-24 13:05:00,VIC1,-14.12941
2025-07-24 13:10:00,VIC1,-14.77852
2025-07-24 13:15:00,VIC1,-14.0
2025-07-24 13:20:00,VIC1,-14.16658
2025-07-24 13:25:00,VIC1,-14.16397
2025-07-24 13:30:00,VIC1,-17.56682
2025-07-24 13:35:00,VIC1,-20.0
2025-07-24 13:40:00,VIC1,-20.6466
2025-07-24 13:45:00,VIC1,-17.70646
2025-07-24 13:50:00,VIC1,-19.99
2025-07-24 13:55:00,VIC1,-14.79067
2025-07-24 14:00:00,VIC1,-14.80543
2025-07-24 14:05:00,VIC1,-14.75433
2025-07-24 14:10:00,VIC1,-14.0
2025-07-24 14:15:00,VIC1,-14.0
2025-07-24 14:20:00,VIC1,-13.99976
2025-07-24 14:25:00,VIC1,-14.36048
2025-07-24 14:30:00,VIC1,-9.83
2025-07-24 14:35:00,VIC1,-5.22834
2025-07-24 14:40:00,VIC1,0.0
2025-07-24 14:45:00,VIC1,3e-05
2025-07-24 14:50:00,VIC1,-7.41
2025-07-24 14:55:00,VIC1,0.01
2025-07-24 15:00:00,VIC1,0.01
2025-07-24 15:05:00,VIC1,0.01
2025-07-24 15:10:00,VIC1,2.64826
2025-07-24 15:15:00,VIC1,8.95
2025-07-24 15:20:00,VIC1,0.01
2025-07-24 15:25:00,VIC1,8.95
2025-07-24 15:30:00,VIC1,46.77378
2025-07-24 15:35:00,VIC1,21.47
2025-07-24 15:40:00,VIC1,37.27237
2025-07-24 15:45:00,VIC1,34.80974
2025-07-24 15:50:00,VIC1,20.88007
2025-07-24 15:55:00,VIC1,54.91526
2025-07-24 16:00:00,VIC1,77.61
2025-07-24 16:05:00,VIC1,35.94
2025-07-24 16:10:00,VIC1,45.99673
2025-07-24 16:15:00,VIC1,77.76645
2025-07-24 16:20:00,VIC1,79.61003
2025-07-24 16:25:00,VIC1,79.72
2025-07-24 16:30:00,VIC1,80.0
2025-07-24 16:35:00,VIC1,80.14583
2025-07-24 16:40:00,VIC1,105.54758
2025-07-24 16:45:00,VIC1,145.2385
2025-07-24 16:50:00,VIC1,155.2265
2025-07-24 16:55:00,VIC1,164.97
2025-07-24 17:00:00,VIC1,163.59425
2025-07-24 17:05:00,VIC1,164.97
2025-07-24 17:10:00,VIC1,159.98339
2025-07-24 17:15:00,VIC1,173.26465
2025-07-24 17:20:00,VIC1,164.97
2025-07-24 17:25:00,VIC1,170.7743
2025-07-24 17:30:00,VIC1,179.3771
2025-07-24 17:35:00,VIC1,168.22156
2025-07-24 17:40:00,VIC1,201.13598
2025-07-24 17:45:00,VIC1,224.06942
2025-07-24 17:50:00,VIC1,242.35476
2025-07-24 17:55:00,VIC1,207.47444
2025-07-24 18:00:00,VIC1,269.20612
2025-07-24 18:05:00,VIC1,264.70273
2025-07-24 18:10:00,VIC1,218.12601
2025-07-24 18:15:00,VIC1,243.01235
2025-07-24 18:20:00,VIC1,268.22162
2025-07-24 18:25:00,VIC1,239.17063
2025-07-24 18:30:00,VIC1,260.11133
2025-07-24 18:35:00,VIC1,254.38545
2025-07-24 18:40:00,VIC1,257.57616
2025-07-24 18:45:00,VIC1,266.11
2025-07-24 18:50:00,VIC1,265.5929
2025-07-24 18:55:00,VIC1,263.10691
2025-07-24 19:00:00,VIC1,254.7341
2025-07-24 19:05:00,VIC1,253.96938
2025-07-24 19:10:00,VIC1,196.0
2025-07-24 19:15:00,VIC1,164.97
2025-07-24 19:20:00,VIC1,158.69628
2025-07-24 19:25:00,VIC1,151.1842
2025-07-24 19:30:00,VIC1,183.10672
2025-07-24 19:35:00,VIC1,146.9413
2025-07-24 19:40:00,VIC1,158.0
2025-07-24 19:45:00,VIC1,129.94631
2025-07-24 19:50:00,VIC1,151.24645
2025-07-24 19:55:00,VIC1,137.53079
2025-07-24 20:00:00,VIC1,155.37707
2025-07-24 20:05:00,VIC1,147.77089
2025-07-24 20:10:00,VIC1,145.13748
2025-07-24 20:15:00,VIC1,155.30735
2025-07-24 20:20:00,VIC1,143.63775
2025-07-24 20:25:00,VIC1,134.81824
2025-07-24 20:30:00,VIC1,135.95118
2025-07-24 20:35:00,VIC1,122.02
2025-07-24 20:40:00,VIC1,144.34317
2025-07-24 20:45:00,VIC1,151.93314
2025-07-24 20:50:00,VIC1,122.02
2025-07-24 20:55:00,VIC1,122.02
2025-07-24 21:00:00,VIC1,119.82544
2025-07-24 21:05:00,VIC1,122.02
2025-07-24 21:10:00,VIC1,98.37896
2025-07-24 21:15:00,VIC1,96.6325
2025-07-24 21:20:00,VIC1,87.67518
2025-07-24 21:25:00,VIC1,64.12474
2025-07-24 21:30:00,VIC1,24.19468
2025-07-24 21:35:00,VIC1,85.33
2025-07-24 21:40:00,VIC1,20.0
2025-07-24 21:45:00,VIC1,14.82136
2025-07-24 21:50:00,VIC1,0.75989
2025-07-24 21:55:00,VIC1,8.95
2025-07-24 22:00:00,VIC1,17.9999
2025-07-24 22:05:00,VIC1,23.38
2025-07-24 22:10:00,VIC1,19.18
2025-07-24 22:15:00,VIC1,20.0
2025-07-24 22:20:00,VIC1,8.14979
2025-07-24 22:25:00,VIC1,20.0
2025-07-24 22:30:00,VIC1,0.05
2025-07-24 22:35:00,VIC1,19.17996
2025-07-24 22:40:00,VIC1,19.18
2025-07-24 22:45:00,VIC1,0.74015
2025-07-24 22:50:00,VIC1,19.18
2025-07-24 22:55:00,VIC1,19.18
2025-07-24 23:00:00,VIC1,0.53015
2025-07-24 23:05:00,VIC1,19.18
2025-07-24 23:10:00,VIC1,8.95
2025-07-24 23:15:00,VIC1,19.18
2025-07-24 23:20:00,VIC1,8.94958
2025-07-24 23:25:00,VIC1,8.9498
2025-07-24 23:30:00,VIC1,8.95
2025-07-24 23:35:00,VIC1,8.95021
2025-07-24 23:40:00,VIC1,8.95
2025-07-24 23:45:00,VIC1,7.19231
2025-07-24 23:50:00,VIC1,8.95
2025-07-24 23:55:00,VIC1,0.06
2025-07-25 00:00:00,VIC1,0.42003
2025-07-25 00:05:00,VIC1,8.95
2025-07-25 00:10:00,VIC1,8.95
2025-07-25 00:15:00,VIC1,8.95
2025-07-25 00:20:00,VIC1,8.95
2025-07-25 00:25:00,VIC1,8.95
2025-07-25 00:30:00,VIC1,8.95
2025-07-25 00:35:00,VIC1,8.95
2025-07-25 00:40:00,VIC1,8.95
2025-07-25 00:45:00,VIC1,8.95
2025-07-25 00:50:00,VIC1,7.94983
2025-07-25 00:55:00,VIC1,8.95
2025-07-25 01:00:00,VIC1,8.94983
2025-07-25 01:05:00,VIC1,8.95
2025-07-25 01:10:00,VIC1,0.74003
2025-07-25 01:15:00,VIC1,8.95
2025-07-25 01:20:00,VIC1,8.95
2025-07-25 01:25:00,VIC1,8.95
2025-07-25 01:30:00,VIC1,8.95
2025-07-25 01:35:00,VIC1,4.20874
2025-07-25 01:40:00,VIC1,8.95
2025-07-25 01:45:00,VIC1,8.95
2025-07-25 01:50:00,VIC1,0.56003
2025-07-25 01:55:00,VIC1,0.68003
2025-07-25 02:00:00,VIC1,8.60016
2025-07-25 02:05:00,VIC1,8.95
2025-07-25 02:10:00,VIC1,8.95
2025-07-25 02:15:00,VIC1,0.70003
2025-07-25 02:20:00,VIC1,8.95
2025-07-25 02:25:00,VIC1,8.09015
2025-07-25 02:30:00,VIC1,8.25
2025-07-25 02:35:00,VIC1,20.0
2025-07-25 02:40:00,VIC1,7.94984
2025-07-25 02:45:00,VIC1,8.94969
2025-07-25 02:50:00,VIC1,8.95029
2025-07-25 02:55:00,VIC1,6.66
2025-07-25 03:00:00,VIC1,0.06
2025-07-25 03:05:00,VIC1,11.89
2025-07-25 03:10:00,VIC1,0.06
2025-07-25 03:15:00,VIC1,0.06
2025-07-25 03:20:00,VIC1,7.95045
2025-07-25 03:25:00,VIC1,7.81013
2025-07-25 03:30:00,VIC1,0.06
2025-07-25 03:35:00,VIC1,0.06
2025-07-25 03:40:00,VIC1,0.06
2025-07-25 03:45:00,VIC1,0.06
2025-07-25 03:50:00,VIC1,0.06
2025-07-25 03:55:00,VIC1,0.06
2025-07-25 04:00:00,VIC1,0.06
2025-07-25 04:05:00,VIC1,0.05
2025-07-25 04:10:00,VIC1,0.06
2025-07-25 04:15:00,VIC1,0.01
2025-07-25 04:20:00,VIC1,0.01
2025-07-25 04:25:00,VIC1,-2.82
2025-07-25 04:30:00,VIC1,0.06
2025-07-25 04:35:00,VIC1,0.05
2025-07-25 04:40:00,VIC1,0.05
2025-07-25 04:45:00,VIC1,0.06
2025-07-25 04:50:00,VIC1,8.94987
2025-07-25 04:55:00,VIC1,0.20003
2025-07-25 05:00:00,VIC1,0.20003
2025-07-25 05:05:00,VIC1,0.20003
2025-07-25 05:10:00,VIC1,8.60014
2025-07-25 05:15:00,VIC1,0.05141
2025-07-25 05:20:00,VIC1,0.20553
2025-07-25 05:25:00,VIC1,15.88
2025-07-25 05:30:00,VIC1,8.95015
2025-07-25 05:35:00,VIC1,0.01
2025-07-25 05:40:00,VIC1,8.95
2025-07-25 05:45:00,VIC1,8.95
2025-07-25 05:50:00,VIC1,8.95023
2025-07-25 05:55:00,VIC1,8.95
2025-07-25 06:00:00,VIC1,8.95
2025-07-25 06:05:00,VIC1,8.95023
2025-07-25 06:10:00,VIC1,33.8903
2025-07-25 06:15:00,VIC1,20.0
2025-07-25 06:20:00,VIC1,20.0
2025-07-25 06:25:00,VIC1,8.95
2025-07-25 06:30:00,VIC1,20.0
2025-07-25 06:35:00,VIC1,8.95052
2025-07-25 06:40:00,VIC1,8.94974
2025-07-25 06:45:00,VIC1,33.89
2025-07-25 06:50:00,VIC1,46.77893
2025-07-25 06:55:00,VIC1,33.89
2025-07-25 07:00:00,VIC1,90.0
2025-07-25 07:05:00,VIC1,68.43307
2025-07-25 07:10:00,VIC1,20.0
2025-07-25 07:15:00,VIC1,130.23
2025-07-25 07:20:00,VIC1,130.23
2025-07-25 07:25:00,VIC1,46.42506
2025-07-25 07:30:00,VIC1,127.35
2025-07-25 07:35:00,VIC1,108.02519
2025-07-25 07:40:00,VIC1,81.98
2025-07-25 07:45:00,VIC1,81.98
2025-07-25 07:50:00,VIC1,73.07211
2025-07-25 07:55:00,VIC1,73.15295
2025-07-25 08:00:00,VIC1,53.03403
2025-07-25 08:05:00,VIC1,52.01013
2025-07-25 08:10:00,VIC1,72.58487
2025-07-25 08:15:00,VIC1,77.85467
2025-07-25 08:20:00,VIC1,76.48577
2025-07-25 08:25:00,VIC1,76.66936
2025-07-25 08:30:00,VIC1,56.65679
2025-07-25 08:35:00,VIC1,56.72826
2025-07-25 08:40:00,VIC1,35.54132
2025-07-25 08:45:00,VIC1,48.47975
2025-07-25 08:50:00,VIC1,44.25783
2025-07-25 08:55:00,VIC1,55.97723
2025-07-25 09:00:00,VIC1,56.10197
2025-07-25 09:05:00,VIC1,82.98
2025-07-25 09:10:00,VIC1,76.0705
2025-07-25 09:15:00,VIC1,56.26812
2025-07-25 09:20:00,VIC1,56.42315
2025-07-25 09:25:00,VIC1,57.0742
2025-07-25 09:30:00,VIC1,46.19
2025-07-25 09:35:00,VIC1,44.71644
2025-07-25 09:40:00,VIC1,27.01
2025-07-25 09:45:00,VIC1,20.0
2025-07-25 09:50:00,VIC1,8.95
2025-07-25 09:55:00,VIC1,20.0
2025-07-25 10:00:00,VIC1,8.95
2025-07-25 10:05:00,VIC1,33.89019
2025-07-25 10:10:00,VIC1,48.62829
2025-07-25 10:15:00,VIC1,33.88989
2025-07-25 10:20:00,VIC1,34.00876
2025-07-25 10:25:00,VIC1,33.74211
2025-07-25 10:30:00,VIC1,34.03758
2025-07-25 10:35:00,VIC1,34.90354
2025-07-25 10:40:00,VIC1,34.60008
2025-07-25 10:45:00,VIC1,34.08647
2025-07-25 10:50:00,VIC1,50.49537
2025-07-25 10:55:00,VIC1,35.5285
2025-07-25 11:00:00,VIC1,20.0
2025-07-25 11:05:00,VIC1,20.0
2025-07-25 11:10:00,VIC1,55.75498
2025-07-25 11:15:00,VIC1,46.698
2025-07-25 11:20:00,VIC1,19.18
2025-07-25 11:25:00,VIC1,20.0
2025-07-25 11:30:00,VIC1,23.62555
2025-07-25 11:35:00,VIC1,24.0076
2025-07-25 11:40:00,VIC1,24.93206
2025-07-25 11:45:00,VIC1,34.56037
2025-07-25 11:50:00,VIC1,62.02589
2025-07-25 11:55:00,VIC1,24.93206
2025-07-25 12:00:00,VIC1,43.52345
2025-07-25 12:05:00,VIC1,75.7874
2025-07-25 12:10:00,VIC1,93.87691
2025-07-25 12:15:00,VIC1,76.90888
2025-07-25 12:20:00,VIC1,57.09791
2025-07-25 12:25:00,VIC1,53.02166
2025-07-25 12:30:00,VIC1,73.06516
2025-07-25 12:35:00,VIC1,65.50292
2025-07-25 12:40:00,VIC1,63.79651
2025-07-25 12:45:00,VIC1,72.02385
2025-07-25 12:50:00,VIC1,92.01
2025-07-25 12:55:00,VIC1,66.8491
2025-07-25 13:00:00,VIC1,77.08904
2025-07-25 13:05:00,VIC1,87.68456
2025-07-25 13:10:00,VIC1,96.08702
2025-07-25 13:15:00,VIC1,102.30726
2025-07-25 13:20:00,VIC1,99.33445
2025-07-25 13:25:00,VIC1,100.11471
2025-07-25 13:30:00,VIC1,110.50742
2025-07-25 13:35:00,VIC1,92.01
2025-07-25 13:40:00,VIC1,63.60152
2025-07-25 13:45:00,VIC1,53.71418
2025-07-25 13:50:00,VIC1,54.54918
2025-07-25 13:55:00,VIC1,76.56
2025-07-25 14:00:00,VIC1,73.24488
2025-07-25 14:05:00,VIC1,82.88165
2025-07-25 14:10:00,VIC1,54.4918
2025-07-25 14:15:00,VIC1,54.39178
2025-07-25 14:20:00,VIC1,53.27306
2025-07-25 14:25:00,VIC1,32.94573
2025-07-25 14:30:00,VIC1,78.33124
2025-07-25 14:35:00,VIC1,70.69835
2025-07-25 14:40:00,VIC1,8.95
2025-07-25 14:45:00,VIC1,21.15
2025-07-25 14:50:00,VIC1,20.0
2025-07-25 14:55:00,VIC1,20.0
2025-07-25 15:00:00,VIC1,21.967
2025-07-25 15:05:00,VIC1,19.18
2025-07-25 15:10:00,VIC1,11.86959
2025-07-25 15:15:00,VIC1,22.96263
2025-07-25 15:20:00,VIC1,22.96263
2025-07-25 15:25:00,VIC1,23.42385
2025-07-25 15:30:00,VIC1,28.93797
2025-07-25 15:35:00,VIC1,132.22931
2025-07-25 15:40:00,VIC1,102.23086
2025-07-25 15:45:00,VIC1,44.03335
2025-07-25 15:50:00,VIC1,127.93229
2025-07-25 15:55:00,VIC1,130.23
2025-07-25 16:00:00,VIC1,127.00473
2025-07-25 16:05:00,VIC1,105.31785
2025-07-25 16:10:00,VIC1,45.62195
2025-07-25 16:15:00,VIC1,128.3305
2025-07-25 16:20:00,VIC1,128.40905
2025-07-25 16:25:00,VIC1,103.28279
2025-07-25 16:30:00,VIC1,79.62613
2025-07-25 16:35:00,VIC1,81.98
2025-07-25 16:40:00,VIC1,100.80886
2025-07-25 16:45:00,VIC1,102.41196
2025-07-25 16:50:00,VIC1,130.23
2025-07-25 16:55:00,VIC1,140.08292
2025-07-25 17:00:00,VIC1,149.84443
2025-07-25 17:05:00,VIC1,125.5242
2025-07-25 17:10:00,VIC1,126.33106
2025-07-25 17:15:00,VIC1,163.88917
2025-07-25 17:20:00,VIC1,76.79318
2025-07-25 17:25:00,VIC1,76.58276
2025-07-25 17:30:00,VIC1,193.81915
2025-07-25 17:35:00,VIC1,274.38948
2025-07-25 17:40:00,VIC1,194.73973
2025-07-25 17:45:00,VIC1,264.60225
2025-07-25 17:50:00,VIC1,211.23262
2025-07-25 17:55:00,VIC1,81.98
2025-07-25 18:00:00,VIC1,-468.93136
2025-07-25 18:05:00,VIC1,130.23
2025-07-25 18:10:00,VIC1,130.23
2025-07-25 18:15:00,VIC1,81.98
2025-07-25 18:20:00,VIC1,81.98
2025-07-25 18:25:00,VIC1,81.98
2025-07-25 18:30:00,VIC1,81.98
2025-07-25 18:35:00,VIC1,247.50824
2025-07-25 18:40:00,VIC1,99.64617
2025-07-25 18:45:00,VIC1,101.19654
2025-07-25 18:50:00,VIC1,99.15529
2025-07-25 18:55:00,VIC1,90.14542
2025-07-25 19:00:00,VIC1,30.86475
2025-07-25 19:05:00,VIC1,91.84975
2025-07-25 19:10:00,VIC1,167.10467
2025-07-25 19:15:00,VIC1,132.35592
2025-07-25 19:20:00,VIC1,160.69939
2025-07-25 19:25:00,VIC1,89.57231
2025-07-25 19:30:00,VIC1,124.13475
2025-07-25 19:35:00,VIC1,149.49834
2025-07-25 19:40:00,VIC1,122.74494
2025-07-25 19:45:00,VIC1,129.37867
2025-07-25 19:50:00,VIC1,68.24638
2025-07-25 19:55:00,VIC1,68.22869
2025-07-25 20:00:00,VIC1,60.93644
2025-07-25 20:05:00,VIC1,81.98
2025-07-25 20:10:00,VIC1,81.98
2025-07-25 20:15:00,VIC1,81.98
2025-07-25 20:20:00,VIC1,0.00013
2025-07-25 20:25:00,VIC1,81.98
2025-07-25 20:30:00,VIC1,90.69858
2025-07-25 20:35:00,VIC1,131.57883
2025-07-25 20:40:00,VIC1,90.69858
2025-07-25 20:45:00,VIC1,131.57844
2025-07-25 20:50:00,VIC1,131.57782
2025-07-25 20:55:00,VIC1,130.24325
2025-07-25 21:00:00,VIC1,48.63957
2025-07-25 21:05:00,VIC1,-2.6216
2025-07-25 21:10:00,VIC1,20.0
2025-07-25 21:15:00,VIC1,0.01
2025-07-25 21:20:00,VIC1,-2.82
2025-07-25 21:25:00,VIC1,-2.82
2025-07-25 21:30:00,VIC1,0.50997
2025-07-25 21:35:00,VIC1,-2.82
2025-07-25 21:40:00,VIC1,-9.96
2025-07-25 21:45:00,VIC1,-11.79
2025-07-25 21:50:00,VIC1,-9.96
2025-07-25 21:55:00,VIC1,-12.99995
2025-07-25 22:00:00,VIC1,-13.99976
2025-07-25 22:05:00,VIC1,-13.99976
2025-07-25 22:10:00,VIC1,-12.99995
2025-07-25 22:15:00,VIC1,-12.99995
2025-07-25 22:20:00,VIC1,-12.99995
2025-07-25 22:25:00,VIC1,-11.79
2025-07-25 22:30:00,VIC1,-7.41
2025-07-25 22:35:00,VIC1,-7.41
2025-07-25 22:40:00,VIC1,-7.74924
2025-07-25 22:45:00,VIC1,0.0
2025-07-25 22:50:00,VIC1,3e-05
2025-07-25 22:55:00,VIC1,3e-05
2025-07-25 23:00:00,VIC1,-2.82
2025-07-25 23:05:00,VIC1,0.01
2025-07-25 23:10:00,VIC1,0.05197
2025-07-25 23:15:00,VIC1,0.26258
2025-07-25 23:20:00,VIC1,18.9819
2025-07-25 23:25:00,VIC1,20.0
2025-07-25 23:30:00,VIC1,0.06
2025-07-25 23:35:00,VIC1,10.49722
2025-07-25 23:40:00,VIC1,20.0
2025-07-25 23:45:00,VIC1,0.06
2025-07-25 23:50:00,VIC1,8.95
2025-07-25 23:55:00,VIC1,0.01
2025-07-26 00:00:00,VIC1,-0.99
2025-07-26 00:05:00,VIC1,0.01
2025-07-26 00:10:00,VIC1,0.05316
2025-07-26 00:15:00,VIC1,0.06
2025-07-26 00:20:00,VIC1,0.01
2025-07-26 00:25:00,VIC1,0.0
2025-07-26 00:30:00,VIC1,0.01
2025-07-26 00:35:00,VIC1,0.01
2025-07-26 00:40:00,VIC1,0.01
2025-07-26 00:45:00,VIC1,0.0
2025-07-26 00:50:00,VIC1,0.0
2025-07-26 00:55:00,VIC1,0.01
2025-07-26 01:00:00,VIC1,3e-05
2025-07-26 01:05:00,VIC1,0.01
2025-07-26 01:10:00,VIC1,0.00447
2025-07-26 01:15:00,VIC1,0.00447
2025-07-26 01:20:00,VIC1,0.01
2025-07-26 01:25:00,VIC1,-7.41
2025-07-26 01:30:00,VIC1,-9.83
2025-07-26 01:35:00,VIC1,-2.53094
2025-07-26 01:40:00,VIC1,0.01
2025-07-26 01:45:00,VIC1,-2.28769
2025-07-26 01:50:00,VIC1,-1.92896
2025-07-26 01:55:00,VIC1,0.00447
2025-07-26 02:00:00,VIC1,0.00447
2025-07-26 02:05:00,VIC1,0.01
2025-07-26 02:10:00,VIC1,0.01
2025-07-26 02:15:00,VIC1,3e-05
2025-07-26 02:20:00,VIC1,0.0
2025-07-26 02:25:00,VIC1,-1.92637
2025-07-26 02:30:00,VIC1,-9.83
2025-07-26 02:35:00,VIC1,0.0
2025-07-26 02:40:00,VIC1,0.01
2025-07-26 02:45:00,VIC1,0.0
2025-07-26 02:50:00,VIC1,-8.79178
2025-07-26 02:55:00,VIC1,-2.139
2025-07-26 03:00:00,VIC1,-2.16545
2025-07-26 03:05:00,VIC1,-2.82
2025-07-26 03:10:00,VIC1,-8.71802
2025-07-26 03:15:00,VIC1,0.0
2025-07-26 03:20:00,VIC1,0.0
2025-07-26 03:25:00,VIC1,-2.21825
2025-07-26 03:30:00,VIC1,-8.84198
2025-07-26 03:35:00,VIC1,-8.75321
2025-07-26 03:40:00,VIC1,-7.41
2025-07-26 03:45:00,VIC1,0.0
2025-07-26 03:50:00,VIC1,-2.82
2025-07-26 03:55:00,VIC1,-2.82
2025-07-26 04:00:00,VIC1,-8.6805
2025-07-26 04:05:00,VIC1,-9.83
2025-07-26 04:10:00,VIC1,-7.41
2025-07-26 04:15:00,VIC1,-12.0
2025-07-26 04:20:00,VIC1,-2.16778
2025-07-26 04:25:00,VIC1,-9.83
2025-07-26 04:30:00,VIC1,-8.95166
2025-07-26 04:35:00,VIC1,-2.27045
2025-07-26 04:40:00,VIC1,-7.41
2025-07-26 04:45:00,VIC1,-2.82
2025-07-26 04:50:00,VIC1,-2.82
2025-07-26 04:55:00,VIC1,-2.82
2025-07-26 05:00:00,VIC1,-2.22893
2025-07-26 05:05:00,VIC1,-12.0
2025-07-26 05:10:00,VIC1,0.0
2025-07-26 05:15:00,VIC1,-2.82
2025-07-26 05:20:00,VIC1,0.01
2025-07-26 05:25:00,VIC1,0.01
2025-07-26 05:30:00,VIC1,0.01
2025-07-26 05:35:00,VIC1,0.20003
2025-07-26 05:40:00,VIC1,0.01
2025-07-26 05:45:00,VIC1,0.01
2025-07-26 05:50:00,VIC1,0.01
2025-07-26 05:55:00,VIC1,0.01
2025-07-26 06:00:00,VIC1,20.04
2025-07-26 06:05:00,VIC1,20.04
2025-07-26 06:10:00,VIC1,20.0
2025-07-26 06:15:00,VIC1,20.0
2025-07-26 06:20:00,VIC1,20.0
2025-07-26 06:25:00,VIC1,20.0
2025-07-26 06:30:00,VIC1,45.89
2025-07-26 06:35:00,VIC1,20.0
2025-07-26 06:40:00,VIC1,8.94982
2025-07-26 06:45:00,VIC1,50.62461
2025-07-26 06:50:00,VIC1,12.42
2025-07-26 06:55:00,VIC1,8.94982
2025-07-26 07:00:00,VIC1,8.9506
2025-07-26 07:05:00,VIC1,49.13993
2025-07-26 07:10:00,VIC1,8.95
2025-07-26 07:15:00,VIC1,8.95
2025-07-26 07:20:00,VIC1,8.95023
2025-07-26 07:25:00,VIC1,19.18
2025-07-26 07:30:00,VIC1,19.18
2025-07-26 07:35:00,VIC1,8.95
2025-07-26 07:40:00,VIC1,37.45137
2025-07-26 07:45:00,VIC1,42.81648
2025-07-26 07:50:00,VIC1,53.47631
2025-07-26 07:55:00,VIC1,70.80411
2025-07-26 08:00:00,VIC1,73.20343
2025-07-26 08:05:00,VIC1,95.12347
2025-07-26 08:10:00,VIC1,69.43739
2025-07-26 08:15:00,VIC1,75.8
2025-07-26 08:20:00,VIC1,70.39544
2025-07-26 08:25:00,VIC1,70.91104
2025-07-26 08:30:00,VIC1,74.24071
2025-07-26 08:35:00,VIC1,75.89
2025-07-26 08:40:00,VIC1,82.79017
2025-07-26 08:45:00,VIC1,79.93712
2025-07-26 08:50:00,VIC1,75.8
2025-07-26 08:55:00,VIC1,75.19388
2025-07-26 09:00:00,VIC1,75.8
2025-07-26 09:05:00,VIC1,80.08503
2025-07-26 09:10:00,VIC1,75.8
2025-07-26 09:15:00,VIC1,79.41
2025-07-26 09:20:00,VIC1,75.89
2025-07-26 09:25:00,VIC1,67.83785
2025-07-26 09:30:00,VIC1,80.43672
2025-07-26 09:35:00,VIC1,77.75834
2025-07-26 09:40:00,VIC1,99.85527
2025-07-26 09:45:00,VIC1,77.23398
2025-07-26 09:50:00,VIC1,75.89
2025-07-26 09:55:00,VIC1,75.89
2025-07-26 10:00:00,VIC1,75.8
2025-07-26 10:05:00,VIC1,75.8
2025-07-26 10:10:00,VIC1,93.5622
2025-07-26 10:15:00,VIC1,75.8
2025-07-26 10:20:00,VIC1,75.89
2025-07-26 10:25:00,VIC1,83.03462
2025-07-26 10:30:00,VIC1,110.79603
2025-07-26 10:35:00,VIC1,77.75133
2025-07-26 10:40:00,VIC1,94.61643
2025-07-26 10:45:00,VIC1,83.49
2025-07-26 10:50:00,VIC1,80.72281
2025-07-26 10:55:00,VIC1,81.22596
2025-07-26 11:00:00,VIC1,78.1114
2025-07-26 11:05:00,VIC1,77.87
2025-07-26 11:10:00,VIC1,76.98526
2025-07-26 11:15:00,VIC1,77.44343
2025-07-26 11:20:00,VIC1,70.34268
2025-07-26 11:25:00,VIC1,75.8
2025-07-26 11:30:00,VIC1,75.75204
2025-07-26 11:35:00,VIC1,74.70436
2025-07-26 11:40:00,VIC1,74.5817
2025-07-26 11:45:00,VIC1,75.8
2025-07-26 11:50:00,VIC1,75.8
2025-07-26 11:55:00,VIC1,73.08898
2025-07-26 12:00:00,VIC1,67.90998
2025-07-26 12:05:00,VIC1,50.04586
2025-07-26 12:10:00,VIC1,57.13315
2025-07-26 12:15:00,VIC1,57.6648
2025-07-26 12:20:00,VIC1,50.24498
2025-07-26 12:25:00,VIC1,20.0
2025-07-26 12:30:00,VIC1,29.03486
2025-07-26 12:35:00,VIC1,22.63061
2025-07-26 12:40:00,VIC1,62.01
2025-07-26 12:45:00,VIC1,27.21582
2025-07-26 12:50:00,VIC1,20.56007
2025-07-26 12:55:00,VIC1,49.4624
2025-07-26 13:00:00,VIC1,45.33928
2025-07-26 13:05:00,VIC1,48.32769
2025-07-26 13:10:00,VIC1,90.09405
2025-07-26 13:15:00,VIC1,66.26549
2025-07-26 13:20:00,VIC1,74.09103
2025-07-26 13:25:00,VIC1,48.56789
2025-07-26 13:30:00,VIC1,55.15085
2025-07-26 13:35:00,VIC1,46.66596
2025-07-26 13:40:00,VIC1,36.18598
2025-07-26 13:45:00,VIC1,63.9641
2025-07-26 13:50:00,VIC1,63.83572
2025-07-26 13:55:00,VIC1,63.68138
2025-07-26 14:00:00,VIC1,56.74299
2025-07-26 14:05:00,VIC1,66.62647
2025-07-26 14:10:00,VIC1,60.596
2025-07-26 14:15:00,VIC1,76.36
2025-07-26 14:20:00,VIC1,59.59111
2025-07-26 14:25:00,VIC1,63.31581
2025-07-26 14:30:00,VIC1,67.58742
2025-07-26 14:35:00,VIC1,58.50906
2025-07-26 14:40:00,VIC1,62.66317
2025-07-26 14:45:00,VIC1,52.9603
2025-07-26 14:50:00,VIC1,58.96571
2025-07-26 14:55:00,VIC1,63.96405
2025-07-26 15:00:00,VIC1,60.57837
2025-07-26 15:05:00,VIC1,63.60996
2025-07-26 15:10:00,VIC1,70.14685
2025-07-26 15:15:00,VIC1,62.97068
2025-07-26 15:20:00,VIC1,77.62593
2025-07-26 15:25:00,VIC1,77.81945
2025-07-26 15:30:00,VIC1,83.0218
2025-07-26 15:35:00,VIC1,73.40853
2025-07-26 15:40:00,VIC1,84.4761
2025-07-26 15:45:00,VIC1,77.78693
2025-07-26 15:50:00,VIC1,113.63265
2025-07-26 15:55:00,VIC1,82.99847
2025-07-26 16:00:00,VIC1,120.0
2025-07-26 16:05:00,VIC1,80.0
2025-07-26 16:10:00,VIC1,79.14
2025-07-26 16:15:00,VIC1,78.43926
2025-07-26 16:20:00,VIC1,80.0
2025-07-26 16:25:00,VIC1,78.70065
2025-07-26 16:30:00,VIC1,87.23035
2025-07-26 16:35:00,VIC1,80.0
2025-07-26 16:40:00,VIC1,80.0
2025-07-26 16:45:00,VIC1,80.0
2025-07-26 16:50:00,VIC1,91.57851
2025-07-26 16:55:00,VIC1,90.54483
2025-07-26 17:00:00,VIC1,80.0
2025-07-26 17:05:00,VIC1,91.8388
2025-07-26 17:10:00,VIC1,80.0
2025-07-26 17:15:00,VIC1,87.80911
2025-07-26 17:20:00,VIC1,80.0
2025-07-26 17:25:00,VIC1,80.0
2025-07-26 17:30:00,VIC1,118.02
2025-07-26 17:35:00,VIC1,80.0
2025-07-26 17:40:00,VIC1,80.0
2025-07-26 17:45:00,VIC1,80.75325
2025-07-26 17:50:00,VIC1,93.98612
2025-07-26 17:55:00,VIC1,80.0
2025-07-26 18:00:00,VIC1,89.66109
2025-07-26 18:05:00,VIC1,80.0
2025-07-26 18:10:00,VIC1,93.08366
2025-07-26 18:15:00,VIC1,90.7097
2025-07-26 18:20:00,VIC1,90.01509
2025-07-26 18:25:00,VIC1,82.98
2025-07-26 18:30:00,VIC1,90.43351
2025-07-26 18:35:00,VIC1,86.40021
2025-07-26 18:40:00,VIC1,80.0
2025-07-26 18:45:00,VIC1,91.20513
2025-07-26 18:50:00,VIC1,82.98
2025-07-26 18:55:00,VIC1,83.12627
2025-07-26 19:00:00,VIC1,85.80032
2025-07-26 19:05:00,VIC1,114.23052
2025-07-26 19:10:00,VIC1,93.17889
2025-07-26 19:15:00,VIC1,82.99
2025-07-26 19:20:00,VIC1,80.0
2025-07-26 19:25:00,VIC1,84.89918
2025-07-26 19:30:00,VIC1,84.31541
2025-07-26 19:35:00,VIC1,126.11
2025-07-26 19:40:00,VIC1,125.85
2025-07-26 19:45:00,VIC1,125.49
2025-07-26 19:50:00,VIC1,125.49
2025-07-26 19:55:00,VIC1,131.23
2025-07-26 20:00:00,VIC1,131.23
2025-07-26 20:05:00,VIC1,86.89445
2025-07-26 20:10:00,VIC1,126.05
2025-07-26 20:15:00,VIC1,131.23
2025-07-26 20:20:00,VIC1,125.78
2025-07-26 20:25:00,VIC1,131.23
2025-07-26 20:30:00,VIC1,134.37097
2025-07-26 20:35:00,VIC1,136.83343
2025-07-26 20:40:00,VIC1,131.23
2025-07-26 20:45:00,VIC1,131.23
2025-07-26 20:50:00,VIC1,131.23
2025-07-26 20:55:00,VIC1,131.23
2025-07-26 21:00:00,VIC1,131.23
2025-07-26 21:05:00,VIC1,131.23
2025-07-26 21:10:00,VIC1,131.23
2025-07-26 21:15:00,VIC1,131.23
2025-07-26 21:20:00,VIC1,128.40202
2025-07-26 21:25:00,VIC1,98.51309
2025-07-26 21:30:00,VIC1,83.52183
2025-07-26 21:35:00,VIC1,131.23
2025-07-26 21:40:00,VIC1,131.23
2025-07-26 21:45:00,VIC1,97.34094
2025-07-26 21:50:00,VIC1,82.98
2025-07-26 21:55:00,VIC1,89.76323
2025-07-26 22:00:00,VIC1,83.27268
2025-07-26 22:05:00,VIC1,80.44023
2025-07-26 22:10:00,VIC1,88.78093
2025-07-26 22:15:00,VIC1,88.64539
2025-07-26 22:20:00,VIC1,80.0
2025-07-26 22:25:00,VIC1,80.0
2025-07-26 22:30:00,VIC1,80.0
2025-07-26 22:35:00,VIC1,80.0
2025-07-26 22:40:00,VIC1,80.0
2025-07-26 22:45:00,VIC1,80.0
2025-07-26 22:50:00,VIC1,78.51467
2025-07-26 22:55:00,VIC1,76.67333
2025-07-26 23:00:00,VIC1,70.15257
2025-07-26 23:05:00,VIC1,76.25527
2025-07-26 23:10:00,VIC1,80.0
2025-07-26 23:15:00,VIC1,80.0
2025-07-26 23:20:00,VIC1,70.81895
2025-07-26 23:25:00,VIC1,73.02304
2025-07-26 23:30:00,VIC1,76.94971
2025-07-26 23:35:00,VIC1,75.85479
2025-07-26 23:40:00,VIC1,75.99964
2025-07-26 23:45:00,VIC1,75.6476
2025-07-26 23:50:00,VIC1,72.55801
2025-07-26 23:55:00,VIC1,71.13443
2025-07-27 00:00:00,VIC1,71.57932
2025-07-27 00:05:00,VIC1,73.67809
2025-07-27 00:10:00,VIC1,72.51669
2025-07-27 00:15:00,VIC1,68.00836
2025-07-27 00:20:00,VIC1,71.76821
2025-07-27 00:25:00,VIC1,70.30024
2025-07-27 00:30:00,VIC1,66.57889
2025-07-27 00:35:00,VIC1,69.87372
2025-07-27 00:40:00,VIC1,70.08631
2025-07-27 00:45:00,VIC1,67.57815
2025-07-27 00:50:00,VIC1,52.87979
2025-07-27 00:55:00,VIC1,65.34596
2025-07-27 01:00:00,VIC1,51.67913
2025-07-27 01:05:00,VIC1,59.31437
2025-07-27 01:10:00,VIC1,59.17667
2025-07-27 01:15:00,VIC1,51.60303
2025-07-27 01:20:00,VIC1,52.01148
2025-07-27 01:25:00,VIC1,51.9881
2025-07-27 01:30:00,VIC1,52.02253
2025-07-27 01:35:00,VIC1,52.32793
2025-07-27 01:40:00,VIC1,54.1942
2025-07-27 01:45:00,VIC1,52.37489
2025-07-27 01:50:00,VIC1,48.01927
2025-07-27 01:55:00,VIC1,51.95236
2025-07-27 02:00:00,VIC1,51.19576
2025-07-27 02:05:00,VIC1,51.156
2025-07-27 02:10:00,VIC1,50.32724
2025-07-27 02:15:00,VIC1,50.34089
2025-07-27 02:20:00,VIC1,45.89
2025-07-27 02:25:00,VIC1,49.60632
2025-07-27 02:30:00,VIC1,45.89
2025-07-27 02:35:00,VIC1,35.94002
2025-07-27 02:40:00,VIC1,45.89
2025-07-27 02:45:00,VIC1,45.89
2025-07-27 02:50:00,VIC1,45.89
2025-07-27 02:55:00,VIC1,35.94002
2025-07-27 03:00:00,VIC1,20.0
2025-07-27 03:05:00,VIC1,38.69049
2025-07-27 03:10:00,VIC1,35.94003
2025-07-27 03:15:00,VIC1,33.30156
2025-07-27 03:20:00,VIC1,35.94003
2025-07-27 03:25:00,VIC1,35.94003
2025-07-27 03:30:00,VIC1,35.94003
2025-07-27 03:35:00,VIC1,20.0
2025-07-27 03:40:00,VIC1,20.0
2025-07-27 03:45:00,VIC1,35.47805
2025-07-27 03:50:00,VIC1,35.47805
2025-07-27 03:55:00,VIC1,20.0
2025-07-27 04:00:00,VIC1,20.0
2025-07-27 04:05:00,VIC1,20.0
2025-07-27 04:10:00,VIC1,20.0
2025-07-27 04:15:00,VIC1,21.76
2025-07-27 04:20:00,VIC1,19.18
2025-07-27 04:25:00,VIC1,19.18
2025-07-27 04:30:00,VIC1,19.18
2025-07-27 04:35:00,VIC1,18.17994
2025-07-27 04:40:00,VIC1,19.18
2025-07-27 04:45:00,VIC1,19.18
2025-07-27 04:50:00,VIC1,20.0
2025-07-27 04:55:00,VIC1,19.18
2025-07-27 05:00:00,VIC1,0.06
2025-07-27 05:05:00,VIC1,19.18
2025-07-27 05:10:00,VIC1,19.18
2025-07-27 05:15:00,VIC1,20.0
2025-07-27 05:20:00,VIC1,19.18
2025-07-27 05:25:00,VIC1,20.0
2025-07-27 05:30:00,VIC1,19.18
2025-07-27 05:35:00,VIC1,20.0
2025-07-27 05:40:00,VIC1,20.0
2025-07-27 05:45:00,VIC1,35.94
2025-07-27 05:50:00,VIC1,20.0
2025-07-27 05:55:00,VIC1,20.0
2025-07-27 06:00:00,VIC1,35.94
2025-07-27 06:05:00,VIC1,35.94004
2025-07-27 06:10:00,VIC1,20.0
2025-07-27 06:15:00,VIC1,20.0
2025-07-27 06:20:00,VIC1,20.0
2025-07-27 06:25:00,VIC1,20.0
2025-07-27 06:30:00,VIC1,20.0
2025-07-27 06:35:00,VIC1,19.18
2025-07-27 06:40:00,VIC1,19.18005
2025-07-27 06:45:00,VIC1,21.4996
2025-07-27 06:50:00,VIC1,43.27
2025-07-27 06:55:00,VIC1,45.89
2025-07-27 07:00:00,VIC1,54.38978
2025-07-27 07:05:00,VIC1,62.75785
2025-07-27 07:10:00,VIC1,61.21072
2025-07-27 07:15:00,VIC1,28.73
2025-07-27 07:20:00,VIC1,49.46218
2025-07-27 07:25:00,VIC1,20.0
2025-07-27 07:30:00,VIC1,47.71437
2025-07-27 07:35:00,VIC1,49.42098
2025-07-27 07:40:00,VIC1,50.32093
2025-07-27 07:45:00,VIC1,51.0761
2025-07-27 07:50:00,VIC1,50.66856
2025-07-27 07:55:00,VIC1,32.25487
2025-07-27 08:00:00,VIC1,51.14023
2025-07-27 08:05:00,VIC1,44.99531
2025-07-27 08:10:00,VIC1,32.35838
2025-07-27 08:15:00,VIC1,32.61589
2025-07-27 08:20:00,VIC1,20.0
2025-07-27 08:25:00,VIC1,33.11556
2025-07-27 08:30:00,VIC1,20.0
2025-07-27 08:35:00,VIC1,34.92308
2025-07-27 08:40:00,VIC1,57.92788
2025-07-27 08:45:00,VIC1,58.84442
2025-07-27 08:50:00,VIC1,51.59368
2025-07-27 08:55:00,VIC1,50.4846
2025-07-27 09:00:00,VIC1,12.89452
2025-07-27 09:05:00,VIC1,35.92698
2025-07-27 09:10:00,VIC1,35.19
2025-07-27 09:15:00,VIC1,46.42218
2025-07-27 09:20:00,VIC1,35.49236
2025-07-27 09:25:00,VIC1,36.82685
2025-07-27 09:30:00,VIC1,20.0
2025-07-27 09:35:00,VIC1,51.41838
2025-07-27 09:40:00,VIC1,51.26839
2025-07-27 09:45:00,VIC1,32.54674
2025-07-27 09:50:00,VIC1,20.0
2025-07-27 09:55:00,VIC1,0.05
2025-07-27 10:00:00,VIC1,0.01
2025-07-27 10:05:00,VIC1,8.94942
2025-07-27 10:10:00,VIC1,12.43
2025-07-27 10:15:00,VIC1,22.21517
2025-07-27 10:20:00,VIC1,17.41132
2025-07-27 10:25:00,VIC1,0.06
2025-07-27 10:30:00,VIC1,3e-05
2025-07-27 10:35:00,VIC1,0.16128
2025-07-27 10:40:00,VIC1,35.71855
2025-07-27 10:45:00,VIC1,9.1647
2025-07-27 10:50:00,VIC1,0.06
2025-07-27 10:55:00,VIC1,0.06
2025-07-27 11:00:00,VIC1,11.11866
2025-07-27 11:05:00,VIC1,8.95
2025-07-27 11:10:00,VIC1,0.06
2025-07-27 11:15:00,VIC1,0.0
2025-07-27 11:20:00,VIC1,0.06
2025-07-27 11:25:00,VIC1,8.95
2025-07-27 11:30:00,VIC1,1.20651
2025-07-27 11:35:00,VIC1,8.95
2025-07-27 11:40:00,VIC1,8.95
2025-07-27 11:45:00,VIC1,-7.41
2025-07-27 11:50:00,VIC1,3e-05
2025-07-27 11:55:00,VIC1,8.95
2025-07-27 12:00:00,VIC1,0.0
2025-07-27 12:05:00,VIC1,3e-05
2025-07-27 12:10:00,VIC1,11.18465
2025-07-27 12:15:00,VIC1,8.95
2025-07-27 12:20:00,VIC1,0.12378
2025-07-27 12:25:00,VIC1,0.05
2025-07-27 12:30:00,VIC1,0.05
2025-07-27 12:35:00,VIC1,0.05
2025-07-27 12:40:00,VIC1,8.95021
2025-07-27 12:45:00,VIC1,0.01235
2025-07-27 12:50:00,VIC1,-13.99976
2025-07-27 12:55:00,VIC1,8.95
2025-07-27 13:00:00,VIC1,8.95
2025-07-27 13:05:00,VIC1,0.05
2025-07-27 13:10:00,VIC1,-0.51469
2025-07-27 13:15:00,VIC1,20.0
2025-07-27 13:20:00,VIC1,8.95
2025-07-27 13:25:00,VIC1,17.33422
2025-07-27 13:30:00,VIC1,8.95
2025-07-27 13:35:00,VIC1,8.95
2025-07-27 13:40:00,VIC1,20.0
2025-07-27 13:45:00,VIC1,0.05
2025-07-27 13:50:00,VIC1,8.94916
2025-07-27 13:55:00,VIC1,22.64568
2025-07-27 14:00:00,VIC1,0.05
2025-07-27 14:05:00,VIC1,8.95
2025-07-27 14:10:00,VIC1,8.95
2025-07-27 14:15:00,VIC1,20.76
2025-07-27 14:20:00,VIC1,20.0
2025-07-27 14:25:00,VIC1,8.95
2025-07-27 14:30:00,VIC1,13.28953
2025-07-27 14:35:00,VIC1,20.76008
2025-07-27 14:40:00,VIC1,8.95019
2025-07-27 14:45:00,VIC1,-1.06
2025-07-27 14:50:00,VIC1,20.0
2025-07-27 14:55:00,VIC1,21.14229
2025-07-27 15:00:00,VIC1,20.0
2025-07-27 15:05:00,VIC1,8.95
2025-07-27 15:10:00,VIC1,40.15004
2025-07-27 15:15:00,VIC1,20.0
2025-07-27 15:20:00,VIC1,36.15
2025-07-27 15:25:00,VIC1,33.24643
2025-07-27 15:30:00,VIC1,0.05
2025-07-27 15:35:00,VIC1,8.95
2025-07-27 15:40:00,VIC1,8.95
2025-07-27 15:45:00,VIC1,20.0
2025-07-27 15:50:00,VIC1,23.84
2025-07-27 15:55:00,VIC1,0.05
2025-07-27 16:00:00,VIC1,8.95
2025-07-27 16:05:00,VIC1,0.05
2025-07-27 16:10:00,VIC1,8.95071
2025-07-27 16:15:00,VIC1,8.95
2025-07-27 16:20:00,VIC1,50.34176
2025-07-27 16:25:00,VIC1,30.45075
2025-07-27 16:30:00,VIC1,53.98422
2025-07-27 16:35:00,VIC1,49.30512
2025-07-27 16:40:00,VIC1,55.34625
2025-07-27 16:45:00,VIC1,48.39546
2025-07-27 16:50:00,VIC1,70.18595
2025-07-27 16:55:00,VIC1,71.28654
2025-07-27 17:00:00,VIC1,70.77499
2025-07-27 17:05:00,VIC1,66.31917
2025-07-27 17:10:00,VIC1,64.24565
2025-07-27 17:15:00,VIC1,69.90936
2025-07-27 17:20:00,VIC1,69.97861
2025-07-27 17:25:00,VIC1,71.73263
2025-07-27 17:30:00,VIC1,71.15552
2025-07-27 17:35:00,VIC1,69.77219
2025-07-27 17:40:00,VIC1,68.36383
2025-07-27 17:45:00,VIC1,68.5492
2025-07-27 17:50:00,VIC1,64.01559
2025-07-27 17:55:00,VIC1,68.96156
2025-07-27 18:00:00,VIC1,69.0908
2025-07-27 18:05:00,VIC1,65.50979
2025-07-27 18:10:00,VIC1,61.82702
2025-07-27 18:15:00,VIC1,67.04846
2025-07-27 18:20:00,VIC1,68.03324
2025-07-27 18:25:00,VIC1,71.29896
2025-07-27 18:30:00,VIC1,74.15646
2025-07-27 18:35:00,VIC1,73.08111
2025-07-27 18:40:00,VIC1,73.10319
2025-07-27 18:45:00,VIC1,65.81119
2025-07-27 18:50:00,VIC1,74.23
2025-07-27 18:55:00,VIC1,74.23
2025-07-27 19:00:00,VIC1,74.23
2025-07-27 19:05:00,VIC1,74.7475
2025-07-27 19:10:00,VIC1,74.23
2025-07-27 19:15:00,VIC1,73.60783
2025-07-27 19:20:00,VIC1,73.20847
2025-07-27 19:25:00,VIC1,72.98179
2025-07-27 19:30:00,VIC1,72.22092
2025-07-27 19:35:00,VIC1,54.79237
2025-07-27 19:40:00,VIC1,59.61723
2025-07-27 19:45:00,VIC1,59.25097
2025-07-27 19:50:00,VIC1,60.56186
2025-07-27 19:55:00,VIC1,58.69897
2025-07-27 20:00:00,VIC1,57.9652
2025-07-27 20:05:00,VIC1,70.19416
2025-07-27 20:10:00,VIC1,70.14054
2025-07-27 20:15:00,VIC1,69.48841
2025-07-27 20:20:00,VIC1,68.98781
2025-07-27 20:25:00,VIC1,68.65943
2025-07-27 20:30:00,VIC1,69.66222
2025-07-27 20:35:00,VIC1,68.01604
2025-07-27 20:40:00,VIC1,69.16771
2025-07-27 20:45:00,VIC1,68.85234
2025-07-27 20:50:00,VIC1,56.09014
2025-07-27 20:55:00,VIC1,65.42894
2025-07-27 21:00:00,VIC1,58.80414
2025-07-27 21:05:00,VIC1,60.52401
2025-07-27 21:10:00,VIC1,60.10074
2025-07-27 21:15:00,VIC1,42.13345
2025-07-27 21:20:00,VIC1,53.97633
2025-07-27 21:25:00,VIC1,57.0
2025-07-27 21:30:00,VIC1,52.98316
2025-07-27 21:35:00,VIC1,57.0
2025-07-27 21:40:00,VIC1,57.60631
2025-07-27 21:45:00,VIC1,57.05853
2025-07-27 21:50:00,VIC1,50.84796
2025-07-27 21:55:00,VIC1,21.0
2025-07-27 22:00:00,VIC1,21.0
2025-07-27 22:05:00,VIC1,49.94552
2025-07-27 22:10:00,VIC1,52.03217
2025-07-27 22:15:00,VIC1,52.24988
2025-07-27 22:20:00,VIC1,25.90545
2025-07-27 22:25:00,VIC1,30.5565
2025-07-27 22:30:00,VIC1,28.66929
2025-07-27 22:35:00,VIC1,37.27754
2025-07-27 22:40:00,VIC1,8.95
2025-07-27 22:45:00,VIC1,8.95
2025-07-27 22:50:00,VIC1,37.41203
2025-07-27 22:55:00,VIC1,49.42234
2025-07-27 23:00:00,VIC1,8.95026
2025-07-27 23:05:00,VIC1,20.0
2025-07-27 23:10:00,VIC1,49.01871
2025-07-27 23:15:00,VIC1,58.45272
2025-07-27 23:20:00,VIC1,48.62302
2025-07-27 23:25:00,VIC1,20.96007
2025-07-27 23:30:00,VIC1,49.83192
2025-07-27 23:35:00,VIC1,60.63643
2025-07-27 23:40:00,VIC1,20.96
2025-07-27 23:45:00,VIC1,42.23716
2025-07-27 23:50:00,VIC1,44.14634
2025-07-27 23:55:00,VIC1,44.92435
2025-07-28 00:00:00,VIC1,27.01
2025-07-28 00:05:00,VIC1,20.0
2025-07-28 00:10:00,VIC1,55.82953
2025-07-28 00:15:00,VIC1,49.07213
2025-07-28 00:20:00,VIC1,61.2325
2025-07-28 00:25:00,VIC1,57.18576
2025-07-28 00:30:00,VIC1,50.60566
2025-07-28 00:35:00,VIC1,49.92229
2025-07-28 00:40:00,VIC1,60.6276
2025-07-28 00:45:00,VIC1,49.56612
2025-07-28 00:50:00,VIC1,49.55123
2025-07-28 00:55:00,VIC1,49.62069
2025-07-28 01:00:00,VIC1,43.97757
2025-07-28 01:05:00,VIC1,48.91462
2025-07-28 01:10:00,VIC1,49.61553
2025-07-28 01:15:00,VIC1,22.99993
2025-07-28 01:20:00,VIC1,27.59993
2025-07-28 01:25:00,VIC1,20.73993
2025-07-28 01:30:00,VIC1,19.18002
2025-07-28 01:35:00,VIC1,49.29714
2025-07-28 01:40:00,VIC1,32.61161
2025-07-28 01:45:00,VIC1,34.96733
2025-07-28 01:50:00,VIC1,20.00007
2025-07-28 01:55:00,VIC1,20.0
2025-07-28 02:00:00,VIC1,20.00007
2025-07-28 02:05:00,VIC1,20.0
2025-07-28 02:10:00,VIC1,8.94933
2025-07-28 02:15:00,VIC1,19.18003
2025-07-28 02:20:00,VIC1,19.18003
2025-07-28 02:25:00,VIC1,19.18003
2025-07-28 02:30:00,VIC1,19.18003
2025-07-28 02:35:00,VIC1,19.18011
2025-07-28 02:40:00,VIC1,19.18004
2025-07-28 02:45:00,VIC1,19.18004
2025-07-28 02:50:00,VIC1,8.94981
2025-07-28 02:55:00,VIC1,19.18004
2025-07-28 03:00:00,VIC1,19.18004
2025-07-28 03:05:00,VIC1,8.94958
2025-07-28 03:10:00,VIC1,19.18004
2025-07-28 03:15:00,VIC1,19.18004
2025-07-28 03:20:00,VIC1,19.18
2025-07-28 03:25:00,VIC1,0.48992
2025-07-28 03:30:00,VIC1,0.01
2025-07-28 03:35:00,VIC1,8.95
2025-07-28 03:40:00,VIC1,21.52993
2025-07-28 03:45:00,VIC1,8.95019
2025-07-28 03:50:00,VIC1,8.95
2025-07-28 03:55:00,VIC1,8.95
2025-07-28 04:00:00,VIC1,8.95
2025-07-28 04:05:00,VIC1,8.95
2025-07-28 04:10:00,VIC1,19.18
2025-07-28 04:15:00,VIC1,19.18005
2025-07-28 04:20:00,VIC1,19.18
2025-07-28 04:25:00,VIC1,19.18
2025-07-28 04:30:00,VIC1,19.18
2025-07-28 04:35:00,VIC1,19.18
2025-07-28 04:40:00,VIC1,19.18005
2025-07-28 04:45:00,VIC1,19.18
2025-07-28 04:50:00,VIC1,16.05989
2025-07-28 04:55:00,VIC1,19.18005
2025-07-28 05:00:00,VIC1,19.18
2025-07-28 05:05:00,VIC1,16.91995
2025-07-28 05:10:00,VIC1,19.18
2025-07-28 05:15:00,VIC1,19.18
2025-07-28 05:20:00,VIC1,19.18005
2025-07-28 05:25:00,VIC1,19.18
2025-07-28 05:30:00,VIC1,15.36688
2025-07-28 05:35:00,VIC1,19.18
2025-07-28 05:40:00,VIC1,20.00007
2025-07-28 05:45:00,VIC1,19.18005
2025-07-28 05:50:00,VIC1,20.0
2025-07-28 05:55:00,VIC1,20.00007
2025-07-28 06:00:00,VIC1,19.18005
2025-07-28 06:05:00,VIC1,20.0
2025-07-28 06:10:00,VIC1,22.99993
2025-07-28 06:15:00,VIC1,68.87917
2025-07-28 06:20:00,VIC1,70.4157
2025-07-28 06:25:00,VIC1,70.4468
2025-07-28 06:30:00,VIC1,67.04021
2025-07-28 06:35:00,VIC1,70.87454
2025-07-28 06:40:00,VIC1,71.97741
2025-07-28 06:45:00,VIC1,97.34921
2025-07-28 06:50:00,VIC1,87.29797
2025-07-28 06:55:00,VIC1,78.98559
2025-07-28 07:00:00,VIC1,84.29785
2025-07-28 07:05:00,VIC1,98.38246
2025-07-28 07:10:00,VIC1,79.49701
2025-07-28 07:15:00,VIC1,120.0
2025-07-28 07:20:00,VIC1,104.1608
2025-07-28 07:25:00,VIC1,79.01694
2025-07-28 07:30:00,VIC1,84.14713
2025-07-28 07:35:00,VIC1,81.11791
2025-07-28 07:40:00,VIC1,79.30532
2025-07-28 07:45:00,VIC1,75.79118
2025-07-28 07:50:00,VIC1,72.52256
2025-07-28 07:55:00,VIC1,57.0
2025-07-28 08:00:00,VIC1,56.53848
2025-07-28 08:05:00,VIC1,56.26375
2025-07-28 08:10:00,VIC1,57.0
2025-07-28 08:15:00,VIC1,57.0
2025-07-28 08:20:00,VIC1,49.48384
2025-07-28 08:25:00,VIC1,37.72887
2025-07-28 08:30:00,VIC1,11.06
2025-07-28 08:35:00,VIC1,11.06
2025-07-28 08:40:00,VIC1,35.16258
2025-07-28 08:45:00,VIC1,20.0
2025-07-28 08:50:00,VIC1,20.0
2025-07-28 08:55:00,VIC1,20.0
2025-07-28 09:00:00,VIC1,8.95026
2025-07-28 09:05:00,VIC1,20.0
2025-07-28 09:10:00,VIC1,38.18716
2025-07-28 09:15:00,VIC1,48.19
2025-07-28 09:20:00,VIC1,20.0
2025-07-28 09:25:00,VIC1,32.78498
2025-07-28 09:30:00,VIC1,11.05
2025-07-28 09:35:00,VIC1,33.07175
2025-07-28 09:40:00,VIC1,11.05
2025-07-28 09:45:00,VIC1,0.45097
2025-07-28 09:50:00,VIC1,8.95
2025-07-28 09:55:00,VIC1,8.95
2025-07-28 10:00:00,VIC1,0.07604
2025-07-28 10:05:00,VIC1,8.95
2025-07-28 10:10:00,VIC1,20.04
2025-07-28 10:15:00,VIC1,0.40748
2025-07-28 10:20:00,VIC1,0.0
2025-07-28 10:25:00,VIC1,0.07584
2025-07-28 10:30:00,VIC1,3e-05
2025-07-28 10:35:00,VIC1,0.0
2025-07-28 10:40:00,VIC1,0.07642
2025-07-28 10:45:00,VIC1,-10.77551
2025-07-28 10:50:00,VIC1,0.0
2025-07-28 10:55:00,VIC1,-1.06
2025-07-28 11:00:00,VIC1,0.0
2025-07-28 11:05:00,VIC1,-0.64757
2025-07-28 11:10:00,VIC1,-1.06
2025-07-28 11:15:00,VIC1,0.07584
2025-07-28 11:20:00,VIC1,0.00022
2025-07-28 11:25:00,VIC1,7.03417
2025-07-28 11:30:00,VIC1,-7.41
2025-07-28 11:35:00,VIC1,-9.83
2025-07-28 11:40:00,VIC1,-1.06
2025-07-28 11:45:00,VIC1,-9.83
2025-07-28 11:50:00,VIC1,-0.62722
2025-07-28 11:55:00,VIC1,-12.0
2025-07-28 12:00:00,VIC1,-9.83
2025-07-28 12:05:00,VIC1,-8.55943
2025-07-28 12:10:00,VIC1,0.0
2025-07-28 12:15:00,VIC1,-0.87462
2025-07-28 12:20:00,VIC1,-10.7142
2025-07-28 12:25:00,VIC1,-10.55576
2025-07-28 12:30:00,VIC1,-10.62905
2025-07-28 12:35:00,VIC1,-10.67902
2025-07-28 12:40:00,VIC1,3e-05
2025-07-28 12:45:00,VIC1,20.04
2025-07-28 12:50:00,VIC1,10.36682
2025-07-28 12:55:00,VIC1,8.94973
2025-07-28 13:00:00,VIC1,8.95054
2025-07-28 13:05:00,VIC1,8.94972
2025-07-28 13:10:00,VIC1,-6.03388
2025-07-28 13:15:00,VIC1,8.94916
2025-07-28 13:20:00,VIC1,0.00022
2025-07-28 13:25:00,VIC1,8.94972
2025-07-28 13:30:00,VIC1,13.66965
2025-07-28 13:35:00,VIC1,8.95
2025-07-28 13:40:00,VIC1,8.95
2025-07-28 13:45:00,VIC1,20.60508
2025-07-28 13:50:00,VIC1,10.16926
2025-07-28 13:55:00,VIC1,10.28539
2025-07-28 14:00:00,VIC1,8.95
2025-07-28 14:05:00,VIC1,0.07741
2025-07-28 14:10:00,VIC1,8.95
2025-07-28 14:15:00,VIC1,0.07662
2025-07-28 14:20:00,VIC1,8.95
2025-07-28 14:25:00,VIC1,20.0
2025-07-28 14:30:00,VIC1,0.07702
2025-07-28 14:35:00,VIC1,8.95
2025-07-28 14:40:00,VIC1,29.9804
2025-07-28 14:45:00,VIC1,0.07741
2025-07-28 14:50:00,VIC1,31.13778
2025-07-28 14:55:00,VIC1,20.0
2025-07-28 15:00:00,VIC1,21.49
2025-07-28 15:05:00,VIC1,19.03022
2025-07-28 15:10:00,VIC1,8.95
2025-07-28 15:15:00,VIC1,8.95
2025-07-28 15:20:00,VIC1,30.70571
2025-07-28 15:25:00,VIC1,8.95
2025-07-28 15:30:00,VIC1,1.04239
2025-07-28 15:35:00,VIC1,8.95
2025-07-28 15:40:00,VIC1,20.0
2025-07-28 15:45:00,VIC1,35.0
2025-07-28 15:50:00,VIC1,8.95
2025-07-28 15:55:00,VIC1,34.25845
2025-07-28 16:00:00,VIC1,49.72909
2025-07-28 16:05:00,VIC1,35.92
2025-07-28 16:10:00,VIC1,20.04
2025-07-28 16:15:00,VIC1,12.49133
2025-07-28 16:20:00,VIC1,44.56462
2025-07-28 16:25:00,VIC1,75.69494
2025-07-28 16:30:00,VIC1,84.10834
2025-07-28 16:35:00,VIC1,78.58245
2025-07-28 16:40:00,VIC1,102.17134
2025-07-28 16:45:00,VIC1,118.32031
2025-07-28 16:50:00,VIC1,139.49463
2025-07-28 16:55:00,VIC1,155.22589
2025-07-28 17:00:00,VIC1,156.76591
2025-07-28 17:05:00,VIC1,158.28006
2025-07-28 17:10:00,VIC1,137.68574
2025-07-28 17:15:00,VIC1,160.66957
2025-07-28 17:20:00,VIC1,173.40026
2025-07-28 17:25:00,VIC1,166.26024
2025-07-28 17:30:00,VIC1,170.27
2025-07-28 17:35:00,VIC1,162.8281
2025-07-28 17:40:00,VIC1,170.76
2025-07-28 17:45:00,VIC1,159.95065
2025-07-28 17:50:00,VIC1,170.22
2025-07-28 17:55:00,VIC1,162.76259
2025-07-28 18:00:00,VIC1,187.00544
2025-07-28 18:05:00,VIC1,190.75633
2025-07-28 18:10:00,VIC1,199.01194
2025-07-28 18:15:00,VIC1,193.45729
2025-07-28 18:20:00,VIC1,247.65323
2025-07-28 18:25:00,VIC1,209.33957
2025-07-28 18:30:00,VIC1,180.96007
2025-07-28 18:35:00,VIC1,184.67491
2025-07-28 18:40:00,VIC1,183.33811
2025-07-28 18:45:00,VIC1,177.86671
2025-07-28 18:50:00,VIC1,240.0
2025-07-28 18:55:00,VIC1,167.45416
2025-07-28 19:00:00,VIC1,211.37396
2025-07-28 19:05:00,VIC1,170.98764
2025-07-28 19:10:00,VIC1,174.79589
2025-07-28 19:15:00,VIC1,168.72105
2025-07-28 19:20:00,VIC1,202.29912
2025-07-28 19:25:00,VIC1,166.87887
2025-07-28 19:30:00,VIC1,165.44135
2025-07-28 19:35:00,VIC1,221.79452
2025-07-28 19:40:00,VIC1,192.71591
2025-07-28 19:45:00,VIC1,223.41
2025-07-28 19:50:00,VIC1,223.36
2025-07-28 19:55:00,VIC1,218.68407
2025-07-28 20:00:00,VIC1,200.88997
2025-07-28 20:05:00,VIC1,223.5
2025-07-28 20:10:00,VIC1,223.36
2025-07-28 20:15:00,VIC1,247.45
2025-07-28 20:20:00,VIC1,248.94
2025-07-28 20:25:00,VIC1,205.93186
2025-07-28 20:30:00,VIC1,203.21354
2025-07-28 20:35:00,VIC1,195.54378
2025-07-28 20:40:00,VIC1,180.96
2025-07-28 20:45:00,VIC1,191.55997
2025-07-28 20:50:00,VIC1,232.36456
2025-07-28 20:55:00,VIC1,191.79497
2025-07-28 21:00:00,VIC1,187.9805
2025-07-28 21:05:00,VIC1,233.39225
2025-07-28 21:10:00,VIC1,200.89
2025-07-28 21:15:00,VIC1,175.80292
2025-07-28 21:20:00,VIC1,179.28439
2025-07-28 21:25:00,VIC1,209.54609
2025-07-28 21:30:00,VIC1,202.31667
2025-07-28 21:35:00,VIC1,192.28143
2025-07-28 21:40:00,VIC1,196.68066
2025-07-28 21:45:00,VIC1,197.71969
2025-07-28 21:50:00,VIC1,160.0
2025-07-28 21:55:00,VIC1,145.46481
2025-07-28 22:00:00,VIC1,144.26109
2025-07-28 22:05:00,VIC1,142.33948
2025-07-28 22:10:00,VIC1,160.0
2025-07-28 22:15:00,VIC1,158.0
2025-07-28 22:20:00,VIC1,147.33228
2025-07-28 22:25:00,VIC1,147.15391
2025-07-28 22:30:00,VIC1,122.3303
2025-07-28 22:35:00,VIC1,126.94127
2025-07-28 22:40:00,VIC1,142.7647
2025-07-28 22:45:00,VIC1,153.3057
2025-07-28 22:50:00,VIC1,130.42994
2025-07-28 22:55:00,VIC1,130.4696
2025-07-28 23:00:00,VIC1,127.16531
2025-07-28 23:05:00,VIC1,143.41478
2025-07-28 23:10:00,VIC1,143.56828
2025-07-28 23:15:00,VIC1,134.20561
2025-07-28 23:20:00,VIC1,134.44729
2025-07-28 23:25:00,VIC1,134.64692
2025-07-28 23:30:00,VIC1,135.8569
2025-07-28 23:35:00,VIC1,132.11761
2025-07-28 23:40:00,VIC1,132.72
2025-07-28 23:45:00,VIC1,144.39554
2025-07-28 23:50:00,VIC1,135.57158
2025-07-28 23:55:00,VIC1,144.8734
2025-07-29 00:00:00,VIC1,134.35025
2025-07-29 00:05:00,VIC1,143.7968
2025-07-29 00:10:00,VIC1,144.46843
2025-07-29 00:15:00,VIC1,131.15123
2025-07-29 00:20:00,VIC1,97.0
2025-07-29 00:25:00,VIC1,141.06851
2025-07-29 00:30:00,VIC1,128.20982
2025-07-29 00:35:00,VIC1,99.63147
2025-07-29 00:40:00,VIC1,100.30555
2025-07-29 00:45:00,VIC1,123.86599
2025-07-29 00:50:00,VIC1,110.31455
2025-07-29 00:55:00,VIC1,133.1174
2025-07-29 01:00:00,VIC1,109.40318
2025-07-29 01:05:00,VIC1,98.69791
2025-07-29 01:10:00,VIC1,110.63072
2025-07-29 01:15:00,VIC1,119.16437
2025-07-29 01:20:00,VIC1,97.0
2025-07-29 01:25:00,VIC1,98.04897
2025-07-29 01:30:00,VIC1,123.19
2025-07-29 01:35:00,VIC1,134.55422
2025-07-29 01:40:00,VIC1,86.46876
2025-07-29 01:45:00,VIC1,97.0
2025-07-29 01:50:00,VIC1,97.0
2025-07-29 01:55:00,VIC1,89.53132
2025-07-29 02:00:00,VIC1,87.93194
2025-07-29 02:05:00,VIC1,97.0
2025-07-29 02:10:00,VIC1,137.47459
2025-07-29 02:15:00,VIC1,102.6248
2025-07-29 02:20:00,VIC1,89.65018
2025-07-29 02:25:00,VIC1,100.27272
2025-07-29 02:30:00,VIC1,90.0
2025-07-29 02:35:00,VIC1,90.0
2025-07-29 02:40:00,VIC1,119.96045
2025-07-29 02:45:00,VIC1,97.0
2025-07-29 02:50:00,VIC1,90.58484
2025-07-29 02:55:00,VIC1,108.50175
2025-07-29 03:00:00,VIC1,88.10191
2025-07-29 03:05:00,VIC1,97.0
2025-07-29 03:10:00,VIC1,87.03356
2025-07-29 03:15:00,VIC1,97.0
2025-07-29 03:20:00,VIC1,97.0
2025-07-29 03:25:00,VIC1,85.35011
2025-07-29 03:30:00,VIC1,97.0
2025-07-29 03:35:00,VIC1,90.0
2025-07-29 03:40:00,VIC1,93.18197
2025-07-29 03:45:00,VIC1,112.67617
2025-07-29 03:50:00,VIC1,130.35139
2025-07-29 03:55:00,VIC1,86.39699
2025-07-29 04:00:00,VIC1,109.09598
2025-07-29 04:05:00,VIC1,111.99579
2025-07-29 04:10:00,VIC1,117.5975
2025-07-29 04:15:00,VIC1,117.37522
2025-07-29 04:20:00,VIC1,122.86352
2025-07-29 04:25:00,VIC1,93.08632
2025-07-29 04:30:00,VIC1,107.57471
2025-07-29 04:35:00,VIC1,109.13362
2025-07-29 04:40:00,VIC1,93.99673
2025-07-29 04:45:00,VIC1,98.36133
2025-07-29 04:50:00,VIC1,115.49444
2025-07-29 04:55:00,VIC1,111.7262
2025-07-29 05:00:00,VIC1,121.77283
2025-07-29 05:05:00,VIC1,116.47046
2025-07-29 05:10:00,VIC1,126.63696
2025-07-29 05:15:00,VIC1,121.70324
2025-07-29 05:20:00,VIC1,119.69415
2025-07-29 05:25:00,VIC1,112.90082
2025-07-29 05:30:00,VIC1,167.25157
2025-07-29 05:35:00,VIC1,123.60901
2025-07-29 05:40:00,VIC1,160.39665
2025-07-29 05:45:00,VIC1,168.67443
2025-07-29 05:50:00,VIC1,175.69126
2025-07-29 05:55:00,VIC1,171.48046
2025-07-29 06:00:00,VIC1,172.61758
2025-07-29 06:05:00,VIC1,199.78427
2025-07-29 06:10:00,VIC1,221.84719
2025-07-29 06:15:00,VIC1,295.36924
2025-07-29 06:20:00,VIC1,298.52613
2025-07-29 06:25:00,VIC1,297.12717
2025-07-29 06:30:00,VIC1,299.49
2025-07-29 06:35:00,VIC1,253.13364
2025-07-29 06:40:00,VIC1,248.94
2025-07-29 06:45:00,VIC1,248.94
2025-07-29 06:50:00,VIC1,260.10252
2025-07-29 06:55:00,VIC1,276.0733
2025-07-29 07:00:00,VIC1,299.4
2025-07-29 07:05:00,VIC1,273.08175
2025-07-29 07:10:00,VIC1,253.44043
2025-07-29 07:15:00,VIC1,299.17
2025-07-29 07:20:00,VIC1,320.26199
2025-07-29 07:25:00,VIC1,308.25456
2025-07-29 07:30:00,VIC1,298.0
2025-07-29 07:35:00,VIC1,254.77344
2025-07-29 07:40:00,VIC1,247.45
2025-07-29 07:45:00,VIC1,270.82
2025-07-29 07:50:00,VIC1,270.82
2025-07-29 07:55:00,VIC1,281.8461
2025-07-29 08:00:00,VIC1,288.17816
2025-07-29 08:05:00,VIC1,253.12696
2025-07-29 08:10:00,VIC1,248.94
2025-07-29 08:15:00,VIC1,270.82
2025-07-29 08:20:00,VIC1,248.94
2025-07-29 08:25:00,VIC1,262.46525
2025-07-29 08:30:00,VIC1,261.29841
2025-07-29 08:35:00,VIC1,263.79739
2025-07-29 08:40:00,VIC1,270.82
2025-07-29 08:45:00,VIC1,248.94
2025-07-29 08:50:00,VIC1,248.94
2025-07-29 08:55:00,VIC1,248.94
2025-07-29 09:00:00,VIC1,247.45
2025-07-29 09:05:00,VIC1,222.23003
2025-07-29 09:10:00,VIC1,222.10009
2025-07-29 09:15:00,VIC1,228.46404
2025-07-29 09:20:00,VIC1,221.18369
2025-07-29 09:25:00,VIC1,180.96003
2025-07-29 09:30:00,VIC1,180.96003
2025-07-29 09:35:00,VIC1,180.96
2025-07-29 09:40:00,VIC1,180.94
2025-07-29 09:45:00,VIC1,180.94
2025-07-29 09:50:00,VIC1,147.98828
2025-07-29 09:55:00,VIC1,154.59487
2025-07-29 10:00:00,VIC1,123.85856
2025-07-29 10:05:00,VIC1,160.0
2025-07-29 10:10:00,VIC1,160.0
2025-07-29 10:15:00,VIC1,280.16146
2025-07-29 10:20:00,VIC1,167.54059
2025-07-29 10:25:00,VIC1,160.0
2025-07-29 10:30:00,VIC1,106.35986
2025-07-29 10:35:00,VIC1,158.72
2025-07-29 10:40:00,VIC1,162.05346
2025-07-29 10:45:00,VIC1,91.72196
2025-07-29 10:50:00,VIC1,91.64981
2025-07-29 10:55:00,VIC1,84.46075
2025-07-29 11:00:00,VIC1,73.16597
2025-07-29 11:05:00,VIC1,76.5597
2025-07-29 11:10:00,VIC1,108.18661
2025-07-29 11:15:00,VIC1,56.19934
2025-07-29 11:20:00,VIC1,48.19
2025-07-29 11:25:00,VIC1,90.0
2025-07-29 11:30:00,VIC1,48.19
2025-07-29 11:35:00,VIC1,62.70069
2025-07-29 11:40:00,VIC1,55.74303
2025-07-29 11:45:00,VIC1,67.15341
2025-07-29 11:50:00,VIC1,90.0
2025-07-29 11:55:00,VIC1,75.8
2025-07-29 12:00:00,VIC1,50.05512
2025-07-29 12:05:00,VIC1,90.0
2025-07-29 12:10:00,VIC1,92.23
2025-07-29 12:15:00,VIC1,92.23
2025-07-29 12:20:00,VIC1,115.89
2025-07-29 12:25:00,VIC1,113.57255
2025-07-29 12:30:00,VIC1,113.27842
2025-07-29 12:35:00,VIC1,122.02
2025-07-29 12:40:00,VIC1,92.51
2025-07-29 12:45:00,VIC1,176.16595
2025-07-29 12:50:00,VIC1,173.38351
2025-07-29 12:55:00,VIC1,160.0
2025-07-29 13:00:00,VIC1,166.45
2025-07-29 13:05:00,VIC1,166.45
2025-07-29 13:10:00,VIC1,149.17243
2025-07-29 13:15:00,VIC1,156.65928
2025-07-29 13:20:00,VIC1,160.36
2025-07-29 13:25:00,VIC1,207.8
2025-07-29 13:30:00,VIC1,209.91768
2025-07-29 13:35:00,VIC1,133.27684
2025-07-29 13:40:00,VIC1,155.44651
2025-07-29 13:45:00,VIC1,139.34476
2025-07-29 13:50:00,VIC1,132.6277
2025-07-29 13:55:00,VIC1,227.62747
2025-07-29 14:00:00,VIC1,126.33684
2025-07-29 14:05:00,VIC1,221.60908
2025-07-29 14:10:00,VIC1,216.13031
2025-07-29 14:15:00,VIC1,219.20098
2025-07-29 14:20:00,VIC1,220.94654
2025-07-29 14:25:00,VIC1,160.36
2025-07-29 14:30:00,VIC1,162.31574
2025-07-29 14:35:00,VIC1,160.36
2025-07-29 14:40:00,VIC1,159.07916
2025-07-29 14:45:00,VIC1,160.36
2025-07-29 14:50:00,VIC1,167.48112
2025-07-29 14:55:00,VIC1,160.36
2025-07-29 15:00:00,VIC1,143.65936
2025-07-29 15:05:00,VIC1,171.57
2025-07-29 15:10:00,VIC1,168.69337
2025-07-29 15:15:00,VIC1,197.96846
2025-07-29 15:20:00,VIC1,199.71127
2025-07-29 15:25:00,VIC1,199.96501
2025-07-29 15:30:00,VIC1,197.52331
2025-07-29 15:35:00,VIC1,154.60355
2025-07-29 15:40:00,VIC1,204.5455
2025-07-29 15:45:00,VIC1,204.52439
2025-07-29 15:50:00,VIC1,236.99132
2025-07-29 15:55:00,VIC1,239.95347
2025-07-29 16:00:00,VIC1,254.04114
2025-07-29 16:05:00,VIC1,299.5
2025-07-29 16:10:00,VIC1,286.11991
2025-07-29 16:15:00,VIC1,266.69829
2025-07-29 16:20:00,VIC1,254.29039
2025-07-29 16:25:00,VIC1,278.82104
2025-07-29 16:30:00,VIC1,299.5
2025-07-29 16:35:00,VIC1,295.21026
2025-07-29 16:40:00,VIC1,299.29
2025-07-29 16:45:00,VIC1,342.67448
2025-07-29 16:50:00,VIC1,348.61
2025-07-29 16:55:00,VIC1,348.61
2025-07-29 17:00:00,VIC1,333.29532
2025-07-29 17:05:00,VIC1,291.12761
2025-07-29 17:10:00,VIC1,298.35906
2025-07-29 17:15:00,VIC1,348.61
2025-07-29 17:20:00,VIC1,348.61
2025-07-29 17:25:00,VIC1,375.7633
2025-07-29 17:30:00,VIC1,378.37282
2025-07-29 17:35:00,VIC1,359.38564
2025-07-29 17:40:00,VIC1,356.46859
2025-07-29 17:45:00,VIC1,354.50487
2025-07-29 17:50:00,VIC1,351.51
2025-07-29 17:55:00,VIC1,406.48
2025-07-29 18:00:00,VIC1,357.14588
2025-07-29 18:05:00,VIC1,348.61
2025-07-29 18:10:00,VIC1,296.61724
2025-07-29 18:15:00,VIC1,348.61
2025-07-29 18:20:00,VIC1,321.47084
2025-07-29 18:25:00,VIC1,329.06513
2025-07-29 18:30:00,VIC1,309.46251
2025-07-29 18:35:00,VIC1,293.46781
2025-07-29 18:40:00,VIC1,297.89
2025-07-29 18:45:00,VIC1,293.23837
2025-07-29 18:50:00,VIC1,287.1738
2025-07-29 18:55:00,VIC1,286.99896
2025-07-29 19:00:00,VIC1,276.83605
2025-07-29 19:05:00,VIC1,254.98165
2025-07-29 19:10:00,VIC1,263.25973
2025-07-29 19:15:00,VIC1,266.96
2025-07-29 19:20:00,VIC1,266.96
2025-07-29 19:25:00,VIC1,257.76104
2025-07-29 19:30:00,VIC1,263.33938
2025-07-29 19:35:00,VIC1,295.46146
2025-07-29 19:40:00,VIC1,294.93218
2025-07-29 19:45:00,VIC1,280.22344
2025-07-29 19:50:00,VIC1,263.77644
2025-07-29 19:55:00,VIC1,269.82
2025-07-29 20:00:00,VIC1,266.96
2025-07-29 20:05:00,VIC1,291.10919
2025-07-29 20:10:00,VIC1,285.84431
2025-07-29 20:15:00,VIC1,295.79163
2025-07-29 20:20:00,VIC1,297.55455
2025-07-29 20:25:00,VIC1,297.83967
2025-07-29 20:30:00,VIC1,295.80631
2025-07-29 20:35:00,VIC1,270.82
2025-07-29 20:40:00,VIC1,280.38395
2025-07-29 20:45:00,VIC1,266.62464
2025-07-29 20:50:00,VIC1,263.33938
2025-07-29 20:55:00,VIC1,257.77741
2025-07-29 21:00:00,VIC1,254.01574
2025-07-29 21:05:00,VIC1,269.17307
2025-07-29 21:10:00,VIC1,270.61262
2025-07-29 21:15:00,VIC1,270.82
2025-07-29 21:20:00,VIC1,247.65323
2025-07-29 21:25:00,VIC1,253.55848
2025-07-29 21:30:00,VIC1,244.34358
2025-07-29 21:35:00,VIC1,279.57266
2025-07-29 21:40:00,VIC1,284.28067
2025-07-29 21:45:00,VIC1,281.3235
2025-07-29 21:50:00,VIC1,263.33938
2025-07-29 21:55:00,VIC1,260.40371
2025-07-29 22:00:00,VIC1,180.7679
2025-07-29 22:05:00,VIC1,215.19158
2025-07-29 22:10:00,VIC1,266.96
2025-07-29 22:15:00,VIC1,272.84183
2025-07-29 22:20:00,VIC1,262.2944
2025-07-29 22:25:00,VIC1,216.44322
2025-07-29 22:30:00,VIC1,223.30474
2025-07-29 22:35:00,VIC1,236.53468
2025-07-29 22:40:00,VIC1,241.96
2025-07-29 22:45:00,VIC1,219.77362
2025-07-29 22:50:00,VIC1,217.78052
2025-07-29 22:55:00,VIC1,168.57122
2025-07-29 23:00:00,VIC1,158.0
2025-07-29 23:05:00,VIC1,158.0
2025-07-29 23:10:00,VIC1,160.0
2025-07-29 23:15:00,VIC1,227.86599
2025-07-29 23:20:00,VIC1,159.10753
2025-07-29 23:25:00,VIC1,256.88535
2025-07-29 23:30:00,VIC1,158.0
2025-07-29 23:35:00,VIC1,165.80641
2025-07-29 23:40:00,VIC1,182.4441
2025-07-29 23:45:00,VIC1,217.53026
2025-07-29 23:50:00,VIC1,211.73677
2025-07-29 23:55:00,VIC1,186.10785
2025-07-30 00:00:00,VIC1,156.94019
2025-07-30 00:05:00,VIC1,218.15881
2025-07-30 00:10:00,VIC1,195.01995
2025-07-30 00:15:00,VIC1,207.98263
2025-07-30 00:20:00,VIC1,160.0
2025-07-30 00:25:00,VIC1,155.01154
2025-07-30 00:30:00,VIC1,153.29619
2025-07-30 00:35:00,VIC1,160.0
2025-07-30 00:40:00,VIC1,160.0
2025-07-30 00:45:00,VIC1,158.0
2025-07-30 00:50:00,VIC1,158.0
2025-07-30 00:55:00,VIC1,160.0
2025-07-30 01:00:00,VIC1,124.34516
2025-07-30 01:05:00,VIC1,156.30496
2025-07-30 01:10:00,VIC1,160.0
2025-07-30 01:15:00,VIC1,160.0
2025-07-30 01:20:00,VIC1,128.67617
2025-07-30 01:25:00,VIC1,126.90674
2025-07-30 01:30:00,VIC1,127.92514
2025-07-30 01:35:00,VIC1,127.89394
2025-07-30 01:40:00,VIC1,130.55128
2025-07-30 01:45:00,VIC1,122.52587
2025-07-30 01:50:00,VIC1,126.30375
2025-07-30 01:55:00,VIC1,120.0
2025-07-30 02:00:00,VIC1,119.96838
2025-07-30 02:05:00,VIC1,138.51096
2025-07-30 02:10:00,VIC1,128.09566
2025-07-30 02:15:00,VIC1,127.19
2025-07-30 02:20:00,VIC1,156.7196
2025-07-30 02:25:00,VIC1,126.24341
2025-07-30 02:30:00,VIC1,125.22614
2025-07-30 02:35:00,VIC1,156.34951
2025-07-30 02:40:00,VIC1,125.6171
2025-07-30 02:45:00,VIC1,126.72392
2025-07-30 02:50:00,VIC1,138.40204
2025-07-30 02:55:00,VIC1,119.69183
2025-07-30 03:00:00,VIC1,131.34879
2025-07-30 03:05:00,VIC1,122.02
2025-07-30 03:10:00,VIC1,136.97656
2025-07-30 03:15:00,VIC1,120.0
2025-07-30 03:20:00,VIC1,124.08206
2025-07-30 03:25:00,VIC1,122.02
2025-07-30 03:30:00,VIC1,123.65744
2025-07-30 03:35:00,VIC1,159.83341
2025-07-30 03:40:00,VIC1,122.02
2025-07-30 03:45:00,VIC1,113.65741
2025-07-30 03:50:00,VIC1,122.02
2025-07-30 03:55:00,VIC1,119.69183
2025-07-30 04:00:00,VIC1,119.86576
2025-07-30 04:05:00,VIC1,122.02
2025-07-30 04:10:00,VIC1,133.05027
2025-07-30 04:15:00,VIC1,122.02
2025-07-30 04:20:00,VIC1,134.28662
2025-07-30 04:25:00,VIC1,129.44505
2025-07-30 04:30:00,VIC1,122.02
2025-07-30 04:35:00,VIC1,155.88
2025-07-30 04:40:00,VIC1,166.77874
2025-07-30 04:45:00,VIC1,120.99327
2025-07-30 04:50:00,VIC1,122.02
2025-07-30 04:55:00,VIC1,122.02
2025-07-30 05:00:00,VIC1,145.83533
2025-07-30 05:05:00,VIC1,134.73975
2025-07-30 05:10:00,VIC1,158.49
2025-07-30 05:15:00,VIC1,130.95005
2025-07-30 05:20:00,VIC1,162.27944
2025-07-30 05:25:00,VIC1,160.0
2025-07-30 05:30:00,VIC1,167.97869
2025-07-30 05:35:00,VIC1,160.06124
2025-07-30 05:40:00,VIC1,169.34521
2025-07-30 05:45:00,VIC1,130.85813
2025-07-30 05:50:00,VIC1,163.81444
2025-07-30 05:55:00,VIC1,172.25972
2025-07-30 06:00:00,VIC1,166.83132
2025-07-30 06:05:00,VIC1,166.83132
2025-07-30 06:10:00,VIC1,166.5686
2025-07-30 06:15:00,VIC1,171.48226
2025-07-30 06:20:00,VIC1,190.86574
2025-07-30 06:25:00,VIC1,227.97
2025-07-30 06:30:00,VIC1,187.44459
2025-07-30 06:35:00,VIC1,182.55722
2025-07-30 06:40:00,VIC1,166.29794
2025-07-30 06:45:00,VIC1,158.0
2025-07-30 06:50:00,VIC1,158.0
2025-07-30 06:55:00,VIC1,242.5832
2025-07-30 07:00:00,VIC1,247.45
2025-07-30 07:05:00,VIC1,247.45
2025-07-30 07:10:00,VIC1,215.64432
2025-07-30 07:15:00,VIC1,284.54266
2025-07-30 07:20:00,VIC1,247.45
2025-07-30 07:25:00,VIC1,283.51898
2025-07-30 07:30:00,VIC1,272.34807
2025-07-30 07:35:00,VIC1,299.5
2025-07-30 07:40:00,VIC1,270.82
2025-07-30 07:45:00,VIC1,274.70722
2025-07-30 07:50:00,VIC1,247.45
2025-07-30 07:55:00,VIC1,239.77114
2025-07-30 08:00:00,VIC1,170.6261
2025-07-30 08:05:00,VIC1,211.97603
2025-07-30 08:10:00,VIC1,222.54477
2025-07-30 08:15:00,VIC1,269.17796
2025-07-30 08:20:00,VIC1,226.80286
2025-07-30 08:25:00,VIC1,226.8963
2025-07-30 08:30:00,VIC1,156.97
2025-07-30 08:35:00,VIC1,182.41091
2025-07-30 08:40:00,VIC1,156.97
2025-07-30 08:45:00,VIC1,184.22594
2025-07-30 08:50:00,VIC1,156.02
2025-07-30 08:55:00,VIC1,156.02
2025-07-30 09:00:00,VIC1,119.90967
2025-07-30 09:05:00,VIC1,127.22412
2025-07-30 09:10:00,VIC1,126.57395
2025-07-30 09:15:00,VIC1,119.17383
2025-07-30 09:20:00,VIC1,138.56701
2025-07-30 09:25:00,VIC1,115.78761
2025-07-30 09:30:00,VIC1,103.84398
2025-07-30 09:35:00,VIC1,132.72
2025-07-30 09:40:00,VIC1,97.0
2025-07-30 09:45:00,VIC1,85.07012
2025-07-30 09:50:00,VIC1,75.80003
2025-07-30 09:55:00,VIC1,54.40674
2025-07-30 10:00:00,VIC1,53.22044
2025-07-30 10:05:00,VIC1,80.0
2025-07-30 10:10:00,VIC1,80.0
2025-07-30 10:15:00,VIC1,80.0
2025-07-30 10:20:00,VIC1,80.0
2025-07-30 10:25:00,VIC1,78.22797
2025-07-30 10:30:00,VIC1,77.08106
2025-07-30 10:35:00,VIC1,68.31665
2025-07-30 10:40:00,VIC1,75.80003
2025-07-30 10:45:00,VIC1,61.18055
2025-07-30 10:50:00,VIC1,49.86972
2025-07-30 10:55:00,VIC1,49.80192
2025-07-30 11:00:00,VIC1,56.18963
2025-07-30 11:05:00,VIC1,71.28111
2025-07-30 11:10:00,VIC1,54.18143
2025-07-30 11:15:00,VIC1,71.95185
2025-07-30 11:20:00,VIC1,48.19
2025-07-30 11:25:00,VIC1,63.53677
2025-07-30 11:30:00,VIC1,63.5061
2025-07-30 11:35:00,VIC1,48.19
2025-07-30 11:40:00,VIC1,80.36746
2025-07-30 11:45:00,VIC1,71.03436
2025-07-30 11:50:00,VIC1,80.0
2025-07-30 11:55:00,VIC1,75.75094
2025-07-30 12:00:00,VIC1,48.19
2025-07-30 12:05:00,VIC1,81.25456
2025-07-30 12:10:00,VIC1,88.38902
2025-07-30 12:15:00,VIC1,72.93578
2025-07-30 12:20:00,VIC1,60.57225
2025-07-30 12:25:00,VIC1,85.4986
2025-07-30 12:30:00,VIC1,85.89144
2025-07-30 12:35:00,VIC1,48.15
2025-07-30 12:40:00,VIC1,51.69415
2025-07-30 12:45:00,VIC1,84.13455
2025-07-30 12:50:00,VIC1,48.15
2025-07-30 12:55:00,VIC1,83.5455
2025-07-30 13:00:00,VIC1,85.63108
2025-07-30 13:05:00,VIC1,73.06166
2025-07-30 13:10:00,VIC1,72.25469
2025-07-30 13:15:00,VIC1,72.88603
2025-07-30 13:20:00,VIC1,75.80003
2025-07-30 13:25:00,VIC1,70.97
2025-07-30 13:30:00,VIC1,75.63186
2025-07-30 13:35:00,VIC1,62.67964
2025-07-30 13:40:00,VIC1,69.77593
2025-07-30 13:45:00,VIC1,69.81527
2025-07-30 13:50:00,VIC1,69.73016
2025-07-30 13:55:00,VIC1,71.18064
2025-07-30 14:00:00,VIC1,80.0
2025-07-30 14:05:00,VIC1,70.05063
2025-07-30 14:10:00,VIC1,80.0
2025-07-30 14:15:00,VIC1,80.0
2025-07-30 14:20:00,VIC1,80.0
2025-07-30 14:25:00,VIC1,83.88321
2025-07-30 14:30:00,VIC1,67.776
2025-07-30 14:35:00,VIC1,69.06975
2025-07-30 14:40:00,VIC1,74.60478
2025-07-30 14:45:00,VIC1,69.42717
2025-07-30 14:50:00,VIC1,64.58476
2025-07-30 14:55:00,VIC1,68.51058
2025-07-30 15:00:00,VIC1,85.7738
2025-07-30 15:05:00,VIC1,71.2
2025-07-30 15:10:00,VIC1,71.2
2025-07-30 15:15:00,VIC1,65.39692
2025-07-30 15:20:00,VIC1,65.46486
2025-07-30 15:25:00,VIC1,66.72639
2025-07-30 15:30:00,VIC1,71.42076
2025-07-30 15:35:00,VIC1,36.71175
2025-07-30 15:40:00,VIC1,26.44284
2025-07-30 15:45:00,VIC1,26.66654
2025-07-30 15:50:00,VIC1,28.15024
2025-07-30 15:55:00,VIC1,29.75798
2025-07-30 16:00:00,VIC1,78.27
2025-07-30 16:05:00,VIC1,63.50183
2025-07-30 16:10:00,VIC1,64.38477
2025-07-30 16:15:00,VIC1,78.93332
2025-07-30 16:20:00,VIC1,88.49484
2025-07-30 16:25:00,VIC1,102.38532
2025-07-30 16:30:00,VIC1,119.69183
2025-07-30 16:35:00,VIC1,80.0
2025-07-30 16:40:00,VIC1,115.79094
2025-07-30 16:45:00,VIC1,122.9484
2025-07-30 16:50:00,VIC1,158.0
2025-07-30 16:55:00,VIC1,158.0
2025-07-30 17:00:00,VIC1,158.0
2025-07-30 17:05:00,VIC1,151.3188
2025-07-30 17:10:00,VIC1,147.24855
2025-07-30 17:15:00,VIC1,171.57
2025-07-30 17:20:00,VIC1,158.0
2025-07-30 17:25:00,VIC1,158.65812
2025-07-30 17:30:00,VIC1,158.0
2025-07-30 17:35:00,VIC1,161.38826
2025-07-30 17:40:00,VIC1,190.11563
2025-07-30 17:45:00,VIC1,164.44694
2025-07-30 17:50:00,VIC1,208.24702
2025-07-30 17:55:00,VIC1,167.04511
2025-07-30 18:00:00,VIC1,187.86146
2025-07-30 18:05:00,VIC1,186.79221
2025-07-30 18:10:00,VIC1,174.79589
2025-07-30 18:15:00,VIC1,176.0192
2025-07-30 18:20:00,VIC1,158.0
2025-07-30 18:25:00,VIC1,173.58654
2025-07-30 18:30:00,VIC1,159.47055
2025-07-30 18:35:00,VIC1,158.0
2025-07-30 18:40:00,VIC1,158.0
2025-07-30 18:45:00,VIC1,132.72
2025-07-30 18:50:00,VIC1,139.55667
2025-07-30 18:55:00,VIC1,132.72
2025-07-30 19:00:00,VIC1,130.23
2025-07-30 19:05:00,VIC1,130.23
2025-07-30 19:10:00,VIC1,132.72
2025-07-30 19:15:00,VIC1,152.77256
2025-07-30 19:20:00,VIC1,124.12239
2025-07-30 19:25:00,VIC1,129.99485
2025-07-30 19:30:00,VIC1,129.20635
2025-07-30 19:35:00,VIC1,122.02
2025-07-30 19:40:00,VIC1,122.02
2025-07-30 19:45:00,VIC1,120.0
2025-07-30 19:50:00,VIC1,120.0
2025-07-30 19:55:00,VIC1,97.0
2025-07-30 20:00:00,VIC1,112.1243
2025-07-30 20:05:00,VIC1,135.0384
2025-07-30 20:10:00,VIC1,125.36078
2025-07-30 20:15:00,VIC1,130.39012
2025-07-30 20:20:00,VIC1,125.19906
2025-07-30 20:25:00,VIC1,125.25649
2025-07-30 20:30:00,VIC1,126.22848
2025-07-30 20:35:00,VIC1,122.02
2025-07-30 20:40:00,VIC1,122.02
2025-07-30 20:45:00,VIC1,118.76606
2025-07-30 20:50:00,VIC1,120.0
2025-07-30 20:55:00,VIC1,117.95096
2025-07-30 21:00:00,VIC1,120.0
2025-07-30 21:05:00,VIC1,113.32531
2025-07-30 21:10:00,VIC1,120.0
2025-07-30 21:15:00,VIC1,120.0
2025-07-30 21:20:00,VIC1,116.62072
2025-07-30 21:25:00,VIC1,101.04144
2025-07-30 21:30:00,VIC1,97.11327
2025-07-30 21:35:00,VIC1,97.65933
2025-07-30 21:40:00,VIC1,97.0
2025-07-30 21:45:00,VIC1,97.0
2025-07-30 21:50:00,VIC1,89.29509
2025-07-30 21:55:00,VIC1,80.0
2025-07-30 22:00:00,VIC1,80.0
2025-07-30 22:05:00,VIC1,81.8544
2025-07-30 22:10:00,VIC1,97.0
2025-07-30 22:15:00,VIC1,93.53328
2025-07-30 22:20:00,VIC1,93.15752
2025-07-30 22:25:00,VIC1,80.0
2025-07-30 22:30:00,VIC1,81.61711
2025-07-30 22:35:00,VIC1,81.35503
2025-07-30 22:40:00,VIC1,80.0
2025-07-30 22:45:00,VIC1,80.0
2025-07-30 22:50:00,VIC1,80.0
2025-07-30 22:55:00,VIC1,79.88594
2025-07-30 23:00:00,VIC1,71.62951
2025-07-30 23:05:00,VIC1,80.0
2025-07-30 23:10:00,VIC1,80.0
2025-07-30 23:15:00,VIC1,80.0
2025-07-30 23:20:00,VIC1,80.0
2025-07-30 23:25:00,VIC1,80.0
2025-07-30 23:30:00,VIC1,80.0
2025-07-30 23:35:00,VIC1,80.0
2025-07-30 23:40:00,VIC1,80.0
2025-07-30 23:45:00,VIC1,78.08844
2025-07-30 23:50:00,VIC1,78.73246
2025-07-30 23:55:00,VIC1,80.0
2025-07-31 00:00:00,VIC1,69.38397
2025-07-31 00:05:00,VIC1,80.0
2025-07-31 00:10:00,VIC1,77.39907
2025-07-31 00:15:00,VIC1,72.67946
2025-07-31 00:20:00,VIC1,74.69095
2025-07-31 00:25:00,VIC1,75.97684
2025-07-31 00:30:00,VIC1,76.03505
2025-07-31 00:35:00,VIC1,67.75286
2025-07-31 00:40:00,VIC1,69.51539
2025-07-31 00:45:00,VIC1,75.17277
2025-07-31 00:50:00,VIC1,68.23381
2025-07-31 00:55:00,VIC1,68.72105
2025-07-31 01:00:00,VIC1,66.10912
2025-07-31 01:05:00,VIC1,67.43405
2025-07-31 01:10:00,VIC1,67.8298
2025-07-31 01:15:00,VIC1,59.78505
2025-07-31 01:20:00,VIC1,63.97853
2025-07-31 01:25:00,VIC1,48.98948
2025-07-31 01:30:00,VIC1,66.15149
2025-07-31 01:35:00,VIC1,64.4601
2025-07-31 01:40:00,VIC1,73.79631
2025-07-31 01:45:00,VIC1,46.91802
2025-07-31 01:50:00,VIC1,64.06811
2025-07-31 01:55:00,VIC1,66.37696
2025-07-31 02:00:00,VIC1,48.86792
2025-07-31 02:05:00,VIC1,78.89244
2025-07-31 02:10:00,VIC1,67.08213
2025-07-31 02:15:00,VIC1,49.57558
2025-07-31 02:20:00,VIC1,49.64496
2025-07-31 02:25:00,VIC1,73.05002
2025-07-31 02:30:00,VIC1,67.61335
2025-07-31 02:35:00,VIC1,60.88003
2025-07-31 02:40:00,VIC1,65.6644
2025-07-31 02:45:00,VIC1,25.85864
2025-07-31 02:50:00,VIC1,26.40864
2025-07-31 02:55:00,VIC1,46.29261
2025-07-31 03:00:00,VIC1,48.76702
2025-07-31 03:05:00,VIC1,46.47044
2025-07-31 03:10:00,VIC1,23.74715
2025-07-31 03:15:00,VIC1,46.47344
2025-07-31 03:20:00,VIC1,46.85632
2025-07-31 03:25:00,VIC1,62.50047
2025-07-31 03:30:00,VIC1,47.67309
2025-07-31 03:35:00,VIC1,51.77074
2025-07-31 03:40:00,VIC1,71.97051
2025-07-31 03:45:00,VIC1,66.00918
2025-07-31 03:50:00,VIC1,63.85596
2025-07-31 03:55:00,VIC1,52.8054
2025-07-31 04:00:00,VIC1,66.08922
2025-07-31 04:05:00,VIC1,66.8278
2025-07-31 04:10:00,VIC1,72.85941
2025-07-31 04:15:00,VIC1,74.27683
2025-07-31 04:20:00,VIC1,67.52231
2025-07-31 04:25:00,VIC1,75.03847
2025-07-31 04:30:00,VIC1,64.44006
2025-07-31 04:35:00,VIC1,66.03685
2025-07-31 04:40:00,VIC1,73.48054
2025-07-31 04:45:00,VIC1,61.7681
2025-07-31 04:50:00,VIC1,62.46795
2025-07-31 04:55:00,VIC1,65.94412
2025-07-31 05:00:00,VIC1,65.33369
2025-07-31 05:05:00,VIC1,62.0054
2025-07-31 05:10:00,VIC1,61.99514
2025-07-31 05:15:00,VIC1,66.13183
2025-07-31 05:20:00,VIC1,62.25466
2025-07-31 05:25:00,VIC1,62.24887
2025-07-31 05:30:00,VIC1,80.0
2025-07-31 05:35:00,VIC1,74.83239
2025-07-31 05:40:00,VIC1,80.0
2025-07-31 05:45:00,VIC1,80.0
2025-07-31 05:50:00,VIC1,80.0
2025-07-31 05:55:00,VIC1,84.13378
2025-07-31 06:00:00,VIC1,120.0
2025-07-31 06:05:00,VIC1,83.27804
2025-07-31 06:10:00,VIC1,121.00962
2025-07-31 06:15:00,VIC1,120.0
2025-07-31 06:20:00,VIC1,158.0
2025-07-31 06:25:00,VIC1,132.72
2025-07-31 06:30:00,VIC1,132.72
2025-07-31 06:35:00,VIC1,158.0
2025-07-31 06:40:00,VIC1,158.0
2025-07-31 06:45:00,VIC1,158.0
2025-07-31 06:50:00,VIC1,172.01564
2025-07-31 06:55:00,VIC1,231.84512
2025-07-31 07:00:00,VIC1,246.6878
2025-07-31 07:05:00,VIC1,247.45
2025-07-31 07:10:00,VIC1,248.94
2025-07-31 07:15:00,VIC1,247.45
2025-07-31 07:20:00,VIC1,278.07737
2025-07-31 07:25:00,VIC1,281.35448
2025-07-31 07:30:00,VIC1,284.11265
2025-07-31 07:35:00,VIC1,270.82
2025-07-31 07:40:00,VIC1,247.37512
2025-07-31 07:45:00,VIC1,195.09575
2025-07-31 07:50:00,VIC1,163.32264
2025-07-31 07:55:00,VIC1,156.02
2025-07-31 08:00:00,VIC1,122.02
2025-07-31 08:05:00,VIC1,129.57465
2025-07-31 08:10:00,VIC1,123.11208
2025-07-31 08:15:00,VIC1,115.98909
2025-07-31 08:20:00,VIC1,87.02477
2025-07-31 08:25:00,VIC1,82.24461
2025-07-31 08:30:00,VIC1,50.66743
2025-07-31 08:35:00,VIC1,112.39479
2025-07-31 08:40:00,VIC1,97.0
2025-07-31 08:45:00,VIC1,96.95758
2025-07-31 08:50:00,VIC1,80.0
2025-07-31 08:55:00,VIC1,69.73095
2025-07-31 09:00:00,VIC1,50.46985
2025-07-31 09:05:00,VIC1,59.87621
2025-07-31 09:10:00,VIC1,80.0
2025-07-31 09:15:00,VIC1,61.93119
2025-07-31 09:20:00,VIC1,57.0
2025-07-31 09:25:00,VIC1,64.39672
2025-07-31 09:30:00,VIC1,61.11688
2025-07-31 09:35:00,VIC1,50.44942
2025-07-31 09:40:00,VIC1,48.15
2025-07-31 09:45:00,VIC1,33.89019
2025-07-31 09:50:00,VIC1,29.71043
2025-07-31 09:55:00,VIC1,11.06
2025-07-31 10:00:00,VIC1,33.88979
2025-07-31 10:05:00,VIC1,11.6
2025-07-31 10:10:00,VIC1,12.42
2025-07-31 10:15:00,VIC1,12.42
2025-07-31 10:20:00,VIC1,20.04
2025-07-31 10:25:00,VIC1,8.95
2025-07-31 10:30:00,VIC1,0.35308
2025-07-31 10:35:00,VIC1,29.7482
2025-07-31 10:40:00,VIC1,33.46901
2025-07-31 10:45:00,VIC1,9.86
2025-07-31 10:50:00,VIC1,21.72255
2025-07-31 10:55:00,VIC1,58.23087
2025-07-31 11:00:00,VIC1,8.95
2025-07-31 11:05:00,VIC1,33.55407
2025-07-31 11:10:00,VIC1,33.89
2025-07-31 11:15:00,VIC1,1.08351
2025-07-31 11:20:00,VIC1,11.57
2025-07-31 11:25:00,VIC1,20.04
2025-07-31 11:30:00,VIC1,8.95
2025-07-31 11:35:00,VIC1,37.90405
2025-07-31 11:40:00,VIC1,35.9121
2025-07-31 11:45:00,VIC1,12.90814
2025-07-31 11:50:00,VIC1,37.50124
2025-07-31 11:55:00,VIC1,21.56985
2025-07-31 12:00:00,VIC1,38.06138
2025-07-31 12:05:00,VIC1,12.42
2025-07-31 12:10:00,VIC1,8.94977
2025-07-31 12:15:00,VIC1,1.08905
2025-07-31 12:20:00,VIC1,35.02104
2025-07-31 12:25:00,VIC1,30.12301
2025-07-31 12:30:00,VIC1,8.95
2025-07-31 12:35:00,VIC1,8.95
2025-07-31 12:40:00,VIC1,12.42
2025-07-31 12:45:00,VIC1,36.8836
2025-07-31 12:50:00,VIC1,30.19502
2025-07-31 12:55:00,VIC1,20.44738
2025-07-31 13:00:00,VIC1,20.85282
2025-07-31 13:05:00,VIC1,45.01774
2025-07-31 13:10:00,VIC1,34.047
2025-07-31 13:15:00,VIC1,50.8729
2025-07-31 13:20:00,VIC1,34.91
2025-07-31 13:25:00,VIC1,35.37893
2025-07-31 13:30:00,VIC1,34.91
2025-07-31 13:35:00,VIC1,33.20929
2025-07-31 13:40:00,VIC1,33.69294
2025-07-31 13:45:00,VIC1,46.76177
2025-07-31 13:50:00,VIC1,48.69117
2025-07-31 13:55:00,VIC1,48.62646
2025-07-31 14:00:00,VIC1,53.18391
2025-07-31 14:05:00,VIC1,33.06864
2025-07-31 14:10:00,VIC1,46.21965
2025-07-31 14:15:00,VIC1,53.93409
2025-07-31 14:20:00,VIC1,20.04
2025-07-31 14:25:00,VIC1,12.42
2025-07-31 14:30:00,VIC1,20.04
2025-07-31 14:35:00,VIC1,40.43
2025-07-31 14:40:00,VIC1,46.0561
2025-07-31 14:45:00,VIC1,12.04
2025-07-31 14:50:00,VIC1,20.04
2025-07-31 14:55:00,VIC1,2.45055
2025-07-31 15:00:00,VIC1,8.95
2025-07-31 15:05:00,VIC1,2.04804
2025-07-31 15:10:00,VIC1,8.95
2025-07-31 15:15:00,VIC1,8.95
2025-07-31 15:20:00,VIC1,1.10602
2025-07-31 15:25:00,VIC1,8.95
2025-07-31 15:30:00,VIC1,8.95
2025-07-31 15:35:00,VIC1,6.70022
2025-07-31 15:40:00,VIC1,8.95
2025-07-31 15:45:00,VIC1,20.1
2025-07-31 15:50:00,VIC1,42.03128
2025-07-31 15:55:00,VIC1,69.92739
2025-07-31 16:00:00,VIC1,78.45399
2025-07-31 16:05:00,VIC1,80.0
2025-07-31 16:10:00,VIC1,73.29387
2025-07-31 16:15:00,VIC1,100.96094
2025-07-31 16:20:00,VIC1,104.06761
2025-07-31 16:25:00,VIC1,141.75182
2025-07-31 16:30:00,VIC1,269.30889
2025-07-31 16:35:00,VIC1,156.00484
2025-07-31 16:40:00,VIC1,158.68067
2025-07-31 16:45:00,VIC1,173.78429
2025-07-31 16:50:00,VIC1,240.37709
2025-07-31 16:55:00,VIC1,247.45
2025-07-31 17:00:00,VIC1,271.6051
2025-07-31 17:05:00,VIC1,247.45
2025-07-31 17:10:00,VIC1,248.94
2025-07-31 17:15:00,VIC1,248.94
2025-07-31 17:20:00,VIC1,261.72639
2025-07-31 17:25:00,VIC1,269.754
2025-07-31 17:30:00,VIC1,278.39275
2025-07-31 17:35:00,VIC1,264.78583
2025-07-31 17:40:00,VIC1,269.80344
2025-07-31 17:45:00,VIC1,260.75133
2025-07-31 17:50:00,VIC1,262.16345
2025-07-31 17:55:00,VIC1,262.16345
2025-07-31 18:00:00,VIC1,264.57446
2025-07-31 18:05:00,VIC1,247.45
2025-07-31 18:10:00,VIC1,263.05831
2025-07-31 18:15:00,VIC1,248.09984
2025-07-31 18:20:00,VIC1,248.09984
2025-07-31 18:25:00,VIC1,247.41052
2025-07-31 18:30:00,VIC1,248.10811
2025-07-31 18:35:00,VIC1,247.45
2025-07-31 18:40:00,VIC1,221.51744
2025-07-31 18:45:00,VIC1,220.62312
2025-07-31 18:50:00,VIC1,209.84698
2025-07-31 18:55:00,VIC1,221.79452
2025-07-31 19:00:00,VIC1,218.93059
2025-07-31 19:05:00,VIC1,185.24413
2025-07-31 19:10:00,VIC1,170.03998
2025-07-31 19:15:00,VIC1,190.59186
2025-07-31 19:20:00,VIC1,218.458
2025-07-31 19:25:00,VIC1,164.26705
2025-07-31 19:30:00,VIC1,171.20882
2025-07-31 19:35:00,VIC1,168.92226
2025-07-31 19:40:00,VIC1,174.47038
2025-07-31 19:45:00,VIC1,207.84375
2025-07-31 19:50:00,VIC1,221.9545
2025-07-31 19:55:00,VIC1,215.54491
2025-07-31 20:00:00,VIC1,164.34079
2025-07-31 20:05:00,VIC1,221.08037
2025-07-31 20:10:00,VIC1,215.52473
2025-07-31 20:15:00,VIC1,171.32911
2025-07-31 20:20:00,VIC1,174.35949
2025-07-31 20:25:00,VIC1,218.89506
2025-07-31 20:30:00,VIC1,172.39093
2025-07-31 20:35:00,VIC1,179.61648
2025-07-31 20:40:00,VIC1,220.64331
2025-07-31 20:45:00,VIC1,185.56438
2025-07-31 20:50:00,VIC1,167.92611
2025-07-31 20:55:00,VIC1,184.29693
2025-07-31 21:00:00,VIC1,158.14769
2025-07-31 21:05:00,VIC1,175.24739
2025-07-31 21:10:00,VIC1,226.62114
2025-07-31 21:15:00,VIC1,242.93145
2025-07-31 21:20:00,VIC1,195.6532
2025-07-31 21:25:00,VIC1,221.25499
2025-07-31 21:30:00,VIC1,219.94381
2025-07-31 21:35:00,VIC1,266.34983
2025-07-31 21:40:00,VIC1,250.7641
2025-07-31 21:45:00,VIC1,253.55848
2025-07-31 21:50:00,VIC1,197.02168
2025-07-31 21:55:00,VIC1,168.87653
2025-07-31 22:00:00,VIC1,158.0
2025-07-31 22:05:00,VIC1,158.0
2025-07-31 22:10:00,VIC1,266.13582
2025-07-31 22:15:00,VIC1,265.17956
2025-07-31 22:20:00,VIC1,268.7815
2025-07-31 22:25:00,VIC1,249.76197
2025-07-31 22:30:00,VIC1,170.20047
2025-07-31 22:35:00,VIC1,242.96865
2025-07-31 22:40:00,VIC1,178.36663
2025-07-31 22:45:00,VIC1,172.84589
2025-07-31 22:50:00,VIC1,158.0
2025-07-31 22:55:00,VIC1,158.0
2025-07-31 23:00:00,VIC1,131.4368
2025-07-31 23:05:00,VIC1,158.0
2025-07-31 23:10:00,VIC1,174.9946
2025-07-31 23:15:00,VIC1,128.94987
2025-07-31 23:20:00,VIC1,158.0
2025-07-31 23:25:00,VIC1,161.85415
2025-07-31 23:30:00,VIC1,158.75236
2025-07-31 23:35:00,VIC1,208.52604
2025-07-31 23:40:00,VIC1,161.67743
2025-07-31 23:45:00,VIC1,158.0
2025-07-31 23:50:00,VIC1,165.95947
2025-07-31 23:55:00,VIC1,135.54016
2025-08-01 00:00:00,VIC1,137.28722
