SETTLEMENTDATE,RRP,charge_mw,discharge_mw,soc_mwh,revenue
2025-07-01 00:05:00,176.61966,0.0,100.0,91.21589538842117,1471.8304999999998
2025-07-01 00:10:00,182.30989,0.0,100.0,82.43179077684235,1519.2490833333331
2025-07-01 00:15:00,169.4761,0.0,100.0,73.64768616526352,1412.3008333333332
2025-07-01 00:20:00,184.67607,0.0,100.0,64.8635815536847,1538.96725
2025-07-01 00:25:00,185.739,0.0,100.0,56.07947694210586,1547.8249999999998
2025-07-01 00:30:00,187.3188,0.0,100.0,47.29537233052703,1560.9899999999998
2025-07-01 00:35:00,185.42933,0.0,100.0,38.5112677189482,1545.2444166666664
2025-07-01 00:40:00,187.56786,0.0,100.0,29.727163107369364,1563.0654999999997
2025-07-01 00:45:00,162.06,0.0,100.0,20.94305849579053,1350.4999999999998
2025-07-01 00:50:00,182.30989,0.0,10.735966128493411,20.0,163.1060669941133
2025-07-01 00:55:00,164.62702,0.0,0.0,20.0,0.0
2025-07-01 01:00:00,162.06,0.0,0.0,20.0,0.0
2025-07-01 01:05:00,162.06,0.0,0.0,20.0,0.0
2025-07-01 01:10:00,182.77973,0.0,0.0,20.0,0.0
2025-07-01 01:15:00,162.06,0.0,0.0,20.0,0.0
2025-07-01 01:20:00,179.27602,0.0,0.0,20.0,0.0
2025-07-01 01:25:00,162.06,0.0,0.0,20.0,0.0
2025-07-01 01:30:00,162.06,0.0,0.0,20.0,0.0
2025-07-01 01:35:00,183.04165,0.0,0.0,20.0,0.0
2025-07-01 01:40:00,180.45781,0.0,0.0,20.0,0.0
2025-07-01 01:45:00,180.91697,0.0,0.0,20.0,0.0
2025-07-01 01:50:00,181.64155,0.0,0.0,20.0,0.0
2025-07-01 01:55:00,166.03292,0.0,0.0,20.0,0.0
2025-07-01 02:00:00,162.94012,0.0,0.0,20.0,0.0
2025-07-01 02:05:00,160.34664,0.0,0.0,20.0,0.0
2025-07-01 02:10:00,161.52676,0.0,0.0,20.0,0.0
2025-07-01 02:15:00,159.02375,0.0,0.0,20.0,0.0
2025-07-01 02:20:00,145.61798,0.0,0.0,20.0,0.0
2025-07-01 02:25:00,143.94711,0.0,0.0,20.0,0.0
2025-07-01 02:30:00,145.61798,0.0,0.0,20.0,0.0
2025-07-01 02:35:00,161.2526,0.0,0.0,20.0,0.0
2025-07-01 02:40:00,141.40983,0.0,0.0,20.0,0.0
2025-07-01 02:45:00,133.45745,0.0,0.0,20.0,0.0
2025-07-01 02:50:00,141.54293,0.0,0.0,20.0,0.0
2025-07-01 02:55:00,111.04392,0.0,0.0,20.0,0.0
2025-07-01 03:00:00,142.73462,0.0,0.0,20.0,0.0
2025-07-01 03:05:00,105.66632,0.0,0.0,20.0,0.0
2025-07-01 03:10:00,108.38652,0.0,0.0,20.0,0.0
2025-07-01 03:15:00,131.59812,0.0,0.0,20.0,0.0
2025-07-01 03:20:00,130.14234,0.0,0.0,20.0,0.0
2025-07-01 03:25:00,107.6014,0.0,0.0,20.0,0.0
2025-07-01 03:30:00,121.35,0.0,0.0,20.0,0.0
2025-07-01 03:35:00,104.88383,0.0,0.0,20.0,0.0
2025-07-01 03:40:00,131.16319,0.0,0.0,20.0,0.0
2025-07-01 03:45:00,121.35,0.0,0.0,20.0,0.0
2025-07-01 03:50:00,116.34863,0.0,0.0,20.0,0.0
2025-07-01 03:55:00,104.70883,0.0,0.0,20.0,0.0
2025-07-01 04:00:00,107.08169,0.0,0.0,20.0,0.0
2025-07-01 04:05:00,118.17537,0.0,0.0,20.0,0.0
2025-07-01 04:10:00,118.12011,0.0,0.0,20.0,0.0
2025-07-01 04:15:00,118.11491,0.0,0.0,20.0,0.0
2025-07-01 04:20:00,117.16568,0.0,0.0,20.0,0.0
2025-07-01 04:25:00,117.92937,0.0,0.0,20.0,0.0
2025-07-01 04:30:00,114.15821,0.0,0.0,20.0,0.0
2025-07-01 04:35:00,102.95783,0.0,0.0,20.0,0.0
2025-07-01 04:40:00,114.52046,0.0,0.0,20.0,0.0
2025-07-01 04:45:00,117.30093,0.0,0.0,20.0,0.0
2025-07-01 04:50:00,118.03856,0.0,0.0,20.0,0.0
2025-07-01 04:55:00,117.92931,0.0,0.0,20.0,0.0
2025-07-01 05:00:00,115.30754,0.0,0.0,20.0,0.0
2025-07-01 05:05:00,79.72,0.0,0.0,20.0,0.0
2025-07-01 05:10:00,114.65201,0.0,0.0,20.0,0.0
2025-07-01 05:15:00,124.57494,0.0,0.0,20.0,0.0
2025-07-01 05:20:00,122.02,0.0,0.0,20.0,0.0
2025-07-01 05:25:00,122.02,0.0,0.0,20.0,0.0
2025-07-01 05:30:00,122.02,0.0,0.0,20.0,0.0
2025-07-01 05:35:00,153.09153,0.0,0.0,20.0,0.0
2025-07-01 05:40:00,122.02,0.0,0.0,20.0,0.0
2025-07-01 05:45:00,134.87979,0.0,0.0,20.0,0.0
2025-07-01 05:50:00,133.91523,0.0,0.0,20.0,0.0
2025-07-01 05:55:00,129.95499,0.0,0.0,20.0,0.0
2025-07-01 06:00:00,167.33729,0.0,0.0,20.0,0.0
2025-07-01 06:05:00,122.02,0.0,0.0,20.0,0.0
2025-07-01 06:10:00,138.567,0.0,0.0,20.0,0.0
2025-07-01 06:15:00,156.43623,0.0,0.0,20.0,0.0
2025-07-01 06:20:00,156.39732,0.0,0.0,20.0,0.0
2025-07-01 06:25:00,167.91504,0.0,0.0,20.0,0.0
2025-07-01 06:30:00,197.0759,0.0,0.0,20.0,0.0
2025-07-01 06:35:00,145.72592,0.0,0.0,20.0,0.0
2025-07-01 06:40:00,158.19165,0.0,0.0,20.0,0.0
2025-07-01 06:45:00,195.87539,0.0,0.0,20.0,0.0
2025-07-01 06:50:00,196.17928,0.0,0.0,20.0,0.0
2025-07-01 06:55:00,223.94418,0.0,0.0,20.0,0.0
2025-07-01 07:00:00,235.2,0.0,0.0,20.0,0.0
2025-07-01 07:05:00,203.66827,0.0,0.0,20.0,0.0
2025-07-01 07:10:00,235.2,0.0,0.0,20.0,0.0
2025-07-01 07:15:00,237.99,0.0,0.0,20.0,0.0
2025-07-01 07:20:00,266.96,0.0,0.0,20.0,0.0
2025-07-01 07:25:00,272.49849,0.0,0.0,20.0,0.0
2025-07-01 07:30:00,254.04669,0.0,0.0,20.0,0.0
2025-07-01 07:35:00,243.97033,0.0,0.0,20.0,0.0
2025-07-01 07:40:00,237.99,0.0,0.0,20.0,0.0
2025-07-01 07:45:00,232.1,0.0,0.0,20.0,0.0
2025-07-01 07:50:00,235.2,0.0,0.0,20.0,0.0
2025-07-01 07:55:00,200.02,0.0,0.0,20.0,0.0
2025-07-01 08:00:00,200.02,0.0,0.0,20.0,0.0
2025-07-01 08:05:00,200.02,0.0,0.0,20.0,0.0
2025-07-01 08:10:00,196.12312,0.0,0.0,20.0,0.0
2025-07-01 08:15:00,189.82609,0.0,0.0,20.0,0.0
2025-07-01 08:20:00,184.43837,0.0,0.0,20.0,0.0
2025-07-01 08:25:00,139.63834,0.0,0.0,20.0,0.0
2025-07-01 08:30:00,184.00731,0.0,0.0,20.0,0.0
2025-07-01 08:35:00,187.50888,0.0,0.0,20.0,0.0
2025-07-01 08:40:00,235.2,0.0,0.0,20.0,0.0
2025-07-01 08:45:00,144.46576,0.0,0.0,20.0,0.0
2025-07-01 08:50:00,147.00659,0.0,0.0,20.0,0.0
2025-07-01 08:55:00,137.96,0.0,0.0,20.0,0.0
2025-07-01 09:00:00,137.93185,0.0,0.0,20.0,0.0
2025-07-01 09:05:00,200.02,0.0,0.0,20.0,0.0
2025-07-01 09:10:00,200.02,0.0,0.0,20.0,0.0
2025-07-01 09:15:00,194.42029,0.0,0.0,20.0,0.0
2025-07-01 09:20:00,200.02,0.0,0.0,20.0,0.0
2025-07-01 09:25:00,200.02,0.0,0.0,20.0,0.0
2025-07-01 09:30:00,200.02,0.0,0.0,20.0,0.0
2025-07-01 09:35:00,200.02,0.0,0.0,20.0,0.0
2025-07-01 09:40:00,195.0942,0.0,0.0,20.0,0.0
2025-07-01 09:45:00,226.77852,0.0,0.0,20.0,0.0
2025-07-01 09:50:00,224.52656,0.0,0.0,20.0,0.0
2025-07-01 09:55:00,193.23421,0.0,0.0,20.0,0.0
2025-07-01 10:00:00,195.70259,0.0,0.0,20.0,0.0
2025-07-01 10:05:00,184.50143,0.0,0.0,20.0,0.0
2025-07-01 10:10:00,187.72513,0.0,0.0,20.0,0.0
2025-07-01 10:15:00,180.72688,0.0,0.0,20.0,0.0
2025-07-01 10:20:00,185.46483,0.0,0.0,20.0,0.0
2025-07-01 10:25:00,182.58515,0.0,0.0,20.0,0.0
2025-07-01 10:30:00,183.0557,0.0,0.0,20.0,0.0
2025-07-01 10:35:00,182.60435,0.0,0.0,20.0,0.0
2025-07-01 10:40:00,184.54024,0.0,0.0,20.0,0.0
2025-07-01 10:45:00,183.07495,0.0,0.0,20.0,0.0
2025-07-01 10:50:00,181.67037,0.0,0.0,20.0,0.0
2025-07-01 10:55:00,180.72688,0.0,0.0,20.0,0.0
2025-07-01 11:00:00,160.0,0.0,0.0,20.0,0.0
2025-07-01 11:05:00,176.95231,0.0,0.0,20.0,0.0
2025-07-01 11:10:00,181.26651,0.0,0.0,20.0,0.0
2025-07-01 11:15:00,173.5132,0.0,0.0,20.0,0.0
2025-07-01 11:20:00,174.51897,0.0,0.0,20.0,0.0
2025-07-01 11:25:00,160.0001,0.0,0.0,20.0,0.0
2025-07-01 11:30:00,177.25528,0.0,0.0,20.0,0.0
2025-07-01 11:35:00,177.70977,0.0,0.0,20.0,0.0
2025-07-01 11:40:00,179.83077,0.0,0.0,20.0,0.0
2025-07-01 11:45:00,236.21,0.0,0.0,20.0,0.0
2025-07-01 11:50:00,235.12,0.0,0.0,20.0,0.0
2025-07-01 11:55:00,236.21,0.0,0.0,20.0,0.0
2025-07-01 12:00:00,235.12,0.0,0.0,20.0,0.0
2025-07-01 12:05:00,227.97,0.0,0.0,20.0,0.0
2025-07-01 12:10:00,235.12,0.0,0.0,20.0,0.0
2025-07-01 12:15:00,262.40548,0.0,0.0,20.0,0.0
2025-07-01 12:20:00,260.13145,0.0,0.0,20.0,0.0
2025-07-01 12:25:00,236.8423,0.0,0.0,20.0,0.0
2025-07-01 12:30:00,262.85211,0.0,0.0,20.0,0.0
2025-07-01 12:35:00,235.12,0.0,0.0,20.0,0.0
2025-07-01 12:40:00,266.96,0.0,0.0,20.0,0.0
2025-07-01 12:45:00,266.96,0.0,0.0,20.0,0.0
2025-07-01 12:50:00,257.13188,0.0,0.0,20.0,0.0
2025-07-01 12:55:00,267.16763,0.0,0.0,20.0,0.0
2025-07-01 13:00:00,250.17121,0.0,0.0,20.0,0.0
2025-07-01 13:05:00,266.96,0.0,0.0,20.0,0.0
2025-07-01 13:10:00,266.96,0.0,0.0,20.0,0.0
2025-07-01 13:15:00,266.96,0.0,0.0,20.0,0.0
2025-07-01 13:20:00,268.03981,0.0,0.0,20.0,0.0
2025-07-01 13:25:00,266.96,0.0,0.0,20.0,0.0
2025-07-01 13:30:00,268.54926,0.0,0.0,20.0,0.0
2025-07-01 13:35:00,268.61473,0.0,0.0,20.0,0.0
2025-07-01 13:40:00,268.94047,0.0,0.0,20.0,0.0
2025-07-01 13:45:00,235.12,0.0,0.0,20.0,0.0
2025-07-01 13:50:00,235.12,0.0,0.0,20.0,0.0
2025-07-01 13:55:00,235.12,0.0,0.0,20.0,0.0
2025-07-01 14:00:00,232.15501,0.0,0.0,20.0,0.0
2025-07-01 14:05:00,227.97,0.0,0.0,20.0,0.0
2025-07-01 14:10:00,227.97,0.0,0.0,20.0,0.0
2025-07-01 14:15:00,227.97,0.0,0.0,20.0,0.0
2025-07-01 14:20:00,295.22,0.0,0.0,20.0,0.0
2025-07-01 14:25:00,227.97,0.0,0.0,20.0,0.0
2025-07-01 14:30:00,266.96,0.0,0.0,20.0,0.0
2025-07-01 14:35:00,231.02794,0.0,0.0,20.0,0.0
2025-07-01 14:40:00,295.22,0.0,0.0,20.0,0.0
2025-07-01 14:45:00,283.97543,0.0,0.0,20.0,0.0
2025-07-01 14:50:00,295.22,0.0,0.0,20.0,0.0
2025-07-01 14:55:00,268.27418,0.0,0.0,20.0,0.0
2025-07-01 15:00:00,227.97,0.0,0.0,20.0,0.0
2025-07-01 15:05:00,235.12,0.0,0.0,20.0,0.0
2025-07-01 15:10:00,291.33205,0.0,0.0,20.0,0.0
2025-07-01 15:15:00,295.22,0.0,0.0,20.0,0.0
2025-07-01 15:20:00,290.67604,0.0,0.0,20.0,0.0
2025-07-01 15:25:00,299.3,0.0,0.0,20.0,0.0
2025-07-01 15:30:00,291.56491,0.0,0.0,20.0,0.0
2025-07-01 15:35:00,222.66009,0.0,0.0,20.0,0.0
2025-07-01 15:40:00,200.02,0.0,0.0,20.0,0.0
2025-07-01 15:45:00,200.02,0.0,0.0,20.0,0.0
2025-07-01 15:50:00,185.13708,0.0,0.0,20.0,0.0
2025-07-01 15:55:00,174.45485,0.0,0.0,20.0,0.0
2025-07-01 16:00:00,185.66902,0.0,0.0,20.0,0.0
2025-07-01 16:05:00,191.33839,0.0,0.0,20.0,0.0
2025-07-01 16:10:00,200.02,0.0,0.0,20.0,0.0
2025-07-01 16:15:00,214.36395,0.0,0.0,20.0,0.0
2025-07-01 16:20:00,200.02,0.0,0.0,20.0,0.0
2025-07-01 16:25:00,216.02253,0.0,0.0,20.0,0.0
2025-07-01 16:30:00,219.343,0.0,0.0,20.0,0.0
2025-07-01 16:35:00,221.48307,0.0,0.0,20.0,0.0
2025-07-01 16:40:00,225.34846,0.0,0.0,20.0,0.0
2025-07-01 16:45:00,284.0,0.0,0.0,20.0,0.0
2025-07-01 16:50:00,284.0,0.0,0.0,20.0,0.0
2025-07-01 16:55:00,281.3375,0.0,0.0,20.0,0.0
2025-07-01 17:00:00,281.01525,0.0,0.0,20.0,0.0
2025-07-01 17:05:00,237.99,0.0,0.0,20.0,0.0
2025-07-01 17:10:00,299.29,0.0,0.0,20.0,0.0
2025-07-01 17:15:00,237.99,0.0,0.0,20.0,0.0
2025-07-01 17:20:00,284.0,0.0,0.0,20.0,0.0
2025-07-01 17:25:00,284.0,0.0,0.0,20.0,0.0
2025-07-01 17:30:00,306.14624,0.0,0.0,20.0,0.0
2025-07-01 17:35:00,299.29,0.0,0.0,20.0,0.0
2025-07-01 17:40:00,298.0,0.0,0.0,20.0,0.0
2025-07-01 17:45:00,287.64999,0.0,0.0,20.0,0.0
2025-07-01 17:50:00,311.69,0.0,0.0,20.0,0.0
2025-07-01 17:55:00,302.65,0.0,0.0,20.0,0.0
2025-07-01 18:00:00,388.72,0.0,0.0,20.0,0.0
2025-07-01 18:05:00,306.89896,0.0,0.0,20.0,0.0
2025-07-01 18:10:00,266.11136,0.0,0.0,20.0,0.0
2025-07-01 18:15:00,284.0,0.0,0.0,20.0,0.0
2025-07-01 18:20:00,294.03371,0.0,0.0,20.0,0.0
2025-07-01 18:25:00,250.30458,0.0,0.0,20.0,0.0
2025-07-01 18:30:00,246.32192,0.0,0.0,20.0,0.0
2025-07-01 18:35:00,237.99,0.0,0.0,20.0,0.0
2025-07-01 18:40:00,248.61048,0.0,0.0,20.0,0.0
2025-07-01 18:45:00,253.33666,0.0,0.0,20.0,0.0
2025-07-01 18:50:00,295.21666,0.0,0.0,20.0,0.0
2025-07-01 18:55:00,237.99,0.0,0.0,20.0,0.0
2025-07-01 19:00:00,222.29,0.0,0.0,20.0,0.0
2025-07-01 19:05:00,239.98033,0.0,0.0,20.0,0.0
2025-07-01 19:10:00,237.99,0.0,0.0,20.0,0.0
2025-07-01 19:15:00,237.99,0.0,0.0,20.0,0.0
2025-07-01 19:20:00,237.99,0.0,0.0,20.0,0.0
2025-07-01 19:25:00,237.99,0.0,0.0,20.0,0.0
2025-07-01 19:30:00,200.02,0.0,0.0,20.0,0.0
2025-07-01 19:35:00,201.7782,0.0,0.0,20.0,0.0
2025-07-01 19:40:00,203.38528,0.0,0.0,20.0,0.0
2025-07-01 19:45:00,203.44766,0.0,0.0,20.0,0.0
2025-07-01 19:50:00,192.41831,0.0,0.0,20.0,0.0
2025-07-01 19:55:00,200.53363,0.0,0.0,20.0,0.0
2025-07-01 20:00:00,183.85,0.0,0.0,20.0,0.0
2025-07-01 20:05:00,169.44872,0.0,0.0,20.0,0.0
2025-07-01 20:10:00,160.0,0.0,0.0,20.0,0.0
2025-07-01 20:15:00,160.0,0.0,0.0,20.0,0.0
2025-07-01 20:20:00,160.30703,0.0,0.0,20.0,0.0
2025-07-01 20:25:00,181.8379,0.0,0.0,20.0,0.0
2025-07-01 20:30:00,160.0,0.0,0.0,20.0,0.0
2025-07-01 20:35:00,237.99,0.0,0.0,20.0,0.0
2025-07-01 20:40:00,186.04201,0.0,0.0,20.0,0.0
2025-07-01 20:45:00,186.57281,0.0,0.0,20.0,0.0
2025-07-01 20:50:00,183.85,0.0,0.0,20.0,0.0
2025-07-01 20:55:00,143.71242,0.0,0.0,20.0,0.0
2025-07-01 21:00:00,132.72,0.0,0.0,20.0,0.0
2025-07-01 21:05:00,172.53474,0.0,0.0,20.0,0.0
2025-07-01 21:10:00,174.43547,0.0,0.0,20.0,0.0
2025-07-01 21:15:00,160.0,0.0,0.0,20.0,0.0
2025-07-01 21:20:00,200.02,0.0,0.0,20.0,0.0
2025-07-01 21:25:00,136.79806,0.0,0.0,20.0,0.0
2025-07-01 21:30:00,160.0,0.0,0.0,20.0,0.0
2025-07-01 21:35:00,142.0792,0.0,0.0,20.0,0.0
2025-07-01 21:40:00,143.38773,0.0,0.0,20.0,0.0
2025-07-01 21:45:00,142.52724,0.0,0.0,20.0,0.0
2025-07-01 21:50:00,140.07173,0.0,0.0,20.0,0.0
2025-07-01 21:55:00,145.8525,0.0,0.0,20.0,0.0
2025-07-01 22:00:00,137.96,0.0,0.0,20.0,0.0
2025-07-01 22:05:00,122.02,0.0,0.0,20.0,0.0
2025-07-01 22:10:00,142.15416,0.0,0.0,20.0,0.0
2025-07-01 22:15:00,148.00951,0.0,0.0,20.0,0.0
2025-07-01 22:20:00,146.18078,0.0,0.0,20.0,0.0
2025-07-01 22:25:00,119.76392,0.0,0.0,20.0,0.0
2025-07-01 22:30:00,119.5671,0.0,0.0,20.0,0.0
2025-07-01 22:35:00,120.13854,0.0,0.0,20.0,0.0
2025-07-01 22:40:00,122.02,0.0,0.0,20.0,0.0
2025-07-01 22:45:00,122.02,0.0,0.0,20.0,0.0
2025-07-01 22:50:00,119.84002,0.0,0.0,20.0,0.0
2025-07-01 22:55:00,122.02,0.0,0.0,20.0,0.0
2025-07-01 23:00:00,122.02,0.0,0.0,20.0,0.0
2025-07-01 23:05:00,137.16387,0.0,0.0,20.0,0.0
2025-07-01 23:10:00,138.567,0.0,0.0,20.0,0.0
2025-07-01 23:15:00,137.22995,0.0,0.0,20.0,0.0
2025-07-01 23:20:00,160.00007,0.0,0.0,20.0,0.0
2025-07-01 23:25:00,140.36181,0.0,0.0,20.0,0.0
2025-07-01 23:30:00,139.27939,0.0,0.0,20.0,0.0
2025-07-01 23:35:00,138.92228,0.0,0.0,20.0,0.0
2025-07-01 23:40:00,139.99914,0.0,0.0,20.0,0.0
2025-07-01 23:45:00,137.3817,0.0,0.0,20.0,0.0
2025-07-01 23:50:00,137.85309,0.0,0.0,20.0,0.0
2025-07-01 23:55:00,139.99914,0.0,0.0,20.0,0.0
2025-07-02 00:00:00,139.99914,0.0,0.0,20.0,0.0
2025-07-02 00:05:00,159.22,0.0,0.0,20.0,0.0
2025-07-02 00:10:00,138.92228,0.0,0.0,20.0,0.0
2025-07-02 00:15:00,136.88167,0.0,0.0,20.0,0.0
2025-07-02 00:20:00,137.86187,0.0,0.0,20.0,0.0
2025-07-02 00:25:00,144.90636,0.0,0.0,20.0,0.0
2025-07-02 00:30:00,138.92228,0.0,0.0,20.0,0.0
2025-07-02 00:35:00,144.8585,0.0,0.0,20.0,0.0
2025-07-02 00:40:00,143.58553,0.0,0.0,20.0,0.0
2025-07-02 00:45:00,145.99124,0.0,0.0,20.0,0.0
2025-07-02 00:50:00,137.86187,0.0,0.0,20.0,0.0
2025-07-02 00:55:00,126.35322,0.0,0.0,20.0,0.0
2025-07-02 01:00:00,134.61929,0.0,0.0,20.0,0.0
2025-07-02 01:05:00,144.53965,0.0,0.0,20.0,0.0
2025-07-02 01:10:00,108.00249,0.0,0.0,20.0,0.0
2025-07-02 01:15:00,113.45259,0.0,0.0,20.0,0.0
2025-07-02 01:20:00,134.56709,0.0,0.0,20.0,0.0
2025-07-02 01:25:00,120.01631,0.0,0.0,20.0,0.0
2025-07-02 01:30:00,90.0,0.0,0.0,20.0,0.0
2025-07-02 01:35:00,147.23436,0.0,0.0,20.0,0.0
2025-07-02 01:40:00,129.98772,0.0,0.0,20.0,0.0
2025-07-02 01:45:00,147.1343,0.0,0.0,20.0,0.0
2025-07-02 01:50:00,90.0,0.0,0.0,20.0,0.0
2025-07-02 01:55:00,147.45806,0.0,0.0,20.0,0.0
2025-07-02 02:00:00,90.0,0.0,0.0,20.0,0.0
2025-07-02 02:05:00,97.00147,0.0,0.0,20.0,0.0
2025-07-02 02:10:00,125.8107,0.0,0.0,20.0,0.0
2025-07-02 02:15:00,145.27529,0.0,0.0,20.0,0.0
2025-07-02 02:20:00,90.0,0.0,0.0,20.0,0.0
2025-07-02 02:25:00,135.18795,0.0,0.0,20.0,0.0
2025-07-02 02:30:00,90.0,0.0,0.0,20.0,0.0
2025-07-02 02:35:00,127.64425,0.0,0.0,20.0,0.0
2025-07-02 02:40:00,86.46459,0.0,0.0,20.0,0.0
2025-07-02 02:45:00,85.88,0.0,0.0,20.0,0.0
2025-07-02 02:50:00,85.69444,0.0,0.0,20.0,0.0
2025-07-02 02:55:00,90.0,0.0,0.0,20.0,0.0
2025-07-02 03:00:00,85.88,0.0,0.0,20.0,0.0
2025-07-02 03:05:00,85.95676,0.0,0.0,20.0,0.0
2025-07-02 03:10:00,119.6,0.0,0.0,20.0,0.0
2025-07-02 03:15:00,90.0,0.0,0.0,20.0,0.0
2025-07-02 03:20:00,81.75953,0.0,0.0,20.0,0.0
2025-07-02 03:25:00,85.88,0.0,0.0,20.0,0.0
2025-07-02 03:30:00,90.0,0.0,0.0,20.0,0.0
2025-07-02 03:35:00,82.10542,0.0,0.0,20.0,0.0
2025-07-02 03:40:00,82.6371,0.0,0.0,20.0,0.0
2025-07-02 03:45:00,79.72,0.0,0.0,20.0,0.0
2025-07-02 03:50:00,79.72,0.0,0.0,20.0,0.0
2025-07-02 03:55:00,79.72,0.0,0.0,20.0,0.0
2025-07-02 04:00:00,79.72,0.0,0.0,20.0,0.0
2025-07-02 04:05:00,74.83305,0.0,0.0,20.0,0.0
2025-07-02 04:10:00,83.03894,0.0,0.0,20.0,0.0
2025-07-02 04:15:00,72.96744,0.0,0.0,20.0,0.0
2025-07-02 04:20:00,75.7785,0.0,0.0,20.0,0.0
2025-07-02 04:25:00,83.11101,0.0,0.0,20.0,0.0
2025-07-02 04:30:00,76.84515,0.0,0.0,20.0,0.0
2025-07-02 04:35:00,74.00811,0.0,0.0,20.0,0.0
2025-07-02 04:40:00,74.0243,0.0,0.0,20.0,0.0
2025-07-02 04:45:00,74.10774,0.0,0.0,20.0,0.0
2025-07-02 04:50:00,75.21804,0.0,0.0,20.0,0.0
2025-07-02 04:55:00,77.78987,0.0,0.0,20.0,0.0
2025-07-02 05:00:00,84.10792,0.0,0.0,20.0,0.0
2025-07-02 05:05:00,83.44393,0.0,0.0,20.0,0.0
2025-07-02 05:10:00,82.87786,0.0,0.0,20.0,0.0
2025-07-02 05:15:00,82.87059,0.0,0.0,20.0,0.0
2025-07-02 05:20:00,82.24862,0.0,0.0,20.0,0.0
2025-07-02 05:25:00,84.27581,0.0,0.0,20.0,0.0
2025-07-02 05:30:00,93.09819,0.0,0.0,20.0,0.0
2025-07-02 05:35:00,97.59663,0.0,0.0,20.0,0.0
2025-07-02 05:40:00,98.42502,0.0,0.0,20.0,0.0
2025-07-02 05:45:00,122.7403,0.0,0.0,20.0,0.0
2025-07-02 05:50:00,123.73777,0.0,0.0,20.0,0.0
2025-07-02 05:55:00,127.92982,0.0,0.0,20.0,0.0
2025-07-02 06:00:00,126.86068,0.0,0.0,20.0,0.0
2025-07-02 06:05:00,124.91024,0.0,0.0,20.0,0.0
2025-07-02 06:10:00,130.48645,0.0,0.0,20.0,0.0
2025-07-02 06:15:00,160.0,0.0,0.0,20.0,0.0
2025-07-02 06:20:00,160.0,0.0,0.0,20.0,0.0
2025-07-02 06:25:00,163.03642,0.0,0.0,20.0,0.0
2025-07-02 06:30:00,200.02,0.0,0.0,20.0,0.0
2025-07-02 06:35:00,140.13531,0.0,0.0,20.0,0.0
2025-07-02 06:40:00,159.87552,0.0,0.0,20.0,0.0
2025-07-02 06:45:00,160.0,0.0,0.0,20.0,0.0
2025-07-02 06:50:00,200.02,0.0,0.0,20.0,0.0
2025-07-02 06:55:00,200.02,0.0,0.0,20.0,0.0
2025-07-02 07:00:00,200.02,0.0,0.0,20.0,0.0
2025-07-02 07:05:00,200.02,0.0,0.0,20.0,0.0
2025-07-02 07:10:00,200.02,0.0,0.0,20.0,0.0
2025-07-02 07:15:00,200.02,0.0,0.0,20.0,0.0
2025-07-02 07:20:00,200.02,0.0,0.0,20.0,0.0
2025-07-02 07:25:00,200.02,0.0,0.0,20.0,0.0
2025-07-02 07:30:00,167.96758,0.0,0.0,20.0,0.0
2025-07-02 07:35:00,200.02,0.0,0.0,20.0,0.0
2025-07-02 07:40:00,185.72,0.0,0.0,20.0,0.0
2025-07-02 07:45:00,160.10107,0.0,0.0,20.0,0.0
2025-07-02 07:50:00,167.4,0.0,0.0,20.0,0.0
2025-07-02 07:55:00,160.0,0.0,0.0,20.0,0.0
2025-07-02 08:00:00,176.1301,0.0,0.0,20.0,0.0
2025-07-02 08:05:00,185.04474,0.0,0.0,20.0,0.0
2025-07-02 08:10:00,188.02331,0.0,0.0,20.0,0.0
2025-07-02 08:15:00,178.61515,0.0,0.0,20.0,0.0
2025-07-02 08:20:00,182.56594,0.0,0.0,20.0,0.0
2025-07-02 08:25:00,181.63216,0.0,0.0,20.0,0.0
2025-07-02 08:30:00,180.70787,0.0,0.0,20.0,0.0
2025-07-02 08:35:00,185.55578,0.0,0.0,20.0,0.0
2025-07-02 08:40:00,189.95206,0.0,0.0,20.0,0.0
2025-07-02 08:45:00,218.33384,0.0,0.0,20.0,0.0
2025-07-02 08:50:00,226.60124,0.0,0.0,20.0,0.0
2025-07-02 08:55:00,268.69403,0.0,0.0,20.0,0.0
2025-07-02 09:00:00,212.82718,0.0,0.0,20.0,0.0
2025-07-02 09:05:00,242.35218,0.0,0.0,20.0,0.0
2025-07-02 09:10:00,270.82,0.0,0.0,20.0,0.0
2025-07-02 09:15:00,218.83618,0.0,0.0,20.0,0.0
2025-07-02 09:20:00,209.49811,0.0,0.0,20.0,0.0
2025-07-02 09:25:00,203.41658,0.0,0.0,20.0,0.0
2025-07-02 09:30:00,196.19556,0.0,0.0,20.0,0.0
2025-07-02 09:35:00,195.52272,0.0,0.0,20.0,0.0
2025-07-02 09:40:00,190.43213,0.0,0.0,20.0,0.0
2025-07-02 09:45:00,190.95085,0.0,0.0,20.0,0.0
2025-07-02 09:50:00,212.20065,0.0,0.0,20.0,0.0
2025-07-02 09:55:00,185.91692,0.0,0.0,20.0,0.0
2025-07-02 10:00:00,189.34744,0.0,0.0,20.0,0.0
2025-07-02 10:05:00,188.95716,0.0,0.0,20.0,0.0
2025-07-02 10:10:00,187.45169,0.0,0.0,20.0,0.0
2025-07-02 10:15:00,199.21583,0.0,0.0,20.0,0.0
2025-07-02 10:20:00,184.98188,0.0,0.0,20.0,0.0
2025-07-02 10:25:00,164.10264,0.0,0.0,20.0,0.0
2025-07-02 10:30:00,161.58326,0.0,0.0,20.0,0.0
2025-07-02 10:35:00,210.37791,0.0,0.0,20.0,0.0
2025-07-02 10:40:00,189.86603,0.0,0.0,20.0,0.0
2025-07-02 10:45:00,262.86897,0.0,0.0,20.0,0.0
2025-07-02 10:50:00,189.34744,0.0,0.0,20.0,0.0
2025-07-02 10:55:00,187.83887,0.0,0.0,20.0,0.0
2025-07-02 11:00:00,186.35991,0.0,0.0,20.0,0.0
2025-07-02 11:05:00,155.07387,0.0,0.0,20.0,0.0
2025-07-02 11:10:00,154.44963,0.0,0.0,20.0,0.0
2025-07-02 11:15:00,156.22781,0.0,0.0,20.0,0.0
2025-07-02 11:20:00,148.41823,0.0,0.0,20.0,0.0
2025-07-02 11:25:00,131.83346,0.0,0.0,20.0,0.0
2025-07-02 11:30:00,157.4043,0.0,0.0,20.0,0.0
2025-07-02 11:35:00,177.37275,0.0,0.0,20.0,0.0
2025-07-02 11:40:00,159.22,0.0,0.0,20.0,0.0
2025-07-02 11:45:00,159.88,0.0,0.0,20.0,0.0
2025-07-02 11:50:00,160.0001,0.0,0.0,20.0,0.0
2025-07-02 11:55:00,160.0001,0.0,0.0,20.0,0.0
2025-07-02 12:00:00,177.9967,0.0,0.0,20.0,0.0
2025-07-02 12:05:00,160.0001,0.0,0.0,20.0,0.0
2025-07-02 12:10:00,174.27764,0.0,0.0,20.0,0.0
2025-07-02 12:15:00,182.17447,0.0,0.0,20.0,0.0
2025-07-02 12:20:00,179.8686,0.0,0.0,20.0,0.0
2025-07-02 12:25:00,179.8686,0.0,0.0,20.0,0.0
2025-07-02 12:30:00,179.30122,0.0,0.0,20.0,0.0
2025-07-02 12:35:00,182.64276,0.0,0.0,20.0,0.0
2025-07-02 12:40:00,227.97,0.0,0.0,20.0,0.0
2025-07-02 12:45:00,180.74589,0.0,0.0,20.0,0.0
2025-07-02 12:50:00,183.11346,0.0,0.0,20.0,0.0
2025-07-02 12:55:00,182.17447,0.0,0.0,20.0,0.0
2025-07-02 13:00:00,178.49003,0.0,0.0,20.0,0.0
2025-07-02 13:05:00,227.97,0.0,0.0,20.0,0.0
2025-07-02 13:10:00,270.90985,0.0,0.0,20.0,0.0
2025-07-02 13:15:00,180.24925,0.0,0.0,20.0,0.0
2025-07-02 13:20:00,182.09785,0.0,0.0,20.0,0.0
2025-07-02 13:25:00,178.8496,0.0,0.0,20.0,0.0
2025-07-02 13:30:00,167.35751,0.0,0.0,20.0,0.0
2025-07-02 13:35:00,179.33895,0.0,0.0,20.0,0.0
2025-07-02 13:40:00,177.0582,0.0,0.0,20.0,0.0
2025-07-02 13:45:00,177.06758,0.0,0.0,20.0,0.0
2025-07-02 13:50:00,178.8496,0.0,0.0,20.0,0.0
2025-07-02 13:55:00,253.21487,0.0,0.0,20.0,0.0
2025-07-02 14:00:00,180.28717,0.0,0.0,20.0,0.0
2025-07-02 14:05:00,295.22,0.0,0.0,20.0,0.0
2025-07-02 14:10:00,184.94297,0.0,0.0,20.0,0.0
2025-07-02 14:15:00,183.94606,0.0,0.0,20.0,0.0
2025-07-02 14:20:00,193.365,0.0,0.0,20.0,0.0
2025-07-02 14:25:00,185.00133,0.0,0.0,20.0,0.0
2025-07-02 14:30:00,187.95745,0.0,0.0,20.0,0.0
2025-07-02 14:35:00,185.97964,0.0,0.0,20.0,0.0
2025-07-02 14:40:00,160.0001,0.0,0.0,20.0,0.0
2025-07-02 14:45:00,183.13296,0.0,0.0,20.0,0.0
2025-07-02 14:50:00,185.02078,0.0,0.0,20.0,0.0
2025-07-02 14:55:00,124.23995,0.0,0.0,20.0,0.0
2025-07-02 15:00:00,157.0882,0.0,0.0,20.0,0.0
2025-07-02 15:05:00,180.92368,0.0,0.0,20.0,0.0
2025-07-02 15:10:00,160.0001,0.0,0.0,20.0,0.0
2025-07-02 15:15:00,182.52753,0.0,0.0,20.0,0.0
2025-07-02 15:20:00,198.66982,0.0,0.0,20.0,0.0
2025-07-02 15:25:00,198.16221,0.0,0.0,20.0,0.0
2025-07-02 15:30:00,199.18009,0.0,0.0,20.0,0.0
2025-07-02 15:35:00,227.97,0.0,0.0,20.0,0.0
2025-07-02 15:40:00,227.97,0.0,0.0,20.0,0.0
2025-07-02 15:45:00,184.06218,0.0,0.0,20.0,0.0
2025-07-02 15:50:00,295.22,0.0,0.0,20.0,0.0
2025-07-02 15:55:00,184.06218,0.0,0.0,20.0,0.0
2025-07-02 16:00:00,295.22,0.0,0.0,20.0,0.0
2025-07-02 16:05:00,216.22521,0.0,0.0,20.0,0.0
2025-07-02 16:10:00,190.39672,0.0,0.0,20.0,0.0
2025-07-02 16:15:00,212.76644,0.0,0.0,20.0,0.0
2025-07-02 16:20:00,241.96,0.0,0.0,20.0,0.0
2025-07-02 16:25:00,241.96,0.0,0.0,20.0,0.0
2025-07-02 16:30:00,208.82382,0.0,0.0,20.0,0.0
2025-07-02 16:35:00,200.02,0.0,0.0,20.0,0.0
2025-07-02 16:40:00,200.02,0.0,0.0,20.0,0.0
2025-07-02 16:45:00,190.90321,0.0,0.0,20.0,0.0
2025-07-02 16:50:00,213.23135,0.0,0.0,20.0,0.0
2025-07-02 16:55:00,200.89,0.0,0.0,20.0,0.0
2025-07-02 17:00:00,211.59368,0.0,0.0,20.0,0.0
2025-07-02 17:05:00,188.27065,0.0,0.0,20.0,0.0
2025-07-02 17:10:00,177.25642,0.0,0.0,20.0,0.0
2025-07-02 17:15:00,180.94,0.0,0.0,20.0,0.0
2025-07-02 17:20:00,190.11651,0.0,0.0,20.0,0.0
2025-07-02 17:25:00,183.85,0.0,0.0,20.0,0.0
2025-07-02 17:30:00,235.2,0.0,0.0,20.0,0.0
2025-07-02 17:35:00,231.03558,0.0,0.0,20.0,0.0
2025-07-02 17:40:00,235.2,0.0,0.0,20.0,0.0
2025-07-02 17:45:00,233.13605,0.0,0.0,20.0,0.0
2025-07-02 17:50:00,262.02277,0.0,0.0,20.0,0.0
2025-07-02 17:55:00,237.99,0.0,0.0,20.0,0.0
2025-07-02 18:00:00,237.99,0.0,0.0,20.0,0.0
2025-07-02 18:05:00,235.81135,0.0,0.0,20.0,0.0
2025-07-02 18:10:00,235.2,0.0,0.0,20.0,0.0
2025-07-02 18:15:00,235.2,0.0,0.0,20.0,0.0
2025-07-02 18:20:00,237.30566,0.0,0.0,20.0,0.0
2025-07-02 18:25:00,237.16138,0.0,0.0,20.0,0.0
2025-07-02 18:30:00,235.2,0.0,0.0,20.0,0.0
2025-07-02 18:35:00,208.37502,0.0,0.0,20.0,0.0
2025-07-02 18:40:00,207.355,0.0,0.0,20.0,0.0
2025-07-02 18:45:00,220.82051,0.0,0.0,20.0,0.0
2025-07-02 18:50:00,218.02798,0.0,0.0,20.0,0.0
2025-07-02 18:55:00,235.2,0.0,0.0,20.0,0.0
2025-07-02 19:00:00,235.2,0.0,0.0,20.0,0.0
2025-07-02 19:05:00,201.69828,0.0,0.0,20.0,0.0
2025-07-02 19:10:00,235.2,0.0,0.0,20.0,0.0
2025-07-02 19:15:00,200.02,0.0,0.0,20.0,0.0
2025-07-02 19:20:00,188.72825,0.0,0.0,20.0,0.0
2025-07-02 19:25:00,200.02,0.0,0.0,20.0,0.0
2025-07-02 19:30:00,224.45217,0.0,0.0,20.0,0.0
2025-07-02 19:35:00,200.02,0.0,0.0,20.0,0.0
2025-07-02 19:40:00,200.02,0.0,0.0,20.0,0.0
2025-07-02 19:45:00,200.02,0.0,0.0,20.0,0.0
2025-07-02 19:50:00,200.02,0.0,0.0,20.0,0.0
2025-07-02 19:55:00,200.02,0.0,0.0,20.0,0.0
2025-07-02 20:00:00,237.99,0.0,0.0,20.0,0.0
2025-07-02 20:05:00,228.33156,0.0,0.0,20.0,0.0
2025-07-02 20:10:00,228.87735,0.0,0.0,20.0,0.0
2025-07-02 20:15:00,186.04155,0.0,0.0,20.0,0.0
2025-07-02 20:20:00,189.33021,0.0,0.0,20.0,0.0
2025-07-02 20:25:00,211.10923,0.0,0.0,20.0,0.0
2025-07-02 20:30:00,187.90574,0.0,0.0,20.0,0.0
2025-07-02 20:35:00,237.99,0.0,0.0,20.0,0.0
2025-07-02 20:40:00,226.69422,0.0,0.0,20.0,0.0
2025-07-02 20:45:00,227.78578,0.0,0.0,20.0,0.0
2025-07-02 20:50:00,230.51469,0.0,0.0,20.0,0.0
2025-07-02 20:55:00,228.28181,0.0,0.0,20.0,0.0
2025-07-02 21:00:00,220.56163,0.0,0.0,20.0,0.0
2025-07-02 21:05:00,237.99,0.0,0.0,20.0,0.0
2025-07-02 21:10:00,232.2972,0.0,0.0,20.0,0.0
2025-07-02 21:15:00,236.66612,0.0,0.0,20.0,0.0
2025-07-02 21:20:00,236.09889,0.0,0.0,20.0,0.0
2025-07-02 21:25:00,231.08143,0.0,0.0,20.0,0.0
2025-07-02 21:30:00,202.49733,0.0,0.0,20.0,0.0
2025-07-02 21:35:00,199.42501,0.0,0.0,20.0,0.0
2025-07-02 21:40:00,231.14276,0.0,0.0,20.0,0.0
2025-07-02 21:45:00,229.87806,0.0,0.0,20.0,0.0
2025-07-02 21:50:00,202.30555,0.0,0.0,20.0,0.0
2025-07-02 21:55:00,210.29854,0.0,0.0,20.0,0.0
2025-07-02 22:00:00,199.57011,0.0,0.0,20.0,0.0
2025-07-02 22:05:00,228.91805,0.0,0.0,20.0,0.0
2025-07-02 22:10:00,200.02,0.0,0.0,20.0,0.0
2025-07-02 22:15:00,226.61585,0.0,0.0,20.0,0.0
2025-07-02 22:20:00,202.88422,0.0,0.0,20.0,0.0
2025-07-02 22:25:00,200.02,0.0,0.0,20.0,0.0
2025-07-02 22:30:00,200.02,0.0,0.0,20.0,0.0
2025-07-02 22:35:00,200.02,0.0,0.0,20.0,0.0
2025-07-02 22:40:00,200.02,0.0,0.0,20.0,0.0
2025-07-02 22:45:00,200.02,0.0,0.0,20.0,0.0
2025-07-02 22:50:00,200.02,0.0,0.0,20.0,0.0
2025-07-02 22:55:00,182.21081,0.0,0.0,20.0,0.0
2025-07-02 23:00:00,161.68917,0.0,0.0,20.0,0.0
2025-07-02 23:05:00,291.70219,0.0,0.0,20.0,0.0
2025-07-02 23:10:00,215.49699,0.0,0.0,20.0,0.0
2025-07-02 23:15:00,218.24833,0.0,0.0,20.0,0.0
2025-07-02 23:20:00,189.86007,0.0,0.0,20.0,0.0
2025-07-02 23:25:00,185.08764,0.0,0.0,20.0,0.0
2025-07-02 23:30:00,211.61896,0.0,0.0,20.0,0.0
2025-07-02 23:35:00,210.60578,0.0,0.0,20.0,0.0
2025-07-02 23:40:00,215.49699,0.0,0.0,20.0,0.0
2025-07-02 23:45:00,217.68143,0.0,0.0,20.0,0.0
2025-07-02 23:50:00,218.77364,0.0,0.0,20.0,0.0
2025-07-02 23:55:00,216.56902,0.0,0.0,20.0,0.0
2025-07-03 00:00:00,214.77873,0.0,0.0,20.0,0.0
2025-07-03 00:05:00,211.96319,0.0,0.0,20.0,0.0
2025-07-03 00:10:00,170.80039,0.0,0.0,20.0,0.0
2025-07-03 00:15:00,160.36,0.0,0.0,20.0,0.0
2025-07-03 00:20:00,163.22984,0.0,0.0,20.0,0.0
2025-07-03 00:25:00,160.0001,0.0,0.0,20.0,0.0
2025-07-03 00:30:00,160.08,0.0,0.0,20.0,0.0
2025-07-03 00:35:00,194.96197,0.0,0.0,20.0,0.0
2025-07-03 00:40:00,181.10426,0.0,0.0,20.0,0.0
2025-07-03 00:45:00,172.04705,0.0,0.0,20.0,0.0
2025-07-03 00:50:00,183.03645,0.0,0.0,20.0,0.0
2025-07-03 00:55:00,194.08652,0.0,0.0,20.0,0.0
2025-07-03 01:00:00,150.99,0.0,0.0,20.0,0.0
2025-07-03 01:05:00,178.88724,0.0,0.0,20.0,0.0
2025-07-03 01:10:00,179.33895,0.0,0.0,20.0,0.0
2025-07-03 01:15:00,160.0001,0.0,0.0,20.0,0.0
2025-07-03 01:20:00,119.5,0.0,0.0,20.0,0.0
2025-07-03 01:25:00,150.99,0.0,0.0,20.0,0.0
2025-07-03 01:30:00,160.0001,0.0,0.0,20.0,0.0
2025-07-03 01:35:00,120.73195,0.0,0.0,20.0,0.0
2025-07-03 01:40:00,119.5,0.0,0.0,20.0,0.0
2025-07-03 01:45:00,121.67007,0.0,0.0,20.0,0.0
2025-07-03 01:50:00,121.59128,0.0,0.0,20.0,0.0
2025-07-03 01:55:00,121.58989,0.0,0.0,20.0,0.0
2025-07-03 02:00:00,121.73237,0.0,0.0,20.0,0.0
2025-07-03 02:05:00,159.22,0.0,0.0,20.0,0.0
2025-07-03 02:10:00,119.5,0.0,0.0,20.0,0.0
2025-07-03 02:15:00,119.5,0.0,0.0,20.0,0.0
2025-07-03 02:20:00,131.56838,0.0,0.0,20.0,0.0
2025-07-03 02:25:00,159.22,0.0,0.0,20.0,0.0
2025-07-03 02:30:00,119.5,0.0,0.0,20.0,0.0
2025-07-03 02:35:00,120.46582,0.0,0.0,20.0,0.0
2025-07-03 02:40:00,122.7032,0.0,0.0,20.0,0.0
2025-07-03 02:45:00,159.88,0.0,0.0,20.0,0.0
2025-07-03 02:50:00,150.89003,0.0,0.0,20.0,0.0
2025-07-03 02:55:00,160.0001,0.0,0.0,20.0,0.0
2025-07-03 03:00:00,118.50485,0.0,0.0,20.0,0.0
2025-07-03 03:05:00,178.9531,0.0,0.0,20.0,0.0
2025-07-03 03:10:00,175.31448,0.0,0.0,20.0,0.0
2025-07-03 03:15:00,160.0001,0.0,0.0,20.0,0.0
2025-07-03 03:20:00,132.72,0.0,0.0,20.0,0.0
2025-07-03 03:25:00,160.0001,0.0,0.0,20.0,0.0
2025-07-03 03:30:00,160.0001,0.0,0.0,20.0,0.0
2025-07-03 03:35:00,178.96251,0.0,0.0,20.0,0.0
2025-07-03 03:40:00,178.4378,0.0,0.0,20.0,0.0
2025-07-03 03:45:00,212.30538,0.0,0.0,20.0,0.0
2025-07-03 03:50:00,182.09785,0.0,0.0,20.0,0.0
2025-07-03 03:55:00,182.09785,0.0,0.0,20.0,0.0
2025-07-03 04:00:00,181.63216,0.0,0.0,20.0,0.0
2025-07-03 04:05:00,209.84064,0.0,0.0,20.0,0.0
2025-07-03 04:10:00,208.23755,0.0,0.0,20.0,0.0
2025-07-03 04:15:00,160.0,0.0,0.0,20.0,0.0
2025-07-03 04:20:00,177.0587,0.0,0.0,20.0,0.0
2025-07-03 04:25:00,171.12728,0.0,0.0,20.0,0.0
2025-07-03 04:30:00,190.43369,0.0,0.0,20.0,0.0
2025-07-03 04:35:00,160.0,0.0,0.0,20.0,0.0
2025-07-03 04:40:00,171.81883,0.0,0.0,20.0,0.0
2025-07-03 04:45:00,200.02,0.0,0.0,20.0,0.0
2025-07-03 04:50:00,175.23349,0.0,0.0,20.0,0.0
2025-07-03 04:55:00,171.66393,0.0,0.0,20.0,0.0
2025-07-03 05:00:00,191.07456,0.0,0.0,20.0,0.0
2025-07-03 05:05:00,160.0,0.0,0.0,20.0,0.0
2025-07-03 05:10:00,183.2759,0.0,0.0,20.0,0.0
2025-07-03 05:15:00,200.02,0.0,0.0,20.0,0.0
2025-07-03 05:20:00,163.54916,0.0,0.0,20.0,0.0
2025-07-03 05:25:00,200.02,0.0,0.0,20.0,0.0
2025-07-03 05:30:00,200.02,0.0,0.0,20.0,0.0
2025-07-03 05:35:00,168.70398,0.0,0.0,20.0,0.0
2025-07-03 05:40:00,168.61264,0.0,0.0,20.0,0.0
2025-07-03 05:45:00,168.41285,0.0,0.0,20.0,0.0
2025-07-03 05:50:00,169.55383,0.0,0.0,20.0,0.0
2025-07-03 05:55:00,169.98197,0.0,0.0,20.0,0.0
2025-07-03 06:00:00,200.02,0.0,0.0,20.0,0.0
2025-07-03 06:05:00,172.57111,0.0,0.0,20.0,0.0
2025-07-03 06:10:00,209.69771,0.0,0.0,20.0,0.0
2025-07-03 06:15:00,223.00531,0.0,0.0,20.0,0.0
2025-07-03 06:20:00,253.42607,0.0,0.0,20.0,0.0
2025-07-03 06:25:00,243.41936,0.0,0.0,20.0,0.0
2025-07-03 06:30:00,287.53033,0.0,0.0,20.0,0.0
2025-07-03 06:35:00,256.72247,0.0,0.0,20.0,0.0
2025-07-03 06:40:00,258.82397,0.0,0.0,20.0,0.0
2025-07-03 06:45:00,280.20853,0.0,0.0,20.0,0.0
2025-07-03 06:50:00,286.53847,0.0,0.0,20.0,0.0
2025-07-03 06:55:00,289.91237,0.0,0.0,20.0,0.0
2025-07-03 07:00:00,303.66077,0.0,0.0,20.0,0.0
2025-07-03 07:05:00,298.89,0.0,0.0,20.0,0.0
2025-07-03 07:10:00,299.29,0.0,0.0,20.0,0.0
2025-07-03 07:15:00,305.66574,0.0,0.0,20.0,0.0
2025-07-03 07:20:00,299.29,0.0,0.0,20.0,0.0
2025-07-03 07:25:00,333.46596,0.0,0.0,20.0,0.0
2025-07-03 07:30:00,262.64687,0.0,0.0,20.0,0.0
2025-07-03 07:35:00,300.02045,0.0,0.0,20.0,0.0
2025-07-03 07:40:00,293.11404,0.0,0.0,20.0,0.0
2025-07-03 07:45:00,291.44583,0.0,0.0,20.0,0.0
2025-07-03 07:50:00,294.79519,0.0,0.0,20.0,0.0
2025-07-03 07:55:00,299.29,0.0,0.0,20.0,0.0
2025-07-03 08:00:00,264.89042,0.0,0.0,20.0,0.0
2025-07-03 08:05:00,237.99,0.0,0.0,20.0,0.0
2025-07-03 08:10:00,238.99267,0.0,0.0,20.0,0.0
2025-07-03 08:15:00,294.88789,0.0,0.0,20.0,0.0
2025-07-03 08:20:00,291.69507,0.0,0.0,20.0,0.0
2025-07-03 08:25:00,299.1614,0.0,0.0,20.0,0.0
2025-07-03 08:30:00,273.45704,0.0,0.0,20.0,0.0
2025-07-03 08:35:00,265.83852,0.0,0.0,20.0,0.0
2025-07-03 08:40:00,237.99,0.0,0.0,20.0,0.0
2025-07-03 08:45:00,248.69203,0.0,0.0,20.0,0.0
2025-07-03 08:50:00,237.99,0.0,0.0,20.0,0.0
2025-07-03 08:55:00,237.99,0.0,0.0,20.0,0.0
2025-07-03 09:00:00,235.2,0.0,0.0,20.0,0.0
2025-07-03 09:05:00,235.2,0.0,0.0,20.0,0.0
2025-07-03 09:10:00,202.9597,0.0,0.0,20.0,0.0
2025-07-03 09:15:00,203.4515,0.0,0.0,20.0,0.0
2025-07-03 09:20:00,180.94,0.0,0.0,20.0,0.0
2025-07-03 09:25:00,180.45133,0.0,0.0,20.0,0.0
2025-07-03 09:30:00,179.98031,0.0,0.0,20.0,0.0
2025-07-03 09:35:00,180.6219,0.0,0.0,20.0,0.0
2025-07-03 09:40:00,180.94,0.0,0.0,20.0,0.0
2025-07-03 09:45:00,177.43258,0.0,0.0,20.0,0.0
2025-07-03 09:50:00,172.06,0.0,0.0,20.0,0.0
2025-07-03 09:55:00,171.60204,0.0,0.0,20.0,0.0
2025-07-03 10:00:00,174.2983,0.0,0.0,20.0,0.0
2025-07-03 10:05:00,175.75126,0.0,0.0,20.0,0.0
2025-07-03 10:10:00,85.88,0.0,0.0,20.0,0.0
2025-07-03 10:15:00,137.96,0.0,0.0,20.0,0.0
2025-07-03 10:20:00,168.64781,0.0,0.0,20.0,0.0
2025-07-03 10:25:00,128.90099,0.0,0.0,20.0,0.0
2025-07-03 10:30:00,159.52,0.0,0.0,20.0,0.0
2025-07-03 10:35:00,121.35,0.0,0.0,20.0,0.0
2025-07-03 10:40:00,153.73529,0.0,0.0,20.0,0.0
2025-07-03 10:45:00,116.28638,0.0,0.0,20.0,0.0
2025-07-03 10:50:00,90.0,0.0,0.0,20.0,0.0
2025-07-03 10:55:00,90.99,0.0,0.0,20.0,0.0
2025-07-03 11:00:00,90.0,0.0,0.0,20.0,0.0
2025-07-03 11:05:00,90.0,0.0,0.0,20.0,0.0
2025-07-03 11:10:00,85.88,0.0,0.0,20.0,0.0
2025-07-03 11:15:00,85.88,0.0,0.0,20.0,0.0
2025-07-03 11:20:00,159.22,0.0,0.0,20.0,0.0
2025-07-03 11:25:00,132.72,0.0,0.0,20.0,0.0
2025-07-03 11:30:00,121.35,0.0,0.0,20.0,0.0
2025-07-03 11:35:00,132.72,0.0,0.0,20.0,0.0
2025-07-03 11:40:00,132.72,0.0,0.0,20.0,0.0
2025-07-03 11:45:00,153.39065,0.0,0.0,20.0,0.0
2025-07-03 11:50:00,159.22,0.0,0.0,20.0,0.0
2025-07-03 11:55:00,159.22,0.0,0.0,20.0,0.0
2025-07-03 12:00:00,153.77347,0.0,0.0,20.0,0.0
2025-07-03 12:05:00,159.22,0.0,0.0,20.0,0.0
2025-07-03 12:10:00,159.22,0.0,0.0,20.0,0.0
2025-07-03 12:15:00,79.03052,0.0,0.0,20.0,0.0
2025-07-03 12:20:00,79.56,0.0,0.0,20.0,0.0
2025-07-03 12:25:00,90.0,0.0,0.0,20.0,0.0
2025-07-03 12:30:00,90.76,0.0,0.0,20.0,0.0
2025-07-03 12:35:00,132.72,0.0,0.0,20.0,0.0
2025-07-03 12:40:00,121.35,0.0,0.0,20.0,0.0
2025-07-03 12:45:00,79.56,0.0,0.0,20.0,0.0
2025-07-03 12:50:00,79.56,0.0,0.0,20.0,0.0
2025-07-03 12:55:00,66.37678,0.0,0.0,20.0,0.0
2025-07-03 13:00:00,20.0,0.0,0.0,20.0,0.0
2025-07-03 13:05:00,35.09913,0.0,0.0,20.0,0.0
2025-07-03 13:10:00,33.88985,0.0,0.0,20.0,0.0
2025-07-03 13:15:00,46.01,0.0,0.0,20.0,0.0
2025-07-03 13:20:00,33.89024,0.0,0.0,20.0,0.0
2025-07-03 13:25:00,34.934,0.0,0.0,20.0,0.0
2025-07-03 13:30:00,33.89004,0.0,0.0,20.0,0.0
2025-07-03 13:35:00,20.3,0.0,0.0,20.0,0.0
2025-07-03 13:40:00,33.89024,0.0,0.0,20.0,0.0
2025-07-03 13:45:00,33.88985,0.0,0.0,20.0,0.0
2025-07-03 13:50:00,48.42897,0.0,0.0,20.0,0.0
2025-07-03 13:55:00,35.43448,0.0,0.0,20.0,0.0
2025-07-03 14:00:00,34.80829,0.0,0.0,20.0,0.0
2025-07-03 14:05:00,23.62913,0.0,0.0,20.0,0.0
2025-07-03 14:10:00,21.76,0.0,0.0,20.0,0.0
2025-07-03 14:15:00,23.32713,0.0,0.0,20.0,0.0
2025-07-03 14:20:00,8.95,100.0,0.0,27.90569415042095,-74.58333333333331
2025-07-03 14:25:00,10.89,0.0,0.0,27.90569415042095,0.0
2025-07-03 14:30:00,20.0,0.0,0.0,27.90569415042095,0.0
2025-07-03 14:35:00,20.0,0.0,0.0,27.90569415042095,0.0
2025-07-03 14:40:00,20.0,0.0,0.0,27.90569415042095,0.0
2025-07-03 14:45:00,21.81,0.0,0.0,27.90569415042095,0.0
2025-07-03 14:50:00,20.0,0.0,0.0,27.90569415042095,0.0
2025-07-03 14:55:00,33.89005,0.0,0.0,27.90569415042095,0.0
2025-07-03 15:00:00,76.15256,0.0,0.0,27.90569415042095,0.0
2025-07-03 15:05:00,79.56,0.0,0.0,27.90569415042095,0.0
2025-07-03 15:10:00,132.72,0.0,0.0,27.90569415042095,0.0
2025-07-03 15:15:00,33.89029,0.0,0.0,27.90569415042095,0.0
2025-07-03 15:20:00,33.89029,0.0,0.0,27.90569415042095,0.0
2025-07-03 15:25:00,42.58442,0.0,0.0,27.90569415042095,0.0
2025-07-03 15:30:00,79.56,0.0,0.0,27.90569415042095,0.0
2025-07-03 15:35:00,121.35,0.0,0.0,27.90569415042095,0.0
2025-07-03 15:40:00,116.9007,0.0,0.0,27.90569415042095,0.0
2025-07-03 15:45:00,121.35,0.0,0.0,27.90569415042095,0.0
2025-07-03 15:50:00,132.72,0.0,0.0,27.90569415042095,0.0
2025-07-03 15:55:00,162.80311,0.0,90.0,20.0,1221.023325
2025-07-03 16:00:00,176.60899,0.0,0.0,20.0,0.0
2025-07-03 16:05:00,184.8383,0.0,0.0,20.0,0.0
2025-07-03 16:10:00,198.33479,0.0,0.0,20.0,0.0
2025-07-03 16:15:00,184.51459,0.0,0.0,20.0,0.0
2025-07-03 16:20:00,307.85374,0.0,0.0,20.0,0.0
2025-07-03 16:25:00,134.22496,0.0,0.0,20.0,0.0
2025-07-03 16:30:00,360.07,0.0,0.0,20.0,0.0
2025-07-03 16:35:00,227.97,0.0,0.0,20.0,0.0
2025-07-03 16:40:00,226.97,0.0,0.0,20.0,0.0
2025-07-03 16:45:00,200.64081,0.0,0.0,20.0,0.0
2025-07-03 16:50:00,230.72258,0.0,0.0,20.0,0.0
2025-07-03 16:55:00,237.99,0.0,0.0,20.0,0.0
2025-07-03 17:00:00,240.0,0.0,0.0,20.0,0.0
2025-07-03 17:05:00,237.99,0.0,0.0,20.0,0.0
2025-07-03 17:10:00,238.6918,0.0,0.0,20.0,0.0
2025-07-03 17:15:00,240.0,0.0,0.0,20.0,0.0
2025-07-03 17:20:00,254.11027,0.0,0.0,20.0,0.0
2025-07-03 17:25:00,254.1888,0.0,0.0,20.0,0.0
2025-07-03 17:30:00,299.5,0.0,0.0,20.0,0.0
2025-07-03 17:35:00,270.82,0.0,0.0,20.0,0.0
2025-07-03 17:40:00,262.10992,0.0,0.0,20.0,0.0
2025-07-03 17:45:00,299.29,0.0,0.0,20.0,0.0
2025-07-03 17:50:00,299.5,0.0,0.0,20.0,0.0
2025-07-03 17:55:00,278.44624,0.0,0.0,20.0,0.0
2025-07-03 18:00:00,298.1,0.0,0.0,20.0,0.0
2025-07-03 18:05:00,264.44018,0.0,0.0,20.0,0.0
2025-07-03 18:10:00,276.46913,0.0,0.0,20.0,0.0
2025-07-03 18:15:00,237.99,0.0,0.0,20.0,0.0
2025-07-03 18:20:00,251.07715,0.0,0.0,20.0,0.0
2025-07-03 18:25:00,260.96172,0.0,0.0,20.0,0.0
2025-07-03 18:30:00,254.8451,0.0,0.0,20.0,0.0
2025-07-03 18:35:00,240.0,0.0,0.0,20.0,0.0
2025-07-03 18:40:00,237.99,0.0,0.0,20.0,0.0
2025-07-03 18:45:00,252.03093,0.0,0.0,20.0,0.0
2025-07-03 18:50:00,270.82,0.0,0.0,20.0,0.0
2025-07-03 18:55:00,270.82,0.0,0.0,20.0,0.0
2025-07-03 19:00:00,240.0,0.0,0.0,20.0,0.0
2025-07-03 19:05:00,299.29,0.0,0.0,20.0,0.0
2025-07-03 19:10:00,277.95162,0.0,0.0,20.0,0.0
2025-07-03 19:15:00,252.81809,0.0,0.0,20.0,0.0
2025-07-03 19:20:00,270.82,0.0,0.0,20.0,0.0
2025-07-03 19:25:00,276.49069,0.0,0.0,20.0,0.0
2025-07-03 19:30:00,303.60844,0.0,0.0,20.0,0.0
2025-07-03 19:35:00,234.48286,0.0,0.0,20.0,0.0
2025-07-03 19:40:00,241.17128,0.0,0.0,20.0,0.0
2025-07-03 19:45:00,254.9669,0.0,0.0,20.0,0.0
2025-07-03 19:50:00,268.90729,0.0,0.0,20.0,0.0
2025-07-03 19:55:00,269.57757,0.0,0.0,20.0,0.0
2025-07-03 20:00:00,254.64221,0.0,0.0,20.0,0.0
2025-07-03 20:05:00,256.95184,0.0,0.0,20.0,0.0
2025-07-03 20:10:00,312.65562,0.0,0.0,20.0,0.0
2025-07-03 20:15:00,264.36645,0.0,0.0,20.0,0.0
2025-07-03 20:20:00,260.02112,0.0,0.0,20.0,0.0
2025-07-03 20:25:00,312.4123,0.0,0.0,20.0,0.0
2025-07-03 20:30:00,198.72947,0.0,0.0,20.0,0.0
2025-07-03 20:35:00,270.20551,0.0,0.0,20.0,0.0
2025-07-03 20:40:00,270.16295,0.0,0.0,20.0,0.0
2025-07-03 20:45:00,314.3918,0.0,0.0,20.0,0.0
2025-07-03 20:50:00,315.81469,0.0,0.0,20.0,0.0
2025-07-03 20:55:00,266.27026,0.0,0.0,20.0,0.0
2025-07-03 21:00:00,200.02,0.0,0.0,20.0,0.0
2025-07-03 21:05:00,240.0,0.0,0.0,20.0,0.0
2025-07-03 21:10:00,222.93151,0.0,0.0,20.0,0.0
2025-07-03 21:15:00,235.24712,0.0,0.0,20.0,0.0
2025-07-03 21:20:00,223.98986,0.0,0.0,20.0,0.0
2025-07-03 21:25:00,222.55549,0.0,0.0,20.0,0.0
2025-07-03 21:30:00,218.75009,0.0,0.0,20.0,0.0
2025-07-03 21:35:00,217.68134,0.0,0.0,20.0,0.0
2025-07-03 21:40:00,226.60493,0.0,0.0,20.0,0.0
2025-07-03 21:45:00,225.52514,0.0,0.0,20.0,0.0
2025-07-03 21:50:00,237.98809,0.0,0.0,20.0,0.0
2025-07-03 21:55:00,226.58376,0.0,0.0,20.0,0.0
2025-07-03 22:00:00,192.19857,0.0,0.0,20.0,0.0
2025-07-03 22:05:00,222.91072,0.0,0.0,20.0,0.0
2025-07-03 22:10:00,257.41312,0.0,0.0,20.0,0.0
2025-07-03 22:15:00,225.5473,0.0,0.0,20.0,0.0
2025-07-03 22:20:00,245.5307,0.0,0.0,20.0,0.0
2025-07-03 22:25:00,227.97,0.0,0.0,20.0,0.0
2025-07-03 22:30:00,220.77471,0.0,0.0,20.0,0.0
2025-07-03 22:35:00,209.31545,0.0,0.0,20.0,0.0
2025-07-03 22:40:00,210.36327,0.0,0.0,20.0,0.0
2025-07-03 22:45:00,209.8446,0.0,0.0,20.0,0.0
2025-07-03 22:50:00,205.40538,0.0,0.0,20.0,0.0
2025-07-03 22:55:00,191.79309,0.0,0.0,20.0,0.0
2025-07-03 23:00:00,188.46165,0.0,0.0,20.0,0.0
2025-07-03 23:05:00,203.51173,0.0,0.0,20.0,0.0
2025-07-03 23:10:00,205.21784,0.0,0.0,20.0,0.0
2025-07-03 23:15:00,204.95009,0.0,0.0,20.0,0.0
2025-07-03 23:20:00,205.06829,0.0,0.0,20.0,0.0
2025-07-03 23:25:00,205.26687,0.0,0.0,20.0,0.0
2025-07-03 23:30:00,200.09238,0.0,0.0,20.0,0.0
2025-07-03 23:35:00,206.61145,0.0,0.0,20.0,0.0
2025-07-03 23:40:00,208.80726,0.0,0.0,20.0,0.0
2025-07-03 23:45:00,211.46412,0.0,0.0,20.0,0.0
2025-07-03 23:50:00,209.34688,0.0,0.0,20.0,0.0
2025-07-03 23:55:00,206.2139,0.0,0.0,20.0,0.0
2025-07-04 00:00:00,186.65548,0.0,0.0,20.0,0.0
2025-07-04 00:05:00,201.48547,0.0,0.0,20.0,0.0
2025-07-04 00:10:00,195.58516,0.0,0.0,20.0,0.0
2025-07-04 00:15:00,190.46615,0.0,0.0,20.0,0.0
2025-07-04 00:20:00,178.34655,0.0,0.0,20.0,0.0
2025-07-04 00:25:00,186.6534,0.0,0.0,20.0,0.0
2025-07-04 00:30:00,177.36985,0.0,0.0,20.0,0.0
2025-07-04 00:35:00,178.22977,0.0,0.0,20.0,0.0
2025-07-04 00:40:00,193.72855,0.0,0.0,20.0,0.0
2025-07-04 00:45:00,171.02851,0.0,0.0,20.0,0.0
2025-07-04 00:50:00,171.08938,0.0,0.0,20.0,0.0
2025-07-04 00:55:00,166.23561,0.0,0.0,20.0,0.0
2025-07-04 01:00:00,170.22315,0.0,0.0,20.0,0.0
2025-07-04 01:05:00,168.9753,0.0,0.0,20.0,0.0
2025-07-04 01:10:00,160.0,0.0,0.0,20.0,0.0
2025-07-04 01:15:00,160.0,0.0,0.0,20.0,0.0
2025-07-04 01:20:00,148.09569,0.0,0.0,20.0,0.0
2025-07-04 01:25:00,163.82265,0.0,0.0,20.0,0.0
2025-07-04 01:30:00,141.44609,0.0,0.0,20.0,0.0
2025-07-04 01:35:00,159.88,0.0,0.0,20.0,0.0
2025-07-04 01:40:00,160.0,0.0,0.0,20.0,0.0
2025-07-04 01:45:00,123.58445,0.0,0.0,20.0,0.0
2025-07-04 01:50:00,153.4155,0.0,0.0,20.0,0.0
2025-07-04 01:55:00,122.30617,0.0,0.0,20.0,0.0
2025-07-04 02:00:00,122.5349,0.0,0.0,20.0,0.0
2025-07-04 02:05:00,141.80396,0.0,0.0,20.0,0.0
2025-07-04 02:10:00,143.50891,0.0,0.0,20.0,0.0
2025-07-04 02:15:00,125.20082,0.0,0.0,20.0,0.0
2025-07-04 02:20:00,142.41457,0.0,0.0,20.0,0.0
2025-07-04 02:25:00,119.45809,0.0,0.0,20.0,0.0
2025-07-04 02:30:00,124.99414,0.0,0.0,20.0,0.0
2025-07-04 02:35:00,121.35,0.0,0.0,20.0,0.0
2025-07-04 02:40:00,121.35,0.0,0.0,20.0,0.0
2025-07-04 02:45:00,136.95094,0.0,0.0,20.0,0.0
2025-07-04 02:50:00,133.93744,0.0,0.0,20.0,0.0
2025-07-04 02:55:00,119.23222,0.0,0.0,20.0,0.0
2025-07-04 03:00:00,104.34456,0.0,0.0,20.0,0.0
2025-07-04 03:05:00,121.05384,0.0,0.0,20.0,0.0
2025-07-04 03:10:00,164.24,0.0,0.0,20.0,0.0
2025-07-04 03:15:00,119.24165,0.0,0.0,20.0,0.0
2025-07-04 03:20:00,118.16934,0.0,0.0,20.0,0.0
2025-07-04 03:25:00,115.45179,0.0,0.0,20.0,0.0
2025-07-04 03:30:00,116.48045,0.0,0.0,20.0,0.0
2025-07-04 03:35:00,116.30138,0.0,0.0,20.0,0.0
2025-07-04 03:40:00,121.35,0.0,0.0,20.0,0.0
2025-07-04 03:45:00,116.31157,0.0,0.0,20.0,0.0
2025-07-04 03:50:00,135.34177,0.0,0.0,20.0,0.0
2025-07-04 03:55:00,127.57,0.0,0.0,20.0,0.0
2025-07-04 04:00:00,116.5713,0.0,0.0,20.0,0.0
2025-07-04 04:05:00,122.32445,0.0,0.0,20.0,0.0
2025-07-04 04:10:00,115.28497,0.0,0.0,20.0,0.0
2025-07-04 04:15:00,154.55509,0.0,0.0,20.0,0.0
2025-07-04 04:20:00,153.34947,0.0,0.0,20.0,0.0
2025-07-04 04:25:00,117.60636,0.0,0.0,20.0,0.0
2025-07-04 04:30:00,131.75196,0.0,0.0,20.0,0.0
2025-07-04 04:35:00,113.35806,0.0,0.0,20.0,0.0
2025-07-04 04:40:00,132.5183,0.0,0.0,20.0,0.0
2025-07-04 04:45:00,112.55219,0.0,0.0,20.0,0.0
2025-07-04 04:50:00,113.13288,0.0,0.0,20.0,0.0
2025-07-04 04:55:00,124.75248,0.0,0.0,20.0,0.0
2025-07-04 05:00:00,104.09747,0.0,0.0,20.0,0.0
2025-07-04 05:05:00,107.68089,0.0,0.0,20.0,0.0
2025-07-04 05:10:00,110.02499,0.0,0.0,20.0,0.0
2025-07-04 05:15:00,131.49857,0.0,0.0,20.0,0.0
2025-07-04 05:20:00,127.33655,0.0,0.0,20.0,0.0
2025-07-04 05:25:00,156.52373,0.0,0.0,20.0,0.0
2025-07-04 05:30:00,156.50635,0.0,0.0,20.0,0.0
2025-07-04 05:35:00,121.41979,0.0,0.0,20.0,0.0
2025-07-04 05:40:00,122.44376,0.0,0.0,20.0,0.0
2025-07-04 05:45:00,123.05035,0.0,0.0,20.0,0.0
2025-07-04 05:50:00,155.16234,0.0,0.0,20.0,0.0
2025-07-04 05:55:00,164.56723,0.0,0.0,20.0,0.0
2025-07-04 06:00:00,205.13266,0.0,0.0,20.0,0.0
2025-07-04 06:05:00,121.68364,0.0,0.0,20.0,0.0
2025-07-04 06:10:00,180.63985,0.0,0.0,20.0,0.0
2025-07-04 06:15:00,188.22443,0.0,0.0,20.0,0.0
2025-07-04 06:20:00,184.7334,0.0,0.0,20.0,0.0
2025-07-04 06:25:00,184.35068,0.0,0.0,20.0,0.0
2025-07-04 06:30:00,199.18,0.0,0.0,20.0,0.0
2025-07-04 06:35:00,252.11592,0.0,0.0,20.0,0.0
2025-07-04 06:40:00,276.37809,0.0,0.0,20.0,0.0
2025-07-04 06:45:00,232.61271,0.0,0.0,20.0,0.0
2025-07-04 06:50:00,233.3922,0.0,0.0,20.0,0.0
2025-07-04 06:55:00,233.67652,0.0,0.0,20.0,0.0
2025-07-04 07:00:00,226.74037,0.0,0.0,20.0,0.0
2025-07-04 07:05:00,255.74852,0.0,0.0,20.0,0.0
2025-07-04 07:10:00,209.54,0.0,0.0,20.0,0.0
2025-07-04 07:15:00,226.26431,0.0,0.0,20.0,0.0
2025-07-04 07:20:00,225.15399,0.0,0.0,20.0,0.0
2025-07-04 07:25:00,238.88826,0.0,0.0,20.0,0.0
2025-07-04 07:30:00,209.54,0.0,0.0,20.0,0.0
2025-07-04 07:35:00,237.57145,0.0,0.0,20.0,0.0
2025-07-04 07:40:00,226.98,0.0,0.0,20.0,0.0
2025-07-04 07:45:00,230.95258,0.0,0.0,20.0,0.0
2025-07-04 07:50:00,209.54,0.0,0.0,20.0,0.0
2025-07-04 07:55:00,209.54,0.0,0.0,20.0,0.0
2025-07-04 08:00:00,207.7689,0.0,0.0,20.0,0.0
2025-07-04 08:05:00,209.11,0.0,0.0,20.0,0.0
2025-07-04 08:10:00,179.84988,0.0,0.0,20.0,0.0
2025-07-04 08:15:00,178.13534,0.0,0.0,20.0,0.0
2025-07-04 08:20:00,167.85909,0.0,0.0,20.0,0.0
2025-07-04 08:25:00,176.23832,0.0,0.0,20.0,0.0
2025-07-04 08:30:00,132.72,0.0,0.0,20.0,0.0
2025-07-04 08:35:00,132.72,0.0,0.0,20.0,0.0
2025-07-04 08:40:00,132.72,0.0,0.0,20.0,0.0
2025-07-04 08:45:00,132.72,0.0,0.0,20.0,0.0
2025-07-04 08:50:00,112.11792,0.0,0.0,20.0,0.0
2025-07-04 08:55:00,108.74656,0.0,0.0,20.0,0.0
2025-07-04 09:00:00,106.01442,0.0,0.0,20.0,0.0
2025-07-04 09:05:00,121.35,0.0,0.0,20.0,0.0
2025-07-04 09:10:00,111.69922,0.0,0.0,20.0,0.0
2025-07-04 09:15:00,107.79782,0.0,0.0,20.0,0.0
2025-07-04 09:20:00,85.88,0.0,0.0,20.0,0.0
2025-07-04 09:25:00,77.2784,0.0,0.0,20.0,0.0
2025-07-04 09:30:00,56.21409,0.0,0.0,20.0,0.0
2025-07-04 09:35:00,51.20661,0.0,0.0,20.0,0.0
2025-07-04 09:40:00,55.29275,0.0,0.0,20.0,0.0
2025-07-04 09:45:00,46.33,0.0,0.0,20.0,0.0
2025-07-04 09:50:00,34.41193,0.0,0.0,20.0,0.0
2025-07-04 09:55:00,33.89024,0.0,0.0,20.0,0.0
2025-07-04 10:00:00,33.88995,0.0,0.0,20.0,0.0
2025-07-04 10:05:00,46.22,0.0,0.0,20.0,0.0
2025-07-04 10:10:00,52.02969,0.0,0.0,20.0,0.0
2025-07-04 10:15:00,33.46275,0.0,0.0,20.0,0.0
2025-07-04 10:20:00,45.41887,0.0,0.0,20.0,0.0
2025-07-04 10:25:00,20.00007,0.0,0.0,20.0,0.0
2025-07-04 10:30:00,18.73268,0.0,0.0,20.0,0.0
2025-07-04 10:35:00,20.0,0.0,0.0,20.0,0.0
2025-07-04 10:40:00,20.0,0.0,0.0,20.0,0.0
2025-07-04 10:45:00,20.0,0.0,0.0,20.0,0.0
2025-07-04 10:50:00,34.91,0.0,0.0,20.0,0.0
2025-07-04 10:55:00,18.68562,0.0,0.0,20.0,0.0
2025-07-04 11:00:00,19.18,0.0,0.0,20.0,0.0
2025-07-04 11:05:00,21.66131,0.0,0.0,20.0,0.0
2025-07-04 11:10:00,20.0,0.0,0.0,20.0,0.0
2025-07-04 11:15:00,12.42,0.0,0.0,20.0,0.0
2025-07-04 11:20:00,13.77,0.0,0.0,20.0,0.0
2025-07-04 11:25:00,16.80861,0.0,0.0,20.0,0.0
2025-07-04 11:30:00,8.95,100.0,0.0,27.90569415042095,-74.58333333333331
2025-07-04 11:35:00,13.53001,0.0,0.0,27.90569415042095,0.0
2025-07-04 11:40:00,-0.01,100.0,0.0,35.8113883008419,0.08333333333333333
2025-07-04 11:45:00,-0.01,100.0,0.0,43.71708245126285,0.08333333333333333
2025-07-04 11:50:00,-0.01,100.0,0.0,51.622776601683796,0.08333333333333333
2025-07-04 11:55:00,0.01,100.0,0.0,59.528470752104745,-0.08333333333333333
2025-07-04 12:00:00,-0.01,100.0,0.0,67.4341649025257,0.08333333333333333
2025-07-04 12:05:00,19.18,0.0,0.0,67.4341649025257,0.0
2025-07-04 12:10:00,18.44,0.0,0.0,67.4341649025257,0.0
2025-07-04 12:15:00,20.00007,0.0,0.0,67.4341649025257,0.0
2025-07-04 12:20:00,-0.02,100.0,0.0,75.33985905294664,0.16666666666666666
2025-07-04 12:25:00,-0.02,100.0,0.0,83.24555320336758,0.16666666666666666
2025-07-04 12:30:00,-2.64946,100.0,0.0,91.15124735378852,22.07883333333333
2025-07-04 12:35:00,8.95,100.0,0.0,99.05694150420946,-74.58333333333331
2025-07-04 12:40:00,-14.7729,100.0,0.0,106.9626356546304,123.10749999999999
2025-07-04 12:45:00,-16.49,100.0,0.0,114.86832980505135,137.41666666666663
2025-07-04 12:50:00,0.01,100.0,0.0,122.77402395547229,-0.08333333333333333
2025-07-04 12:55:00,-9.96,100.0,0.0,130.67971810589324,83.0
2025-07-04 13:00:00,0.0,100.0,0.0,138.58541225631419,-0.0
2025-07-04 13:05:00,0.01,100.0,0.0,146.49110640673513,-0.08333333333333333
2025-07-04 13:10:00,0.01,100.0,0.0,154.39680055715607,-0.08333333333333333
2025-07-04 13:15:00,-16.5,100.0,0.0,162.302494707577,137.49999999999997
2025-07-04 13:20:00,-19.99,100.0,0.0,170.20818885799795,166.5833333333333
2025-07-04 13:25:00,-16.0,100.0,0.0,178.1138830084189,133.33333333333331
2025-07-04 13:30:00,-16.23065,23.857702507763676,0.0,180.0,32.26883493396954
2025-07-04 13:35:00,-14.81929,0.0,0.0,180.0,-0.0
2025-07-04 13:40:00,-14.89442,0.0,0.0,180.0,-0.0
2025-07-04 13:45:00,-15.03,0.0,0.0,180.0,-0.0
2025-07-04 13:50:00,-14.92231,0.0,0.0,180.0,-0.0
2025-07-04 13:55:00,-12.70065,0.0,0.0,180.0,-0.0
2025-07-04 14:00:00,-14.25241,0.0,0.0,180.0,-0.0
2025-07-04 14:05:00,-5.06,0.0,0.0,180.0,-0.0
2025-07-04 14:10:00,-15.20825,0.0,0.0,180.0,-0.0
2025-07-04 14:15:00,-9.96,0.0,0.0,180.0,-0.0
2025-07-04 14:20:00,-14.36705,0.0,0.0,180.0,-0.0
2025-07-04 14:25:00,-16.49,0.0,0.0,180.0,-0.0
2025-07-04 14:30:00,-9.96,0.0,0.0,180.0,-0.0
2025-07-04 14:35:00,-13.76852,0.0,0.0,180.0,-0.0
2025-07-04 14:40:00,-11.61475,0.0,0.0,180.0,-0.0
2025-07-04 14:45:00,0.01,0.0,0.0,180.0,0.0
2025-07-04 14:50:00,-4.90671,0.0,0.0,180.0,-0.0
2025-07-04 14:55:00,0.01008,0.0,0.0,180.0,0.0
2025-07-04 15:00:00,19.63,0.0,0.0,180.0,0.0
2025-07-04 15:05:00,23.50447,0.0,0.0,180.0,0.0
2025-07-04 15:10:00,20.0,0.0,0.0,180.0,0.0
2025-07-04 15:15:00,42.50246,0.0,0.0,180.0,0.0
2025-07-04 15:20:00,8.95,0.0,0.0,180.0,0.0
2025-07-04 15:25:00,22.58965,0.0,0.0,180.0,0.0
2025-07-04 15:30:00,23.59651,0.0,0.0,180.0,0.0
2025-07-04 15:35:00,8.95022,0.0,0.0,180.0,0.0
2025-07-04 15:40:00,8.95,0.0,0.0,180.0,0.0
2025-07-04 15:45:00,23.59651,0.0,0.0,180.0,0.0
2025-07-04 15:50:00,23.71689,0.0,0.0,180.0,0.0
2025-07-04 15:55:00,57.67482,0.0,0.0,180.0,0.0
2025-07-04 16:00:00,102.38758,0.0,0.0,180.0,0.0
2025-07-04 16:05:00,82.86175,0.0,0.0,180.0,0.0
2025-07-04 16:10:00,90.41767,0.0,0.0,180.0,0.0
2025-07-04 16:15:00,106.36725,0.0,0.0,180.0,0.0
2025-07-04 16:20:00,142.72022,0.0,100.0,171.21589538842116,1189.3351666666665
2025-07-04 16:25:00,201.18321,0.0,100.0,162.43179077684232,1676.5267499999998
2025-07-04 16:30:00,223.64,0.0,100.0,153.64768616526348,1863.6666666666663
2025-07-04 16:35:00,192.6382,0.0,100.0,144.86358155368464,1605.3183333333332
2025-07-04 16:40:00,183.19777,0.0,100.0,136.0794769421058,1526.648083333333
2025-07-04 16:45:00,222.32557,0.0,100.0,127.29537233052697,1852.713083333333
2025-07-04 16:50:00,223.37,0.0,100.0,118.51126771894815,1861.4166666666665
2025-07-04 16:55:00,192.5326,0.0,100.0,109.72716310736932,1604.438333333333
2025-07-04 17:00:00,270.82,0.0,100.0,100.9430584957905,2256.833333333333
2025-07-04 17:05:00,209.11,0.0,100.0,92.15895388421167,1742.5833333333333
2025-07-04 17:10:00,209.54,0.0,100.0,83.37484927263284,1746.1666666666663
2025-07-04 17:15:00,209.11,0.0,100.0,74.59074466105402,1742.5833333333333
2025-07-04 17:20:00,205.78318,0.0,100.0,65.80664004947519,1714.859833333333
2025-07-04 17:25:00,223.36,0.0,100.0,57.02253543789636,1861.3333333333333
2025-07-04 17:30:00,213.78917,0.0,100.0,48.238430826317526,1781.5764166666665
2025-07-04 17:35:00,209.11,0.0,100.0,39.45432621473869,1742.5833333333333
2025-07-04 17:40:00,223.11646,0.0,100.0,30.67022160315986,1859.303833333333
2025-07-04 17:45:00,209.54,0.0,100.0,21.886116991581027,1746.1666666666663
2025-07-04 17:50:00,224.47568,0.0,21.471932256986417,20.0,401.66054952508006
2025-07-04 17:55:00,223.36,0.0,0.0,20.0,0.0
2025-07-04 18:00:00,223.36,0.0,0.0,20.0,0.0
2025-07-04 18:05:00,223.36,0.0,0.0,20.0,0.0
2025-07-04 18:10:00,218.83505,0.0,0.0,20.0,0.0
2025-07-04 18:15:00,209.54,0.0,0.0,20.0,0.0
2025-07-04 18:20:00,209.11,0.0,0.0,20.0,0.0
2025-07-04 18:25:00,209.54,0.0,0.0,20.0,0.0
2025-07-04 18:30:00,209.11,0.0,0.0,20.0,0.0
2025-07-04 18:35:00,209.11,0.0,0.0,20.0,0.0
2025-07-04 18:40:00,203.97666,0.0,0.0,20.0,0.0
2025-07-04 18:45:00,194.86119,0.0,0.0,20.0,0.0
2025-07-04 18:50:00,209.54,0.0,0.0,20.0,0.0
2025-07-04 18:55:00,209.54,0.0,0.0,20.0,0.0
2025-07-04 19:00:00,183.35779,0.0,0.0,20.0,0.0
2025-07-04 19:05:00,193.90756,0.0,0.0,20.0,0.0
2025-07-04 19:10:00,203.99914,0.0,0.0,20.0,0.0
2025-07-04 19:15:00,197.35651,0.0,0.0,20.0,0.0
2025-07-04 19:20:00,209.54,0.0,0.0,20.0,0.0
2025-07-04 19:25:00,209.54,0.0,0.0,20.0,0.0
2025-07-04 19:30:00,175.58115,0.0,0.0,20.0,0.0
2025-07-04 19:35:00,174.50948,0.0,0.0,20.0,0.0
2025-07-04 19:40:00,172.84675,0.0,0.0,20.0,0.0
2025-07-04 19:45:00,170.15436,0.0,0.0,20.0,0.0
2025-07-04 19:50:00,171.44369,0.0,0.0,20.0,0.0
2025-07-04 19:55:00,146.0385,0.0,0.0,20.0,0.0
2025-07-04 20:00:00,146.0131,0.0,0.0,20.0,0.0
2025-07-04 20:05:00,174.06102,0.0,0.0,20.0,0.0
2025-07-04 20:10:00,145.43737,0.0,0.0,20.0,0.0
2025-07-04 20:15:00,176.33408,0.0,0.0,20.0,0.0
2025-07-04 20:20:00,172.29317,0.0,0.0,20.0,0.0
2025-07-04 20:25:00,171.14285,0.0,0.0,20.0,0.0
2025-07-04 20:30:00,146.55396,0.0,0.0,20.0,0.0
2025-07-04 20:35:00,216.23833,0.0,0.0,20.0,0.0
2025-07-04 20:40:00,217.13761,0.0,0.0,20.0,0.0
2025-07-04 20:45:00,162.86615,0.0,0.0,20.0,0.0
2025-07-04 20:50:00,162.84649,0.0,0.0,20.0,0.0
2025-07-04 20:55:00,144.29776,0.0,0.0,20.0,0.0
2025-07-04 21:00:00,140.39845,0.0,0.0,20.0,0.0
2025-07-04 21:05:00,33.89029,0.0,0.0,20.0,0.0
2025-07-04 21:10:00,99.65592,0.0,0.0,20.0,0.0
2025-07-04 21:15:00,73.49832,0.0,0.0,20.0,0.0
2025-07-04 21:20:00,72.16242,0.0,0.0,20.0,0.0
2025-07-04 21:25:00,103.13222,0.0,0.0,20.0,0.0
2025-07-04 21:30:00,103.39199,0.0,0.0,20.0,0.0
2025-07-04 21:35:00,51.93409,0.0,0.0,20.0,0.0
2025-07-04 21:40:00,51.51449,0.0,0.0,20.0,0.0
2025-07-04 21:45:00,46.22,0.0,0.0,20.0,0.0
2025-07-04 21:50:00,46.22,0.0,0.0,20.0,0.0
2025-07-04 21:55:00,20.0,0.0,0.0,20.0,0.0
2025-07-04 22:00:00,20.0,0.0,0.0,20.0,0.0
2025-07-04 22:05:00,20.0,0.0,0.0,20.0,0.0
2025-07-04 22:10:00,20.0,0.0,0.0,20.0,0.0
2025-07-04 22:15:00,20.0,0.0,0.0,20.0,0.0
2025-07-04 22:20:00,19.18,0.0,0.0,20.0,0.0
2025-07-04 22:25:00,19.18,0.0,0.0,20.0,0.0
2025-07-04 22:30:00,19.18,0.0,0.0,20.0,0.0
2025-07-04 22:35:00,19.18,0.0,0.0,20.0,0.0
2025-07-04 22:40:00,19.18,0.0,0.0,20.0,0.0
2025-07-04 22:45:00,19.18,0.0,0.0,20.0,0.0
2025-07-04 22:50:00,10.18081,0.0,0.0,20.0,0.0
2025-07-04 22:55:00,10.99833,0.0,0.0,20.0,0.0
2025-07-04 23:00:00,8.95,100.0,0.0,27.90569415042095,-74.58333333333331
2025-07-04 23:05:00,8.95,100.0,0.0,35.8113883008419,-74.58333333333331
2025-07-04 23:10:00,8.94979,100.0,0.0,43.71708245126285,-74.58158333333333
2025-07-04 23:15:00,8.95,100.0,0.0,51.622776601683796,-74.58333333333331
2025-07-04 23:20:00,8.95,100.0,0.0,59.528470752104745,-74.58333333333331
2025-07-04 23:25:00,8.95,100.0,0.0,67.4341649025257,-74.58333333333331
2025-07-04 23:30:00,19.18,0.0,0.0,67.4341649025257,0.0
2025-07-04 23:35:00,19.18,0.0,0.0,67.4341649025257,0.0
2025-07-04 23:40:00,8.95,100.0,0.0,75.33985905294664,-74.58333333333331
2025-07-04 23:45:00,19.18,0.0,0.0,75.33985905294664,0.0
2025-07-04 23:50:00,8.95,100.0,0.0,83.24555320336758,-74.58333333333331
2025-07-04 23:55:00,8.95,100.0,0.0,91.15124735378852,-74.58333333333331
2025-07-05 00:00:00,8.95,100.0,0.0,99.05694150420946,-74.58333333333331
2025-07-05 00:05:00,19.18,0.0,0.0,99.05694150420946,0.0
2025-07-05 00:10:00,19.18,0.0,0.0,99.05694150420946,0.0
2025-07-05 00:15:00,19.18,0.0,0.0,99.05694150420946,0.0
2025-07-05 00:20:00,19.18,0.0,0.0,99.05694150420946,0.0
2025-07-05 00:25:00,8.95,100.0,0.0,106.9626356546304,-74.58333333333331
2025-07-05 00:30:00,8.95,100.0,0.0,114.86832980505135,-74.58333333333331
2025-07-05 00:35:00,8.95,100.0,0.0,122.77402395547229,-74.58333333333331
2025-07-05 00:40:00,8.95,100.0,0.0,130.67971810589324,-74.58333333333331
2025-07-05 00:45:00,8.95,100.0,0.0,138.58541225631419,-74.58333333333331
2025-07-05 00:50:00,8.95,100.0,0.0,146.49110640673513,-74.58333333333331
2025-07-05 00:55:00,8.95,100.0,0.0,154.39680055715607,-74.58333333333331
2025-07-05 01:00:00,8.95,100.0,0.0,162.302494707577,-74.58333333333331
2025-07-05 01:05:00,8.63048,100.0,0.0,170.20818885799795,-71.92066666666666
2025-07-05 01:10:00,8.95,100.0,0.0,178.1138830084189,-74.58333333333331
2025-07-05 01:15:00,8.95,23.857702507763676,0.0,180.0,-17.793869787040407
2025-07-05 01:20:00,8.95,0.0,0.0,180.0,0.0
2025-07-05 01:25:00,8.95,0.0,0.0,180.0,0.0
2025-07-05 01:30:00,8.95,0.0,0.0,180.0,0.0
2025-07-05 01:35:00,8.95,0.0,0.0,180.0,0.0
2025-07-05 01:40:00,8.95,0.0,0.0,180.0,0.0
2025-07-05 01:45:00,8.95,0.0,0.0,180.0,0.0
2025-07-05 01:50:00,8.95,0.0,0.0,180.0,0.0
2025-07-05 01:55:00,8.95,0.0,0.0,180.0,0.0
2025-07-05 02:00:00,8.95,0.0,0.0,180.0,0.0
2025-07-05 02:05:00,8.95,0.0,0.0,180.0,0.0
2025-07-05 02:10:00,8.94955,0.0,0.0,180.0,0.0
2025-07-05 02:15:00,8.95,0.0,0.0,180.0,0.0
2025-07-05 02:20:00,8.95,0.0,0.0,180.0,0.0
2025-07-05 02:25:00,8.95,0.0,0.0,180.0,0.0
2025-07-05 02:30:00,8.95,0.0,0.0,180.0,0.0
2025-07-05 02:35:00,8.95,0.0,0.0,180.0,0.0
2025-07-05 02:40:00,8.95,0.0,0.0,180.0,0.0
2025-07-05 02:45:00,8.95,0.0,0.0,180.0,0.0
2025-07-05 02:50:00,8.95,0.0,0.0,180.0,0.0
2025-07-05 02:55:00,11.41222,0.0,0.0,180.0,0.0
2025-07-05 03:00:00,19.18,0.0,0.0,180.0,0.0
2025-07-05 03:05:00,19.18,0.0,0.0,180.0,0.0
2025-07-05 03:10:00,19.18,0.0,0.0,180.0,0.0
2025-07-05 03:15:00,19.18,0.0,0.0,180.0,0.0
2025-07-05 03:20:00,19.18,0.0,0.0,180.0,0.0
2025-07-05 03:25:00,19.18,0.0,0.0,180.0,0.0
2025-07-05 03:30:00,19.18,0.0,0.0,180.0,0.0
2025-07-05 03:35:00,19.18016,0.0,0.0,180.0,0.0
2025-07-05 03:40:00,19.18,0.0,0.0,180.0,0.0
2025-07-05 03:45:00,19.18,0.0,0.0,180.0,0.0
2025-07-05 03:50:00,20.0,0.0,0.0,180.0,0.0
2025-07-05 03:55:00,19.18,0.0,0.0,180.0,0.0
2025-07-05 04:00:00,19.18,0.0,0.0,180.0,0.0
2025-07-05 04:05:00,19.18,0.0,0.0,180.0,0.0
2025-07-05 04:10:00,14.29224,0.0,0.0,180.0,0.0
2025-07-05 04:15:00,14.4716,0.0,0.0,180.0,0.0
2025-07-05 04:20:00,14.49353,0.0,0.0,180.0,0.0
2025-07-05 04:25:00,19.18,0.0,0.0,180.0,0.0
2025-07-05 04:30:00,14.47776,0.0,0.0,180.0,0.0
2025-07-05 04:35:00,8.95,0.0,0.0,180.0,0.0
2025-07-05 04:40:00,8.95,0.0,0.0,180.0,0.0
2025-07-05 04:45:00,14.6194,0.0,0.0,180.0,0.0
2025-07-05 04:50:00,18.37136,0.0,0.0,180.0,0.0
2025-07-05 04:55:00,19.18,0.0,0.0,180.0,0.0
2025-07-05 05:00:00,15.50262,0.0,0.0,180.0,0.0
2025-07-05 05:05:00,19.18,0.0,0.0,180.0,0.0
2025-07-05 05:10:00,19.18,0.0,0.0,180.0,0.0
2025-07-05 05:15:00,19.18,0.0,0.0,180.0,0.0
2025-07-05 05:20:00,19.18,0.0,0.0,180.0,0.0
2025-07-05 05:25:00,19.18,0.0,0.0,180.0,0.0
2025-07-05 05:30:00,19.18,0.0,0.0,180.0,0.0
2025-07-05 05:35:00,19.18,0.0,0.0,180.0,0.0
2025-07-05 05:40:00,19.18,0.0,0.0,180.0,0.0
2025-07-05 05:45:00,19.18,0.0,0.0,180.0,0.0
2025-07-05 05:50:00,19.18,0.0,0.0,180.0,0.0
2025-07-05 05:55:00,19.18,0.0,0.0,180.0,0.0
2025-07-05 06:00:00,19.18,0.0,0.0,180.0,0.0
2025-07-05 06:05:00,19.18,0.0,0.0,180.0,0.0
2025-07-05 06:10:00,20.0,0.0,0.0,180.0,0.0
2025-07-05 06:15:00,19.18,0.0,0.0,180.0,0.0
2025-07-05 06:20:00,23.82993,0.0,0.0,180.0,0.0
2025-07-05 06:25:00,20.0,0.0,0.0,180.0,0.0
2025-07-05 06:30:00,20.0,0.0,0.0,180.0,0.0
2025-07-05 06:35:00,20.0,0.0,0.0,180.0,0.0
2025-07-05 06:40:00,35.94,0.0,0.0,180.0,0.0
2025-07-05 06:45:00,35.94,0.0,0.0,180.0,0.0
2025-07-05 06:50:00,32.16317,0.0,0.0,180.0,0.0
2025-07-05 06:55:00,19.18,0.0,0.0,180.0,0.0
2025-07-05 07:00:00,20.0,0.0,0.0,180.0,0.0
2025-07-05 07:05:00,19.18,0.0,0.0,180.0,0.0
2025-07-05 07:10:00,20.0,0.0,0.0,180.0,0.0
2025-07-05 07:15:00,20.86499,0.0,0.0,180.0,0.0
2025-07-05 07:20:00,35.94,0.0,0.0,180.0,0.0
2025-07-05 07:25:00,35.94,0.0,0.0,180.0,0.0
2025-07-05 07:30:00,35.94,0.0,0.0,180.0,0.0
2025-07-05 07:35:00,50.08133,0.0,0.0,180.0,0.0
2025-07-05 07:40:00,63.94946,0.0,0.0,180.0,0.0
2025-07-05 07:45:00,84.50496,0.0,0.0,180.0,0.0
2025-07-05 07:50:00,73.41055,0.0,0.0,180.0,0.0
2025-07-05 07:55:00,85.05521,0.0,0.0,180.0,0.0
2025-07-05 08:00:00,100.16489,0.0,0.0,180.0,0.0
2025-07-05 08:05:00,92.46305,0.0,0.0,180.0,0.0
2025-07-05 08:10:00,86.04499,0.0,0.0,180.0,0.0
2025-07-05 08:15:00,83.64872,0.0,0.0,180.0,0.0
2025-07-05 08:20:00,73.14389,0.0,0.0,180.0,0.0
2025-07-05 08:25:00,72.18536,0.0,0.0,180.0,0.0
2025-07-05 08:30:00,20.0,0.0,0.0,180.0,0.0
2025-07-05 08:35:00,19.18,0.0,0.0,180.0,0.0
2025-07-05 08:40:00,20.0,0.0,0.0,180.0,0.0
2025-07-05 08:45:00,19.18,0.0,0.0,180.0,0.0
2025-07-05 08:50:00,0.01,0.0,0.0,180.0,0.0
2025-07-05 08:55:00,0.01,0.0,0.0,180.0,0.0
2025-07-05 09:00:00,-0.01,0.0,0.0,180.0,-0.0
2025-07-05 09:05:00,-2.71124,0.0,0.0,180.0,-0.0
2025-07-05 09:10:00,-0.01,0.0,0.0,180.0,-0.0
2025-07-05 09:15:00,0.56111,0.0,0.0,180.0,0.0
2025-07-05 09:20:00,2.84249,0.0,0.0,180.0,0.0
2025-07-05 09:25:00,7.83901,0.0,0.0,180.0,0.0
2025-07-05 09:30:00,8.95015,0.0,0.0,180.0,0.0
2025-07-05 09:35:00,0.0,0.0,0.0,180.0,0.0
2025-07-05 09:40:00,3.55198,0.0,0.0,180.0,0.0
2025-07-05 09:45:00,8.95015,0.0,0.0,180.0,0.0
2025-07-05 09:50:00,-16.49,0.0,0.0,180.0,-0.0
2025-07-05 09:55:00,-9.96,0.0,0.0,180.0,-0.0
2025-07-05 10:00:00,-19.5,0.0,0.0,180.0,-0.0
2025-07-05 10:05:00,-18.10827,0.0,0.0,180.0,-0.0
2025-07-05 10:10:00,-9.83,0.0,0.0,180.0,-0.0
2025-07-05 10:15:00,-16.49,0.0,0.0,180.0,-0.0
2025-07-05 10:20:00,-5.06,0.0,0.0,180.0,-0.0
2025-07-05 10:25:00,-16.5,0.0,0.0,180.0,-0.0
2025-07-05 10:30:00,-19.5,0.0,0.0,180.0,-0.0
2025-07-05 10:35:00,-19.5,0.0,0.0,180.0,-0.0
2025-07-05 10:40:00,-19.5,0.0,0.0,180.0,-0.0
2025-07-05 10:45:00,-16.5,0.0,0.0,180.0,-0.0
2025-07-05 10:50:00,-19.99,0.0,0.0,180.0,-0.0
2025-07-05 10:55:00,-18.99,0.0,0.0,180.0,-0.0
2025-07-05 11:00:00,-16.49,0.0,0.0,180.0,-0.0
2025-07-05 11:05:00,-18.14,0.0,0.0,180.0,-0.0
2025-07-05 11:10:00,-18.14,0.0,0.0,180.0,-0.0
2025-07-05 11:15:00,-16.49,0.0,0.0,180.0,-0.0
2025-07-05 11:20:00,-18.0,0.0,0.0,180.0,-0.0
2025-07-05 11:25:00,-18.0,0.0,0.0,180.0,-0.0
2025-07-05 11:30:00,-16.0,0.0,0.0,180.0,-0.0
2025-07-05 11:35:00,-16.49976,0.0,0.0,180.0,-0.0
2025-07-05 11:40:00,-16.14762,0.0,0.0,180.0,-0.0
2025-07-05 11:45:00,-19.5,0.0,0.0,180.0,-0.0
2025-07-05 11:50:00,-20.0,0.0,0.0,180.0,-0.0
2025-07-05 11:55:00,-20.8,0.0,0.0,180.0,-0.0
2025-07-05 12:00:00,-24.42,0.0,0.0,180.0,-0.0
2025-07-05 12:05:00,-24.42,0.0,0.0,180.0,-0.0
2025-07-05 12:10:00,-32.98961,0.0,0.0,180.0,-0.0
2025-07-05 12:15:00,-34.03883,0.0,0.0,180.0,-0.0
2025-07-05 12:20:00,-20.8,0.0,0.0,180.0,-0.0
2025-07-05 12:25:00,-24.42,0.0,0.0,180.0,-0.0
2025-07-05 12:30:00,-33.89726,0.0,0.0,180.0,-0.0
2025-07-05 12:35:00,-24.42,0.0,0.0,180.0,-0.0
2025-07-05 12:40:00,-24.42,0.0,0.0,180.0,-0.0
2025-07-05 12:45:00,-27.78101,0.0,0.0,180.0,-0.0
2025-07-05 12:50:00,-29.05083,0.0,0.0,180.0,-0.0
2025-07-05 12:55:00,-24.42,0.0,0.0,180.0,-0.0
2025-07-05 13:00:00,-24.42,0.0,0.0,180.0,-0.0
2025-07-05 13:05:00,-24.42,0.0,0.0,180.0,-0.0
2025-07-05 13:10:00,-22.36443,0.0,0.0,180.0,-0.0
2025-07-05 13:15:00,-24.42,0.0,0.0,180.0,-0.0
2025-07-05 13:20:00,-27.95925,0.0,0.0,180.0,-0.0
2025-07-05 13:25:00,-24.42,0.0,0.0,180.0,-0.0
2025-07-05 13:30:00,-27.92004,0.0,0.0,180.0,-0.0
2025-07-05 13:35:00,-27.87151,0.0,0.0,180.0,-0.0
2025-07-05 13:40:00,-24.42,0.0,0.0,180.0,-0.0
2025-07-05 13:45:00,-27.77292,0.0,0.0,180.0,-0.0
2025-07-05 13:50:00,-22.99165,0.0,0.0,180.0,-0.0
2025-07-05 13:55:00,-20.8,0.0,0.0,180.0,-0.0
2025-07-05 14:00:00,-20.0,0.0,0.0,180.0,-0.0
2025-07-05 14:05:00,-20.0,0.0,0.0,180.0,-0.0
2025-07-05 14:10:00,-18.0,0.0,0.0,180.0,-0.0
2025-07-05 14:15:00,-15.03,0.0,0.0,180.0,-0.0
2025-07-05 14:20:00,-16.0,0.0,0.0,180.0,-0.0
2025-07-05 14:25:00,-18.0,0.0,0.0,180.0,-0.0
2025-07-05 14:30:00,-9.96,0.0,0.0,180.0,-0.0
2025-07-05 14:35:00,-19.5,0.0,0.0,180.0,-0.0
2025-07-05 14:40:00,-15.03,0.0,0.0,180.0,-0.0
2025-07-05 14:45:00,-20.0,0.0,0.0,180.0,-0.0
2025-07-05 14:50:00,-16.5,0.0,0.0,180.0,-0.0
2025-07-05 14:55:00,-15.03,0.0,0.0,180.0,-0.0
2025-07-05 15:00:00,-18.0,0.0,0.0,180.0,-0.0
2025-07-05 15:05:00,-15.03,0.0,0.0,180.0,-0.0
2025-07-05 15:10:00,-16.49952,0.0,0.0,180.0,-0.0
2025-07-05 15:15:00,-16.0,0.0,0.0,180.0,-0.0
2025-07-05 15:20:00,-16.49,0.0,0.0,180.0,-0.0
2025-07-05 15:25:00,-16.49976,0.0,0.0,180.0,-0.0
2025-07-05 15:30:00,-9.96,0.0,0.0,180.0,-0.0
2025-07-05 15:35:00,-9.96,0.0,0.0,180.0,-0.0
2025-07-05 15:40:00,0.0,0.0,0.0,180.0,0.0
2025-07-05 15:45:00,4.23765,0.0,0.0,180.0,0.0
2025-07-05 15:50:00,7.34997,0.0,0.0,180.0,0.0
2025-07-05 15:55:00,16.41864,0.0,0.0,180.0,0.0
2025-07-05 16:00:00,47.00529,0.0,0.0,180.0,0.0
2025-07-05 16:05:00,33.12321,0.0,0.0,180.0,0.0
2025-07-05 16:10:00,98.51857,0.0,0.0,180.0,0.0
2025-07-05 16:15:00,160.77988,0.0,100.0,171.21589538842116,1339.832333333333
2025-07-05 16:20:00,73.68879,0.0,0.0,171.21589538842116,0.0
2025-07-05 16:25:00,76.76,0.0,0.0,171.21589538842116,0.0
2025-07-05 16:30:00,76.56005,0.0,0.0,171.21589538842116,0.0
2025-07-05 16:35:00,98.04288,0.0,0.0,171.21589538842116,0.0
2025-07-05 16:40:00,75.8,0.0,0.0,171.21589538842116,0.0
2025-07-05 16:45:00,67.96764,0.0,0.0,171.21589538842116,0.0
2025-07-05 16:50:00,20.0,0.0,0.0,171.21589538842116,0.0
2025-07-05 16:55:00,20.0,0.0,0.0,171.21589538842116,0.0
2025-07-05 17:00:00,68.52532,0.0,0.0,171.21589538842116,0.0
2025-07-05 17:05:00,73.56,0.0,0.0,171.21589538842116,0.0
2025-07-05 17:10:00,73.56,0.0,0.0,171.21589538842116,0.0
2025-07-05 17:15:00,73.56,0.0,0.0,171.21589538842116,0.0
2025-07-05 17:20:00,114.04745,0.0,0.0,171.21589538842116,0.0
2025-07-05 17:25:00,118.54,0.0,0.0,171.21589538842116,0.0
2025-07-05 17:30:00,117.42,0.0,0.0,171.21589538842116,0.0
2025-07-05 17:35:00,117.42,0.0,0.0,171.21589538842116,0.0
2025-07-05 17:40:00,118.93347,0.0,0.0,171.21589538842116,0.0
2025-07-05 17:45:00,118.29805,0.0,0.0,171.21589538842116,0.0
2025-07-05 17:50:00,107.28542,0.0,0.0,171.21589538842116,0.0
2025-07-05 17:55:00,73.56,0.0,0.0,171.21589538842116,0.0
2025-07-05 18:00:00,114.19769,0.0,0.0,171.21589538842116,0.0
2025-07-05 18:05:00,118.54,0.0,0.0,171.21589538842116,0.0
2025-07-05 18:10:00,99.91205,0.0,0.0,171.21589538842116,0.0
2025-07-05 18:15:00,99.4272,0.0,0.0,171.21589538842116,0.0
2025-07-05 18:20:00,102.22108,0.0,0.0,171.21589538842116,0.0
2025-07-05 18:25:00,101.01106,0.0,0.0,171.21589538842116,0.0
2025-07-05 18:30:00,91.70059,0.0,0.0,171.21589538842116,0.0
2025-07-05 18:35:00,99.6598,0.0,0.0,171.21589538842116,0.0
2025-07-05 18:40:00,73.56,0.0,0.0,171.21589538842116,0.0
2025-07-05 18:45:00,98.06212,0.0,0.0,171.21589538842116,0.0
2025-07-05 18:50:00,73.56,0.0,0.0,171.21589538842116,0.0
2025-07-05 18:55:00,85.70154,0.0,0.0,171.21589538842116,0.0
2025-07-05 19:00:00,59.44724,0.0,0.0,171.21589538842116,0.0
2025-07-05 19:05:00,56.62132,0.0,0.0,171.21589538842116,0.0
2025-07-05 19:10:00,63.75529,0.0,0.0,171.21589538842116,0.0
2025-07-05 19:15:00,20.0,0.0,0.0,171.21589538842116,0.0
2025-07-05 19:20:00,19.18,0.0,0.0,171.21589538842116,0.0
2025-07-05 19:25:00,19.18,0.0,0.0,171.21589538842116,0.0
2025-07-05 19:30:00,19.18,0.0,0.0,171.21589538842116,0.0
2025-07-05 19:35:00,19.18,0.0,0.0,171.21589538842116,0.0
2025-07-05 19:40:00,19.18,0.0,0.0,171.21589538842116,0.0
2025-07-05 19:45:00,19.18,0.0,0.0,171.21589538842116,0.0
2025-07-05 19:50:00,19.18,0.0,0.0,171.21589538842116,0.0
2025-07-05 19:55:00,19.18,0.0,0.0,171.21589538842116,0.0
2025-07-05 20:00:00,19.18,0.0,0.0,171.21589538842116,0.0
2025-07-05 20:05:00,20.76,0.0,0.0,171.21589538842116,0.0
2025-07-05 20:10:00,20.31993,0.0,0.0,171.21589538842116,0.0
2025-07-05 20:15:00,20.0,0.0,0.0,171.21589538842116,0.0
2025-07-05 20:20:00,21.14007,0.0,0.0,171.21589538842116,0.0
2025-07-05 20:25:00,20.0,0.0,0.0,171.21589538842116,0.0
2025-07-05 20:30:00,22.01,0.0,0.0,171.21589538842116,0.0
2025-07-05 20:35:00,20.0,0.0,0.0,171.21589538842116,0.0
2025-07-05 20:40:00,20.94,0.0,0.0,171.21589538842116,0.0
2025-07-05 20:45:00,20.0,0.0,0.0,171.21589538842116,0.0
2025-07-05 20:50:00,20.0,0.0,0.0,171.21589538842116,0.0
2025-07-05 20:55:00,20.0,0.0,0.0,171.21589538842116,0.0
2025-07-05 21:00:00,19.18,0.0,0.0,171.21589538842116,0.0
2025-07-05 21:05:00,19.18,0.0,0.0,171.21589538842116,0.0
2025-07-05 21:10:00,19.18,0.0,0.0,171.21589538842116,0.0
2025-07-05 21:15:00,20.0,0.0,0.0,171.21589538842116,0.0
2025-07-05 21:20:00,20.76,0.0,0.0,171.21589538842116,0.0
2025-07-05 21:25:00,20.15,0.0,0.0,171.21589538842116,0.0
2025-07-05 21:30:00,28.45,0.0,0.0,171.21589538842116,0.0
2025-07-05 21:35:00,20.0,0.0,0.0,171.21589538842116,0.0
2025-07-05 21:40:00,72.67644,0.0,0.0,171.21589538842116,0.0
2025-07-05 21:45:00,20.0,0.0,0.0,171.21589538842116,0.0
2025-07-05 21:50:00,22.0,0.0,0.0,171.21589538842116,0.0
2025-07-05 21:55:00,20.0,0.0,0.0,171.21589538842116,0.0
2025-07-05 22:00:00,19.18,0.0,0.0,171.21589538842116,0.0
2025-07-05 22:05:00,12.6258,0.0,0.0,171.21589538842116,0.0
2025-07-05 22:10:00,19.18,0.0,0.0,171.21589538842116,0.0
2025-07-05 22:15:00,19.18,0.0,0.0,171.21589538842116,0.0
2025-07-05 22:20:00,8.95,100.0,0.0,179.1215895388421,-74.58333333333331
2025-07-05 22:25:00,19.18,0.0,0.0,179.1215895388421,0.0
2025-07-05 22:30:00,19.18,0.0,0.0,179.1215895388421,0.0
2025-07-05 22:35:00,19.18,0.0,0.0,179.1215895388421,0.0
2025-07-05 22:40:00,19.18,0.0,0.0,179.1215895388421,0.0
2025-07-05 22:45:00,20.53,0.0,0.0,179.1215895388421,0.0
2025-07-05 22:50:00,20.0,0.0,0.0,179.1215895388421,0.0
2025-07-05 22:55:00,19.18,0.0,0.0,179.1215895388421,0.0
2025-07-05 23:00:00,20.1,0.0,0.0,179.1215895388421,0.0
2025-07-05 23:05:00,100.94596,0.0,0.0,179.1215895388421,0.0
2025-07-05 23:10:00,93.77958,0.0,0.0,179.1215895388421,0.0
2025-07-05 23:15:00,83.6602,0.0,0.0,179.1215895388421,0.0
2025-07-05 23:20:00,20.0,0.0,0.0,179.1215895388421,0.0
2025-07-05 23:25:00,83.6598,0.0,0.0,179.1215895388421,0.0
2025-07-05 23:30:00,20.0,0.0,0.0,179.1215895388421,0.0
2025-07-05 23:35:00,71.75522,0.0,0.0,179.1215895388421,0.0
2025-07-05 23:40:00,20.0,0.0,0.0,179.1215895388421,0.0
2025-07-05 23:45:00,20.0,0.0,0.0,179.1215895388421,0.0
2025-07-05 23:50:00,19.18,0.0,0.0,179.1215895388421,0.0
2025-07-05 23:55:00,19.18,0.0,0.0,179.1215895388421,0.0
2025-07-06 00:00:00,19.18,0.0,0.0,179.1215895388421,0.0
2025-07-06 00:05:00,19.18,0.0,0.0,179.1215895388421,0.0
2025-07-06 00:10:00,19.18,0.0,0.0,179.1215895388421,0.0
2025-07-06 00:15:00,19.18,0.0,0.0,179.1215895388421,0.0
2025-07-06 00:20:00,19.18005,0.0,0.0,179.1215895388421,0.0
2025-07-06 00:25:00,20.0,0.0,0.0,179.1215895388421,0.0
2025-07-06 00:30:00,20.0,0.0,0.0,179.1215895388421,0.0
2025-07-06 00:35:00,35.94,0.0,0.0,179.1215895388421,0.0
2025-07-06 00:40:00,35.94,0.0,0.0,179.1215895388421,0.0
2025-07-06 00:45:00,65.51459,0.0,0.0,179.1215895388421,0.0
2025-07-06 00:50:00,35.94,0.0,0.0,179.1215895388421,0.0
2025-07-06 00:55:00,43.99725,0.0,0.0,179.1215895388421,0.0
2025-07-06 01:00:00,44.61496,0.0,0.0,179.1215895388421,0.0
2025-07-06 01:05:00,51.71124,0.0,0.0,179.1215895388421,0.0
2025-07-06 01:10:00,56.20929,0.0,0.0,179.1215895388421,0.0
2025-07-06 01:15:00,49.95915,0.0,0.0,179.1215895388421,0.0
2025-07-06 01:20:00,49.28849,0.0,0.0,179.1215895388421,0.0
2025-07-06 01:25:00,48.86476,0.0,0.0,179.1215895388421,0.0
2025-07-06 01:30:00,49.22057,0.0,0.0,179.1215895388421,0.0
2025-07-06 01:35:00,46.33,0.0,0.0,179.1215895388421,0.0
2025-07-06 01:40:00,49.61221,0.0,0.0,179.1215895388421,0.0
2025-07-06 01:45:00,44.50931,0.0,0.0,179.1215895388421,0.0
2025-07-06 01:50:00,35.94,0.0,0.0,179.1215895388421,0.0
2025-07-06 01:55:00,35.94,0.0,0.0,179.1215895388421,0.0
2025-07-06 02:00:00,20.0,0.0,0.0,179.1215895388421,0.0
2025-07-06 02:05:00,33.51911,0.0,0.0,179.1215895388421,0.0
2025-07-06 02:10:00,39.68655,0.0,0.0,179.1215895388421,0.0
2025-07-06 02:15:00,35.94,0.0,0.0,179.1215895388421,0.0
2025-07-06 02:20:00,35.94,0.0,0.0,179.1215895388421,0.0
2025-07-06 02:25:00,35.94,0.0,0.0,179.1215895388421,0.0
2025-07-06 02:30:00,35.94,0.0,0.0,179.1215895388421,0.0
2025-07-06 02:35:00,20.0,0.0,0.0,179.1215895388421,0.0
2025-07-06 02:40:00,20.0,0.0,0.0,179.1215895388421,0.0
2025-07-06 02:45:00,35.94,0.0,0.0,179.1215895388421,0.0
2025-07-06 02:50:00,27.63069,0.0,0.0,179.1215895388421,0.0
2025-07-06 02:55:00,19.18,0.0,0.0,179.1215895388421,0.0
2025-07-06 03:00:00,19.18,0.0,0.0,179.1215895388421,0.0
2025-07-06 03:05:00,19.18,0.0,0.0,179.1215895388421,0.0
2025-07-06 03:10:00,19.18,0.0,0.0,179.1215895388421,0.0
2025-07-06 03:15:00,35.94,0.0,0.0,179.1215895388421,0.0
2025-07-06 03:20:00,35.94,0.0,0.0,179.1215895388421,0.0
2025-07-06 03:25:00,20.0,0.0,0.0,179.1215895388421,0.0
2025-07-06 03:30:00,35.94,0.0,0.0,179.1215895388421,0.0
2025-07-06 03:35:00,35.94,0.0,0.0,179.1215895388421,0.0
2025-07-06 03:40:00,35.94,0.0,0.0,179.1215895388421,0.0
2025-07-06 03:45:00,35.94,0.0,0.0,179.1215895388421,0.0
2025-07-06 03:50:00,35.94,0.0,0.0,179.1215895388421,0.0
2025-07-06 03:55:00,20.0,0.0,0.0,179.1215895388421,0.0
2025-07-06 04:00:00,20.0,0.0,0.0,179.1215895388421,0.0
2025-07-06 04:05:00,20.0,0.0,0.0,179.1215895388421,0.0
2025-07-06 04:10:00,20.0,0.0,0.0,179.1215895388421,0.0
2025-07-06 04:15:00,20.0,0.0,0.0,179.1215895388421,0.0
2025-07-06 04:20:00,20.0,0.0,0.0,179.1215895388421,0.0
2025-07-06 04:25:00,19.18,0.0,0.0,179.1215895388421,0.0
2025-07-06 04:30:00,20.0,0.0,0.0,179.1215895388421,0.0
2025-07-06 04:35:00,20.0,0.0,0.0,179.1215895388421,0.0
2025-07-06 04:40:00,33.8899,0.0,0.0,179.1215895388421,0.0
2025-07-06 04:45:00,35.94,0.0,0.0,179.1215895388421,0.0
2025-07-06 04:50:00,33.8899,0.0,0.0,179.1215895388421,0.0
2025-07-06 04:55:00,36.71376,0.0,0.0,179.1215895388421,0.0
2025-07-06 05:00:00,35.94,0.0,0.0,179.1215895388421,0.0
2025-07-06 05:05:00,35.94,0.0,0.0,179.1215895388421,0.0
2025-07-06 05:10:00,65.20306,0.0,0.0,179.1215895388421,0.0
2025-07-06 05:15:00,65.63849,0.0,0.0,179.1215895388421,0.0
2025-07-06 05:20:00,35.94,0.0,0.0,179.1215895388421,0.0
2025-07-06 05:25:00,35.94,0.0,0.0,179.1215895388421,0.0
2025-07-06 05:30:00,35.94,0.0,0.0,179.1215895388421,0.0
2025-07-06 05:35:00,35.94,0.0,0.0,179.1215895388421,0.0
2025-07-06 05:40:00,65.17933,0.0,0.0,179.1215895388421,0.0
2025-07-06 05:45:00,70.5723,0.0,0.0,179.1215895388421,0.0
2025-07-06 05:50:00,65.70686,0.0,0.0,179.1215895388421,0.0
2025-07-06 05:55:00,69.51277,0.0,0.0,179.1215895388421,0.0
2025-07-06 06:00:00,71.20816,0.0,0.0,179.1215895388421,0.0
2025-07-06 06:05:00,51.62107,0.0,0.0,179.1215895388421,0.0
2025-07-06 06:10:00,67.07659,0.0,0.0,179.1215895388421,0.0
2025-07-06 06:15:00,72.58505,0.0,0.0,179.1215895388421,0.0
2025-07-06 06:20:00,67.70244,0.0,0.0,179.1215895388421,0.0
2025-07-06 06:25:00,67.54797,0.0,0.0,179.1215895388421,0.0
2025-07-06 06:30:00,74.23134,0.0,0.0,179.1215895388421,0.0
2025-07-06 06:35:00,76.91923,0.0,0.0,179.1215895388421,0.0
2025-07-06 06:40:00,72.52659,0.0,0.0,179.1215895388421,0.0
2025-07-06 06:45:00,73.56,0.0,0.0,179.1215895388421,0.0
2025-07-06 06:50:00,73.56,0.0,0.0,179.1215895388421,0.0
2025-07-06 06:55:00,75.00944,0.0,0.0,179.1215895388421,0.0
2025-07-06 07:00:00,73.56,0.0,0.0,179.1215895388421,0.0
2025-07-06 07:05:00,68.45485,0.0,0.0,179.1215895388421,0.0
2025-07-06 07:10:00,72.41,0.0,0.0,179.1215895388421,0.0
2025-07-06 07:15:00,73.56,0.0,0.0,179.1215895388421,0.0
2025-07-06 07:20:00,73.56,0.0,0.0,179.1215895388421,0.0
2025-07-06 07:25:00,76.15316,0.0,0.0,179.1215895388421,0.0
2025-07-06 07:30:00,104.62939,0.0,0.0,179.1215895388421,0.0
2025-07-06 07:35:00,79.74305,0.0,0.0,179.1215895388421,0.0
2025-07-06 07:40:00,94.28838,0.0,0.0,179.1215895388421,0.0
2025-07-06 07:45:00,91.11438,0.0,0.0,179.1215895388421,0.0
2025-07-06 07:50:00,91.63342,0.0,0.0,179.1215895388421,0.0
2025-07-06 07:55:00,88.51625,0.0,0.0,179.1215895388421,0.0
2025-07-06 08:00:00,94.18625,0.0,0.0,179.1215895388421,0.0
2025-07-06 08:05:00,95.75492,0.0,0.0,179.1215895388421,0.0
2025-07-06 08:10:00,80.15727,0.0,0.0,179.1215895388421,0.0
2025-07-06 08:15:00,73.56,0.0,0.0,179.1215895388421,0.0
2025-07-06 08:20:00,75.82817,0.0,0.0,179.1215895388421,0.0
2025-07-06 08:25:00,63.30379,0.0,0.0,179.1215895388421,0.0
2025-07-06 08:30:00,62.89169,0.0,0.0,179.1215895388421,0.0
2025-07-06 08:35:00,62.89687,0.0,0.0,179.1215895388421,0.0
2025-07-06 08:40:00,57.2745,0.0,0.0,179.1215895388421,0.0
2025-07-06 08:45:00,57.60134,0.0,0.0,179.1215895388421,0.0
2025-07-06 08:50:00,37.22948,0.0,0.0,179.1215895388421,0.0
2025-07-06 08:55:00,37.52582,0.0,0.0,179.1215895388421,0.0
2025-07-06 09:00:00,37.26285,0.0,0.0,179.1215895388421,0.0
2025-07-06 09:05:00,36.62595,0.0,0.0,179.1215895388421,0.0
2025-07-06 09:10:00,46.33,0.0,0.0,179.1215895388421,0.0
2025-07-06 09:15:00,44.17628,0.0,0.0,179.1215895388421,0.0
2025-07-06 09:20:00,8.95,11.111111111111304,0.0,180.0,-8.28703703703718
2025-07-06 09:25:00,40.86097,0.0,0.0,180.0,0.0
2025-07-06 09:30:00,20.0,0.0,0.0,180.0,0.0
2025-07-06 09:35:00,19.6301,0.0,0.0,180.0,0.0
2025-07-06 09:40:00,20.0,0.0,0.0,180.0,0.0
2025-07-06 09:45:00,48.97121,0.0,0.0,180.0,0.0
2025-07-06 09:50:00,35.7486,0.0,0.0,180.0,0.0
2025-07-06 09:55:00,20.0,0.0,0.0,180.0,0.0
2025-07-06 10:00:00,23.74722,0.0,0.0,180.0,0.0
2025-07-06 10:05:00,34.83051,0.0,0.0,180.0,0.0
2025-07-06 10:10:00,41.13591,0.0,0.0,180.0,0.0
2025-07-06 10:15:00,20.0,0.0,0.0,180.0,0.0
2025-07-06 10:20:00,41.0302,0.0,0.0,180.0,0.0
2025-07-06 10:25:00,20.0,0.0,0.0,180.0,0.0
2025-07-06 10:30:00,20.0,0.0,0.0,180.0,0.0
2025-07-06 10:35:00,31.13445,0.0,0.0,180.0,0.0
2025-07-06 10:40:00,56.07943,0.0,0.0,180.0,0.0
2025-07-06 10:45:00,27.3115,0.0,0.0,180.0,0.0
2025-07-06 10:50:00,16.76997,0.0,0.0,180.0,0.0
2025-07-06 10:55:00,20.0,0.0,0.0,180.0,0.0
2025-07-06 11:00:00,37.3622,0.0,0.0,180.0,0.0
2025-07-06 11:05:00,20.0001,0.0,0.0,180.0,0.0
2025-07-06 11:10:00,40.20171,0.0,0.0,180.0,0.0
2025-07-06 11:15:00,46.33,0.0,0.0,180.0,0.0
2025-07-06 11:20:00,17.52419,0.0,0.0,180.0,0.0
2025-07-06 11:25:00,27.43679,0.0,0.0,180.0,0.0
2025-07-06 11:30:00,36.92875,0.0,0.0,180.0,0.0
2025-07-06 11:35:00,34.56697,0.0,0.0,180.0,0.0
2025-07-06 11:40:00,34.83211,0.0,0.0,180.0,0.0
2025-07-06 11:45:00,49.82358,0.0,0.0,180.0,0.0
2025-07-06 11:50:00,48.71296,0.0,0.0,180.0,0.0
2025-07-06 11:55:00,46.22,0.0,0.0,180.0,0.0
2025-07-06 12:00:00,46.22,0.0,0.0,180.0,0.0
2025-07-06 12:05:00,38.8667,0.0,0.0,180.0,0.0
2025-07-06 12:10:00,46.33,0.0,0.0,180.0,0.0
2025-07-06 12:15:00,37.89324,0.0,0.0,180.0,0.0
2025-07-06 12:20:00,39.65497,0.0,0.0,180.0,0.0
2025-07-06 12:25:00,54.33125,0.0,0.0,180.0,0.0
2025-07-06 12:30:00,49.39479,0.0,0.0,180.0,0.0
2025-07-06 12:35:00,46.22,0.0,0.0,180.0,0.0
2025-07-06 12:40:00,71.85272,0.0,0.0,180.0,0.0
2025-07-06 12:45:00,76.92684,0.0,0.0,180.0,0.0
2025-07-06 12:50:00,46.22,0.0,0.0,180.0,0.0
2025-07-06 12:55:00,46.22,0.0,0.0,180.0,0.0
2025-07-06 13:00:00,56.06165,0.0,0.0,180.0,0.0
2025-07-06 13:05:00,56.3125,0.0,0.0,180.0,0.0
2025-07-06 13:10:00,61.25135,0.0,0.0,180.0,0.0
2025-07-06 13:15:00,58.57146,0.0,0.0,180.0,0.0
2025-07-06 13:20:00,54.66242,0.0,0.0,180.0,0.0
2025-07-06 13:25:00,47.67044,0.0,0.0,180.0,0.0
2025-07-06 13:30:00,60.87998,0.0,0.0,180.0,0.0
2025-07-06 13:35:00,20.0,0.0,0.0,180.0,0.0
2025-07-06 13:40:00,52.38364,0.0,0.0,180.0,0.0
2025-07-06 13:45:00,38.43762,0.0,0.0,180.0,0.0
2025-07-06 13:50:00,37.8306,0.0,0.0,180.0,0.0
2025-07-06 13:55:00,49.46742,0.0,0.0,180.0,0.0
2025-07-06 14:00:00,65.08517,0.0,0.0,180.0,0.0
2025-07-06 14:05:00,70.37527,0.0,0.0,180.0,0.0
2025-07-06 14:10:00,50.12777,0.0,0.0,180.0,0.0
2025-07-06 14:15:00,59.47211,0.0,0.0,180.0,0.0
2025-07-06 14:20:00,58.16159,0.0,0.0,180.0,0.0
2025-07-06 14:25:00,79.53753,0.0,0.0,180.0,0.0
2025-07-06 14:30:00,76.38284,0.0,0.0,180.0,0.0
2025-07-06 14:35:00,63.92203,0.0,0.0,180.0,0.0
2025-07-06 14:40:00,79.94962,0.0,0.0,180.0,0.0
2025-07-06 14:45:00,20.0,0.0,0.0,180.0,0.0
2025-07-06 14:50:00,50.68022,0.0,0.0,180.0,0.0
2025-07-06 14:55:00,61.72376,0.0,0.0,180.0,0.0
2025-07-06 15:00:00,61.77912,0.0,0.0,180.0,0.0
2025-07-06 15:05:00,59.74232,0.0,0.0,180.0,0.0
2025-07-06 15:10:00,59.01988,0.0,0.0,180.0,0.0
2025-07-06 15:15:00,33.58731,0.0,0.0,180.0,0.0
2025-07-06 15:20:00,56.92974,0.0,0.0,180.0,0.0
2025-07-06 15:25:00,63.49019,0.0,0.0,180.0,0.0
2025-07-06 15:30:00,68.60047,0.0,0.0,180.0,0.0
2025-07-06 15:35:00,80.366,0.0,0.0,180.0,0.0
2025-07-06 15:40:00,79.94962,0.0,0.0,180.0,0.0
2025-07-06 15:45:00,97.15182,0.0,0.0,180.0,0.0
2025-07-06 15:50:00,159.88704,0.0,100.0,171.21589538842116,1332.3919999999998
2025-07-06 15:55:00,146.24393,0.0,100.0,162.43179077684232,1218.6994166666666
2025-07-06 16:00:00,124.56564,0.0,0.0,162.43179077684232,0.0
2025-07-06 16:05:00,127.37556,0.0,0.0,162.43179077684232,0.0
2025-07-06 16:10:00,164.33893,0.0,100.0,153.64768616526348,1369.491083333333
2025-07-06 16:15:00,160.00009,0.0,100.0,144.86358155368464,1333.3340833333332
2025-07-06 16:20:00,144.32088,0.0,100.0,136.0794769421058,1202.6739999999998
2025-07-06 16:25:00,154.24477,0.0,100.0,127.29537233052697,1285.373083333333
2025-07-06 16:30:00,151.88853,0.0,100.0,118.51126771894815,1265.7377499999998
2025-07-06 16:35:00,155.99155,0.0,100.0,109.72716310736932,1299.929583333333
2025-07-06 16:40:00,155.59876,0.0,100.0,100.9430584957905,1296.6563333333331
2025-07-06 16:45:00,158.97684,0.0,100.0,92.15895388421167,1324.8069999999998
2025-07-06 16:50:00,181.28352,0.0,100.0,83.37484927263284,1510.696
2025-07-06 16:55:00,209.11,0.0,100.0,74.59074466105402,1742.5833333333333
2025-07-06 17:00:00,209.54,0.0,100.0,65.80664004947519,1746.1666666666663
2025-07-06 17:05:00,196.16299,0.0,100.0,57.02253543789636,1634.6915833333333
2025-07-06 17:10:00,177.8768,0.0,100.0,48.238430826317526,1482.3066666666664
2025-07-06 17:15:00,191.78984,0.0,100.0,39.45432621473869,1598.2486666666664
2025-07-06 17:20:00,178.37051,0.0,100.0,30.67022160315986,1486.4209166666665
2025-07-06 17:25:00,209.11,0.0,100.0,21.886116991581027,1742.5833333333333
2025-07-06 17:30:00,209.11,0.0,21.471932256986417,20.0,374.16631285486915
2025-07-06 17:35:00,196.3001,0.0,0.0,20.0,0.0
2025-07-06 17:40:00,222.44575,0.0,0.0,20.0,0.0
2025-07-06 17:45:00,209.54,0.0,0.0,20.0,0.0
2025-07-06 17:50:00,209.54,0.0,0.0,20.0,0.0
2025-07-06 17:55:00,223.38,0.0,0.0,20.0,0.0
2025-07-06 18:00:00,209.54,0.0,0.0,20.0,0.0
2025-07-06 18:05:00,209.54,0.0,0.0,20.0,0.0
2025-07-06 18:10:00,227.69307,0.0,0.0,20.0,0.0
2025-07-06 18:15:00,231.68833,0.0,0.0,20.0,0.0
2025-07-06 18:20:00,209.54,0.0,0.0,20.0,0.0
2025-07-06 18:25:00,232.27212,0.0,0.0,20.0,0.0
2025-07-06 18:30:00,250.50095,0.0,0.0,20.0,0.0
2025-07-06 18:35:00,235.52,0.0,0.0,20.0,0.0
2025-07-06 18:40:00,209.54,0.0,0.0,20.0,0.0
2025-07-06 18:45:00,209.11,0.0,0.0,20.0,0.0
2025-07-06 18:50:00,200.02,0.0,0.0,20.0,0.0
2025-07-06 18:55:00,209.54,0.0,0.0,20.0,0.0
2025-07-06 19:00:00,209.54,0.0,0.0,20.0,0.0
2025-07-06 19:05:00,179.93863,0.0,0.0,20.0,0.0
2025-07-06 19:10:00,202.4444,0.0,0.0,20.0,0.0
2025-07-06 19:15:00,171.71209,0.0,0.0,20.0,0.0
2025-07-06 19:20:00,200.02,0.0,0.0,20.0,0.0
2025-07-06 19:25:00,200.02,0.0,0.0,20.0,0.0
2025-07-06 19:30:00,200.02,0.0,0.0,20.0,0.0
2025-07-06 19:35:00,209.54,0.0,0.0,20.0,0.0
2025-07-06 19:40:00,200.02,0.0,0.0,20.0,0.0
2025-07-06 19:45:00,252.5765,0.0,0.0,20.0,0.0
2025-07-06 19:50:00,202.48499,0.0,0.0,20.0,0.0
2025-07-06 19:55:00,250.50095,0.0,0.0,20.0,0.0
2025-07-06 20:00:00,200.02,0.0,0.0,20.0,0.0
2025-07-06 20:05:00,200.02,0.0,0.0,20.0,0.0
2025-07-06 20:10:00,166.46046,0.0,0.0,20.0,0.0
2025-07-06 20:15:00,160.0,0.0,0.0,20.0,0.0
2025-07-06 20:20:00,160.0,0.0,0.0,20.0,0.0
2025-07-06 20:25:00,164.25276,0.0,0.0,20.0,0.0
2025-07-06 20:30:00,137.96,0.0,0.0,20.0,0.0
2025-07-06 20:35:00,200.02,0.0,0.0,20.0,0.0
2025-07-06 20:40:00,196.84172,0.0,0.0,20.0,0.0
2025-07-06 20:45:00,166.41733,0.0,0.0,20.0,0.0
2025-07-06 20:50:00,175.88133,0.0,0.0,20.0,0.0
2025-07-06 20:55:00,161.71155,0.0,0.0,20.0,0.0
2025-07-06 21:00:00,160.3585,0.0,0.0,20.0,0.0
2025-07-06 21:05:00,160.0,0.0,0.0,20.0,0.0
2025-07-06 21:10:00,157.24335,0.0,0.0,20.0,0.0
2025-07-06 21:15:00,160.0,0.0,0.0,20.0,0.0
2025-07-06 21:20:00,250.50095,0.0,0.0,20.0,0.0
2025-07-06 21:25:00,227.97,0.0,0.0,20.0,0.0
2025-07-06 21:30:00,132.72,0.0,0.0,20.0,0.0
2025-07-06 21:35:00,132.72,0.0,0.0,20.0,0.0
2025-07-06 21:40:00,270.82,0.0,0.0,20.0,0.0
2025-07-06 21:45:00,200.17,0.0,0.0,20.0,0.0
2025-07-06 21:50:00,132.72,0.0,0.0,20.0,0.0
2025-07-06 21:55:00,159.4988,0.0,0.0,20.0,0.0
2025-07-06 22:00:00,166.42706,0.0,0.0,20.0,0.0
2025-07-06 22:05:00,158.8274,0.0,0.0,20.0,0.0
2025-07-06 22:10:00,130.50104,0.0,0.0,20.0,0.0
2025-07-06 22:15:00,160.67558,0.0,0.0,20.0,0.0
2025-07-06 22:20:00,141.58187,0.0,0.0,20.0,0.0
2025-07-06 22:25:00,141.80577,0.0,0.0,20.0,0.0
2025-07-06 22:30:00,127.22502,0.0,0.0,20.0,0.0
2025-07-06 22:35:00,128.80664,0.0,0.0,20.0,0.0
2025-07-06 22:40:00,140.36677,0.0,0.0,20.0,0.0
2025-07-06 22:45:00,122.02,0.0,0.0,20.0,0.0
2025-07-06 22:50:00,126.07365,0.0,0.0,20.0,0.0
2025-07-06 22:55:00,122.02,0.0,0.0,20.0,0.0
2025-07-06 23:00:00,122.02,0.0,0.0,20.0,0.0
2025-07-06 23:05:00,124.41109,0.0,0.0,20.0,0.0
2025-07-06 23:10:00,127.6178,0.0,0.0,20.0,0.0
2025-07-06 23:15:00,122.02,0.0,0.0,20.0,0.0
2025-07-06 23:20:00,134.40308,0.0,0.0,20.0,0.0
2025-07-06 23:25:00,135.42263,0.0,0.0,20.0,0.0
2025-07-06 23:30:00,122.02,0.0,0.0,20.0,0.0
2025-07-06 23:35:00,227.97,0.0,0.0,20.0,0.0
2025-07-06 23:40:00,137.55331,0.0,0.0,20.0,0.0
2025-07-06 23:45:00,129.93314,0.0,0.0,20.0,0.0
2025-07-06 23:50:00,131.47757,0.0,0.0,20.0,0.0
2025-07-06 23:55:00,140.48784,0.0,0.0,20.0,0.0
2025-07-07 00:00:00,144.6249,0.0,0.0,20.0,0.0
2025-07-07 00:05:00,129.8674,0.0,0.0,20.0,0.0
2025-07-07 00:10:00,129.07169,0.0,0.0,20.0,0.0
2025-07-07 00:15:00,129.07416,0.0,0.0,20.0,0.0
2025-07-07 00:20:00,129.81505,0.0,0.0,20.0,0.0
2025-07-07 00:25:00,127.75379,0.0,0.0,20.0,0.0
2025-07-07 00:30:00,128.13288,0.0,0.0,20.0,0.0
2025-07-07 00:35:00,133.69897,0.0,0.0,20.0,0.0
2025-07-07 00:40:00,137.80593,0.0,0.0,20.0,0.0
2025-07-07 00:45:00,134.99155,0.0,0.0,20.0,0.0
2025-07-07 00:50:00,139.70525,0.0,0.0,20.0,0.0
2025-07-07 00:55:00,135.9792,0.0,0.0,20.0,0.0
2025-07-07 01:00:00,138.98563,0.0,0.0,20.0,0.0
2025-07-07 01:05:00,134.27199,0.0,0.0,20.0,0.0
2025-07-07 01:10:00,130.25353,0.0,0.0,20.0,0.0
2025-07-07 01:15:00,120.55948,0.0,0.0,20.0,0.0
2025-07-07 01:20:00,128.2469,0.0,0.0,20.0,0.0
2025-07-07 01:25:00,114.35474,0.0,0.0,20.0,0.0
2025-07-07 01:30:00,110.5047,0.0,0.0,20.0,0.0
2025-07-07 01:35:00,109.70847,0.0,0.0,20.0,0.0
2025-07-07 01:40:00,117.0995,0.0,0.0,20.0,0.0
2025-07-07 01:45:00,112.49939,0.0,0.0,20.0,0.0
2025-07-07 01:50:00,138.03043,0.0,0.0,20.0,0.0
2025-07-07 01:55:00,98.5355,0.0,0.0,20.0,0.0
2025-07-07 02:00:00,93.43037,0.0,0.0,20.0,0.0
2025-07-07 02:05:00,132.72,0.0,0.0,20.0,0.0
2025-07-07 02:10:00,122.98699,0.0,0.0,20.0,0.0
2025-07-07 02:15:00,147.20317,0.0,0.0,20.0,0.0
2025-07-07 02:20:00,132.72,0.0,0.0,20.0,0.0
2025-07-07 02:25:00,146.18736,0.0,0.0,20.0,0.0
2025-07-07 02:30:00,113.09054,0.0,0.0,20.0,0.0
2025-07-07 02:35:00,92.01444,0.0,0.0,20.0,0.0
2025-07-07 02:40:00,164.00678,0.0,0.0,20.0,0.0
2025-07-07 02:45:00,98.39809,0.0,0.0,20.0,0.0
2025-07-07 02:50:00,114.04732,0.0,0.0,20.0,0.0
2025-07-07 02:55:00,150.78484,0.0,0.0,20.0,0.0
2025-07-07 03:00:00,118.55523,0.0,0.0,20.0,0.0
2025-07-07 03:05:00,165.31939,0.0,0.0,20.0,0.0
2025-07-07 03:10:00,136.86104,0.0,0.0,20.0,0.0
2025-07-07 03:15:00,138.87713,0.0,0.0,20.0,0.0
2025-07-07 03:20:00,166.76354,0.0,0.0,20.0,0.0
2025-07-07 03:25:00,136.22005,0.0,0.0,20.0,0.0
2025-07-07 03:30:00,158.94412,0.0,0.0,20.0,0.0
2025-07-07 03:35:00,128.66688,0.0,0.0,20.0,0.0
2025-07-07 03:40:00,140.50116,0.0,0.0,20.0,0.0
2025-07-07 03:45:00,138.85762,0.0,0.0,20.0,0.0
2025-07-07 03:50:00,150.53517,0.0,0.0,20.0,0.0
2025-07-07 03:55:00,139.69713,0.0,0.0,20.0,0.0
2025-07-07 04:00:00,139.83378,0.0,0.0,20.0,0.0
2025-07-07 04:05:00,132.18202,0.0,0.0,20.0,0.0
2025-07-07 04:10:00,116.85689,0.0,0.0,20.0,0.0
2025-07-07 04:15:00,137.63029,0.0,0.0,20.0,0.0
2025-07-07 04:20:00,117.43812,0.0,0.0,20.0,0.0
2025-07-07 04:25:00,117.29938,0.0,0.0,20.0,0.0
2025-07-07 04:30:00,138.24928,0.0,0.0,20.0,0.0
2025-07-07 04:35:00,116.273,0.0,0.0,20.0,0.0
2025-07-07 04:40:00,137.05329,0.0,0.0,20.0,0.0
2025-07-07 04:45:00,116.56535,0.0,0.0,20.0,0.0
2025-07-07 04:50:00,110.27387,0.0,0.0,20.0,0.0
2025-07-07 04:55:00,113.01797,0.0,0.0,20.0,0.0
2025-07-07 05:00:00,114.7848,0.0,0.0,20.0,0.0
2025-07-07 05:05:00,112.97737,0.0,0.0,20.0,0.0
2025-07-07 05:10:00,128.17778,0.0,0.0,20.0,0.0
2025-07-07 05:15:00,126.12286,0.0,0.0,20.0,0.0
2025-07-07 05:20:00,127.97429,0.0,0.0,20.0,0.0
2025-07-07 05:25:00,146.50736,0.0,0.0,20.0,0.0
2025-07-07 05:30:00,125.58997,0.0,0.0,20.0,0.0
2025-07-07 05:35:00,137.96,0.0,0.0,20.0,0.0
2025-07-07 05:40:00,121.94886,0.0,0.0,20.0,0.0
2025-07-07 05:45:00,146.99724,0.0,0.0,20.0,0.0
2025-07-07 05:50:00,137.96,0.0,0.0,20.0,0.0
2025-07-07 05:55:00,137.96,0.0,0.0,20.0,0.0
2025-07-07 06:00:00,160.00009,0.0,0.0,20.0,0.0
2025-07-07 06:05:00,137.96,0.0,0.0,20.0,0.0
2025-07-07 06:10:00,145.22522,0.0,0.0,20.0,0.0
2025-07-07 06:15:00,172.82944,0.0,0.0,20.0,0.0
2025-07-07 06:20:00,155.86611,0.0,0.0,20.0,0.0
2025-07-07 06:25:00,158.50851,0.0,0.0,20.0,0.0
2025-07-07 06:30:00,179.13703,0.0,0.0,20.0,0.0
2025-07-07 06:35:00,157.60695,0.0,0.0,20.0,0.0
2025-07-07 06:40:00,160.0,0.0,0.0,20.0,0.0
2025-07-07 06:45:00,209.11,0.0,0.0,20.0,0.0
2025-07-07 06:50:00,223.36,0.0,0.0,20.0,0.0
2025-07-07 06:55:00,223.36,0.0,0.0,20.0,0.0
2025-07-07 07:00:00,226.58,0.0,0.0,20.0,0.0
2025-07-07 07:05:00,209.11,0.0,0.0,20.0,0.0
2025-07-07 07:10:00,270.82,0.0,0.0,20.0,0.0
2025-07-07 07:15:00,270.83,0.0,0.0,20.0,0.0
2025-07-07 07:20:00,228.87989,0.0,0.0,20.0,0.0
2025-07-07 07:25:00,234.09053,0.0,0.0,20.0,0.0
2025-07-07 07:30:00,209.54,0.0,0.0,20.0,0.0
2025-07-07 07:35:00,224.15939,0.0,0.0,20.0,0.0
2025-07-07 07:40:00,200.02,0.0,0.0,20.0,0.0
2025-07-07 07:45:00,209.54,0.0,0.0,20.0,0.0
2025-07-07 07:50:00,200.02,0.0,0.0,20.0,0.0
2025-07-07 07:55:00,209.54,0.0,0.0,20.0,0.0
2025-07-07 08:00:00,200.02,0.0,0.0,20.0,0.0
2025-07-07 08:05:00,237.17681,0.0,0.0,20.0,0.0
2025-07-07 08:10:00,286.20194,0.0,0.0,20.0,0.0
2025-07-07 08:15:00,270.82,0.0,0.0,20.0,0.0
2025-07-07 08:20:00,263.84261,0.0,0.0,20.0,0.0
2025-07-07 08:25:00,209.54,0.0,0.0,20.0,0.0
2025-07-07 08:30:00,225.72963,0.0,0.0,20.0,0.0
2025-07-07 08:35:00,177.85157,0.0,0.0,20.0,0.0
2025-07-07 08:40:00,180.94,0.0,0.0,20.0,0.0
2025-07-07 08:45:00,240.28802,0.0,0.0,20.0,0.0
2025-07-07 08:50:00,191.08264,0.0,0.0,20.0,0.0
2025-07-07 08:55:00,180.44196,0.0,0.0,20.0,0.0
2025-07-07 09:00:00,237.47247,0.0,0.0,20.0,0.0
2025-07-07 09:05:00,146.22572,0.0,0.0,20.0,0.0
2025-07-07 09:10:00,151.08454,0.0,0.0,20.0,0.0
2025-07-07 09:15:00,227.97,0.0,0.0,20.0,0.0
2025-07-07 09:20:00,165.01466,0.0,0.0,20.0,0.0
2025-07-07 09:25:00,132.72,0.0,0.0,20.0,0.0
2025-07-07 09:30:00,132.72,0.0,0.0,20.0,0.0
2025-07-07 09:35:00,122.02,0.0,0.0,20.0,0.0
2025-07-07 09:40:00,92.55693,0.0,0.0,20.0,0.0
2025-07-07 09:45:00,117.49675,0.0,0.0,20.0,0.0
2025-07-07 09:50:00,85.88,0.0,0.0,20.0,0.0
2025-07-07 09:55:00,85.22,0.0,0.0,20.0,0.0
2025-07-07 10:00:00,46.33,0.0,0.0,20.0,0.0
2025-07-07 10:05:00,88.81067,0.0,0.0,20.0,0.0
2025-07-07 10:10:00,94.58923,0.0,0.0,20.0,0.0
2025-07-07 10:15:00,80.0,0.0,0.0,20.0,0.0
2025-07-07 10:20:00,80.0,0.0,0.0,20.0,0.0
2025-07-07 10:25:00,89.83737,0.0,0.0,20.0,0.0
2025-07-07 10:30:00,77.21921,0.0,0.0,20.0,0.0
2025-07-07 10:35:00,115.09292,0.0,0.0,20.0,0.0
2025-07-07 10:40:00,93.40383,0.0,0.0,20.0,0.0
2025-07-07 10:45:00,46.22,0.0,0.0,20.0,0.0
2025-07-07 10:50:00,62.51404,0.0,0.0,20.0,0.0
2025-07-07 10:55:00,85.3,0.0,0.0,20.0,0.0
2025-07-07 11:00:00,46.22,0.0,0.0,20.0,0.0
2025-07-07 11:05:00,46.33,0.0,0.0,20.0,0.0
2025-07-07 11:10:00,67.56588,0.0,0.0,20.0,0.0
2025-07-07 11:15:00,34.91,0.0,0.0,20.0,0.0
2025-07-07 11:20:00,56.46661,0.0,0.0,20.0,0.0
2025-07-07 11:25:00,56.36552,0.0,0.0,20.0,0.0
2025-07-07 11:30:00,52.14329,0.0,0.0,20.0,0.0
2025-07-07 11:35:00,57.10432,0.0,0.0,20.0,0.0
2025-07-07 11:40:00,61.43894,0.0,0.0,20.0,0.0
2025-07-07 11:45:00,61.43894,0.0,0.0,20.0,0.0
2025-07-07 11:50:00,53.14994,0.0,0.0,20.0,0.0
2025-07-07 11:55:00,70.21768,0.0,0.0,20.0,0.0
2025-07-07 12:00:00,60.48711,0.0,0.0,20.0,0.0
2025-07-07 12:05:00,101.0559,0.0,0.0,20.0,0.0
2025-07-07 12:10:00,70.62736,0.0,0.0,20.0,0.0
2025-07-07 12:15:00,105.48573,0.0,0.0,20.0,0.0
2025-07-07 12:20:00,101.8138,0.0,0.0,20.0,0.0
2025-07-07 12:25:00,63.61698,0.0,0.0,20.0,0.0
2025-07-07 12:30:00,62.09835,0.0,0.0,20.0,0.0
2025-07-07 12:35:00,72.80903,0.0,0.0,20.0,0.0
2025-07-07 12:40:00,75.25002,0.0,0.0,20.0,0.0
2025-07-07 12:45:00,76.66,0.0,0.0,20.0,0.0
2025-07-07 12:50:00,51.32022,0.0,0.0,20.0,0.0
2025-07-07 12:55:00,77.96607,0.0,0.0,20.0,0.0
2025-07-07 13:00:00,48.7243,0.0,0.0,20.0,0.0
2025-07-07 13:05:00,84.25626,0.0,0.0,20.0,0.0
2025-07-07 13:10:00,85.22,0.0,0.0,20.0,0.0
2025-07-07 13:15:00,79.64,0.0,0.0,20.0,0.0
2025-07-07 13:20:00,46.33,0.0,0.0,20.0,0.0
2025-07-07 13:25:00,85.22,0.0,0.0,20.0,0.0
2025-07-07 13:30:00,78.28225,0.0,0.0,20.0,0.0
2025-07-07 13:35:00,76.14026,0.0,0.0,20.0,0.0
2025-07-07 13:40:00,72.54348,0.0,0.0,20.0,0.0
2025-07-07 13:45:00,60.04058,0.0,0.0,20.0,0.0
2025-07-07 13:50:00,56.31652,0.0,0.0,20.0,0.0
2025-07-07 13:55:00,56.40077,0.0,0.0,20.0,0.0
2025-07-07 14:00:00,64.40733,0.0,0.0,20.0,0.0
2025-07-07 14:05:00,66.02256,0.0,0.0,20.0,0.0
2025-07-07 14:10:00,62.57375,0.0,0.0,20.0,0.0
2025-07-07 14:15:00,35.94,0.0,0.0,20.0,0.0
2025-07-07 14:20:00,63.22001,0.0,0.0,20.0,0.0
2025-07-07 14:25:00,35.94,0.0,0.0,20.0,0.0
2025-07-07 14:30:00,35.94,0.0,0.0,20.0,0.0
2025-07-07 14:35:00,30.50216,0.0,0.0,20.0,0.0
2025-07-07 14:40:00,20.0,0.0,0.0,20.0,0.0
2025-07-07 14:45:00,19.18,0.0,0.0,20.0,0.0
2025-07-07 14:50:00,20.0,0.0,0.0,20.0,0.0
2025-07-07 14:55:00,26.01,0.0,0.0,20.0,0.0
2025-07-07 15:00:00,20.01,0.0,0.0,20.0,0.0
2025-07-07 15:05:00,20.33,0.0,0.0,20.0,0.0
2025-07-07 15:10:00,19.18,0.0,0.0,20.0,0.0
2025-07-07 15:15:00,35.94,0.0,0.0,20.0,0.0
2025-07-07 15:20:00,35.94,0.0,0.0,20.0,0.0
2025-07-07 15:25:00,36.98996,0.0,0.0,20.0,0.0
2025-07-07 15:30:00,60.88758,0.0,0.0,20.0,0.0
2025-07-07 15:35:00,20.36,0.0,0.0,20.0,0.0
2025-07-07 15:40:00,40.60259,0.0,0.0,20.0,0.0
2025-07-07 15:45:00,60.81205,0.0,0.0,20.0,0.0
2025-07-07 15:50:00,61.28101,0.0,0.0,20.0,0.0
2025-07-07 15:55:00,65.77522,0.0,0.0,20.0,0.0
2025-07-07 16:00:00,76.1,0.0,0.0,20.0,0.0
2025-07-07 16:05:00,88.13104,0.0,0.0,20.0,0.0
2025-07-07 16:10:00,91.04283,0.0,0.0,20.0,0.0
2025-07-07 16:15:00,95.35208,0.0,0.0,20.0,0.0
2025-07-07 16:20:00,123.2997,0.0,0.0,20.0,0.0
2025-07-07 16:25:00,151.24866,0.0,0.0,20.0,0.0
2025-07-07 16:30:00,129.53482,0.0,0.0,20.0,0.0
2025-07-07 16:35:00,113.84387,0.0,0.0,20.0,0.0
2025-07-07 16:40:00,142.25348,0.0,0.0,20.0,0.0
2025-07-07 16:45:00,122.63059,0.0,0.0,20.0,0.0
2025-07-07 16:50:00,146.27468,0.0,0.0,20.0,0.0
2025-07-07 16:55:00,140.28812,0.0,0.0,20.0,0.0
2025-07-07 17:00:00,153.00458,0.0,0.0,20.0,0.0
2025-07-07 17:05:00,139.84481,0.0,0.0,20.0,0.0
2025-07-07 17:10:00,142.07968,0.0,0.0,20.0,0.0
2025-07-07 17:15:00,152.26784,0.0,0.0,20.0,0.0
2025-07-07 17:20:00,153.62692,0.0,0.0,20.0,0.0
2025-07-07 17:25:00,172.08595,0.0,0.0,20.0,0.0
2025-07-07 17:30:00,190.90035,0.0,0.0,20.0,0.0
2025-07-07 17:35:00,154.34693,0.0,0.0,20.0,0.0
2025-07-07 17:40:00,148.5924,0.0,0.0,20.0,0.0
2025-07-07 17:45:00,157.41516,0.0,0.0,20.0,0.0
2025-07-07 17:50:00,151.06484,0.0,0.0,20.0,0.0
2025-07-07 17:55:00,150.08696,0.0,0.0,20.0,0.0
2025-07-07 18:00:00,150.75994,0.0,0.0,20.0,0.0
2025-07-07 18:05:00,148.23584,0.0,0.0,20.0,0.0
2025-07-07 18:10:00,146.61489,0.0,0.0,20.0,0.0
2025-07-07 18:15:00,140.27964,0.0,0.0,20.0,0.0
2025-07-07 18:20:00,149.86315,0.0,0.0,20.0,0.0
2025-07-07 18:25:00,138.97393,0.0,0.0,20.0,0.0
2025-07-07 18:30:00,148.72676,0.0,0.0,20.0,0.0
2025-07-07 18:35:00,132.72,0.0,0.0,20.0,0.0
2025-07-07 18:40:00,130.51178,0.0,0.0,20.0,0.0
2025-07-07 18:45:00,125.49,0.0,0.0,20.0,0.0
2025-07-07 18:50:00,132.0,0.0,0.0,20.0,0.0
2025-07-07 18:55:00,124.59,0.0,0.0,20.0,0.0
2025-07-07 19:00:00,117.42,0.0,0.0,20.0,0.0
2025-07-07 19:05:00,120.96757,0.0,0.0,20.0,0.0
2025-07-07 19:10:00,117.42,0.0,0.0,20.0,0.0
2025-07-07 19:15:00,117.42,0.0,0.0,20.0,0.0
2025-07-07 19:20:00,109.24345,0.0,0.0,20.0,0.0
2025-07-07 19:25:00,107.83131,0.0,0.0,20.0,0.0
2025-07-07 19:30:00,106.19466,0.0,0.0,20.0,0.0
2025-07-07 19:35:00,111.11008,0.0,0.0,20.0,0.0
2025-07-07 19:40:00,105.98573,0.0,0.0,20.0,0.0
2025-07-07 19:45:00,104.65657,0.0,0.0,20.0,0.0
2025-07-07 19:50:00,102.44677,0.0,0.0,20.0,0.0
2025-07-07 19:55:00,92.70758,0.0,0.0,20.0,0.0
2025-07-07 20:00:00,91.13312,0.0,0.0,20.0,0.0
2025-07-07 20:05:00,92.16377,0.0,0.0,20.0,0.0
2025-07-07 20:10:00,92.01201,0.0,0.0,20.0,0.0
2025-07-07 20:15:00,91.85956,0.0,0.0,20.0,0.0
2025-07-07 20:20:00,87.92186,0.0,0.0,20.0,0.0
2025-07-07 20:25:00,88.81067,0.0,0.0,20.0,0.0
2025-07-07 20:30:00,93.21498,0.0,0.0,20.0,0.0
2025-07-07 20:35:00,100.34052,0.0,0.0,20.0,0.0
2025-07-07 20:40:00,100.1248,0.0,0.0,20.0,0.0
2025-07-07 20:45:00,100.49787,0.0,0.0,20.0,0.0
2025-07-07 20:50:00,92.73003,0.0,0.0,20.0,0.0
2025-07-07 20:55:00,77.36696,0.0,0.0,20.0,0.0
2025-07-07 21:00:00,19.99993,0.0,0.0,20.0,0.0
2025-07-07 21:05:00,10.18472,0.0,0.0,20.0,0.0
2025-07-07 21:10:00,20.76,0.0,0.0,20.0,0.0
2025-07-07 21:15:00,8.95,100.0,0.0,27.90569415042095,-74.58333333333331
2025-07-07 21:20:00,8.95,100.0,0.0,35.8113883008419,-74.58333333333331
2025-07-07 21:25:00,0.01,100.0,0.0,43.71708245126285,-0.08333333333333333
2025-07-07 21:30:00,4.37279,100.0,0.0,51.622776601683796,-36.43991666666666
2025-07-07 21:35:00,8.02066,100.0,0.0,59.528470752104745,-66.83883333333331
2025-07-07 21:40:00,6.9502,100.0,0.0,67.4341649025257,-57.91833333333332
2025-07-07 21:45:00,8.95,100.0,0.0,75.33985905294664,-74.58333333333331
2025-07-07 21:50:00,8.95,100.0,0.0,83.24555320336758,-74.58333333333331
2025-07-07 21:55:00,8.95,100.0,0.0,91.15124735378852,-74.58333333333331
2025-07-07 22:00:00,8.95,100.0,0.0,99.05694150420946,-74.58333333333331
2025-07-07 22:05:00,1.12003,100.0,0.0,106.9626356546304,-9.333583333333333
2025-07-07 22:10:00,0.74003,100.0,0.0,114.86832980505135,-6.1669166666666655
2025-07-07 22:15:00,3.62148,100.0,0.0,122.77402395547229,-30.178999999999995
2025-07-07 22:20:00,1.14003,100.0,0.0,130.67971810589324,-9.50025
2025-07-07 22:25:00,1.13003,100.0,0.0,138.58541225631419,-9.416916666666665
2025-07-07 22:30:00,0.68003,100.0,0.0,146.49110640673513,-5.666916666666666
2025-07-07 22:35:00,0.25003,100.0,0.0,154.39680055715607,-2.083583333333333
2025-07-07 22:40:00,0.01,100.0,0.0,162.302494707577,-0.08333333333333333
2025-07-07 22:45:00,0.01,100.0,0.0,170.20818885799795,-0.08333333333333333
2025-07-07 22:50:00,0.01008,100.0,0.0,178.1138830084189,-0.08399999999999999
2025-07-07 22:55:00,3e-05,23.857702507763676,0.0,180.0,-5.964425626940919e-05
2025-07-07 23:00:00,3e-05,0.0,0.0,180.0,0.0
2025-07-07 23:05:00,0.20003,0.0,0.0,180.0,0.0
2025-07-07 23:10:00,0.20003,0.0,0.0,180.0,0.0
2025-07-07 23:15:00,0.30003,0.0,0.0,180.0,0.0
2025-07-07 23:20:00,0.25003,0.0,0.0,180.0,0.0
2025-07-07 23:25:00,0.34003,0.0,0.0,180.0,0.0
2025-07-07 23:30:00,0.20003,0.0,0.0,180.0,0.0
2025-07-07 23:35:00,0.20003,0.0,0.0,180.0,0.0
2025-07-07 23:40:00,0.20003,0.0,0.0,180.0,0.0
2025-07-07 23:45:00,0.01,0.0,0.0,180.0,0.0
2025-07-07 23:50:00,-0.02992,0.0,0.0,180.0,-0.0
2025-07-07 23:55:00,0.01,0.0,0.0,180.0,0.0
2025-07-08 00:00:00,-0.01,0.0,0.0,180.0,-0.0
2025-07-08 00:05:00,-5.06,0.0,0.0,180.0,-0.0
2025-07-08 00:10:00,-9.83,0.0,0.0,180.0,-0.0
2025-07-08 00:15:00,-9.83,0.0,0.0,180.0,-0.0
2025-07-08 00:20:00,-9.83,0.0,0.0,180.0,-0.0
2025-07-08 00:25:00,-9.96,0.0,0.0,180.0,-0.0
2025-07-08 00:30:00,-9.96,0.0,0.0,180.0,-0.0
2025-07-08 00:35:00,-9.83,0.0,0.0,180.0,-0.0
2025-07-08 00:40:00,-9.96,0.0,0.0,180.0,-0.0
2025-07-08 00:45:00,-16.49976,0.0,0.0,180.0,-0.0
2025-07-08 00:50:00,-16.49976,0.0,0.0,180.0,-0.0
2025-07-08 00:55:00,-16.49976,0.0,0.0,180.0,-0.0
2025-07-08 01:00:00,-16.49976,0.0,0.0,180.0,-0.0
2025-07-08 01:05:00,-16.49976,0.0,0.0,180.0,-0.0
2025-07-08 01:10:00,-16.49976,0.0,0.0,180.0,-0.0
2025-07-08 01:15:00,-16.49976,0.0,0.0,180.0,-0.0
2025-07-08 01:20:00,-16.49976,0.0,0.0,180.0,-0.0
2025-07-08 01:25:00,-16.49976,0.0,0.0,180.0,-0.0
2025-07-08 01:30:00,-16.49976,0.0,0.0,180.0,-0.0
2025-07-08 01:35:00,-16.49976,0.0,0.0,180.0,-0.0
2025-07-08 01:40:00,-16.49976,0.0,0.0,180.0,-0.0
2025-07-08 01:45:00,-16.49976,0.0,0.0,180.0,-0.0
2025-07-08 01:50:00,-16.49976,0.0,0.0,180.0,-0.0
2025-07-08 01:55:00,-16.49976,0.0,0.0,180.0,-0.0
2025-07-08 02:00:00,-16.49976,0.0,0.0,180.0,-0.0
2025-07-08 02:05:00,-16.49976,0.0,0.0,180.0,-0.0
2025-07-08 02:10:00,-16.49976,0.0,0.0,180.0,-0.0
2025-07-08 02:15:00,-16.49976,0.0,0.0,180.0,-0.0
2025-07-08 02:20:00,-16.49976,0.0,0.0,180.0,-0.0
2025-07-08 02:25:00,-16.49976,0.0,0.0,180.0,-0.0
2025-07-08 02:30:00,-16.49976,0.0,0.0,180.0,-0.0
2025-07-08 02:35:00,-16.5,0.0,0.0,180.0,-0.0
2025-07-08 02:40:00,-16.5,0.0,0.0,180.0,-0.0
2025-07-08 02:45:00,-16.5,0.0,0.0,180.0,-0.0
2025-07-08 02:50:00,-18.14,0.0,0.0,180.0,-0.0
2025-07-08 02:55:00,-16.5,0.0,0.0,180.0,-0.0
2025-07-08 03:00:00,-16.5,0.0,0.0,180.0,-0.0
2025-07-08 03:05:00,-16.5,0.0,0.0,180.0,-0.0
2025-07-08 03:10:00,-16.5,0.0,0.0,180.0,-0.0
2025-07-08 03:15:00,-16.5,0.0,0.0,180.0,-0.0
2025-07-08 03:20:00,-16.5,0.0,0.0,180.0,-0.0
2025-07-08 03:25:00,-16.5,0.0,0.0,180.0,-0.0
2025-07-08 03:30:00,-16.5,0.0,0.0,180.0,-0.0
2025-07-08 03:35:00,-16.5,0.0,0.0,180.0,-0.0
2025-07-08 03:40:00,-16.5,0.0,0.0,180.0,-0.0
2025-07-08 03:45:00,-18.14,0.0,0.0,180.0,-0.0
2025-07-08 03:50:00,-18.14,0.0,0.0,180.0,-0.0
2025-07-08 03:55:00,-18.14,0.0,0.0,180.0,-0.0
2025-07-08 04:00:00,-18.14,0.0,0.0,180.0,-0.0
2025-07-08 04:05:00,-16.5,0.0,0.0,180.0,-0.0
2025-07-08 04:10:00,-16.5,0.0,0.0,180.0,-0.0
2025-07-08 04:15:00,-16.5,0.0,0.0,180.0,-0.0
2025-07-08 04:20:00,-16.5,0.0,0.0,180.0,-0.0
2025-07-08 04:25:00,-16.5,0.0,0.0,180.0,-0.0
2025-07-08 04:30:00,-16.5,0.0,0.0,180.0,-0.0
2025-07-08 04:35:00,-16.5,0.0,0.0,180.0,-0.0
2025-07-08 04:40:00,-16.5,0.0,0.0,180.0,-0.0
2025-07-08 04:45:00,-16.5,0.0,0.0,180.0,-0.0
2025-07-08 04:50:00,-16.5,0.0,0.0,180.0,-0.0
2025-07-08 04:55:00,-16.5,0.0,0.0,180.0,-0.0
2025-07-08 05:00:00,-16.5,0.0,0.0,180.0,-0.0
2025-07-08 05:05:00,-16.5,0.0,0.0,180.0,-0.0
2025-07-08 05:10:00,-16.5,0.0,0.0,180.0,-0.0
2025-07-08 05:15:00,-16.49976,0.0,0.0,180.0,-0.0
2025-07-08 05:20:00,-16.49976,0.0,0.0,180.0,-0.0
2025-07-08 05:25:00,-16.49976,0.0,0.0,180.0,-0.0
2025-07-08 05:30:00,-16.49976,0.0,0.0,180.0,-0.0
2025-07-08 05:35:00,-16.49976,0.0,0.0,180.0,-0.0
2025-07-08 05:40:00,-16.49976,0.0,0.0,180.0,-0.0
2025-07-08 05:45:00,-9.96,0.0,0.0,180.0,-0.0
2025-07-08 05:50:00,-9.96,0.0,0.0,180.0,-0.0
2025-07-08 05:55:00,-9.96,0.0,0.0,180.0,-0.0
2025-07-08 06:00:00,-9.87161,0.0,0.0,180.0,-0.0
2025-07-08 06:05:00,-9.80733,0.0,0.0,180.0,-0.0
2025-07-08 06:10:00,2e-05,0.0,0.0,180.0,0.0
2025-07-08 06:15:00,2e-05,0.0,0.0,180.0,0.0
2025-07-08 06:20:00,-14.58791,0.0,0.0,180.0,-0.0
2025-07-08 06:25:00,0.00025,0.0,0.0,180.0,0.0
2025-07-08 06:30:00,2.99878,0.0,0.0,180.0,0.0
2025-07-08 06:35:00,2.17273,0.0,0.0,180.0,0.0
2025-07-08 06:40:00,3.40841,0.0,0.0,180.0,0.0
2025-07-08 06:45:00,2.25227,0.0,0.0,180.0,0.0
2025-07-08 06:50:00,8.24023,0.0,0.0,180.0,0.0
2025-07-08 06:55:00,8.95,0.0,0.0,180.0,0.0
2025-07-08 07:00:00,79.74157,0.0,0.0,180.0,0.0
2025-07-08 07:05:00,32.75978,0.0,0.0,180.0,0.0
2025-07-08 07:10:00,31.59227,0.0,0.0,180.0,0.0
2025-07-08 07:15:00,20.0,0.0,0.0,180.0,0.0
2025-07-08 07:20:00,16.89619,0.0,0.0,180.0,0.0
2025-07-08 07:25:00,35.4823,0.0,0.0,180.0,0.0
2025-07-08 07:30:00,8.95026,0.0,0.0,180.0,0.0
2025-07-08 07:35:00,35.62941,0.0,0.0,180.0,0.0
2025-07-08 07:40:00,20.9741,0.0,0.0,180.0,0.0
2025-07-08 07:45:00,24.21735,0.0,0.0,180.0,0.0
2025-07-08 07:50:00,81.32856,0.0,0.0,180.0,0.0
2025-07-08 07:55:00,82.08761,0.0,0.0,180.0,0.0
2025-07-08 08:00:00,18.19614,0.0,0.0,180.0,0.0
2025-07-08 08:05:00,54.97822,0.0,0.0,180.0,0.0
2025-07-08 08:10:00,80.79551,0.0,0.0,180.0,0.0
2025-07-08 08:15:00,33.11083,0.0,0.0,180.0,0.0
2025-07-08 08:20:00,84.831,0.0,0.0,180.0,0.0
2025-07-08 08:25:00,53.01239,0.0,0.0,180.0,0.0
2025-07-08 08:30:00,87.06699,0.0,0.0,180.0,0.0
2025-07-08 08:35:00,205.00724,0.0,100.0,171.21589538842116,1708.3936666666664
2025-07-08 08:40:00,55.10101,0.0,0.0,171.21589538842116,0.0
2025-07-08 08:45:00,33.24513,0.0,0.0,171.21589538842116,0.0
2025-07-08 08:50:00,161.21888,0.0,100.0,162.43179077684232,1343.4906666666666
2025-07-08 08:55:00,144.44762,0.0,100.0,153.64768616526348,1203.7301666666665
2025-07-08 09:00:00,154.78399,0.0,100.0,144.86358155368464,1289.866583333333
2025-07-08 09:05:00,125.89973,0.0,0.0,144.86358155368464,0.0
2025-07-08 09:10:00,129.41261,0.0,0.0,144.86358155368464,0.0
2025-07-08 09:15:00,132.15096,0.0,0.0,144.86358155368464,0.0
2025-07-08 09:20:00,132.56939,0.0,0.0,144.86358155368464,0.0
2025-07-08 09:25:00,116.06372,0.0,0.0,144.86358155368464,0.0
2025-07-08 09:30:00,121.6394,0.0,0.0,144.86358155368464,0.0
2025-07-08 09:35:00,135.76311,0.0,100.0,136.0794769421058,1131.35925
2025-07-08 09:40:00,14.50339,0.0,0.0,136.0794769421058,0.0
2025-07-08 09:45:00,14.56099,0.0,0.0,136.0794769421058,0.0
2025-07-08 09:50:00,32.26827,0.0,0.0,136.0794769421058,0.0
2025-07-08 09:55:00,103.52877,0.0,0.0,136.0794769421058,0.0
2025-07-08 10:00:00,63.63823,0.0,0.0,136.0794769421058,0.0
2025-07-08 10:05:00,32.02936,0.0,0.0,136.0794769421058,0.0
2025-07-08 10:10:00,-50.57844,100.0,0.0,143.98517109252674,421.48699999999997
2025-07-08 10:15:00,36.19394,0.0,0.0,143.98517109252674,0.0
2025-07-08 10:20:00,13.56574,0.0,0.0,143.98517109252674,0.0
2025-07-08 10:25:00,-0.01,100.0,0.0,151.89086524294768,0.08333333333333333
2025-07-08 10:30:00,9.48092,0.0,0.0,151.89086524294768,0.0
2025-07-08 10:35:00,10.12131,0.0,0.0,151.89086524294768,0.0
2025-07-08 10:40:00,8.95,100.0,0.0,159.79655939336863,-74.58333333333331
2025-07-08 10:45:00,-0.01,100.0,0.0,167.70225354378957,0.08333333333333333
2025-07-08 10:50:00,9.33,0.0,0.0,167.70225354378957,0.0
2025-07-08 10:55:00,8.95,100.0,0.0,175.6079476942105,-74.58333333333331
2025-07-08 11:00:00,0.01112,55.555555555556516,0.0,180.0,-0.05148148148148237
2025-07-08 11:05:00,9.90124,0.0,0.0,180.0,0.0
2025-07-08 11:10:00,3e-05,0.0,0.0,180.0,0.0
2025-07-08 11:15:00,9.33,0.0,0.0,180.0,0.0
2025-07-08 11:20:00,8.94947,0.0,0.0,180.0,0.0
2025-07-08 11:25:00,19.96146,0.0,0.0,180.0,0.0
2025-07-08 11:30:00,9.33,0.0,0.0,180.0,0.0
2025-07-08 11:35:00,8.95,0.0,0.0,180.0,0.0
2025-07-08 11:40:00,3e-05,0.0,0.0,180.0,0.0
2025-07-08 11:45:00,-0.13403,0.0,0.0,180.0,-0.0
2025-07-08 11:50:00,8.94921,0.0,0.0,180.0,0.0
2025-07-08 11:55:00,8.94921,0.0,0.0,180.0,0.0
2025-07-08 12:00:00,-19.3023,0.0,0.0,180.0,-0.0
2025-07-08 12:05:00,-11.79693,0.0,0.0,180.0,-0.0
2025-07-08 12:10:00,-15.83456,0.0,0.0,180.0,-0.0
2025-07-08 12:15:00,-10.07497,0.0,0.0,180.0,-0.0
2025-07-08 12:20:00,28.37838,0.0,0.0,180.0,0.0
2025-07-08 12:25:00,30.88241,0.0,0.0,180.0,0.0
2025-07-08 12:30:00,20.0,0.0,0.0,180.0,0.0
2025-07-08 12:35:00,-19.02757,0.0,0.0,180.0,-0.0
2025-07-08 12:40:00,29.30715,0.0,0.0,180.0,0.0
2025-07-08 12:45:00,8.95,0.0,0.0,180.0,0.0
2025-07-08 12:50:00,70.89658,0.0,0.0,180.0,0.0
2025-07-08 12:55:00,70.63296,0.0,0.0,180.0,0.0
2025-07-08 13:00:00,70.63296,0.0,0.0,180.0,0.0
2025-07-08 13:05:00,41.10572,0.0,0.0,180.0,0.0
2025-07-08 13:10:00,46.22,0.0,0.0,180.0,0.0
2025-07-08 13:15:00,12.56559,0.0,0.0,180.0,0.0
2025-07-08 13:20:00,12.75623,0.0,0.0,180.0,0.0
2025-07-08 13:25:00,13.0058,0.0,0.0,180.0,0.0
2025-07-08 13:30:00,18.4056,0.0,0.0,180.0,0.0
2025-07-08 13:35:00,18.4056,0.0,0.0,180.0,0.0
2025-07-08 13:40:00,38.44672,0.0,0.0,180.0,0.0
2025-07-08 13:45:00,132.02061,0.0,0.0,180.0,0.0
2025-07-08 13:50:00,111.26641,0.0,0.0,180.0,0.0
2025-07-08 13:55:00,9.95551,0.0,0.0,180.0,0.0
2025-07-08 14:00:00,45.57023,0.0,0.0,180.0,0.0
2025-07-08 14:05:00,-0.01,0.0,0.0,180.0,-0.0
2025-07-08 14:10:00,33.53865,0.0,0.0,180.0,0.0
2025-07-08 14:15:00,38.44672,0.0,0.0,180.0,0.0
2025-07-08 14:20:00,-4.7985,0.0,0.0,180.0,-0.0
2025-07-08 14:25:00,24.6956,0.0,0.0,180.0,0.0
2025-07-08 14:30:00,38.44672,0.0,0.0,180.0,0.0
2025-07-08 14:35:00,112.80958,0.0,0.0,180.0,0.0
2025-07-08 14:40:00,26.77534,0.0,0.0,180.0,0.0
2025-07-08 14:45:00,-0.55612,0.0,0.0,180.0,-0.0
2025-07-08 14:50:00,0.01112,0.0,0.0,180.0,0.0
2025-07-08 14:55:00,8.95,0.0,0.0,180.0,0.0
2025-07-08 15:00:00,23.29776,0.0,0.0,180.0,0.0
2025-07-08 15:05:00,26.45604,0.0,0.0,180.0,0.0
2025-07-08 15:10:00,1.74743,0.0,0.0,180.0,0.0
2025-07-08 15:15:00,-20.54651,0.0,0.0,180.0,-0.0
2025-07-08 15:20:00,0.80437,0.0,0.0,180.0,0.0
2025-07-08 15:25:00,35.78548,0.0,0.0,180.0,0.0
2025-07-08 15:30:00,32.47738,0.0,0.0,180.0,0.0
2025-07-08 15:35:00,-20.43816,0.0,0.0,180.0,-0.0
2025-07-08 15:40:00,29.99349,0.0,0.0,180.0,0.0
2025-07-08 15:45:00,-21.10603,0.0,0.0,180.0,-0.0
2025-07-08 15:50:00,36.40222,0.0,0.0,180.0,0.0
2025-07-08 15:55:00,53.64296,0.0,0.0,180.0,0.0
2025-07-08 16:00:00,70.20986,0.0,0.0,180.0,0.0
2025-07-08 16:05:00,69.74691,0.0,0.0,180.0,0.0
2025-07-08 16:10:00,67.63708,0.0,0.0,180.0,0.0
2025-07-08 16:15:00,18.19684,0.0,0.0,180.0,0.0
2025-07-08 16:20:00,30.11486,0.0,0.0,180.0,0.0
2025-07-08 16:25:00,97.29877,0.0,0.0,180.0,0.0
2025-07-08 16:30:00,74.08503,0.0,0.0,180.0,0.0
2025-07-08 16:35:00,97.57249,0.0,0.0,180.0,0.0
2025-07-08 16:40:00,48.49692,0.0,0.0,180.0,0.0
2025-07-08 16:45:00,60.6315,0.0,0.0,180.0,0.0
2025-07-08 16:50:00,97.31209,0.0,0.0,180.0,0.0
2025-07-08 16:55:00,68.984,0.0,0.0,180.0,0.0
2025-07-08 17:00:00,94.49325,0.0,0.0,180.0,0.0
2025-07-08 17:05:00,-24.42,0.0,0.0,180.0,-0.0
2025-07-08 17:10:00,-16.5,0.0,0.0,180.0,-0.0
2025-07-08 17:15:00,-9.96,0.0,0.0,180.0,-0.0
2025-07-08 17:20:00,0.0,0.0,0.0,180.0,0.0
2025-07-08 17:25:00,-0.01,0.0,0.0,180.0,-0.0
2025-07-08 17:30:00,0.01,0.0,0.0,180.0,0.0
2025-07-08 17:35:00,8.95,0.0,0.0,180.0,0.0
2025-07-08 17:40:00,32.32752,0.0,0.0,180.0,0.0
2025-07-08 17:45:00,32.49372,0.0,0.0,180.0,0.0
2025-07-08 17:50:00,32.32752,0.0,0.0,180.0,0.0
2025-07-08 17:55:00,35.68298,0.0,0.0,180.0,0.0
2025-07-08 18:00:00,35.33737,0.0,0.0,180.0,0.0
2025-07-08 18:05:00,22.24693,0.0,0.0,180.0,0.0
2025-07-08 18:10:00,22.69744,0.0,0.0,180.0,0.0
2025-07-08 18:15:00,23.65966,0.0,0.0,180.0,0.0
2025-07-08 18:20:00,8.95,0.0,0.0,180.0,0.0
2025-07-08 18:25:00,20.0,0.0,0.0,180.0,0.0
2025-07-08 18:30:00,30.70579,0.0,0.0,180.0,0.0
2025-07-08 18:35:00,0.00013,0.0,0.0,180.0,0.0
2025-07-08 18:40:00,0.01,0.0,0.0,180.0,0.0
2025-07-08 18:45:00,8.95,0.0,0.0,180.0,0.0
2025-07-08 18:50:00,0.46216,0.0,0.0,180.0,0.0
2025-07-08 18:55:00,20.77,0.0,0.0,180.0,0.0
2025-07-08 19:00:00,0.00013,0.0,0.0,180.0,0.0
2025-07-08 19:05:00,8.95,0.0,0.0,180.0,0.0
2025-07-08 19:10:00,20.74,0.0,0.0,180.0,0.0
2025-07-08 19:15:00,35.14064,0.0,0.0,180.0,0.0
2025-07-08 19:20:00,106.54,0.0,0.0,180.0,0.0
2025-07-08 19:25:00,137.49007,0.0,100.0,171.21589538842116,1145.7505833333332
2025-07-08 19:30:00,106.54,0.0,0.0,171.21589538842116,0.0
2025-07-08 19:35:00,128.22156,0.0,0.0,171.21589538842116,0.0
2025-07-08 19:40:00,103.79607,0.0,0.0,171.21589538842116,0.0
2025-07-08 19:45:00,106.54,0.0,0.0,171.21589538842116,0.0
2025-07-08 19:50:00,113.93049,0.0,0.0,171.21589538842116,0.0
2025-07-08 19:55:00,112.38452,0.0,0.0,171.21589538842116,0.0
2025-07-08 20:00:00,106.54,0.0,0.0,171.21589538842116,0.0
2025-07-08 20:05:00,104.80702,0.0,0.0,171.21589538842116,0.0
2025-07-08 20:10:00,78.88,0.0,0.0,171.21589538842116,0.0
2025-07-08 20:15:00,106.54,0.0,0.0,171.21589538842116,0.0
2025-07-08 20:20:00,100.90031,0.0,0.0,171.21589538842116,0.0
2025-07-08 20:25:00,84.81187,0.0,0.0,171.21589538842116,0.0
2025-07-08 20:30:00,96.4914,0.0,0.0,171.21589538842116,0.0
2025-07-08 20:35:00,80.63843,0.0,0.0,171.21589538842116,0.0
2025-07-08 20:40:00,102.40915,0.0,0.0,171.21589538842116,0.0
2025-07-08 20:45:00,101.61364,0.0,0.0,171.21589538842116,0.0
2025-07-08 20:50:00,103.10643,0.0,0.0,171.21589538842116,0.0
2025-07-08 20:55:00,102.34164,0.0,0.0,171.21589538842116,0.0
2025-07-08 21:00:00,39.91413,0.0,0.0,171.21589538842116,0.0
2025-07-08 21:05:00,80.79041,0.0,0.0,171.21589538842116,0.0
2025-07-08 21:10:00,73.01769,0.0,0.0,171.21589538842116,0.0
2025-07-08 21:15:00,49.83345,0.0,0.0,171.21589538842116,0.0
2025-07-08 21:20:00,83.56723,0.0,0.0,171.21589538842116,0.0
2025-07-08 21:25:00,80.81208,0.0,0.0,171.21589538842116,0.0
2025-07-08 21:30:00,101.53155,0.0,0.0,171.21589538842116,0.0
2025-07-08 21:35:00,103.14908,0.0,0.0,171.21589538842116,0.0
2025-07-08 21:40:00,105.42,0.0,0.0,171.21589538842116,0.0
2025-07-08 21:45:00,20.00007,0.0,0.0,171.21589538842116,0.0
2025-07-08 21:50:00,50.17634,0.0,0.0,171.21589538842116,0.0
2025-07-08 21:55:00,62.44209,0.0,0.0,171.21589538842116,0.0
2025-07-08 22:00:00,17.08474,0.0,0.0,171.21589538842116,0.0
2025-07-08 22:05:00,65.39807,0.0,0.0,171.21589538842116,0.0
2025-07-08 22:10:00,20.0,0.0,0.0,171.21589538842116,0.0
2025-07-08 22:15:00,20.0,0.0,0.0,171.21589538842116,0.0
2025-07-08 22:20:00,8.94951,100.0,0.0,179.1215895388421,-74.57924999999999
2025-07-08 22:25:00,8.95,11.111111111111304,0.0,180.0,-8.28703703703718
2025-07-08 22:30:00,11.64237,0.0,0.0,180.0,0.0
2025-07-08 22:35:00,8.95,0.0,0.0,180.0,0.0
2025-07-08 22:40:00,0.01,0.0,0.0,180.0,0.0
2025-07-08 22:45:00,0.01,0.0,0.0,180.0,0.0
2025-07-08 22:50:00,8.94951,0.0,0.0,180.0,0.0
2025-07-08 22:55:00,8.95,0.0,0.0,180.0,0.0
2025-07-08 23:00:00,8.95,0.0,0.0,180.0,0.0
2025-07-08 23:05:00,8.95,0.0,0.0,180.0,0.0
2025-07-08 23:10:00,8.95,0.0,0.0,180.0,0.0
2025-07-08 23:15:00,0.01,0.0,0.0,180.0,0.0
2025-07-08 23:20:00,15.20247,0.0,0.0,180.0,0.0
2025-07-08 23:25:00,8.95,0.0,0.0,180.0,0.0
2025-07-08 23:30:00,20.0,0.0,0.0,180.0,0.0
2025-07-08 23:35:00,17.198,0.0,0.0,180.0,0.0
2025-07-08 23:40:00,15.62347,0.0,0.0,180.0,0.0
2025-07-08 23:45:00,8.95,0.0,0.0,180.0,0.0
2025-07-08 23:50:00,17.23653,0.0,0.0,180.0,0.0
2025-07-08 23:55:00,8.95,0.0,0.0,180.0,0.0
2025-07-09 00:00:00,8.95,0.0,0.0,180.0,0.0
2025-07-09 00:05:00,17.6075,0.0,0.0,180.0,0.0
2025-07-09 00:10:00,16.45282,0.0,0.0,180.0,0.0
2025-07-09 00:15:00,17.63126,0.0,0.0,180.0,0.0
2025-07-09 00:20:00,14.73931,0.0,0.0,180.0,0.0
2025-07-09 00:25:00,8.95,0.0,0.0,180.0,0.0
2025-07-09 00:30:00,8.95,0.0,0.0,180.0,0.0
2025-07-09 00:35:00,16.70358,0.0,0.0,180.0,0.0
2025-07-09 00:40:00,8.95,0.0,0.0,180.0,0.0
2025-07-09 00:45:00,22.56235,0.0,0.0,180.0,0.0
2025-07-09 00:50:00,20.0,0.0,0.0,180.0,0.0
2025-07-09 00:55:00,20.46,0.0,0.0,180.0,0.0
2025-07-09 01:00:00,24.21728,0.0,0.0,180.0,0.0
2025-07-09 01:05:00,20.0,0.0,0.0,180.0,0.0
2025-07-09 01:10:00,8.94979,0.0,0.0,180.0,0.0
2025-07-09 01:15:00,19.18,0.0,0.0,180.0,0.0
2025-07-09 01:20:00,8.95,0.0,0.0,180.0,0.0
2025-07-09 01:25:00,8.95,0.0,0.0,180.0,0.0
2025-07-09 01:30:00,8.95,0.0,0.0,180.0,0.0
2025-07-09 01:35:00,8.95,0.0,0.0,180.0,0.0
2025-07-09 01:40:00,8.42734,0.0,0.0,180.0,0.0
2025-07-09 01:45:00,8.95,0.0,0.0,180.0,0.0
2025-07-09 01:50:00,8.95,0.0,0.0,180.0,0.0
2025-07-09 01:55:00,8.95,0.0,0.0,180.0,0.0
2025-07-09 02:00:00,8.95,0.0,0.0,180.0,0.0
2025-07-09 02:05:00,8.1498,0.0,0.0,180.0,0.0
2025-07-09 02:10:00,8.95,0.0,0.0,180.0,0.0
2025-07-09 02:15:00,8.95,0.0,0.0,180.0,0.0
2025-07-09 02:20:00,8.95,0.0,0.0,180.0,0.0
2025-07-09 02:25:00,8.95,0.0,0.0,180.0,0.0
2025-07-09 02:30:00,8.95,0.0,0.0,180.0,0.0
2025-07-09 02:35:00,8.95,0.0,0.0,180.0,0.0
2025-07-09 02:40:00,8.95,0.0,0.0,180.0,0.0
2025-07-09 02:45:00,0.01,0.0,0.0,180.0,0.0
2025-07-09 02:50:00,8.95,0.0,0.0,180.0,0.0
2025-07-09 02:55:00,0.01,0.0,0.0,180.0,0.0
2025-07-09 03:00:00,20.0,0.0,0.0,180.0,0.0
2025-07-09 03:05:00,2.94961,0.0,0.0,180.0,0.0
2025-07-09 03:10:00,0.01,0.0,0.0,180.0,0.0
2025-07-09 03:15:00,8.95,0.0,0.0,180.0,0.0
2025-07-09 03:20:00,8.95,0.0,0.0,180.0,0.0
2025-07-09 03:25:00,7.94982,0.0,0.0,180.0,0.0
2025-07-09 03:30:00,8.94982,0.0,0.0,180.0,0.0
2025-07-09 03:35:00,1.15365,0.0,0.0,180.0,0.0
2025-07-09 03:40:00,8.95,0.0,0.0,180.0,0.0
2025-07-09 03:45:00,8.95,0.0,0.0,180.0,0.0
2025-07-09 03:50:00,0.01,0.0,0.0,180.0,0.0
2025-07-09 03:55:00,8.95,0.0,0.0,180.0,0.0
2025-07-09 04:00:00,8.95,0.0,0.0,180.0,0.0
2025-07-09 04:05:00,0.01,0.0,0.0,180.0,0.0
2025-07-09 04:10:00,0.48,0.0,0.0,180.0,0.0
2025-07-09 04:15:00,8.95,0.0,0.0,180.0,0.0
2025-07-09 04:20:00,8.95,0.0,0.0,180.0,0.0
2025-07-09 04:25:00,8.95,0.0,0.0,180.0,0.0
2025-07-09 04:30:00,7.94962,0.0,0.0,180.0,0.0
2025-07-09 04:35:00,8.94982,0.0,0.0,180.0,0.0
2025-07-09 04:40:00,8.95,0.0,0.0,180.0,0.0
2025-07-09 04:45:00,0.01,0.0,0.0,180.0,0.0
2025-07-09 04:50:00,8.95,0.0,0.0,180.0,0.0
2025-07-09 04:55:00,0.01,0.0,0.0,180.0,0.0
2025-07-09 05:00:00,20.0,0.0,0.0,180.0,0.0
2025-07-09 05:05:00,8.95,0.0,0.0,180.0,0.0
2025-07-09 05:10:00,8.95,0.0,0.0,180.0,0.0
2025-07-09 05:15:00,6.70043,0.0,0.0,180.0,0.0
2025-07-09 05:20:00,8.95019,0.0,0.0,180.0,0.0
2025-07-09 05:25:00,8.95,0.0,0.0,180.0,0.0
2025-07-09 05:30:00,8.95019,0.0,0.0,180.0,0.0
2025-07-09 05:35:00,42.01,0.0,0.0,180.0,0.0
2025-07-09 05:40:00,20.0,0.0,0.0,180.0,0.0
2025-07-09 05:45:00,20.0,0.0,0.0,180.0,0.0
2025-07-09 05:50:00,20.0,0.0,0.0,180.0,0.0
2025-07-09 05:55:00,20.0,0.0,0.0,180.0,0.0
2025-07-09 06:00:00,20.0,0.0,0.0,180.0,0.0
2025-07-09 06:05:00,19.17986,0.0,0.0,180.0,0.0
2025-07-09 06:10:00,19.18006,0.0,0.0,180.0,0.0
2025-07-09 06:15:00,20.0,0.0,0.0,180.0,0.0
2025-07-09 06:20:00,62.16341,0.0,0.0,180.0,0.0
2025-07-09 06:25:00,74.71836,0.0,0.0,180.0,0.0
2025-07-09 06:30:00,74.84966,0.0,0.0,180.0,0.0
2025-07-09 06:35:00,92.46071,0.0,0.0,180.0,0.0
2025-07-09 06:40:00,95.90428,0.0,0.0,180.0,0.0
2025-07-09 06:45:00,84.55584,0.0,0.0,180.0,0.0
2025-07-09 06:50:00,81.66253,0.0,0.0,180.0,0.0
2025-07-09 06:55:00,151.43915,0.0,100.0,171.21589538842116,1261.9929166666666
2025-07-09 07:00:00,128.22607,0.0,0.0,171.21589538842116,0.0
2025-07-09 07:05:00,167.7866,0.0,100.0,162.43179077684232,1398.2216666666664
2025-07-09 07:10:00,209.11,0.0,100.0,153.64768616526348,1742.5833333333333
2025-07-09 07:15:00,251.8134,0.0,100.0,144.86358155368464,2098.4449999999997
2025-07-09 07:20:00,145.20685,0.0,100.0,136.0794769421058,1210.0570833333331
2025-07-09 07:25:00,184.02009,0.0,100.0,127.29537233052697,1533.50075
2025-07-09 07:30:00,181.72314,0.0,100.0,118.51126771894815,1514.3594999999998
2025-07-09 07:35:00,139.23,0.0,100.0,109.72716310736932,1160.2499999999998
2025-07-09 07:40:00,139.23,0.0,100.0,100.9430584957905,1160.2499999999998
2025-07-09 07:45:00,139.23,0.0,100.0,92.15895388421167,1160.2499999999998
2025-07-09 07:50:00,113.83009,0.0,0.0,92.15895388421167,0.0
2025-07-09 07:55:00,98.40181,0.0,0.0,92.15895388421167,0.0
2025-07-09 08:00:00,97.17311,0.0,0.0,92.15895388421167,0.0
2025-07-09 08:05:00,100.40635,0.0,0.0,92.15895388421167,0.0
2025-07-09 08:10:00,99.08424,0.0,0.0,92.15895388421167,0.0
2025-07-09 08:15:00,98.59115,0.0,0.0,92.15895388421167,0.0
2025-07-09 08:20:00,67.64954,0.0,0.0,92.15895388421167,0.0
2025-07-09 08:25:00,68.934,0.0,0.0,92.15895388421167,0.0
2025-07-09 08:30:00,63.0175,0.0,0.0,92.15895388421167,0.0
2025-07-09 08:35:00,69.02913,0.0,0.0,92.15895388421167,0.0
2025-07-09 08:40:00,64.56851,0.0,0.0,92.15895388421167,0.0
2025-07-09 08:45:00,45.41843,0.0,0.0,92.15895388421167,0.0
2025-07-09 08:50:00,8.95,100.0,0.0,100.06464803463261,-74.58333333333331
2025-07-09 08:55:00,8.95,100.0,0.0,107.97034218505355,-74.58333333333331
2025-07-09 09:00:00,0.0,100.0,0.0,115.8760363354745,-0.0
2025-07-09 09:05:00,-5.06,100.0,0.0,123.78173048589544,42.16666666666666
2025-07-09 09:10:00,-9.96,100.0,0.0,131.6874246363164,83.0
2025-07-09 09:15:00,4.19951,100.0,0.0,139.59311878673734,-34.99591666666666
2025-07-09 09:20:00,2.8342,100.0,0.0,147.49881293715828,-23.61833333333333
2025-07-09 09:25:00,0.41681,100.0,0.0,155.40450708757922,-3.473416666666666
2025-07-09 09:30:00,-9.96,100.0,0.0,163.31020123800016,83.0
2025-07-09 09:35:00,-9.83,100.0,0.0,171.2158953884211,81.91666666666666
2025-07-09 09:40:00,-9.83,100.0,0.0,179.12158953884204,81.91666666666666
2025-07-09 09:45:00,-0.01,11.111111111112022,0.0,180.0,0.009259259259260019
2025-07-09 09:50:00,-9.96,0.0,0.0,180.0,-0.0
2025-07-09 09:55:00,-9.96,0.0,0.0,180.0,-0.0
2025-07-09 10:00:00,-9.96,0.0,0.0,180.0,-0.0
2025-07-09 10:05:00,-16.5,0.0,0.0,180.0,-0.0
2025-07-09 10:10:00,-18.14,0.0,0.0,180.0,-0.0
2025-07-09 10:15:00,-16.49976,0.0,0.0,180.0,-0.0
2025-07-09 10:20:00,-16.49976,0.0,0.0,180.0,-0.0
2025-07-09 10:25:00,-16.49976,0.0,0.0,180.0,-0.0
2025-07-09 10:30:00,-16.5,0.0,0.0,180.0,-0.0
2025-07-09 10:35:00,-16.49,0.0,0.0,180.0,-0.0
2025-07-09 10:40:00,-16.49976,0.0,0.0,180.0,-0.0
2025-07-09 10:45:00,-16.49976,0.0,0.0,180.0,-0.0
2025-07-09 10:50:00,-16.5,0.0,0.0,180.0,-0.0
2025-07-09 10:55:00,-16.5,0.0,0.0,180.0,-0.0
2025-07-09 11:00:00,-16.5,0.0,0.0,180.0,-0.0
2025-07-09 11:05:00,-18.0,0.0,0.0,180.0,-0.0
2025-07-09 11:10:00,-16.5,0.0,0.0,180.0,-0.0
2025-07-09 11:15:00,-19.1,0.0,0.0,180.0,-0.0
2025-07-09 11:20:00,-24.42,0.0,0.0,180.0,-0.0
2025-07-09 11:25:00,-23.06,0.0,0.0,180.0,-0.0
2025-07-09 11:30:00,-24.42,0.0,0.0,180.0,-0.0
2025-07-09 11:35:00,-19.99,0.0,0.0,180.0,-0.0
2025-07-09 11:40:00,-16.49976,0.0,0.0,180.0,-0.0
2025-07-09 11:45:00,-16.5,0.0,0.0,180.0,-0.0
2025-07-09 11:50:00,-16.49976,0.0,0.0,180.0,-0.0
2025-07-09 11:55:00,-16.49976,0.0,0.0,180.0,-0.0
2025-07-09 12:00:00,-16.49976,0.0,0.0,180.0,-0.0
2025-07-09 12:05:00,-16.5,0.0,0.0,180.0,-0.0
2025-07-09 12:10:00,-16.5,0.0,0.0,180.0,-0.0
2025-07-09 12:15:00,-20.0,0.0,0.0,180.0,-0.0
2025-07-09 12:20:00,-16.5,0.0,0.0,180.0,-0.0
2025-07-09 12:25:00,-16.5,0.0,0.0,180.0,-0.0
2025-07-09 12:30:00,-19.99,0.0,0.0,180.0,-0.0
2025-07-09 12:35:00,-19.99,0.0,0.0,180.0,-0.0
2025-07-09 12:40:00,-16.49976,0.0,0.0,180.0,-0.0
2025-07-09 12:45:00,-16.49976,0.0,0.0,180.0,-0.0
2025-07-09 12:50:00,-16.49976,0.0,0.0,180.0,-0.0
2025-07-09 12:55:00,-16.5,0.0,0.0,180.0,-0.0
2025-07-09 13:00:00,-20.0,0.0,0.0,180.0,-0.0
2025-07-09 13:05:00,-16.49976,0.0,0.0,180.0,-0.0
2025-07-09 13:10:00,-16.49976,0.0,0.0,180.0,-0.0
2025-07-09 13:15:00,-15.03,0.0,0.0,180.0,-0.0
2025-07-09 13:20:00,-9.96,0.0,0.0,180.0,-0.0
2025-07-09 13:25:00,-3.49219,0.0,0.0,180.0,-0.0
2025-07-09 13:30:00,-13.12799,0.0,0.0,180.0,-0.0
2025-07-09 13:35:00,-9.83,0.0,0.0,180.0,-0.0
2025-07-09 13:40:00,-20.0,0.0,0.0,180.0,-0.0
2025-07-09 13:45:00,-19.27341,0.0,0.0,180.0,-0.0
2025-07-09 13:50:00,-19.99,0.0,0.0,180.0,-0.0
2025-07-09 13:55:00,-18.0,0.0,0.0,180.0,-0.0
2025-07-09 14:00:00,-19.5,0.0,0.0,180.0,-0.0
2025-07-09 14:05:00,-16.49976,0.0,0.0,180.0,-0.0
2025-07-09 14:10:00,-16.49976,0.0,0.0,180.0,-0.0
2025-07-09 14:15:00,-0.00975,0.0,0.0,180.0,-0.0
2025-07-09 14:20:00,12.31976,0.0,0.0,180.0,0.0
2025-07-09 14:25:00,33.42644,0.0,0.0,180.0,0.0
2025-07-09 14:30:00,8.95,0.0,0.0,180.0,0.0
2025-07-09 14:35:00,-4.56217,0.0,0.0,180.0,-0.0
2025-07-09 14:40:00,8.95,0.0,0.0,180.0,0.0
2025-07-09 14:45:00,-3.78732,0.0,0.0,180.0,-0.0
2025-07-09 14:50:00,5.87402,0.0,0.0,180.0,0.0
2025-07-09 14:55:00,8.95,0.0,0.0,180.0,0.0
2025-07-09 15:00:00,20.0,0.0,0.0,180.0,0.0
2025-07-09 15:05:00,34.73996,0.0,0.0,180.0,0.0
2025-07-09 15:10:00,41.17239,0.0,0.0,180.0,0.0
2025-07-09 15:15:00,40.38737,0.0,0.0,180.0,0.0
2025-07-09 15:20:00,14.01558,0.0,0.0,180.0,0.0
2025-07-09 15:25:00,20.0,0.0,0.0,180.0,0.0
2025-07-09 15:30:00,19.99583,0.0,0.0,180.0,0.0
2025-07-09 15:35:00,19.99583,0.0,0.0,180.0,0.0
2025-07-09 15:40:00,39.11353,0.0,0.0,180.0,0.0
2025-07-09 15:45:00,40.13999,0.0,0.0,180.0,0.0
2025-07-09 15:50:00,67.56129,0.0,0.0,180.0,0.0
2025-07-09 15:55:00,54.32554,0.0,0.0,180.0,0.0
2025-07-09 16:00:00,36.76,0.0,0.0,180.0,0.0
2025-07-09 16:05:00,20.04,0.0,0.0,180.0,0.0
2025-07-09 16:10:00,20.76,0.0,0.0,180.0,0.0
2025-07-09 16:15:00,19.18,0.0,0.0,180.0,0.0
2025-07-09 16:20:00,27.50288,0.0,0.0,180.0,0.0
2025-07-09 16:25:00,18.61049,0.0,0.0,180.0,0.0
2025-07-09 16:30:00,6.00815,0.0,0.0,180.0,0.0
2025-07-09 16:35:00,12.75371,0.0,0.0,180.0,0.0
2025-07-09 16:40:00,18.19614,0.0,0.0,180.0,0.0
2025-07-09 16:45:00,33.2607,0.0,0.0,180.0,0.0
2025-07-09 16:50:00,142.59703,0.0,100.0,171.21589538842116,1188.308583333333
2025-07-09 16:55:00,182.03561,0.0,100.0,162.43179077684232,1516.9634166666665
2025-07-09 17:00:00,200.68185,0.0,100.0,153.64768616526348,1672.3487499999997
2025-07-09 17:05:00,132.29688,0.0,0.0,153.64768616526348,0.0
2025-07-09 17:10:00,133.15153,0.0,0.0,153.64768616526348,0.0
2025-07-09 17:15:00,144.39702,0.0,100.0,144.86358155368464,1203.3084999999999
2025-07-09 17:20:00,292.05035,0.0,100.0,136.0794769421058,2433.7529166666664
2025-07-09 17:25:00,308.2456,0.0,100.0,127.29537233052697,2568.713333333333
2025-07-09 17:30:00,363.78741,0.0,100.0,118.51126771894815,3031.56175
2025-07-09 17:35:00,315.50163,0.0,100.0,109.72716310736932,2629.1802499999994
2025-07-09 17:40:00,204.2993,0.0,100.0,100.9430584957905,1702.4941666666664
2025-07-09 17:45:00,327.12518,0.0,100.0,92.15895388421167,2726.0431666666664
2025-07-09 17:50:00,150.63786,0.0,100.0,83.37484927263284,1255.3154999999997
2025-07-09 17:55:00,219.04595,0.0,100.0,74.59074466105402,1825.3829166666665
2025-07-09 18:00:00,131.5787,0.0,0.0,74.59074466105402,0.0
2025-07-09 18:05:00,121.55213,0.0,0.0,74.59074466105402,0.0
2025-07-09 18:10:00,135.47042,0.0,100.0,65.80664004947519,1128.9201666666663
2025-07-09 18:15:00,106.54,0.0,0.0,65.80664004947519,0.0
2025-07-09 18:20:00,131.5785,0.0,0.0,65.80664004947519,0.0
2025-07-09 18:25:00,131.57884,0.0,0.0,65.80664004947519,0.0
2025-07-09 18:30:00,106.54,0.0,0.0,65.80664004947519,0.0
2025-07-09 18:35:00,318.36452,0.0,100.0,57.02253543789636,2653.0376666666666
2025-07-09 18:40:00,304.69283,0.0,100.0,48.238430826317526,2539.1069166666666
2025-07-09 18:45:00,211.5571,0.0,100.0,39.45432621473869,1762.975833333333
2025-07-09 18:50:00,275.96648,0.0,100.0,30.67022160315986,2299.720666666666
2025-07-09 18:55:00,284.96891,0.0,100.0,21.886116991581027,2374.740916666666
2025-07-09 19:00:00,301.29309,0.0,21.471932256986417,20.0,539.1120681648426
2025-07-09 19:05:00,282.75,0.0,0.0,20.0,0.0
2025-07-09 19:10:00,295.50745,0.0,0.0,20.0,0.0
2025-07-09 19:15:00,263.02034,0.0,0.0,20.0,0.0
2025-07-09 19:20:00,143.97189,0.0,0.0,20.0,0.0
2025-07-09 19:25:00,100.84034,0.0,0.0,20.0,0.0
2025-07-09 19:30:00,99.77181,0.0,0.0,20.0,0.0
2025-07-09 19:35:00,121.55227,0.0,0.0,20.0,0.0
2025-07-09 19:40:00,88.52766,0.0,0.0,20.0,0.0
2025-07-09 19:45:00,121.55213,0.0,0.0,20.0,0.0
2025-07-09 19:50:00,105.00611,0.0,0.0,20.0,0.0
2025-07-09 19:55:00,103.35086,0.0,0.0,20.0,0.0
2025-07-09 20:00:00,99.15471,0.0,0.0,20.0,0.0
2025-07-09 20:05:00,121.55165,0.0,0.0,20.0,0.0
2025-07-09 20:10:00,121.55165,0.0,0.0,20.0,0.0
2025-07-09 20:15:00,31.80596,0.0,0.0,20.0,0.0
2025-07-09 20:20:00,-39.51,100.0,0.0,27.90569415042095,329.24999999999994
2025-07-09 20:25:00,-16.49951,100.0,0.0,35.8113883008419,137.49591666666666
2025-07-09 20:30:00,-9.83,100.0,0.0,43.71708245126285,81.91666666666666
2025-07-09 20:35:00,110.64723,0.0,0.0,43.71708245126285,0.0
2025-07-09 20:40:00,110.64725,0.0,0.0,43.71708245126285,0.0
2025-07-09 20:45:00,98.98871,0.0,0.0,43.71708245126285,0.0
2025-07-09 20:50:00,100.40635,0.0,0.0,43.71708245126285,0.0
2025-07-09 20:55:00,100.66713,0.0,0.0,43.71708245126285,0.0
2025-07-09 21:00:00,95.31708,0.0,0.0,43.71708245126285,0.0
2025-07-09 21:05:00,100.93879,0.0,0.0,43.71708245126285,0.0
2025-07-09 21:10:00,99.75405,0.0,0.0,43.71708245126285,0.0
2025-07-09 21:15:00,88.49559,0.0,0.0,43.71708245126285,0.0
2025-07-09 21:20:00,85.79795,0.0,0.0,43.71708245126285,0.0
2025-07-09 21:25:00,72.14384,0.0,0.0,43.71708245126285,0.0
2025-07-09 21:30:00,85.19474,0.0,0.0,43.71708245126285,0.0
2025-07-09 21:35:00,72.98846,0.0,0.0,43.71708245126285,0.0
2025-07-09 21:40:00,73.79987,0.0,0.0,43.71708245126285,0.0
2025-07-09 21:45:00,73.62401,0.0,0.0,43.71708245126285,0.0
2025-07-09 21:50:00,65.48546,0.0,0.0,43.71708245126285,0.0
2025-07-09 21:55:00,68.29575,0.0,0.0,43.71708245126285,0.0
2025-07-09 22:00:00,69.86993,0.0,0.0,43.71708245126285,0.0
2025-07-09 22:05:00,85.25812,0.0,0.0,43.71708245126285,0.0
2025-07-09 22:10:00,84.43211,0.0,0.0,43.71708245126285,0.0
2025-07-09 22:15:00,102.29634,0.0,0.0,43.71708245126285,0.0
2025-07-09 22:20:00,99.63205,0.0,0.0,43.71708245126285,0.0
2025-07-09 22:25:00,94.53653,0.0,0.0,43.71708245126285,0.0
2025-07-09 22:30:00,99.40864,0.0,0.0,43.71708245126285,0.0
2025-07-09 22:35:00,83.3969,0.0,0.0,43.71708245126285,0.0
2025-07-09 22:40:00,83.20272,0.0,0.0,43.71708245126285,0.0
2025-07-09 22:45:00,85.62594,0.0,0.0,43.71708245126285,0.0
2025-07-09 22:50:00,81.20996,0.0,0.0,43.71708245126285,0.0
2025-07-09 22:55:00,72.80003,0.0,0.0,43.71708245126285,0.0
2025-07-09 23:00:00,72.2576,0.0,0.0,43.71708245126285,0.0
2025-07-09 23:05:00,83.11007,0.0,0.0,43.71708245126285,0.0
2025-07-09 23:10:00,97.4639,0.0,0.0,43.71708245126285,0.0
2025-07-09 23:15:00,100.62459,0.0,0.0,43.71708245126285,0.0
2025-07-09 23:20:00,95.00024,0.0,0.0,43.71708245126285,0.0
2025-07-09 23:25:00,99.3766,0.0,0.0,43.71708245126285,0.0
2025-07-09 23:30:00,78.85243,0.0,0.0,43.71708245126285,0.0
2025-07-09 23:35:00,90.56303,0.0,0.0,43.71708245126285,0.0
2025-07-09 23:40:00,93.30443,0.0,0.0,43.71708245126285,0.0
2025-07-09 23:45:00,93.94379,0.0,0.0,43.71708245126285,0.0
2025-07-09 23:50:00,98.31251,0.0,0.0,43.71708245126285,0.0
2025-07-09 23:55:00,87.12286,0.0,0.0,43.71708245126285,0.0
2025-07-10 00:00:00,88.75966,0.0,0.0,43.71708245126285,0.0
2025-07-10 00:05:00,88.77158,0.0,0.0,43.71708245126285,0.0
2025-07-10 00:10:00,94.98706,0.0,0.0,43.71708245126285,0.0
2025-07-10 00:15:00,93.47312,0.0,0.0,43.71708245126285,0.0
2025-07-10 00:20:00,99.50655,0.0,0.0,43.71708245126285,0.0
2025-07-10 00:25:00,92.02139,0.0,0.0,43.71708245126285,0.0
2025-07-10 00:30:00,80.07106,0.0,0.0,43.71708245126285,0.0
2025-07-10 00:35:00,81.95595,0.0,0.0,43.71708245126285,0.0
2025-07-10 00:40:00,81.49316,0.0,0.0,43.71708245126285,0.0
2025-07-10 00:45:00,75.29494,0.0,0.0,43.71708245126285,0.0
2025-07-10 00:50:00,74.64037,0.0,0.0,43.71708245126285,0.0
2025-07-10 00:55:00,82.3177,0.0,0.0,43.71708245126285,0.0
2025-07-10 01:00:00,81.59299,0.0,0.0,43.71708245126285,0.0
2025-07-10 01:05:00,94.63376,0.0,0.0,43.71708245126285,0.0
2025-07-10 01:10:00,98.92613,0.0,0.0,43.71708245126285,0.0
2025-07-10 01:15:00,97.57966,0.0,0.0,43.71708245126285,0.0
2025-07-10 01:20:00,84.13815,0.0,0.0,43.71708245126285,0.0
2025-07-10 01:25:00,73.04104,0.0,0.0,43.71708245126285,0.0
2025-07-10 01:30:00,72.745,0.0,0.0,43.71708245126285,0.0
2025-07-10 01:35:00,72.47666,0.0,0.0,43.71708245126285,0.0
2025-07-10 01:40:00,72.71397,0.0,0.0,43.71708245126285,0.0
2025-07-10 01:45:00,72.00051,0.0,0.0,43.71708245126285,0.0
2025-07-10 01:50:00,72.71872,0.0,0.0,43.71708245126285,0.0
2025-07-10 01:55:00,73.86186,0.0,0.0,43.71708245126285,0.0
2025-07-10 02:00:00,72.6464,0.0,0.0,43.71708245126285,0.0
2025-07-10 02:05:00,80.26601,0.0,0.0,43.71708245126285,0.0
2025-07-10 02:10:00,81.29752,0.0,0.0,43.71708245126285,0.0
2025-07-10 02:15:00,73.14161,0.0,0.0,43.71708245126285,0.0
2025-07-10 02:20:00,71.93507,0.0,0.0,43.71708245126285,0.0
2025-07-10 02:25:00,69.64734,0.0,0.0,43.71708245126285,0.0
2025-07-10 02:30:00,68.98886,0.0,0.0,43.71708245126285,0.0
2025-07-10 02:35:00,70.97803,0.0,0.0,43.71708245126285,0.0
2025-07-10 02:40:00,71.46942,0.0,0.0,43.71708245126285,0.0
2025-07-10 02:45:00,70.72638,0.0,0.0,43.71708245126285,0.0
2025-07-10 02:50:00,70.81126,0.0,0.0,43.71708245126285,0.0
2025-07-10 02:55:00,70.70661,0.0,0.0,43.71708245126285,0.0
2025-07-10 03:00:00,70.19266,0.0,0.0,43.71708245126285,0.0
2025-07-10 03:05:00,69.17023,0.0,0.0,43.71708245126285,0.0
2025-07-10 03:10:00,66.10627,0.0,0.0,43.71708245126285,0.0
2025-07-10 03:15:00,50.11863,0.0,0.0,43.71708245126285,0.0
2025-07-10 03:20:00,49.38808,0.0,0.0,43.71708245126285,0.0
2025-07-10 03:25:00,49.31425,0.0,0.0,43.71708245126285,0.0
2025-07-10 03:30:00,54.65115,0.0,0.0,43.71708245126285,0.0
2025-07-10 03:35:00,49.2862,0.0,0.0,43.71708245126285,0.0
2025-07-10 03:40:00,64.16083,0.0,0.0,43.71708245126285,0.0
2025-07-10 03:45:00,66.83427,0.0,0.0,43.71708245126285,0.0
2025-07-10 03:50:00,64.22536,0.0,0.0,43.71708245126285,0.0
2025-07-10 03:55:00,60.6386,0.0,0.0,43.71708245126285,0.0
2025-07-10 04:00:00,48.24887,0.0,0.0,43.71708245126285,0.0
2025-07-10 04:05:00,61.27477,0.0,0.0,43.71708245126285,0.0
2025-07-10 04:10:00,64.291,0.0,0.0,43.71708245126285,0.0
2025-07-10 04:15:00,62.1136,0.0,0.0,43.71708245126285,0.0
2025-07-10 04:20:00,59.87634,0.0,0.0,43.71708245126285,0.0
2025-07-10 04:25:00,65.16763,0.0,0.0,43.71708245126285,0.0
2025-07-10 04:30:00,63.99327,0.0,0.0,43.71708245126285,0.0
2025-07-10 04:35:00,19.18,0.0,0.0,43.71708245126285,0.0
2025-07-10 04:40:00,19.76731,0.0,0.0,43.71708245126285,0.0
2025-07-10 04:45:00,19.18,0.0,0.0,43.71708245126285,0.0
2025-07-10 04:50:00,19.18,0.0,0.0,43.71708245126285,0.0
2025-07-10 04:55:00,19.18,0.0,0.0,43.71708245126285,0.0
2025-07-10 05:00:00,19.18,0.0,0.0,43.71708245126285,0.0
2025-07-10 05:05:00,20.0,0.0,0.0,43.71708245126285,0.0
2025-07-10 05:10:00,19.28495,0.0,0.0,43.71708245126285,0.0
2025-07-10 05:15:00,20.0,0.0,0.0,43.71708245126285,0.0
2025-07-10 05:20:00,19.18,0.0,0.0,43.71708245126285,0.0
2025-07-10 05:25:00,20.0,0.0,0.0,43.71708245126285,0.0
2025-07-10 05:30:00,19.18,0.0,0.0,43.71708245126285,0.0
2025-07-10 05:35:00,8.95,100.0,0.0,51.622776601683796,-74.58333333333331
2025-07-10 05:40:00,20.53,0.0,0.0,51.622776601683796,0.0
2025-07-10 05:45:00,26.26213,0.0,0.0,51.622776601683796,0.0
2025-07-10 05:50:00,28.17274,0.0,0.0,51.622776601683796,0.0
2025-07-10 05:55:00,19.18,0.0,0.0,51.622776601683796,0.0
2025-07-10 06:00:00,19.18,0.0,0.0,51.622776601683796,0.0
2025-07-10 06:05:00,33.65155,0.0,0.0,51.622776601683796,0.0
2025-07-10 06:10:00,33.68063,0.0,0.0,51.622776601683796,0.0
2025-07-10 06:15:00,35.94,0.0,0.0,51.622776601683796,0.0
2025-07-10 06:20:00,35.94,0.0,0.0,51.622776601683796,0.0
2025-07-10 06:25:00,68.02507,0.0,0.0,51.622776601683796,0.0
2025-07-10 06:30:00,44.3941,0.0,0.0,51.622776601683796,0.0
2025-07-10 06:35:00,65.64382,0.0,0.0,51.622776601683796,0.0
2025-07-10 06:40:00,66.5375,0.0,0.0,51.622776601683796,0.0
2025-07-10 06:45:00,57.48252,0.0,0.0,51.622776601683796,0.0
2025-07-10 06:50:00,20.00007,0.0,0.0,51.622776601683796,0.0
2025-07-10 06:55:00,44.94817,0.0,0.0,51.622776601683796,0.0
2025-07-10 07:00:00,19.18,0.0,0.0,51.622776601683796,0.0
2025-07-10 07:05:00,20.0,0.0,0.0,51.622776601683796,0.0
2025-07-10 07:10:00,23.23,0.0,0.0,51.622776601683796,0.0
2025-07-10 07:15:00,98.95831,0.0,0.0,51.622776601683796,0.0
2025-07-10 07:20:00,104.58688,0.0,0.0,51.622776601683796,0.0
2025-07-10 07:25:00,107.60013,0.0,0.0,51.622776601683796,0.0
2025-07-10 07:30:00,95.34224,0.0,0.0,51.622776601683796,0.0
2025-07-10 07:35:00,102.32026,0.0,0.0,51.622776601683796,0.0
2025-07-10 07:40:00,105.42096,0.0,0.0,51.622776601683796,0.0
2025-07-10 07:45:00,104.78,0.0,0.0,51.622776601683796,0.0
2025-07-10 07:50:00,99.20622,0.0,0.0,51.622776601683796,0.0
2025-07-10 07:55:00,72.47525,0.0,0.0,51.622776601683796,0.0
2025-07-10 08:00:00,70.06163,0.0,0.0,51.622776601683796,0.0
2025-07-10 08:05:00,42.19288,0.0,0.0,51.622776601683796,0.0
2025-07-10 08:10:00,55.2394,0.0,0.0,51.622776601683796,0.0
2025-07-10 08:15:00,67.41016,0.0,0.0,51.622776601683796,0.0
2025-07-10 08:20:00,56.97561,0.0,0.0,51.622776601683796,0.0
2025-07-10 08:25:00,69.45,0.0,0.0,51.622776601683796,0.0
2025-07-10 08:30:00,68.33473,0.0,0.0,51.622776601683796,0.0
2025-07-10 08:35:00,47.97161,0.0,0.0,51.622776601683796,0.0
2025-07-10 08:40:00,33.93844,0.0,0.0,51.622776601683796,0.0
2025-07-10 08:45:00,46.04691,0.0,0.0,51.622776601683796,0.0
2025-07-10 08:50:00,43.91973,0.0,0.0,51.622776601683796,0.0
2025-07-10 08:55:00,35.31951,0.0,0.0,51.622776601683796,0.0
2025-07-10 09:00:00,34.56835,0.0,0.0,51.622776601683796,0.0
2025-07-10 09:05:00,35.04164,0.0,0.0,51.622776601683796,0.0
2025-07-10 09:10:00,61.75016,0.0,0.0,51.622776601683796,0.0
2025-07-10 09:15:00,5.80713,100.0,0.0,59.528470752104745,-48.39274999999999
2025-07-10 09:20:00,-0.01,100.0,0.0,67.4341649025257,0.08333333333333333
2025-07-10 09:25:00,0.00992,100.0,0.0,75.33985905294664,-0.08266666666666665
2025-07-10 09:30:00,43.12332,0.0,0.0,75.33985905294664,0.0
2025-07-10 09:35:00,23.61007,0.0,0.0,75.33985905294664,0.0
2025-07-10 09:40:00,8.95052,0.0,0.0,75.33985905294664,0.0
2025-07-10 09:45:00,8.95,100.0,0.0,83.24555320336758,-74.58333333333331
2025-07-10 09:50:00,19.53658,0.0,0.0,83.24555320336758,0.0
2025-07-10 09:55:00,20.57578,0.0,0.0,83.24555320336758,0.0
2025-07-10 10:00:00,-0.01,100.0,0.0,91.15124735378852,0.08333333333333333
2025-07-10 10:05:00,2.43127,100.0,0.0,99.05694150420946,-20.26058333333333
2025-07-10 10:10:00,41.43323,0.0,0.0,99.05694150420946,0.0
2025-07-10 10:15:00,20.04,0.0,0.0,99.05694150420946,0.0
2025-07-10 10:20:00,20.04,0.0,0.0,99.05694150420946,0.0
2025-07-10 10:25:00,4.93179,100.0,0.0,106.9626356546304,-41.09825
2025-07-10 10:30:00,19.18,0.0,0.0,106.9626356546304,0.0
2025-07-10 10:35:00,-9.83,100.0,0.0,114.86832980505135,81.91666666666666
2025-07-10 10:40:00,-16.49976,100.0,0.0,122.77402395547229,137.49799999999996
2025-07-10 10:45:00,-9.96,100.0,0.0,130.67971810589324,83.0
2025-07-10 10:50:00,-15.03,100.0,0.0,138.58541225631419,125.24999999999997
2025-07-10 10:55:00,-15.03,100.0,0.0,146.49110640673513,125.24999999999997
2025-07-10 11:00:00,-0.01,100.0,0.0,154.39680055715607,0.08333333333333333
2025-07-10 11:05:00,7.62958,100.0,0.0,162.302494707577,-63.579833333333326
2025-07-10 11:10:00,8.9498,100.0,0.0,170.20818885799795,-74.58166666666665
2025-07-10 11:15:00,-0.01,100.0,0.0,178.1138830084189,0.08333333333333333
2025-07-10 11:20:00,-9.83,23.857702507763676,0.0,180.0,19.543434637609742
2025-07-10 11:25:00,-5.06,0.0,0.0,180.0,-0.0
2025-07-10 11:30:00,8.95,0.0,0.0,180.0,0.0
2025-07-10 11:35:00,8.95,0.0,0.0,180.0,0.0
2025-07-10 11:40:00,-9.83,0.0,0.0,180.0,-0.0
2025-07-10 11:45:00,-16.49976,0.0,0.0,180.0,-0.0
2025-07-10 11:50:00,-16.49976,0.0,0.0,180.0,-0.0
2025-07-10 11:55:00,-16.49976,0.0,0.0,180.0,-0.0
2025-07-10 12:00:00,-16.49952,0.0,0.0,180.0,-0.0
2025-07-10 12:05:00,-11.53325,0.0,0.0,180.0,-0.0
2025-07-10 12:10:00,-9.96,0.0,0.0,180.0,-0.0
2025-07-10 12:15:00,-5.06,0.0,0.0,180.0,-0.0
2025-07-10 12:20:00,-15.18724,0.0,0.0,180.0,-0.0
2025-07-10 12:25:00,-9.96,0.0,0.0,180.0,-0.0
2025-07-10 12:30:00,0.0,0.0,0.0,180.0,0.0
2025-07-10 12:35:00,4.61778,0.0,0.0,180.0,0.0
2025-07-10 12:40:00,8.52018,0.0,0.0,180.0,0.0
2025-07-10 12:45:00,0.0,0.0,0.0,180.0,0.0
2025-07-10 12:50:00,-16.5,0.0,0.0,180.0,-0.0
2025-07-10 12:55:00,-9.96,0.0,0.0,180.0,-0.0
2025-07-10 13:00:00,-12.95767,0.0,0.0,180.0,-0.0
2025-07-10 13:05:00,11.68402,0.0,0.0,180.0,0.0
2025-07-10 13:10:00,8.36781,0.0,0.0,180.0,0.0
2025-07-10 13:15:00,8.95,0.0,0.0,180.0,0.0
2025-07-10 13:20:00,-9.96,0.0,0.0,180.0,-0.0
2025-07-10 13:25:00,-9.96,0.0,0.0,180.0,-0.0
2025-07-10 13:30:00,6.41619,0.0,0.0,180.0,0.0
2025-07-10 13:35:00,0.0,0.0,0.0,180.0,0.0
2025-07-10 13:40:00,-9.96,0.0,0.0,180.0,-0.0
2025-07-10 13:45:00,10.90001,0.0,0.0,180.0,0.0
2025-07-10 13:50:00,16.54977,0.0,0.0,180.0,0.0
2025-07-10 13:55:00,8.95,0.0,0.0,180.0,0.0
2025-07-10 14:00:00,20.04,0.0,0.0,180.0,0.0
2025-07-10 14:05:00,10.17796,0.0,0.0,180.0,0.0
2025-07-10 14:10:00,-16.49976,0.0,0.0,180.0,-0.0
2025-07-10 14:15:00,-16.49976,0.0,0.0,180.0,-0.0
2025-07-10 14:20:00,-16.49976,0.0,0.0,180.0,-0.0
2025-07-10 14:25:00,13.13322,0.0,0.0,180.0,0.0
2025-07-10 14:30:00,8.9502,0.0,0.0,180.0,0.0
2025-07-10 14:35:00,-16.49976,0.0,0.0,180.0,-0.0
2025-07-10 14:40:00,-16.49976,0.0,0.0,180.0,-0.0
2025-07-10 14:45:00,0.0,0.0,0.0,180.0,0.0
2025-07-10 14:50:00,-16.49976,0.0,0.0,180.0,-0.0
2025-07-10 14:55:00,-16.0,0.0,0.0,180.0,-0.0
2025-07-10 15:00:00,0.0,0.0,0.0,180.0,0.0
2025-07-10 15:05:00,-9.96,0.0,0.0,180.0,-0.0
2025-07-10 15:10:00,-9.96,0.0,0.0,180.0,-0.0
2025-07-10 15:15:00,-9.83,0.0,0.0,180.0,-0.0
2025-07-10 15:20:00,-9.83,0.0,0.0,180.0,-0.0
2025-07-10 15:25:00,-9.83,0.0,0.0,180.0,-0.0
2025-07-10 15:30:00,8.95,0.0,0.0,180.0,0.0
2025-07-10 15:35:00,20.04,0.0,0.0,180.0,0.0
2025-07-10 15:40:00,20.04,0.0,0.0,180.0,0.0
2025-07-10 15:45:00,22.86792,0.0,0.0,180.0,0.0
2025-07-10 15:50:00,8.95,0.0,0.0,180.0,0.0
2025-07-10 15:55:00,25.66925,0.0,0.0,180.0,0.0
2025-07-10 16:00:00,24.98768,0.0,0.0,180.0,0.0
2025-07-10 16:05:00,-9.83,0.0,0.0,180.0,-0.0
2025-07-10 16:10:00,-9.96,0.0,0.0,180.0,-0.0
2025-07-10 16:15:00,8.95,0.0,0.0,180.0,0.0
2025-07-10 16:20:00,34.72335,0.0,0.0,180.0,0.0
2025-07-10 16:25:00,72.30152,0.0,0.0,180.0,0.0
2025-07-10 16:30:00,85.3066,0.0,0.0,180.0,0.0
2025-07-10 16:35:00,110.90704,0.0,0.0,180.0,0.0
2025-07-10 16:40:00,137.7846,0.0,100.0,171.21589538842116,1148.205
2025-07-10 16:45:00,140.55,0.0,100.0,162.43179077684232,1171.25
2025-07-10 16:50:00,163.70109,0.0,100.0,153.64768616526348,1364.1757499999997
2025-07-10 16:55:00,134.25,0.0,0.0,153.64768616526348,0.0
2025-07-10 17:00:00,119.98661,0.0,0.0,153.64768616526348,0.0
2025-07-10 17:05:00,107.34013,0.0,0.0,153.64768616526348,0.0
2025-07-10 17:10:00,105.8831,0.0,0.0,153.64768616526348,0.0
2025-07-10 17:15:00,105.06,0.0,0.0,153.64768616526348,0.0
2025-07-10 17:20:00,112.5971,0.0,0.0,153.64768616526348,0.0
2025-07-10 17:25:00,123.2558,0.0,0.0,153.64768616526348,0.0
2025-07-10 17:30:00,120.60724,0.0,0.0,153.64768616526348,0.0
2025-07-10 17:35:00,120.66094,0.0,0.0,153.64768616526348,0.0
2025-07-10 17:40:00,125.42,0.0,0.0,153.64768616526348,0.0
2025-07-10 17:45:00,121.86197,0.0,0.0,153.64768616526348,0.0
2025-07-10 17:50:00,122.02,0.0,0.0,153.64768616526348,0.0
2025-07-10 17:55:00,115.46726,0.0,0.0,153.64768616526348,0.0
2025-07-10 18:00:00,119.5,0.0,0.0,153.64768616526348,0.0
2025-07-10 18:05:00,121.49816,0.0,0.0,153.64768616526348,0.0
2025-07-10 18:10:00,119.5,0.0,0.0,153.64768616526348,0.0
2025-07-10 18:15:00,116.85503,0.0,0.0,153.64768616526348,0.0
2025-07-10 18:20:00,119.5,0.0,0.0,153.64768616526348,0.0
2025-07-10 18:25:00,119.5,0.0,0.0,153.64768616526348,0.0
2025-07-10 18:30:00,119.5,0.0,0.0,153.64768616526348,0.0
2025-07-10 18:35:00,121.65657,0.0,0.0,153.64768616526348,0.0
2025-07-10 18:40:00,107.91867,0.0,0.0,153.64768616526348,0.0
2025-07-10 18:45:00,114.09043,0.0,0.0,153.64768616526348,0.0
2025-07-10 18:50:00,110.1984,0.0,0.0,153.64768616526348,0.0
2025-07-10 18:55:00,121.03237,0.0,0.0,153.64768616526348,0.0
2025-07-10 19:00:00,111.32053,0.0,0.0,153.64768616526348,0.0
2025-07-10 19:05:00,122.02,0.0,0.0,153.64768616526348,0.0
2025-07-10 19:10:00,125.83215,0.0,0.0,153.64768616526348,0.0
2025-07-10 19:15:00,113.61545,0.0,0.0,153.64768616526348,0.0
2025-07-10 19:20:00,122.02,0.0,0.0,153.64768616526348,0.0
2025-07-10 19:25:00,122.02,0.0,0.0,153.64768616526348,0.0
2025-07-10 19:30:00,111.96962,0.0,0.0,153.64768616526348,0.0
2025-07-10 19:35:00,112.62546,0.0,0.0,153.64768616526348,0.0
2025-07-10 19:40:00,118.22968,0.0,0.0,153.64768616526348,0.0
2025-07-10 19:45:00,108.91838,0.0,0.0,153.64768616526348,0.0
2025-07-10 19:50:00,109.37046,0.0,0.0,153.64768616526348,0.0
2025-07-10 19:55:00,105.42,0.0,0.0,153.64768616526348,0.0
2025-07-10 20:00:00,99.74731,0.0,0.0,153.64768616526348,0.0
2025-07-10 20:05:00,105.03643,0.0,0.0,153.64768616526348,0.0
2025-07-10 20:10:00,105.42,0.0,0.0,153.64768616526348,0.0
2025-07-10 20:15:00,102.06684,0.0,0.0,153.64768616526348,0.0
2025-07-10 20:20:00,90.43694,0.0,0.0,153.64768616526348,0.0
2025-07-10 20:25:00,91.39593,0.0,0.0,153.64768616526348,0.0
2025-07-10 20:30:00,89.93158,0.0,0.0,153.64768616526348,0.0
2025-07-10 20:35:00,90.87358,0.0,0.0,153.64768616526348,0.0
2025-07-10 20:40:00,90.06973,0.0,0.0,153.64768616526348,0.0
2025-07-10 20:45:00,90.0786,0.0,0.0,153.64768616526348,0.0
2025-07-10 20:50:00,90.1029,0.0,0.0,153.64768616526348,0.0
2025-07-10 20:55:00,82.7836,0.0,0.0,153.64768616526348,0.0
2025-07-10 21:00:00,81.45935,0.0,0.0,153.64768616526348,0.0
2025-07-10 21:05:00,89.37817,0.0,0.0,153.64768616526348,0.0
2025-07-10 21:10:00,80.85344,0.0,0.0,153.64768616526348,0.0
2025-07-10 21:15:00,76.05413,0.0,0.0,153.64768616526348,0.0
2025-07-10 21:20:00,70.94842,0.0,0.0,153.64768616526348,0.0
2025-07-10 21:25:00,70.92224,0.0,0.0,153.64768616526348,0.0
2025-07-10 21:30:00,69.53164,0.0,0.0,153.64768616526348,0.0
2025-07-10 21:35:00,67.41604,0.0,0.0,153.64768616526348,0.0
2025-07-10 21:40:00,67.86679,0.0,0.0,153.64768616526348,0.0
2025-07-10 21:45:00,48.70442,0.0,0.0,153.64768616526348,0.0
2025-07-10 21:50:00,46.44494,0.0,0.0,153.64768616526348,0.0
2025-07-10 21:55:00,45.15641,0.0,0.0,153.64768616526348,0.0
2025-07-10 22:00:00,35.97367,0.0,0.0,153.64768616526348,0.0
2025-07-10 22:05:00,48.19448,0.0,0.0,153.64768616526348,0.0
2025-07-10 22:10:00,60.40925,0.0,0.0,153.64768616526348,0.0
2025-07-10 22:15:00,60.59036,0.0,0.0,153.64768616526348,0.0
2025-07-10 22:20:00,46.99267,0.0,0.0,153.64768616526348,0.0
2025-07-10 22:25:00,8.94977,100.0,0.0,161.55338031568442,-74.58141666666666
2025-07-10 22:30:00,8.95,100.0,0.0,169.45907446610536,-74.58333333333331
2025-07-10 22:35:00,8.85,100.0,0.0,177.3647686165263,-73.74999999999999
2025-07-10 22:40:00,7.95021,33.33333333333391,0.0,180.0,-22.083916666667047
2025-07-10 22:45:00,0.01,0.0,0.0,180.0,0.0
2025-07-10 22:50:00,0.01,0.0,0.0,180.0,0.0
2025-07-10 22:55:00,8.95,0.0,0.0,180.0,0.0
2025-07-10 23:00:00,8.95,0.0,0.0,180.0,0.0
2025-07-10 23:05:00,6.94979,0.0,0.0,180.0,0.0
2025-07-10 23:10:00,0.01,0.0,0.0,180.0,0.0
2025-07-10 23:15:00,20.0,0.0,0.0,180.0,0.0
2025-07-10 23:20:00,8.94979,0.0,0.0,180.0,0.0
2025-07-10 23:25:00,8.95,0.0,0.0,180.0,0.0
2025-07-10 23:30:00,20.0,0.0,0.0,180.0,0.0
2025-07-10 23:35:00,8.95,0.0,0.0,180.0,0.0
2025-07-10 23:40:00,8.95,0.0,0.0,180.0,0.0
2025-07-10 23:45:00,8.95,0.0,0.0,180.0,0.0
2025-07-10 23:50:00,8.95,0.0,0.0,180.0,0.0
2025-07-10 23:55:00,8.95,0.0,0.0,180.0,0.0
2025-07-11 00:00:00,8.95,0.0,0.0,180.0,0.0
2025-07-11 00:05:00,8.95,0.0,0.0,180.0,0.0
2025-07-11 00:10:00,8.95,0.0,0.0,180.0,0.0
2025-07-11 00:15:00,8.95,0.0,0.0,180.0,0.0
2025-07-11 00:20:00,8.95,0.0,0.0,180.0,0.0
2025-07-11 00:25:00,8.94983,0.0,0.0,180.0,0.0
2025-07-11 00:30:00,8.95,0.0,0.0,180.0,0.0
2025-07-11 00:35:00,8.95,0.0,0.0,180.0,0.0
2025-07-11 00:40:00,21.76,0.0,0.0,180.0,0.0
2025-07-11 00:45:00,8.95,0.0,0.0,180.0,0.0
2025-07-11 00:50:00,8.95,0.0,0.0,180.0,0.0
2025-07-11 00:55:00,8.95,0.0,0.0,180.0,0.0
2025-07-11 01:00:00,8.95023,0.0,0.0,180.0,0.0
2025-07-11 01:05:00,8.95,0.0,0.0,180.0,0.0
2025-07-11 01:10:00,8.95,0.0,0.0,180.0,0.0
2025-07-11 01:15:00,8.95,0.0,0.0,180.0,0.0
2025-07-11 01:20:00,8.94953,0.0,0.0,180.0,0.0
2025-07-11 01:25:00,8.9505,0.0,0.0,180.0,0.0
2025-07-11 01:30:00,3e-05,0.0,0.0,180.0,0.0
2025-07-11 01:35:00,20.04,0.0,0.0,180.0,0.0
2025-07-11 01:40:00,8.95,0.0,0.0,180.0,0.0
2025-07-11 01:45:00,5.26,0.0,0.0,180.0,0.0
2025-07-11 01:50:00,8.95,0.0,0.0,180.0,0.0
2025-07-11 01:55:00,12.42,0.0,0.0,180.0,0.0
2025-07-11 02:00:00,8.95,0.0,0.0,180.0,0.0
2025-07-11 02:05:00,8.95,0.0,0.0,180.0,0.0
2025-07-11 02:10:00,8.95,0.0,0.0,180.0,0.0
2025-07-11 02:15:00,8.95,0.0,0.0,180.0,0.0
2025-07-11 02:20:00,5.26,0.0,0.0,180.0,0.0
2025-07-11 02:25:00,8.15,0.0,0.0,180.0,0.0
2025-07-11 02:30:00,8.95,0.0,0.0,180.0,0.0
2025-07-11 02:35:00,5.26,0.0,0.0,180.0,0.0
2025-07-11 02:40:00,8.95,0.0,0.0,180.0,0.0
2025-07-11 02:45:00,12.42,0.0,0.0,180.0,0.0
2025-07-11 02:50:00,8.95,0.0,0.0,180.0,0.0
2025-07-11 02:55:00,12.42,0.0,0.0,180.0,0.0
2025-07-11 03:00:00,8.95,0.0,0.0,180.0,0.0
2025-07-11 03:05:00,11.57,0.0,0.0,180.0,0.0
2025-07-11 03:10:00,12.42,0.0,0.0,180.0,0.0
2025-07-11 03:15:00,8.95,0.0,0.0,180.0,0.0
2025-07-11 03:20:00,8.95,0.0,0.0,180.0,0.0
2025-07-11 03:25:00,5.26,0.0,0.0,180.0,0.0
2025-07-11 03:30:00,8.95,0.0,0.0,180.0,0.0
2025-07-11 03:35:00,8.95,0.0,0.0,180.0,0.0
2025-07-11 03:40:00,3e-05,0.0,0.0,180.0,0.0
2025-07-11 03:45:00,8.95,0.0,0.0,180.0,0.0
2025-07-11 03:50:00,8.64042,0.0,0.0,180.0,0.0
2025-07-11 03:55:00,8.95,0.0,0.0,180.0,0.0
2025-07-11 04:00:00,3e-05,0.0,0.0,180.0,0.0
2025-07-11 04:05:00,3e-05,0.0,0.0,180.0,0.0
2025-07-11 04:10:00,5.26,0.0,0.0,180.0,0.0
2025-07-11 04:15:00,7.95027,0.0,0.0,180.0,0.0
2025-07-11 04:20:00,8.95012,0.0,0.0,180.0,0.0
2025-07-11 04:25:00,8.95012,0.0,0.0,180.0,0.0
2025-07-11 04:30:00,5.26,0.0,0.0,180.0,0.0
2025-07-11 04:35:00,8.94954,0.0,0.0,180.0,0.0
2025-07-11 04:40:00,5.26,0.0,0.0,180.0,0.0
2025-07-11 04:45:00,20.0,0.0,0.0,180.0,0.0
2025-07-11 04:50:00,8.95,0.0,0.0,180.0,0.0
2025-07-11 04:55:00,8.95,0.0,0.0,180.0,0.0
2025-07-11 05:00:00,8.95014,0.0,0.0,180.0,0.0
2025-07-11 05:05:00,5.26,0.0,0.0,180.0,0.0
2025-07-11 05:10:00,8.95,0.0,0.0,180.0,0.0
2025-07-11 05:15:00,32.76318,0.0,0.0,180.0,0.0
2025-07-11 05:20:00,32.07644,0.0,0.0,180.0,0.0
2025-07-11 05:25:00,20.0,0.0,0.0,180.0,0.0
2025-07-11 05:30:00,8.95,0.0,0.0,180.0,0.0
2025-07-11 05:35:00,8.95,0.0,0.0,180.0,0.0
2025-07-11 05:40:00,8.95,0.0,0.0,180.0,0.0
2025-07-11 05:45:00,8.95,0.0,0.0,180.0,0.0
2025-07-11 05:50:00,8.95,0.0,0.0,180.0,0.0
2025-07-11 05:55:00,20.0,0.0,0.0,180.0,0.0
2025-07-11 06:00:00,20.38,0.0,0.0,180.0,0.0
2025-07-11 06:05:00,8.95,0.0,0.0,180.0,0.0
2025-07-11 06:10:00,55.77919,0.0,0.0,180.0,0.0
2025-07-11 06:15:00,55.51454,0.0,0.0,180.0,0.0
2025-07-11 06:20:00,52.53745,0.0,0.0,180.0,0.0
2025-07-11 06:25:00,84.48687,0.0,0.0,180.0,0.0
2025-07-11 06:30:00,20.0,0.0,0.0,180.0,0.0
2025-07-11 06:35:00,65.56,0.0,0.0,180.0,0.0
2025-07-11 06:40:00,86.05124,0.0,0.0,180.0,0.0
2025-07-11 06:45:00,88.55791,0.0,0.0,180.0,0.0
2025-07-11 06:50:00,86.10011,0.0,0.0,180.0,0.0
2025-07-11 06:55:00,89.07343,0.0,0.0,180.0,0.0
2025-07-11 07:00:00,90.66738,0.0,0.0,180.0,0.0
2025-07-11 07:05:00,90.20662,0.0,0.0,180.0,0.0
2025-07-11 07:10:00,89.8766,0.0,0.0,180.0,0.0
2025-07-11 07:15:00,90.51105,0.0,0.0,180.0,0.0
2025-07-11 07:20:00,94.75207,0.0,0.0,180.0,0.0
2025-07-11 07:25:00,89.99664,0.0,0.0,180.0,0.0
2025-07-11 07:30:00,93.26576,0.0,0.0,180.0,0.0
2025-07-11 07:35:00,88.8502,0.0,0.0,180.0,0.0
2025-07-11 07:40:00,89.4404,0.0,0.0,180.0,0.0
2025-07-11 07:45:00,84.77756,0.0,0.0,180.0,0.0
2025-07-11 07:50:00,83.86673,0.0,0.0,180.0,0.0
2025-07-11 07:55:00,88.40708,0.0,0.0,180.0,0.0
2025-07-11 08:00:00,89.07343,0.0,0.0,180.0,0.0
2025-07-11 08:05:00,89.29778,0.0,0.0,180.0,0.0
2025-07-11 08:10:00,92.09352,0.0,0.0,180.0,0.0
2025-07-11 08:15:00,89.54214,0.0,0.0,180.0,0.0
2025-07-11 08:20:00,88.60007,0.0,0.0,180.0,0.0
2025-07-11 08:25:00,88.85956,0.0,0.0,180.0,0.0
2025-07-11 08:30:00,83.06686,0.0,0.0,180.0,0.0
2025-07-11 08:35:00,65.56,0.0,0.0,180.0,0.0
2025-07-11 08:40:00,88.22655,0.0,0.0,180.0,0.0
2025-07-11 08:45:00,75.8,0.0,0.0,180.0,0.0
2025-07-11 08:50:00,87.93277,0.0,0.0,180.0,0.0
2025-07-11 08:55:00,89.54214,0.0,0.0,180.0,0.0
2025-07-11 09:00:00,89.3166,0.0,0.0,180.0,0.0
2025-07-11 09:05:00,88.37573,0.0,0.0,180.0,0.0
2025-07-11 09:10:00,75.8,0.0,0.0,180.0,0.0
2025-07-11 09:15:00,60.61373,0.0,0.0,180.0,0.0
2025-07-11 09:20:00,60.1914,0.0,0.0,180.0,0.0
2025-07-11 09:25:00,60.34293,0.0,0.0,180.0,0.0
2025-07-11 09:30:00,42.19,0.0,0.0,180.0,0.0
2025-07-11 09:35:00,42.19,0.0,0.0,180.0,0.0
2025-07-11 09:40:00,41.45,0.0,0.0,180.0,0.0
2025-07-11 09:45:00,42.19,0.0,0.0,180.0,0.0
2025-07-11 09:50:00,33.012,0.0,0.0,180.0,0.0
2025-07-11 09:55:00,33.09578,0.0,0.0,180.0,0.0
2025-07-11 10:00:00,33.17999,0.0,0.0,180.0,0.0
2025-07-11 10:05:00,41.45,0.0,0.0,180.0,0.0
2025-07-11 10:10:00,20.0,0.0,0.0,180.0,0.0
2025-07-11 10:15:00,31.99645,0.0,0.0,180.0,0.0
2025-07-11 10:20:00,20.0,0.0,0.0,180.0,0.0
2025-07-11 10:25:00,5.26,0.0,0.0,180.0,0.0
2025-07-11 10:30:00,0.05,0.0,0.0,180.0,0.0
2025-07-11 10:35:00,31.57,0.0,0.0,180.0,0.0
2025-07-11 10:40:00,35.94,0.0,0.0,180.0,0.0
2025-07-11 10:45:00,-5.06,0.0,0.0,180.0,-0.0
2025-07-11 10:50:00,0.04,0.0,0.0,180.0,0.0
2025-07-11 10:55:00,0.0,0.0,0.0,180.0,0.0
2025-07-11 11:00:00,19.18,0.0,0.0,180.0,0.0
2025-07-11 11:05:00,19.18,0.0,0.0,180.0,0.0
2025-07-11 11:10:00,19.18,0.0,0.0,180.0,0.0
2025-07-11 11:15:00,19.99896,0.0,0.0,180.0,0.0
2025-07-11 11:20:00,19.99896,0.0,0.0,180.0,0.0
2025-07-11 11:25:00,19.18,0.0,0.0,180.0,0.0
2025-07-11 11:30:00,5.26,0.0,0.0,180.0,0.0
2025-07-11 11:35:00,19.18,0.0,0.0,180.0,0.0
2025-07-11 11:40:00,20.0,0.0,0.0,180.0,0.0
2025-07-11 11:45:00,31.57,0.0,0.0,180.0,0.0
2025-07-11 11:50:00,27.09214,0.0,0.0,180.0,0.0
2025-07-11 11:55:00,19.18,0.0,0.0,180.0,0.0
2025-07-11 12:00:00,5.26,0.0,0.0,180.0,0.0
2025-07-11 12:05:00,19.18,0.0,0.0,180.0,0.0
2025-07-11 12:10:00,19.18,0.0,0.0,180.0,0.0
2025-07-11 12:15:00,0.05,0.0,0.0,180.0,0.0
2025-07-11 12:20:00,0.05,0.0,0.0,180.0,0.0
2025-07-11 12:25:00,0.04,0.0,0.0,180.0,0.0
2025-07-11 12:30:00,8.94998,0.0,0.0,180.0,0.0
2025-07-11 12:35:00,8.94998,0.0,0.0,180.0,0.0
2025-07-11 12:40:00,9.17592,0.0,0.0,180.0,0.0
2025-07-11 12:45:00,9.2734,0.0,0.0,180.0,0.0
2025-07-11 12:50:00,13.0827,0.0,0.0,180.0,0.0
2025-07-11 12:55:00,42.19,0.0,0.0,180.0,0.0
2025-07-11 13:00:00,20.0,0.0,0.0,180.0,0.0
2025-07-11 13:05:00,19.99583,0.0,0.0,180.0,0.0
2025-07-11 13:10:00,19.99583,0.0,0.0,180.0,0.0
2025-07-11 13:15:00,13.09195,0.0,0.0,180.0,0.0
2025-07-11 13:20:00,14.93016,0.0,0.0,180.0,0.0
2025-07-11 13:25:00,13.61436,0.0,0.0,180.0,0.0
2025-07-11 13:30:00,19.18,0.0,0.0,180.0,0.0
2025-07-11 13:35:00,19.18005,0.0,0.0,180.0,0.0
2025-07-11 13:40:00,41.45,0.0,0.0,180.0,0.0
2025-07-11 13:45:00,0.04,0.0,0.0,180.0,0.0
2025-07-11 13:50:00,0.00583,0.0,0.0,180.0,0.0
2025-07-11 13:55:00,7.13503,0.0,0.0,180.0,0.0
2025-07-11 14:00:00,9.66782,0.0,0.0,180.0,0.0
2025-07-11 14:05:00,16.84544,0.0,0.0,180.0,0.0
2025-07-11 14:10:00,20.0,0.0,0.0,180.0,0.0
2025-07-11 14:15:00,20.0,0.0,0.0,180.0,0.0
2025-07-11 14:20:00,19.18,0.0,0.0,180.0,0.0
2025-07-11 14:25:00,23.33802,0.0,0.0,180.0,0.0
2025-07-11 14:30:00,34.73305,0.0,0.0,180.0,0.0
2025-07-11 14:35:00,67.50446,0.0,0.0,180.0,0.0
2025-07-11 14:40:00,62.16784,0.0,0.0,180.0,0.0
2025-07-11 14:45:00,42.19,0.0,0.0,180.0,0.0
2025-07-11 14:50:00,50.94367,0.0,0.0,180.0,0.0
2025-07-11 14:55:00,62.48828,0.0,0.0,180.0,0.0
2025-07-11 15:00:00,60.57907,0.0,0.0,180.0,0.0
2025-07-11 15:05:00,41.45,0.0,0.0,180.0,0.0
2025-07-11 15:10:00,41.45,0.0,0.0,180.0,0.0
2025-07-11 15:15:00,20.0,0.0,0.0,180.0,0.0
2025-07-11 15:20:00,62.00885,0.0,0.0,180.0,0.0
2025-07-11 15:25:00,20.0,0.0,0.0,180.0,0.0
2025-07-11 15:30:00,60.03544,0.0,0.0,180.0,0.0
2025-07-11 15:35:00,61.07174,0.0,0.0,180.0,0.0
2025-07-11 15:40:00,72.48882,0.0,0.0,180.0,0.0
2025-07-11 15:45:00,61.85068,0.0,0.0,180.0,0.0
2025-07-11 15:50:00,89.23,0.0,0.0,180.0,0.0
2025-07-11 15:55:00,75.8,0.0,0.0,180.0,0.0
2025-07-11 16:00:00,85.2808,0.0,0.0,180.0,0.0
2025-07-11 16:05:00,60.89778,0.0,0.0,180.0,0.0
2025-07-11 16:10:00,61.31211,0.0,0.0,180.0,0.0
2025-07-11 16:15:00,61.99942,0.0,0.0,180.0,0.0
2025-07-11 16:20:00,88.71578,0.0,0.0,180.0,0.0
2025-07-11 16:25:00,101.25687,0.0,0.0,180.0,0.0
2025-07-11 16:30:00,100.0,0.0,0.0,180.0,0.0
2025-07-11 16:35:00,91.11643,0.0,0.0,180.0,0.0
2025-07-11 16:40:00,100.91425,0.0,0.0,180.0,0.0
2025-07-11 16:45:00,101.93117,0.0,0.0,180.0,0.0
2025-07-11 16:50:00,135.46166,0.0,100.0,171.21589538842116,1128.8471666666665
2025-07-11 16:55:00,107.89228,0.0,0.0,171.21589538842116,0.0
2025-07-11 17:00:00,160.14284,0.0,100.0,162.43179077684232,1334.5236666666665
2025-07-11 17:05:00,143.76964,0.0,100.0,153.64768616526348,1198.0803333333333
2025-07-11 17:10:00,133.66138,0.0,0.0,153.64768616526348,0.0
2025-07-11 17:15:00,134.17416,0.0,0.0,153.64768616526348,0.0
2025-07-11 17:20:00,140.0,0.0,100.0,144.86358155368464,1166.6666666666665
2025-07-11 17:25:00,140.0,0.0,100.0,136.0794769421058,1166.6666666666665
2025-07-11 17:30:00,152.96715,0.0,100.0,127.29537233052697,1274.72625
2025-07-11 17:35:00,136.06741,0.0,100.0,118.51126771894815,1133.895083333333
2025-07-11 17:40:00,176.17934,0.0,100.0,109.72716310736932,1468.1611666666665
2025-07-11 17:45:00,170.25,0.0,100.0,100.9430584957905,1418.7499999999998
2025-07-11 17:50:00,145.94164,0.0,100.0,92.15895388421167,1216.1803333333332
2025-07-11 17:55:00,147.56441,0.0,100.0,83.37484927263284,1229.7034166666665
2025-07-11 18:00:00,175.64,0.0,100.0,74.59074466105402,1463.6666666666663
2025-07-11 18:05:00,139.25908,0.0,100.0,65.80664004947519,1160.4923333333334
2025-07-11 18:10:00,144.02526,0.0,100.0,57.02253543789636,1200.2105
2025-07-11 18:15:00,136.5057,0.0,100.0,48.238430826317526,1137.5474999999997
2025-07-11 18:20:00,140.55,0.0,100.0,39.45432621473869,1171.25
2025-07-11 18:25:00,147.0255,0.0,100.0,30.67022160315986,1225.2124999999999
2025-07-11 18:30:00,139.20776,0.0,100.0,21.886116991581027,1160.0646666666667
2025-07-11 18:35:00,140.55,0.0,21.471932256986417,20.0,251.49000655995343
2025-07-11 18:40:00,134.25,0.0,0.0,20.0,0.0
2025-07-11 18:45:00,140.55,0.0,0.0,20.0,0.0
2025-07-11 18:50:00,136.38854,0.0,0.0,20.0,0.0
2025-07-11 18:55:00,140.0,0.0,0.0,20.0,0.0
2025-07-11 19:00:00,134.25,0.0,0.0,20.0,0.0
2025-07-11 19:05:00,134.25,0.0,0.0,20.0,0.0
2025-07-11 19:10:00,130.39969,0.0,0.0,20.0,0.0
2025-07-11 19:15:00,140.55,0.0,0.0,20.0,0.0
2025-07-11 19:20:00,152.09466,0.0,0.0,20.0,0.0
2025-07-11 19:25:00,140.55,0.0,0.0,20.0,0.0
2025-07-11 19:30:00,133.11,0.0,0.0,20.0,0.0
2025-07-11 19:35:00,137.73584,0.0,0.0,20.0,0.0
2025-07-11 19:40:00,134.25,0.0,0.0,20.0,0.0
2025-07-11 19:45:00,156.05477,0.0,0.0,20.0,0.0
2025-07-11 19:50:00,155.3157,0.0,0.0,20.0,0.0
2025-07-11 19:55:00,140.55,0.0,0.0,20.0,0.0
2025-07-11 20:00:00,138.87674,0.0,0.0,20.0,0.0
2025-07-11 20:05:00,125.80926,0.0,0.0,20.0,0.0
2025-07-11 20:10:00,129.16293,0.0,0.0,20.0,0.0
2025-07-11 20:15:00,132.35199,0.0,0.0,20.0,0.0
2025-07-11 20:20:00,160.75006,0.0,0.0,20.0,0.0
2025-07-11 20:25:00,105.37839,0.0,0.0,20.0,0.0
2025-07-11 20:30:00,125.49,0.0,0.0,20.0,0.0
2025-07-11 20:35:00,125.10706,0.0,0.0,20.0,0.0
2025-07-11 20:40:00,106.57491,0.0,0.0,20.0,0.0
2025-07-11 20:45:00,135.12508,0.0,0.0,20.0,0.0
2025-07-11 20:50:00,165.9775,0.0,0.0,20.0,0.0
2025-07-11 20:55:00,169.9073,0.0,0.0,20.0,0.0
2025-07-11 21:00:00,140.37409,0.0,0.0,20.0,0.0
2025-07-11 21:05:00,132.72,0.0,0.0,20.0,0.0
2025-07-11 21:10:00,116.85503,0.0,0.0,20.0,0.0
2025-07-11 21:15:00,111.88905,0.0,0.0,20.0,0.0
2025-07-11 21:20:00,111.55278,0.0,0.0,20.0,0.0
2025-07-11 21:25:00,128.66718,0.0,0.0,20.0,0.0
2025-07-11 21:30:00,110.28571,0.0,0.0,20.0,0.0
2025-07-11 21:35:00,106.1432,0.0,0.0,20.0,0.0
2025-07-11 21:40:00,102.79727,0.0,0.0,20.0,0.0
2025-07-11 21:45:00,104.51933,0.0,0.0,20.0,0.0
2025-07-11 21:50:00,100.0,0.0,0.0,20.0,0.0
2025-07-11 21:55:00,100.0,0.0,0.0,20.0,0.0
2025-07-11 22:00:00,92.18775,0.0,0.0,20.0,0.0
2025-07-11 22:05:00,100.0,0.0,0.0,20.0,0.0
2025-07-11 22:10:00,101.68316,0.0,0.0,20.0,0.0
2025-07-11 22:15:00,102.52888,0.0,0.0,20.0,0.0
2025-07-11 22:20:00,100.0,0.0,0.0,20.0,0.0
2025-07-11 22:25:00,101.23954,0.0,0.0,20.0,0.0
2025-07-11 22:30:00,100.0,0.0,0.0,20.0,0.0
2025-07-11 22:35:00,101.87273,0.0,0.0,20.0,0.0
2025-07-11 22:40:00,100.20678,0.0,0.0,20.0,0.0
2025-07-11 22:45:00,101.80361,0.0,0.0,20.0,0.0
2025-07-11 22:50:00,101.04508,0.0,0.0,20.0,0.0
2025-07-11 22:55:00,101.0054,0.0,0.0,20.0,0.0
2025-07-11 23:00:00,90.51516,0.0,0.0,20.0,0.0
2025-07-11 23:05:00,100.0,0.0,0.0,20.0,0.0
2025-07-11 23:10:00,103.13569,0.0,0.0,20.0,0.0
2025-07-11 23:15:00,100.0,0.0,0.0,20.0,0.0
2025-07-11 23:20:00,103.37486,0.0,0.0,20.0,0.0
2025-07-11 23:25:00,101.89928,0.0,0.0,20.0,0.0
2025-07-11 23:30:00,103.25262,0.0,0.0,20.0,0.0
2025-07-11 23:35:00,104.59361,0.0,0.0,20.0,0.0
2025-07-11 23:40:00,104.08447,0.0,0.0,20.0,0.0
2025-07-11 23:45:00,111.95927,0.0,0.0,20.0,0.0
2025-07-11 23:50:00,130.37239,0.0,0.0,20.0,0.0
2025-07-11 23:55:00,103.89,0.0,0.0,20.0,0.0
2025-07-12 00:00:00,170.22,0.0,0.0,20.0,0.0
2025-07-12 00:05:00,130.64608,0.0,0.0,20.0,0.0
2025-07-12 00:10:00,120.95629,0.0,0.0,20.0,0.0
2025-07-12 00:15:00,132.72,0.0,0.0,20.0,0.0
2025-07-12 00:20:00,135.20824,0.0,0.0,20.0,0.0
2025-07-12 00:25:00,136.51175,0.0,0.0,20.0,0.0
2025-07-12 00:30:00,117.48411,0.0,0.0,20.0,0.0
2025-07-12 00:35:00,120.0664,0.0,0.0,20.0,0.0
2025-07-12 00:40:00,136.01136,0.0,0.0,20.0,0.0
2025-07-12 00:45:00,170.22,0.0,0.0,20.0,0.0
2025-07-12 00:50:00,136.22442,0.0,0.0,20.0,0.0
2025-07-12 00:55:00,175.64,0.0,0.0,20.0,0.0
2025-07-12 01:00:00,130.64749,0.0,0.0,20.0,0.0
2025-07-12 01:05:00,175.64,0.0,0.0,20.0,0.0
2025-07-12 01:10:00,162.52191,0.0,0.0,20.0,0.0
2025-07-12 01:15:00,178.34774,0.0,0.0,20.0,0.0
2025-07-12 01:20:00,164.12951,0.0,0.0,20.0,0.0
2025-07-12 01:25:00,127.32015,0.0,0.0,20.0,0.0
2025-07-12 01:30:00,140.81173,0.0,0.0,20.0,0.0
2025-07-12 01:35:00,124.27715,0.0,0.0,20.0,0.0
2025-07-12 01:40:00,113.86118,0.0,0.0,20.0,0.0
2025-07-12 01:45:00,116.97579,0.0,0.0,20.0,0.0
2025-07-12 01:50:00,113.27787,0.0,0.0,20.0,0.0
2025-07-12 01:55:00,114.55767,0.0,0.0,20.0,0.0
2025-07-12 02:00:00,102.52888,0.0,0.0,20.0,0.0
2025-07-12 02:05:00,130.64488,0.0,0.0,20.0,0.0
2025-07-12 02:10:00,135.7796,0.0,0.0,20.0,0.0
2025-07-12 02:15:00,166.19078,0.0,0.0,20.0,0.0
2025-07-12 02:20:00,115.44712,0.0,0.0,20.0,0.0
2025-07-12 02:25:00,102.26189,0.0,0.0,20.0,0.0
2025-07-12 02:30:00,116.49823,0.0,0.0,20.0,0.0
2025-07-12 02:35:00,116.91669,0.0,0.0,20.0,0.0
2025-07-12 02:40:00,114.51036,0.0,0.0,20.0,0.0
2025-07-12 02:45:00,101.46921,0.0,0.0,20.0,0.0
2025-07-12 02:50:00,90.32238,0.0,0.0,20.0,0.0
2025-07-12 02:55:00,101.46921,0.0,0.0,20.0,0.0
2025-07-12 03:00:00,91.07653,0.0,0.0,20.0,0.0
2025-07-12 03:05:00,90.0,0.0,0.0,20.0,0.0
2025-07-12 03:10:00,89.86392,0.0,0.0,20.0,0.0
2025-07-12 03:15:00,90.0,0.0,0.0,20.0,0.0
2025-07-12 03:20:00,90.0,0.0,0.0,20.0,0.0
2025-07-12 03:25:00,89.86392,0.0,0.0,20.0,0.0
2025-07-12 03:30:00,78.94898,0.0,0.0,20.0,0.0
2025-07-12 03:35:00,83.82691,0.0,0.0,20.0,0.0
2025-07-12 03:40:00,83.46047,0.0,0.0,20.0,0.0
2025-07-12 03:45:00,86.57727,0.0,0.0,20.0,0.0
2025-07-12 03:50:00,82.97516,0.0,0.0,20.0,0.0
2025-07-12 03:55:00,81.75839,0.0,0.0,20.0,0.0
2025-07-12 04:00:00,83.58276,0.0,0.0,20.0,0.0
2025-07-12 04:05:00,91.0,0.0,0.0,20.0,0.0
2025-07-12 04:10:00,90.13152,0.0,0.0,20.0,0.0
2025-07-12 04:15:00,84.46828,0.0,0.0,20.0,0.0
2025-07-12 04:20:00,83.01669,0.0,0.0,20.0,0.0
2025-07-12 04:25:00,82.64486,0.0,0.0,20.0,0.0
2025-07-12 04:30:00,81.88202,0.0,0.0,20.0,0.0
2025-07-12 04:35:00,83.06958,0.0,0.0,20.0,0.0
2025-07-12 04:40:00,86.51416,0.0,0.0,20.0,0.0
2025-07-12 04:45:00,80.82337,0.0,0.0,20.0,0.0
2025-07-12 04:50:00,86.56398,0.0,0.0,20.0,0.0
2025-07-12 04:55:00,95.35105,0.0,0.0,20.0,0.0
2025-07-12 05:00:00,94.64478,0.0,0.0,20.0,0.0
2025-07-12 05:05:00,86.06941,0.0,0.0,20.0,0.0
2025-07-12 05:10:00,94.14914,0.0,0.0,20.0,0.0
2025-07-12 05:15:00,86.56663,0.0,0.0,20.0,0.0
2025-07-12 05:20:00,95.81816,0.0,0.0,20.0,0.0
2025-07-12 05:25:00,86.64626,0.0,0.0,20.0,0.0
2025-07-12 05:30:00,86.05977,0.0,0.0,20.0,0.0
2025-07-12 05:35:00,87.47857,0.0,0.0,20.0,0.0
2025-07-12 05:40:00,87.21848,0.0,0.0,20.0,0.0
2025-07-12 05:45:00,93.12071,0.0,0.0,20.0,0.0
2025-07-12 05:50:00,95.6148,0.0,0.0,20.0,0.0
2025-07-12 05:55:00,96.12821,0.0,0.0,20.0,0.0
2025-07-12 06:00:00,99.45799,0.0,0.0,20.0,0.0
2025-07-12 06:05:00,99.71105,0.0,0.0,20.0,0.0
2025-07-12 06:10:00,109.56379,0.0,0.0,20.0,0.0
2025-07-12 06:15:00,104.44061,0.0,0.0,20.0,0.0
2025-07-12 06:20:00,105.16208,0.0,0.0,20.0,0.0
2025-07-12 06:25:00,105.29484,0.0,0.0,20.0,0.0
2025-07-12 06:30:00,105.43736,0.0,0.0,20.0,0.0
2025-07-12 06:35:00,104.53846,0.0,0.0,20.0,0.0
2025-07-12 06:40:00,134.25,0.0,0.0,20.0,0.0
2025-07-12 06:45:00,131.90103,0.0,0.0,20.0,0.0
2025-07-12 06:50:00,134.25,0.0,0.0,20.0,0.0
2025-07-12 06:55:00,140.0,0.0,0.0,20.0,0.0
2025-07-12 07:00:00,135.02284,0.0,0.0,20.0,0.0
2025-07-12 07:05:00,136.6312,0.0,0.0,20.0,0.0
2025-07-12 07:10:00,134.32014,0.0,0.0,20.0,0.0
2025-07-12 07:15:00,139.50339,0.0,0.0,20.0,0.0
2025-07-12 07:20:00,138.03231,0.0,0.0,20.0,0.0
2025-07-12 07:25:00,140.55,0.0,0.0,20.0,0.0
2025-07-12 07:30:00,185.0,0.0,0.0,20.0,0.0
2025-07-12 07:35:00,153.28308,0.0,0.0,20.0,0.0
2025-07-12 07:40:00,185.0,0.0,0.0,20.0,0.0
2025-07-12 07:45:00,185.0,0.0,0.0,20.0,0.0
2025-07-12 07:50:00,159.6992,0.0,0.0,20.0,0.0
2025-07-12 07:55:00,208.08281,0.0,0.0,20.0,0.0
2025-07-12 08:00:00,255.45704,0.0,0.0,20.0,0.0
2025-07-12 08:05:00,192.77759,0.0,0.0,20.0,0.0
2025-07-12 08:10:00,150.60025,0.0,0.0,20.0,0.0
2025-07-12 08:15:00,138.73145,0.0,0.0,20.0,0.0
2025-07-12 08:20:00,172.8979,0.0,0.0,20.0,0.0
2025-07-12 08:25:00,131.26405,0.0,0.0,20.0,0.0
2025-07-12 08:30:00,140.13698,0.0,0.0,20.0,0.0
2025-07-12 08:35:00,121.08425,0.0,0.0,20.0,0.0
2025-07-12 08:40:00,107.41797,0.0,0.0,20.0,0.0
2025-07-12 08:45:00,109.04192,0.0,0.0,20.0,0.0
2025-07-12 08:50:00,124.5361,0.0,0.0,20.0,0.0
2025-07-12 08:55:00,138.52188,0.0,0.0,20.0,0.0
2025-07-12 09:00:00,101.19896,0.0,0.0,20.0,0.0
2025-07-12 09:05:00,106.59462,0.0,0.0,20.0,0.0
2025-07-12 09:10:00,103.89,0.0,0.0,20.0,0.0
2025-07-12 09:15:00,108.77584,0.0,0.0,20.0,0.0
2025-07-12 09:20:00,102.85593,0.0,0.0,20.0,0.0
2025-07-12 09:25:00,103.12588,0.0,0.0,20.0,0.0
2025-07-12 09:30:00,99.88918,0.0,0.0,20.0,0.0
2025-07-12 09:35:00,101.51918,0.0,0.0,20.0,0.0
2025-07-12 09:40:00,75.8,0.0,0.0,20.0,0.0
2025-07-12 09:45:00,99.87012,0.0,0.0,20.0,0.0
2025-07-12 09:50:00,97.81017,0.0,0.0,20.0,0.0
2025-07-12 09:55:00,68.75436,0.0,0.0,20.0,0.0
2025-07-12 10:00:00,42.19,0.0,0.0,20.0,0.0
2025-07-12 10:05:00,42.19,0.0,0.0,20.0,0.0
2025-07-12 10:10:00,41.45,0.0,0.0,20.0,0.0
2025-07-12 10:15:00,8.71,100.0,0.0,27.90569415042095,-72.58333333333333
2025-07-12 10:20:00,8.95,100.0,0.0,35.8113883008419,-74.58333333333331
2025-07-12 10:25:00,8.95,100.0,0.0,43.71708245126285,-74.58333333333331
2025-07-12 10:30:00,0.05,100.0,0.0,51.622776601683796,-0.41666666666666663
2025-07-12 10:35:00,8.95,100.0,0.0,59.528470752104745,-74.58333333333331
2025-07-12 10:40:00,20.04,0.0,0.0,59.528470752104745,0.0
2025-07-12 10:45:00,5.26,100.0,0.0,67.4341649025257,-43.83333333333333
2025-07-12 10:50:00,0.01,100.0,0.0,75.33985905294664,-0.08333333333333333
2025-07-12 10:55:00,5.26,100.0,0.0,83.24555320336758,-43.83333333333333
2025-07-12 11:00:00,0.05,100.0,0.0,91.15124735378852,-0.41666666666666663
2025-07-12 11:05:00,8.95,100.0,0.0,99.05694150420946,-74.58333333333331
2025-07-12 11:10:00,8.95,100.0,0.0,106.9626356546304,-74.58333333333331
2025-07-12 11:15:00,-3.85484,100.0,0.0,114.86832980505135,32.12366666666666
2025-07-12 11:20:00,0.04,100.0,0.0,122.77402395547229,-0.3333333333333333
2025-07-12 11:25:00,8.9496,100.0,0.0,130.67971810589324,-74.58
2025-07-12 11:30:00,0.04,100.0,0.0,138.58541225631419,-0.3333333333333333
2025-07-12 11:35:00,-0.36,100.0,0.0,146.49110640673513,2.9999999999999996
2025-07-12 11:40:00,5.26,100.0,0.0,154.39680055715607,-43.83333333333333
2025-07-12 11:45:00,-5.06,100.0,0.0,162.302494707577,42.16666666666666
2025-07-12 11:50:00,-8.38586,100.0,0.0,170.20818885799795,69.88216666666665
2025-07-12 11:55:00,-9.83,100.0,0.0,178.1138830084189,81.91666666666666
2025-07-12 12:00:00,-5.06417,23.857702507763676,0.0,180.0,10.068288442395131
2025-07-12 12:05:00,0.0,0.0,0.0,180.0,0.0
2025-07-12 12:10:00,-3.44354,0.0,0.0,180.0,-0.0
2025-07-12 12:15:00,0.01,0.0,0.0,180.0,0.0
2025-07-12 12:20:00,-2.71129,0.0,0.0,180.0,-0.0
2025-07-12 12:25:00,-8.29814,0.0,0.0,180.0,-0.0
2025-07-12 12:30:00,-8.44921,0.0,0.0,180.0,-0.0
2025-07-12 12:35:00,-13.99976,0.0,0.0,180.0,-0.0
2025-07-12 12:40:00,-13.99927,0.0,0.0,180.0,-0.0
2025-07-12 12:45:00,-16.0,0.0,0.0,180.0,-0.0
2025-07-12 12:50:00,-17.19,0.0,0.0,180.0,-0.0
2025-07-12 12:55:00,-14.0,0.0,0.0,180.0,-0.0
2025-07-12 13:00:00,-14.42366,0.0,0.0,180.0,-0.0
2025-07-12 13:05:00,-14.0,0.0,0.0,180.0,-0.0
2025-07-12 13:10:00,-14.11504,0.0,0.0,180.0,-0.0
2025-07-12 13:15:00,-14.22013,0.0,0.0,180.0,-0.0
2025-07-12 13:20:00,-15.11816,0.0,0.0,180.0,-0.0
2025-07-12 13:25:00,-13.99976,0.0,0.0,180.0,-0.0
2025-07-12 13:30:00,-14.0,0.0,0.0,180.0,-0.0
2025-07-12 13:35:00,-8.94571,0.0,0.0,180.0,-0.0
2025-07-12 13:40:00,-8.67963,0.0,0.0,180.0,-0.0
2025-07-12 13:45:00,-13.99976,0.0,0.0,180.0,-0.0
2025-07-12 13:50:00,-9.83,0.0,0.0,180.0,-0.0
2025-07-12 13:55:00,-14.0,0.0,0.0,180.0,-0.0
2025-07-12 14:00:00,-13.99927,0.0,0.0,180.0,-0.0
2025-07-12 14:05:00,-13.99976,0.0,0.0,180.0,-0.0
2025-07-12 14:10:00,0.0,0.0,0.0,180.0,0.0
2025-07-12 14:15:00,-8.99096,0.0,0.0,180.0,-0.0
2025-07-12 14:20:00,-9.96,0.0,0.0,180.0,-0.0
2025-07-12 14:25:00,0.01,0.0,0.0,180.0,0.0
2025-07-12 14:30:00,0.0,0.0,0.0,180.0,0.0
2025-07-12 14:35:00,-8.83262,0.0,0.0,180.0,-0.0
2025-07-12 14:40:00,8.94957,0.0,0.0,180.0,0.0
2025-07-12 14:45:00,8.95043,0.0,0.0,180.0,0.0
2025-07-12 14:50:00,8.95022,0.0,0.0,180.0,0.0
2025-07-12 14:55:00,55.46124,0.0,0.0,180.0,0.0
2025-07-12 15:00:00,54.85485,0.0,0.0,180.0,0.0
2025-07-12 15:05:00,8.95026,0.0,0.0,180.0,0.0
2025-07-12 15:10:00,8.95,0.0,0.0,180.0,0.0
2025-07-12 15:15:00,34.97816,0.0,0.0,180.0,0.0
2025-07-12 15:20:00,45.43134,0.0,0.0,180.0,0.0
2025-07-12 15:25:00,46.6465,0.0,0.0,180.0,0.0
2025-07-12 15:30:00,35.62036,0.0,0.0,180.0,0.0
2025-07-12 15:35:00,8.95,0.0,0.0,180.0,0.0
2025-07-12 15:40:00,44.55762,0.0,0.0,180.0,0.0
2025-07-12 15:45:00,50.62118,0.0,0.0,180.0,0.0
2025-07-12 15:50:00,62.48828,0.0,0.0,180.0,0.0
2025-07-12 15:55:00,80.9007,0.0,0.0,180.0,0.0
2025-07-12 16:00:00,106.92957,0.0,0.0,180.0,0.0
2025-07-12 16:05:00,81.53197,0.0,0.0,180.0,0.0
2025-07-12 16:10:00,81.53197,0.0,0.0,180.0,0.0
2025-07-12 16:15:00,133.11,0.0,0.0,180.0,0.0
2025-07-12 16:20:00,132.72,0.0,0.0,180.0,0.0
2025-07-12 16:25:00,91.45442,0.0,0.0,180.0,0.0
2025-07-12 16:30:00,133.11,0.0,0.0,180.0,0.0
2025-07-12 16:35:00,125.89635,0.0,0.0,180.0,0.0
2025-07-12 16:40:00,125.6,0.0,0.0,180.0,0.0
2025-07-12 16:45:00,175.28906,0.0,100.0,171.21589538842116,1460.7421666666664
2025-07-12 16:50:00,185.0,0.0,100.0,162.43179077684232,1541.6666666666665
2025-07-12 16:55:00,179.03434,0.0,100.0,153.64768616526348,1491.952833333333
2025-07-12 17:00:00,235.15811,0.0,100.0,144.86358155368464,1959.6509166666663
2025-07-12 17:05:00,157.39961,0.0,100.0,136.0794769421058,1311.6634166666665
2025-07-12 17:10:00,143.8132,0.0,100.0,127.29537233052697,1198.4433333333332
2025-07-12 17:15:00,180.18542,0.0,100.0,118.51126771894815,1501.5451666666663
2025-07-12 17:20:00,202.38614,0.0,100.0,109.72716310736932,1686.5511666666666
2025-07-12 17:25:00,198.96161,0.0,100.0,100.9430584957905,1658.0134166666664
2025-07-12 17:30:00,259.10978,0.0,100.0,92.15895388421167,2159.2481666666663
2025-07-12 17:35:00,175.18286,0.0,100.0,83.37484927263284,1459.8571666666664
2025-07-12 17:40:00,227.70744,0.0,100.0,74.59074466105402,1897.5619999999997
2025-07-12 17:45:00,283.23577,0.0,100.0,65.80664004947519,2360.298083333333
2025-07-12 17:50:00,170.22,0.0,100.0,57.02253543789636,1418.4999999999998
2025-07-12 17:55:00,163.25528,0.0,100.0,48.238430826317526,1360.4606666666664
2025-07-12 18:00:00,169.15,0.0,100.0,39.45432621473869,1409.5833333333333
2025-07-12 18:05:00,163.40875,0.0,100.0,30.67022160315986,1361.739583333333
2025-07-12 18:10:00,163.46458,0.0,100.0,21.886116991581027,1362.2048333333332
2025-07-12 18:15:00,141.47062,0.0,21.471932256986417,20.0,253.13729741615563
2025-07-12 18:20:00,140.55,0.0,0.0,20.0,0.0
2025-07-12 18:25:00,135.88647,0.0,0.0,20.0,0.0
2025-07-12 18:30:00,170.22,0.0,0.0,20.0,0.0
2025-07-12 18:35:00,135.11361,0.0,0.0,20.0,0.0
2025-07-12 18:40:00,133.6248,0.0,0.0,20.0,0.0
2025-07-12 18:45:00,234.92771,0.0,0.0,20.0,0.0
2025-07-12 18:50:00,131.94854,0.0,0.0,20.0,0.0
2025-07-12 18:55:00,175.32625,0.0,0.0,20.0,0.0
2025-07-12 19:00:00,132.72,0.0,0.0,20.0,0.0
2025-07-12 19:05:00,133.13335,0.0,0.0,20.0,0.0
2025-07-12 19:10:00,132.21852,0.0,0.0,20.0,0.0
2025-07-12 19:15:00,129.48881,0.0,0.0,20.0,0.0
2025-07-12 19:20:00,100.90281,0.0,0.0,20.0,0.0
2025-07-12 19:25:00,102.24244,0.0,0.0,20.0,0.0
2025-07-12 19:30:00,101.06092,0.0,0.0,20.0,0.0
2025-07-12 19:35:00,101.19896,0.0,0.0,20.0,0.0
2025-07-12 19:40:00,102.67767,0.0,0.0,20.0,0.0
2025-07-12 19:45:00,101.46112,0.0,0.0,20.0,0.0
2025-07-12 19:50:00,98.82148,0.0,0.0,20.0,0.0
2025-07-12 19:55:00,98.84252,0.0,0.0,20.0,0.0
2025-07-12 20:00:00,98.2044,0.0,0.0,20.0,0.0
2025-07-12 20:05:00,97.40895,0.0,0.0,20.0,0.0
2025-07-12 20:10:00,88.97544,0.0,0.0,20.0,0.0
2025-07-12 20:15:00,83.43972,0.0,0.0,20.0,0.0
2025-07-12 20:20:00,74.75465,0.0,0.0,20.0,0.0
2025-07-12 20:25:00,81.09142,0.0,0.0,20.0,0.0
2025-07-12 20:30:00,78.94206,0.0,0.0,20.0,0.0
2025-07-12 20:35:00,82.16572,0.0,0.0,20.0,0.0
2025-07-12 20:40:00,83.64827,0.0,0.0,20.0,0.0
2025-07-12 20:45:00,18.6,0.0,0.0,20.0,0.0
2025-07-12 20:50:00,20.0,0.0,0.0,20.0,0.0
2025-07-12 20:55:00,8.95,100.0,0.0,27.90569415042095,-74.58333333333331
2025-07-12 21:00:00,8.95,100.0,0.0,35.8113883008419,-74.58333333333331
2025-07-12 21:05:00,8.95,100.0,0.0,43.71708245126285,-74.58333333333331
2025-07-12 21:10:00,19.18,0.0,0.0,43.71708245126285,0.0
2025-07-12 21:15:00,19.18,0.0,0.0,43.71708245126285,0.0
2025-07-12 21:20:00,0.01,100.0,0.0,51.622776601683796,-0.08333333333333333
2025-07-12 21:25:00,8.95,100.0,0.0,59.528470752104745,-74.58333333333331
2025-07-12 21:30:00,5.26,100.0,0.0,67.4341649025257,-43.83333333333333
2025-07-12 21:35:00,8.94929,100.0,0.0,75.33985905294664,-74.57741666666665
2025-07-12 21:40:00,8.95,100.0,0.0,83.24555320336758,-74.58333333333331
2025-07-12 21:45:00,0.01,100.0,0.0,91.15124735378852,-0.08333333333333333
2025-07-12 21:50:00,8.95,100.0,0.0,99.05694150420946,-74.58333333333331
2025-07-12 21:55:00,8.95,100.0,0.0,106.9626356546304,-74.58333333333331
2025-07-12 22:00:00,8.95,100.0,0.0,114.86832980505135,-74.58333333333331
2025-07-12 22:05:00,8.95,100.0,0.0,122.77402395547229,-74.58333333333331
2025-07-12 22:10:00,8.95,100.0,0.0,130.67971810589324,-74.58333333333331
2025-07-12 22:15:00,8.95,100.0,0.0,138.58541225631419,-74.58333333333331
2025-07-12 22:20:00,7.72128,100.0,0.0,146.49110640673513,-64.344
2025-07-12 22:25:00,7.85874,100.0,0.0,154.39680055715607,-65.48949999999999
2025-07-12 22:30:00,8.84979,100.0,0.0,162.302494707577,-73.74825
2025-07-12 22:35:00,8.95,100.0,0.0,170.20818885799795,-74.58333333333331
2025-07-12 22:40:00,8.95,100.0,0.0,178.1138830084189,-74.58333333333331
2025-07-12 22:45:00,8.01981,23.857702507763676,0.0,180.0,-15.944520095732349
2025-07-12 22:50:00,8.95,0.0,0.0,180.0,0.0
2025-07-12 22:55:00,8.95,0.0,0.0,180.0,0.0
2025-07-12 23:00:00,8.95,0.0,0.0,180.0,0.0
2025-07-12 23:05:00,8.95,0.0,0.0,180.0,0.0
2025-07-12 23:10:00,20.0,0.0,0.0,180.0,0.0
2025-07-12 23:15:00,20.0,0.0,0.0,180.0,0.0
2025-07-12 23:20:00,8.95,0.0,0.0,180.0,0.0
2025-07-12 23:25:00,8.95,0.0,0.0,180.0,0.0
2025-07-12 23:30:00,8.95,0.0,0.0,180.0,0.0
2025-07-12 23:35:00,8.95,0.0,0.0,180.0,0.0
2025-07-12 23:40:00,8.95,0.0,0.0,180.0,0.0
2025-07-12 23:45:00,8.95,0.0,0.0,180.0,0.0
2025-07-12 23:50:00,8.95,0.0,0.0,180.0,0.0
2025-07-12 23:55:00,0.76002,0.0,0.0,180.0,0.0
2025-07-13 00:00:00,0.53002,0.0,0.0,180.0,0.0
2025-07-13 00:05:00,0.53002,0.0,0.0,180.0,0.0
2025-07-13 00:10:00,0.53002,0.0,0.0,180.0,0.0
2025-07-13 00:15:00,0.53002,0.0,0.0,180.0,0.0
2025-07-13 00:20:00,0.62002,0.0,0.0,180.0,0.0
2025-07-13 00:25:00,2e-05,0.0,0.0,180.0,0.0
2025-07-13 00:30:00,-5.06,0.0,0.0,180.0,-0.0
2025-07-13 00:35:00,-7.41,0.0,0.0,180.0,-0.0
2025-07-13 00:40:00,-5.06,0.0,0.0,180.0,-0.0
2025-07-13 00:45:00,-9.96,0.0,0.0,180.0,-0.0
2025-07-13 00:50:00,-9.96,0.0,0.0,180.0,-0.0
2025-07-13 00:55:00,-9.96,0.0,0.0,180.0,-0.0
2025-07-13 01:00:00,-13.99967,0.0,0.0,180.0,-0.0
2025-07-13 01:05:00,-9.96,0.0,0.0,180.0,-0.0
2025-07-13 01:10:00,-9.96,0.0,0.0,180.0,-0.0
2025-07-13 01:15:00,-9.96,0.0,0.0,180.0,-0.0
2025-07-13 01:20:00,-9.96,0.0,0.0,180.0,-0.0
2025-07-13 01:25:00,-9.96,0.0,0.0,180.0,-0.0
2025-07-13 01:30:00,-13.99967,0.0,0.0,180.0,-0.0
2025-07-13 01:35:00,-9.96,0.0,0.0,180.0,-0.0
2025-07-13 01:40:00,-9.96,0.0,0.0,180.0,-0.0
2025-07-13 01:45:00,-9.96,0.0,0.0,180.0,-0.0
2025-07-13 01:50:00,-13.99942,0.0,0.0,180.0,-0.0
2025-07-13 01:55:00,-9.96,0.0,0.0,180.0,-0.0
2025-07-13 02:00:00,-13.99942,0.0,0.0,180.0,-0.0
2025-07-13 02:05:00,-13.99942,0.0,0.0,180.0,-0.0
2025-07-13 02:10:00,-13.99942,0.0,0.0,180.0,-0.0
2025-07-13 02:15:00,-13.99967,0.0,0.0,180.0,-0.0
2025-07-13 02:20:00,-13.99967,0.0,0.0,180.0,-0.0
2025-07-13 02:25:00,-13.99967,0.0,0.0,180.0,-0.0
2025-07-13 02:30:00,-13.99967,0.0,0.0,180.0,-0.0
2025-07-13 02:35:00,-13.99967,0.0,0.0,180.0,-0.0
2025-07-13 02:40:00,-13.99967,0.0,0.0,180.0,-0.0
2025-07-13 02:45:00,-13.99967,0.0,0.0,180.0,-0.0
2025-07-13 02:50:00,-13.99967,0.0,0.0,180.0,-0.0
2025-07-13 02:55:00,-13.99967,0.0,0.0,180.0,-0.0
2025-07-13 03:00:00,-13.99967,0.0,0.0,180.0,-0.0
2025-07-13 03:05:00,-13.99991,0.0,0.0,180.0,-0.0
2025-07-13 03:10:00,-13.99991,0.0,0.0,180.0,-0.0
2025-07-13 03:15:00,-13.99991,0.0,0.0,180.0,-0.0
2025-07-13 03:20:00,-13.99991,0.0,0.0,180.0,-0.0
2025-07-13 03:25:00,-13.99991,0.0,0.0,180.0,-0.0
2025-07-13 03:30:00,-13.99991,0.0,0.0,180.0,-0.0
2025-07-13 03:35:00,-13.99991,0.0,0.0,180.0,-0.0
2025-07-13 03:40:00,-13.99991,0.0,0.0,180.0,-0.0
2025-07-13 03:45:00,-13.99991,0.0,0.0,180.0,-0.0
2025-07-13 03:50:00,-13.99991,0.0,0.0,180.0,-0.0
2025-07-13 03:55:00,-13.99991,0.0,0.0,180.0,-0.0
2025-07-13 04:00:00,-17.19,0.0,0.0,180.0,-0.0
2025-07-13 04:05:00,-13.99991,0.0,0.0,180.0,-0.0
2025-07-13 04:10:00,-13.99991,0.0,0.0,180.0,-0.0
2025-07-13 04:15:00,-17.19,0.0,0.0,180.0,-0.0
2025-07-13 04:20:00,-17.19,0.0,0.0,180.0,-0.0
2025-07-13 04:25:00,-13.99991,0.0,0.0,180.0,-0.0
2025-07-13 04:30:00,-13.99991,0.0,0.0,180.0,-0.0
2025-07-13 04:35:00,-18.98,0.0,0.0,180.0,-0.0
2025-07-13 04:40:00,-18.37,0.0,0.0,180.0,-0.0
2025-07-13 04:45:00,-13.99991,0.0,0.0,180.0,-0.0
2025-07-13 04:50:00,-13.99991,0.0,0.0,180.0,-0.0
2025-07-13 04:55:00,-13.99991,0.0,0.0,180.0,-0.0
2025-07-13 05:00:00,-18.14,0.0,0.0,180.0,-0.0
2025-07-13 05:05:00,-18.98,0.0,0.0,180.0,-0.0
2025-07-13 05:10:00,-18.14,0.0,0.0,180.0,-0.0
2025-07-13 05:15:00,-19.96,0.0,0.0,180.0,-0.0
2025-07-13 05:20:00,-19.96,0.0,0.0,180.0,-0.0
2025-07-13 05:25:00,-19.96,0.0,0.0,180.0,-0.0
2025-07-13 05:30:00,-13.99991,0.0,0.0,180.0,-0.0
2025-07-13 05:35:00,-18.14,0.0,0.0,180.0,-0.0
2025-07-13 05:40:00,-13.99991,0.0,0.0,180.0,-0.0
2025-07-13 05:45:00,-13.99991,0.0,0.0,180.0,-0.0
2025-07-13 05:50:00,-13.99991,0.0,0.0,180.0,-0.0
2025-07-13 05:55:00,-19.96,0.0,0.0,180.0,-0.0
2025-07-13 06:00:00,-13.99991,0.0,0.0,180.0,-0.0
2025-07-13 06:05:00,-13.99991,0.0,0.0,180.0,-0.0
2025-07-13 06:10:00,-13.99991,0.0,0.0,180.0,-0.0
2025-07-13 06:15:00,-13.99991,0.0,0.0,180.0,-0.0
2025-07-13 06:20:00,-13.99991,0.0,0.0,180.0,-0.0
2025-07-13 06:25:00,-13.99991,0.0,0.0,180.0,-0.0
2025-07-13 06:30:00,-13.99967,0.0,0.0,180.0,-0.0
2025-07-13 06:35:00,-13.99967,0.0,0.0,180.0,-0.0
2025-07-13 06:40:00,-13.99967,0.0,0.0,180.0,-0.0
2025-07-13 06:45:00,-13.99967,0.0,0.0,180.0,-0.0
2025-07-13 06:50:00,-13.99967,0.0,0.0,180.0,-0.0
2025-07-13 06:55:00,-9.96,0.0,0.0,180.0,-0.0
2025-07-13 07:00:00,-13.99967,0.0,0.0,180.0,-0.0
2025-07-13 07:05:00,-9.96,0.0,0.0,180.0,-0.0
2025-07-13 07:10:00,-13.99967,0.0,0.0,180.0,-0.0
2025-07-13 07:15:00,-9.96,0.0,0.0,180.0,-0.0
2025-07-13 07:20:00,-9.83,0.0,0.0,180.0,-0.0
2025-07-13 07:25:00,-9.83,0.0,0.0,180.0,-0.0
2025-07-13 07:30:00,-9.96,0.0,0.0,180.0,-0.0
2025-07-13 07:35:00,-9.83,0.0,0.0,180.0,-0.0
2025-07-13 07:40:00,0.01,0.0,0.0,180.0,0.0
2025-07-13 07:45:00,0.01,0.0,0.0,180.0,0.0
2025-07-13 07:50:00,-7.41,0.0,0.0,180.0,-0.0
2025-07-13 07:55:00,-9.96,0.0,0.0,180.0,-0.0
2025-07-13 08:00:00,-13.99976,0.0,0.0,180.0,-0.0
2025-07-13 08:05:00,-13.99976,0.0,0.0,180.0,-0.0
2025-07-13 08:10:00,-9.96,0.0,0.0,180.0,-0.0
2025-07-13 08:15:00,-12.28585,0.0,0.0,180.0,-0.0
2025-07-13 08:20:00,-11.49118,0.0,0.0,180.0,-0.0
2025-07-13 08:25:00,-9.96,0.0,0.0,180.0,-0.0
2025-07-13 08:30:00,-0.17269,0.0,0.0,180.0,-0.0
2025-07-13 08:35:00,0.80992,0.0,0.0,180.0,0.0
2025-07-13 08:40:00,-13.99967,0.0,0.0,180.0,-0.0
2025-07-13 08:45:00,-0.43188,0.0,0.0,180.0,-0.0
2025-07-13 08:50:00,0.01,0.0,0.0,180.0,0.0
2025-07-13 08:55:00,-13.99967,0.0,0.0,180.0,-0.0
2025-07-13 09:00:00,-13.99991,0.0,0.0,180.0,-0.0
2025-07-13 09:05:00,-13.99991,0.0,0.0,180.0,-0.0
2025-07-13 09:10:00,-13.99967,0.0,0.0,180.0,-0.0
2025-07-13 09:15:00,-14.0,0.0,0.0,180.0,-0.0
2025-07-13 09:20:00,-13.99976,0.0,0.0,180.0,-0.0
2025-07-13 09:25:00,-13.99976,0.0,0.0,180.0,-0.0
2025-07-13 09:30:00,-13.99967,0.0,0.0,180.0,-0.0
2025-07-13 09:35:00,-13.99967,0.0,0.0,180.0,-0.0
2025-07-13 09:40:00,-20.37,0.0,0.0,180.0,-0.0
2025-07-13 09:45:00,-19.5,0.0,0.0,180.0,-0.0
2025-07-13 09:50:00,-15.99,0.0,0.0,180.0,-0.0
2025-07-13 09:55:00,-18.0,0.0,0.0,180.0,-0.0
2025-07-13 10:00:00,-20.99,0.0,0.0,180.0,-0.0
2025-07-13 10:05:00,-13.99991,0.0,0.0,180.0,-0.0
2025-07-13 10:10:00,-13.99967,0.0,0.0,180.0,-0.0
2025-07-13 10:15:00,-13.99967,0.0,0.0,180.0,-0.0
2025-07-13 10:20:00,-13.99967,0.0,0.0,180.0,-0.0
2025-07-13 10:25:00,-12.44567,0.0,0.0,180.0,-0.0
2025-07-13 10:30:00,-9.96,0.0,0.0,180.0,-0.0
2025-07-13 10:35:00,-9.96,0.0,0.0,180.0,-0.0
2025-07-13 10:40:00,-5.17194,0.0,0.0,180.0,-0.0
2025-07-13 10:45:00,-13.99967,0.0,0.0,180.0,-0.0
2025-07-13 10:50:00,-13.99967,0.0,0.0,180.0,-0.0
2025-07-13 10:55:00,-13.99967,0.0,0.0,180.0,-0.0
2025-07-13 11:00:00,-13.99967,0.0,0.0,180.0,-0.0
2025-07-13 11:05:00,-13.99991,0.0,0.0,180.0,-0.0
2025-07-13 11:10:00,-5.89022,0.0,0.0,180.0,-0.0
2025-07-13 11:15:00,-13.99991,0.0,0.0,180.0,-0.0
2025-07-13 11:20:00,-13.99967,0.0,0.0,180.0,-0.0
2025-07-13 11:25:00,-13.99967,0.0,0.0,180.0,-0.0
2025-07-13 11:30:00,-13.99991,0.0,0.0,180.0,-0.0
2025-07-13 11:35:00,-13.99967,0.0,0.0,180.0,-0.0
2025-07-13 11:40:00,-13.99991,0.0,0.0,180.0,-0.0
2025-07-13 11:45:00,-13.99967,0.0,0.0,180.0,-0.0
2025-07-13 11:50:00,-13.99991,0.0,0.0,180.0,-0.0
2025-07-13 11:55:00,-13.99991,0.0,0.0,180.0,-0.0
2025-07-13 12:00:00,-13.99991,0.0,0.0,180.0,-0.0
2025-07-13 12:05:00,-15.99,0.0,0.0,180.0,-0.0
2025-07-13 12:10:00,-13.99991,0.0,0.0,180.0,-0.0
2025-07-13 12:15:00,-13.99991,0.0,0.0,180.0,-0.0
2025-07-13 12:20:00,-15.99,0.0,0.0,180.0,-0.0
2025-07-13 12:25:00,-13.99991,0.0,0.0,180.0,-0.0
2025-07-13 12:30:00,-14.387,0.0,0.0,180.0,-0.0
2025-07-13 12:35:00,-13.99991,0.0,0.0,180.0,-0.0
2025-07-13 12:40:00,-13.99991,0.0,0.0,180.0,-0.0
2025-07-13 12:45:00,-14.3729,0.0,0.0,180.0,-0.0
2025-07-13 12:50:00,-15.99,0.0,0.0,180.0,-0.0
2025-07-13 12:55:00,-13.99991,0.0,0.0,180.0,-0.0
2025-07-13 13:00:00,-14.08908,0.0,0.0,180.0,-0.0
2025-07-13 13:05:00,-13.99991,0.0,0.0,180.0,-0.0
2025-07-13 13:10:00,-13.99991,0.0,0.0,180.0,-0.0
2025-07-13 13:15:00,-13.99967,0.0,0.0,180.0,-0.0
2025-07-13 13:20:00,-13.99991,0.0,0.0,180.0,-0.0
2025-07-13 13:25:00,-15.99,0.0,0.0,180.0,-0.0
2025-07-13 13:30:00,-17.74523,0.0,0.0,180.0,-0.0
2025-07-13 13:35:00,-15.0,0.0,0.0,180.0,-0.0
2025-07-13 13:40:00,-13.99991,0.0,0.0,180.0,-0.0
2025-07-13 13:45:00,-15.99,0.0,0.0,180.0,-0.0
2025-07-13 13:50:00,-15.99,0.0,0.0,180.0,-0.0
2025-07-13 13:55:00,-13.99991,0.0,0.0,180.0,-0.0
2025-07-13 14:00:00,-13.99967,0.0,0.0,180.0,-0.0
2025-07-13 14:05:00,-13.99967,0.0,0.0,180.0,-0.0
2025-07-13 14:10:00,-13.99967,0.0,0.0,180.0,-0.0
2025-07-13 14:15:00,0.04,0.0,0.0,180.0,0.0
2025-07-13 14:20:00,0.04,0.0,0.0,180.0,0.0
2025-07-13 14:25:00,0.04,0.0,0.0,180.0,0.0
2025-07-13 14:30:00,1.475,0.0,0.0,180.0,0.0
2025-07-13 14:35:00,0.04,0.0,0.0,180.0,0.0
2025-07-13 14:40:00,16.5,0.0,0.0,180.0,0.0
2025-07-13 14:45:00,8.95,0.0,0.0,180.0,0.0
2025-07-13 14:50:00,8.95,0.0,0.0,180.0,0.0
2025-07-13 14:55:00,12.42,0.0,0.0,180.0,0.0
2025-07-13 15:00:00,0.00583,0.0,0.0,180.0,0.0
2025-07-13 15:05:00,-13.99967,0.0,0.0,180.0,-0.0
2025-07-13 15:10:00,-13.99942,0.0,0.0,180.0,-0.0
2025-07-13 15:15:00,-0.02119,0.0,0.0,180.0,-0.0
2025-07-13 15:20:00,-11.74387,0.0,0.0,180.0,-0.0
2025-07-13 15:25:00,2e-05,0.0,0.0,180.0,0.0
2025-07-13 15:30:00,-0.0275,0.0,0.0,180.0,-0.0
2025-07-13 15:35:00,-12.94651,0.0,0.0,180.0,-0.0
2025-07-13 15:40:00,12.4,0.0,0.0,180.0,0.0
2025-07-13 15:45:00,20.04,0.0,0.0,180.0,0.0
2025-07-13 15:50:00,8.95,0.0,0.0,180.0,0.0
2025-07-13 15:55:00,8.95,0.0,0.0,180.0,0.0
2025-07-13 16:00:00,22.6723,0.0,0.0,180.0,0.0
2025-07-13 16:05:00,20.0,0.0,0.0,180.0,0.0
2025-07-13 16:10:00,20.0,0.0,0.0,180.0,0.0
2025-07-13 16:15:00,28.53128,0.0,0.0,180.0,0.0
2025-07-13 16:20:00,44.82501,0.0,0.0,180.0,0.0
2025-07-13 16:25:00,38.82804,0.0,0.0,180.0,0.0
2025-07-13 16:30:00,8.95,0.0,0.0,180.0,0.0
2025-07-13 16:35:00,8.95,0.0,0.0,180.0,0.0
2025-07-13 16:40:00,36.39494,0.0,0.0,180.0,0.0
2025-07-13 16:45:00,20.0,0.0,0.0,180.0,0.0
2025-07-13 16:50:00,53.08229,0.0,0.0,180.0,0.0
2025-07-13 16:55:00,53.13091,0.0,0.0,180.0,0.0
2025-07-13 17:00:00,73.35457,0.0,0.0,180.0,0.0
2025-07-13 17:05:00,53.30998,0.0,0.0,180.0,0.0
2025-07-13 17:10:00,43.32499,0.0,0.0,180.0,0.0
2025-07-13 17:15:00,58.28615,0.0,0.0,180.0,0.0
2025-07-13 17:20:00,71.71907,0.0,0.0,180.0,0.0
2025-07-13 17:25:00,82.90727,0.0,0.0,180.0,0.0
2025-07-13 17:30:00,97.41312,0.0,0.0,180.0,0.0
2025-07-13 17:35:00,64.69024,0.0,0.0,180.0,0.0
2025-07-13 17:40:00,59.20868,0.0,0.0,180.0,0.0
2025-07-13 17:45:00,61.39711,0.0,0.0,180.0,0.0
2025-07-13 17:50:00,62.47712,0.0,0.0,180.0,0.0
2025-07-13 17:55:00,72.60614,0.0,0.0,180.0,0.0
2025-07-13 18:00:00,95.58531,0.0,0.0,180.0,0.0
2025-07-13 18:05:00,106.61608,0.0,0.0,180.0,0.0
2025-07-13 18:10:00,70.57346,0.0,0.0,180.0,0.0
2025-07-13 18:15:00,83.83475,0.0,0.0,180.0,0.0
2025-07-13 18:20:00,65.79404,0.0,0.0,180.0,0.0
2025-07-13 18:25:00,41.85176,0.0,0.0,180.0,0.0
2025-07-13 18:30:00,64.58965,0.0,0.0,180.0,0.0
2025-07-13 18:35:00,54.91903,0.0,0.0,180.0,0.0
2025-07-13 18:40:00,53.62984,0.0,0.0,180.0,0.0
2025-07-13 18:45:00,45.48526,0.0,0.0,180.0,0.0
2025-07-13 18:50:00,45.84468,0.0,0.0,180.0,0.0
2025-07-13 18:55:00,62.23964,0.0,0.0,180.0,0.0
2025-07-13 19:00:00,49.60041,0.0,0.0,180.0,0.0
2025-07-13 19:05:00,46.21615,0.0,0.0,180.0,0.0
2025-07-13 19:10:00,47.06594,0.0,0.0,180.0,0.0
2025-07-13 19:15:00,45.56143,0.0,0.0,180.0,0.0
2025-07-13 19:20:00,43.16153,0.0,0.0,180.0,0.0
2025-07-13 19:25:00,39.0647,0.0,0.0,180.0,0.0
2025-07-13 19:30:00,34.13301,0.0,0.0,180.0,0.0
2025-07-13 19:35:00,49.6463,0.0,0.0,180.0,0.0
2025-07-13 19:40:00,50.92737,0.0,0.0,180.0,0.0
2025-07-13 19:45:00,50.46929,0.0,0.0,180.0,0.0
2025-07-13 19:50:00,54.53709,0.0,0.0,180.0,0.0
2025-07-13 19:55:00,58.69385,0.0,0.0,180.0,0.0
2025-07-13 20:00:00,45.72704,0.0,0.0,180.0,0.0
2025-07-13 20:05:00,54.74946,0.0,0.0,180.0,0.0
2025-07-13 20:10:00,53.68054,0.0,0.0,180.0,0.0
2025-07-13 20:15:00,55.02361,0.0,0.0,180.0,0.0
2025-07-13 20:20:00,45.86046,0.0,0.0,180.0,0.0
2025-07-13 20:25:00,39.07811,0.0,0.0,180.0,0.0
2025-07-13 20:30:00,35.27979,0.0,0.0,180.0,0.0
2025-07-13 20:35:00,39.36718,0.0,0.0,180.0,0.0
2025-07-13 20:40:00,45.97476,0.0,0.0,180.0,0.0
2025-07-13 20:45:00,31.40326,0.0,0.0,180.0,0.0
2025-07-13 20:50:00,-13.99976,0.0,0.0,180.0,-0.0
2025-07-13 20:55:00,-13.99976,0.0,0.0,180.0,-0.0
2025-07-13 21:00:00,-13.99976,0.0,0.0,180.0,-0.0
2025-07-13 21:05:00,-13.99967,0.0,0.0,180.0,-0.0
2025-07-13 21:10:00,0.01,0.0,0.0,180.0,0.0
2025-07-13 21:15:00,0.01,0.0,0.0,180.0,0.0
2025-07-13 21:20:00,0.01,0.0,0.0,180.0,0.0
2025-07-13 21:25:00,0.01,0.0,0.0,180.0,0.0
2025-07-13 21:30:00,0.01,0.0,0.0,180.0,0.0
2025-07-13 21:35:00,0.01,0.0,0.0,180.0,0.0
2025-07-13 21:40:00,0.01,0.0,0.0,180.0,0.0
2025-07-13 21:45:00,0.53,0.0,0.0,180.0,0.0
2025-07-13 21:50:00,8.95,0.0,0.0,180.0,0.0
2025-07-13 21:55:00,8.95,0.0,0.0,180.0,0.0
2025-07-13 22:00:00,1.14004,0.0,0.0,180.0,0.0
2025-07-13 22:05:00,8.4973,0.0,0.0,180.0,0.0
2025-07-13 22:10:00,7.81022,0.0,0.0,180.0,0.0
2025-07-13 22:15:00,8.24022,0.0,0.0,180.0,0.0
2025-07-13 22:20:00,7.81022,0.0,0.0,180.0,0.0
2025-07-13 22:25:00,53.81443,0.0,0.0,180.0,0.0
2025-07-13 22:30:00,36.94791,0.0,0.0,180.0,0.0
2025-07-13 22:35:00,39.90847,0.0,0.0,180.0,0.0
2025-07-13 22:40:00,54.13093,0.0,0.0,180.0,0.0
2025-07-13 22:45:00,46.11661,0.0,0.0,180.0,0.0
2025-07-13 22:50:00,29.71581,0.0,0.0,180.0,0.0
2025-07-13 22:55:00,20.0,0.0,0.0,180.0,0.0
2025-07-13 23:00:00,8.95021,0.0,0.0,180.0,0.0
2025-07-13 23:05:00,8.95,0.0,0.0,180.0,0.0
2025-07-13 23:10:00,31.59147,0.0,0.0,180.0,0.0
2025-07-13 23:15:00,8.95,0.0,0.0,180.0,0.0
2025-07-13 23:20:00,8.95,0.0,0.0,180.0,0.0
2025-07-13 23:25:00,8.95,0.0,0.0,180.0,0.0
2025-07-13 23:30:00,8.95,0.0,0.0,180.0,0.0
2025-07-13 23:35:00,8.95,0.0,0.0,180.0,0.0
2025-07-13 23:40:00,20.2,0.0,0.0,180.0,0.0
2025-07-13 23:45:00,8.95,0.0,0.0,180.0,0.0
2025-07-13 23:50:00,6.95046,0.0,0.0,180.0,0.0
2025-07-13 23:55:00,8.9502,0.0,0.0,180.0,0.0
2025-07-14 00:00:00,8.95,0.0,0.0,180.0,0.0
2025-07-14 00:05:00,8.95,0.0,0.0,180.0,0.0
2025-07-14 00:10:00,8.95,0.0,0.0,180.0,0.0
2025-07-14 00:15:00,8.95,0.0,0.0,180.0,0.0
2025-07-14 00:20:00,19.18,0.0,0.0,180.0,0.0
2025-07-14 00:25:00,19.18,0.0,0.0,180.0,0.0
2025-07-14 00:30:00,8.94981,0.0,0.0,180.0,0.0
2025-07-14 00:35:00,19.18,0.0,0.0,180.0,0.0
2025-07-14 00:40:00,0.01,0.0,0.0,180.0,0.0
2025-07-14 00:45:00,19.18,0.0,0.0,180.0,0.0
2025-07-14 00:50:00,19.18,0.0,0.0,180.0,0.0
2025-07-14 00:55:00,19.18,0.0,0.0,180.0,0.0
2025-07-14 01:00:00,19.18,0.0,0.0,180.0,0.0
2025-07-14 01:05:00,19.18,0.0,0.0,180.0,0.0
2025-07-14 01:10:00,19.18,0.0,0.0,180.0,0.0
2025-07-14 01:15:00,18.17995,0.0,0.0,180.0,0.0
2025-07-14 01:20:00,16.78011,0.0,0.0,180.0,0.0
2025-07-14 01:25:00,19.18,0.0,0.0,180.0,0.0
2025-07-14 01:30:00,19.18,0.0,0.0,180.0,0.0
2025-07-14 01:35:00,19.18,0.0,0.0,180.0,0.0
2025-07-14 01:40:00,18.17995,0.0,0.0,180.0,0.0
2025-07-14 01:45:00,8.94982,0.0,0.0,180.0,0.0
2025-07-14 01:50:00,8.95,0.0,0.0,180.0,0.0
2025-07-14 01:55:00,19.18,0.0,0.0,180.0,0.0
2025-07-14 02:00:00,23.60993,0.0,0.0,180.0,0.0
2025-07-14 02:05:00,19.18,0.0,0.0,180.0,0.0
2025-07-14 02:10:00,19.17995,0.0,0.0,180.0,0.0
2025-07-14 02:15:00,19.18,0.0,0.0,180.0,0.0
2025-07-14 02:20:00,19.18,0.0,0.0,180.0,0.0
2025-07-14 02:25:00,0.01,0.0,0.0,180.0,0.0
2025-07-14 02:30:00,19.18,0.0,0.0,180.0,0.0
2025-07-14 02:35:00,19.18,0.0,0.0,180.0,0.0
2025-07-14 02:40:00,19.18,0.0,0.0,180.0,0.0
2025-07-14 02:45:00,19.18,0.0,0.0,180.0,0.0
2025-07-14 02:50:00,19.18,0.0,0.0,180.0,0.0
2025-07-14 02:55:00,19.17995,0.0,0.0,180.0,0.0
2025-07-14 03:00:00,19.18,0.0,0.0,180.0,0.0
2025-07-14 03:05:00,19.18,0.0,0.0,180.0,0.0
2025-07-14 03:10:00,19.18,0.0,0.0,180.0,0.0
2025-07-14 03:15:00,19.18,0.0,0.0,180.0,0.0
2025-07-14 03:20:00,19.18,0.0,0.0,180.0,0.0
2025-07-14 03:25:00,19.18,0.0,0.0,180.0,0.0
2025-07-14 03:30:00,19.18,0.0,0.0,180.0,0.0
2025-07-14 03:35:00,21.66374,0.0,0.0,180.0,0.0
2025-07-14 03:40:00,35.94,0.0,0.0,180.0,0.0
2025-07-14 03:45:00,35.94,0.0,0.0,180.0,0.0
2025-07-14 03:50:00,20.0,0.0,0.0,180.0,0.0
2025-07-14 03:55:00,20.0,0.0,0.0,180.0,0.0
2025-07-14 04:00:00,35.94,0.0,0.0,180.0,0.0
2025-07-14 04:05:00,32.1485,0.0,0.0,180.0,0.0
2025-07-14 04:10:00,50.96283,0.0,0.0,180.0,0.0
2025-07-14 04:15:00,64.91799,0.0,0.0,180.0,0.0
2025-07-14 04:20:00,58.79749,0.0,0.0,180.0,0.0
2025-07-14 04:25:00,58.93249,0.0,0.0,180.0,0.0
2025-07-14 04:30:00,66.22442,0.0,0.0,180.0,0.0
2025-07-14 04:35:00,52.1216,0.0,0.0,180.0,0.0
2025-07-14 04:40:00,51.7367,0.0,0.0,180.0,0.0
2025-07-14 04:45:00,64.55471,0.0,0.0,180.0,0.0
2025-07-14 04:50:00,64.18405,0.0,0.0,180.0,0.0
2025-07-14 04:55:00,60.09715,0.0,0.0,180.0,0.0
2025-07-14 05:00:00,70.22126,0.0,0.0,180.0,0.0
2025-07-14 05:05:00,66.65846,0.0,0.0,180.0,0.0
2025-07-14 05:10:00,73.19057,0.0,0.0,180.0,0.0
2025-07-14 05:15:00,73.83114,0.0,0.0,180.0,0.0
2025-07-14 05:20:00,72.5303,0.0,0.0,180.0,0.0
2025-07-14 05:25:00,81.76135,0.0,0.0,180.0,0.0
2025-07-14 05:30:00,90.0,0.0,0.0,180.0,0.0
2025-07-14 05:35:00,79.95517,0.0,0.0,180.0,0.0
2025-07-14 05:40:00,100.9017,0.0,0.0,180.0,0.0
2025-07-14 05:45:00,155.00505,0.0,100.0,171.21589538842116,1291.70875
2025-07-14 05:50:00,175.64,0.0,100.0,162.43179077684232,1463.6666666666663
2025-07-14 05:55:00,176.50235,0.0,100.0,153.64768616526348,1470.8529166666665
2025-07-14 06:00:00,160.6866,0.0,100.0,144.86358155368464,1339.0549999999998
2025-07-14 06:05:00,125.42,0.0,0.0,144.86358155368464,0.0
2025-07-14 06:10:00,178.04479,0.0,100.0,136.0794769421058,1483.7065833333331
2025-07-14 06:15:00,175.64,0.0,100.0,127.29537233052697,1463.6666666666663
2025-07-14 06:20:00,175.64,0.0,100.0,118.51126771894815,1463.6666666666663
2025-07-14 06:25:00,164.36925,0.0,100.0,109.72716310736932,1369.7437499999999
2025-07-14 06:30:00,198.11,0.0,100.0,100.9430584957905,1650.9166666666665
2025-07-14 06:35:00,140.55,0.0,100.0,92.15895388421167,1171.25
2025-07-14 06:40:00,168.047,0.0,100.0,83.37484927263284,1400.3916666666664
2025-07-14 06:45:00,137.47755,0.0,100.0,74.59074466105402,1145.64625
2025-07-14 06:50:00,140.55,0.0,100.0,65.80664004947519,1171.25
2025-07-14 06:55:00,157.39952,0.0,100.0,57.02253543789636,1311.6626666666664
2025-07-14 07:00:00,140.75257,0.0,100.0,48.238430826317526,1172.938083333333
2025-07-14 07:05:00,170.22,0.0,100.0,39.45432621473869,1418.4999999999998
2025-07-14 07:10:00,165.00031,0.0,100.0,30.67022160315986,1375.0025833333332
2025-07-14 07:15:00,146.5,0.0,100.0,21.886116991581027,1220.8333333333333
2025-07-14 07:20:00,154.81816,0.0,21.471932256986417,20.0,277.0204203059404
2025-07-14 07:25:00,147.18225,0.0,0.0,20.0,0.0
2025-07-14 07:30:00,138.51069,0.0,0.0,20.0,0.0
2025-07-14 07:35:00,153.749,0.0,0.0,20.0,0.0
2025-07-14 07:40:00,151.50355,0.0,0.0,20.0,0.0
2025-07-14 07:45:00,192.19582,0.0,0.0,20.0,0.0
2025-07-14 07:50:00,151.26038,0.0,0.0,20.0,0.0
2025-07-14 07:55:00,175.64,0.0,0.0,20.0,0.0
2025-07-14 08:00:00,205.87481,0.0,0.0,20.0,0.0
2025-07-14 08:05:00,164.5565,0.0,0.0,20.0,0.0
2025-07-14 08:10:00,170.22,0.0,0.0,20.0,0.0
2025-07-14 08:15:00,206.86532,0.0,0.0,20.0,0.0
2025-07-14 08:20:00,170.22,0.0,0.0,20.0,0.0
2025-07-14 08:25:00,132.23,0.0,0.0,20.0,0.0
2025-07-14 08:30:00,150.82751,0.0,0.0,20.0,0.0
2025-07-14 08:35:00,151.83256,0.0,0.0,20.0,0.0
2025-07-14 08:40:00,140.55,0.0,0.0,20.0,0.0
2025-07-14 08:45:00,132.72,0.0,0.0,20.0,0.0
2025-07-14 08:50:00,124.52437,0.0,0.0,20.0,0.0
2025-07-14 08:55:00,124.56263,0.0,0.0,20.0,0.0
2025-07-14 09:00:00,124.8013,0.0,0.0,20.0,0.0
2025-07-14 09:05:00,131.23,0.0,0.0,20.0,0.0
2025-07-14 09:10:00,89.11817,0.0,0.0,20.0,0.0
2025-07-14 09:15:00,82.7409,0.0,0.0,20.0,0.0
2025-07-14 09:20:00,122.02,0.0,0.0,20.0,0.0
2025-07-14 09:25:00,82.28199,0.0,0.0,20.0,0.0
2025-07-14 09:30:00,75.8,0.0,0.0,20.0,0.0
2025-07-14 09:35:00,83.89991,0.0,0.0,20.0,0.0
2025-07-14 09:40:00,137.96,0.0,0.0,20.0,0.0
2025-07-14 09:45:00,122.02,0.0,0.0,20.0,0.0
2025-07-14 09:50:00,98.25236,0.0,0.0,20.0,0.0
2025-07-14 09:55:00,121.56991,0.0,0.0,20.0,0.0
2025-07-14 10:00:00,82.51571,0.0,0.0,20.0,0.0
2025-07-14 10:05:00,89.23,0.0,0.0,20.0,0.0
2025-07-14 10:10:00,88.95,0.0,0.0,20.0,0.0
2025-07-14 10:15:00,61.94198,0.0,0.0,20.0,0.0
2025-07-14 10:20:00,60.97766,0.0,0.0,20.0,0.0
2025-07-14 10:25:00,42.19,0.0,0.0,20.0,0.0
2025-07-14 10:30:00,42.19,0.0,0.0,20.0,0.0
2025-07-14 10:35:00,42.19,0.0,0.0,20.0,0.0
2025-07-14 10:40:00,61.13163,0.0,0.0,20.0,0.0
2025-07-14 10:45:00,42.19,0.0,0.0,20.0,0.0
2025-07-14 10:50:00,78.05055,0.0,0.0,20.0,0.0
2025-07-14 10:55:00,41.45,0.0,0.0,20.0,0.0
2025-07-14 11:00:00,41.45,0.0,0.0,20.0,0.0
2025-07-14 11:05:00,20.04,0.0,0.0,20.0,0.0
2025-07-14 11:10:00,19.62,0.0,0.0,20.0,0.0
2025-07-14 11:15:00,23.86,0.0,0.0,20.0,0.0
2025-07-14 11:20:00,20.0,0.0,0.0,20.0,0.0
2025-07-14 11:25:00,12.42,0.0,0.0,20.0,0.0
2025-07-14 11:30:00,11.37,0.0,0.0,20.0,0.0
2025-07-14 11:35:00,0.05,100.0,0.0,27.90569415042095,-0.41666666666666663
2025-07-14 11:40:00,11.35,0.0,0.0,27.90569415042095,0.0
2025-07-14 11:45:00,0.05,100.0,0.0,35.8113883008419,-0.41666666666666663
2025-07-14 11:50:00,0.05,100.0,0.0,43.71708245126285,-0.41666666666666663
2025-07-14 11:55:00,8.95,100.0,0.0,51.622776601683796,-74.58333333333331
2025-07-14 12:00:00,8.95,100.0,0.0,59.528470752104745,-74.58333333333331
2025-07-14 12:05:00,0.05,100.0,0.0,67.4341649025257,-0.41666666666666663
2025-07-14 12:10:00,8.95,100.0,0.0,75.33985905294664,-74.58333333333331
2025-07-14 12:15:00,8.95,100.0,0.0,83.24555320336758,-74.58333333333331
2025-07-14 12:20:00,8.95,100.0,0.0,91.15124735378852,-74.58333333333331
2025-07-14 12:25:00,8.95,100.0,0.0,99.05694150420946,-74.58333333333331
2025-07-14 12:30:00,0.05,100.0,0.0,106.9626356546304,-0.41666666666666663
2025-07-14 12:35:00,8.95,100.0,0.0,114.86832980505135,-74.58333333333331
2025-07-14 12:40:00,8.95,100.0,0.0,122.77402395547229,-74.58333333333331
2025-07-14 12:45:00,0.01,100.0,0.0,130.67971810589324,-0.08333333333333333
2025-07-14 12:50:00,8.95,100.0,0.0,138.58541225631419,-74.58333333333331
2025-07-14 12:55:00,8.95,100.0,0.0,146.49110640673513,-74.58333333333331
2025-07-14 13:00:00,8.95,100.0,0.0,154.39680055715607,-74.58333333333331
2025-07-14 13:05:00,8.95,100.0,0.0,162.302494707577,-74.58333333333331
2025-07-14 13:10:00,8.95,100.0,0.0,170.20818885799795,-74.58333333333331
2025-07-14 13:15:00,5.26,100.0,0.0,178.1138830084189,-43.83333333333333
2025-07-14 13:20:00,0.01,23.857702507763676,0.0,180.0,-0.01988141875646973
2025-07-14 13:25:00,8.95,0.0,0.0,180.0,0.0
2025-07-14 13:30:00,5.26,0.0,0.0,180.0,0.0
2025-07-14 13:35:00,8.95,0.0,0.0,180.0,0.0
2025-07-14 13:40:00,31.57,0.0,0.0,180.0,0.0
2025-07-14 13:45:00,29.12905,0.0,0.0,180.0,0.0
2025-07-14 13:50:00,8.95023,0.0,0.0,180.0,0.0
2025-07-14 13:55:00,20.0,0.0,0.0,180.0,0.0
2025-07-14 14:00:00,8.95,0.0,0.0,180.0,0.0
2025-07-14 14:05:00,21.0,0.0,0.0,180.0,0.0
2025-07-14 14:10:00,39.98203,0.0,0.0,180.0,0.0
2025-07-14 14:15:00,51.01,0.0,0.0,180.0,0.0
2025-07-14 14:20:00,75.8,0.0,0.0,180.0,0.0
2025-07-14 14:25:00,76.44989,0.0,0.0,180.0,0.0
2025-07-14 14:30:00,75.8,0.0,0.0,180.0,0.0
2025-07-14 14:35:00,79.29,0.0,0.0,180.0,0.0
2025-07-14 14:40:00,83.45951,0.0,0.0,180.0,0.0
2025-07-14 14:45:00,115.63269,0.0,0.0,180.0,0.0
2025-07-14 14:50:00,122.02,0.0,0.0,180.0,0.0
2025-07-14 14:55:00,222.32318,0.0,100.0,171.21589538842116,1852.6931666666665
2025-07-14 15:00:00,163.14819,0.0,100.0,162.43179077684232,1359.5682499999998
2025-07-14 15:05:00,110.50566,0.0,0.0,162.43179077684232,0.0
2025-07-14 15:10:00,122.02,0.0,0.0,162.43179077684232,0.0
2025-07-14 15:15:00,122.02,0.0,0.0,162.43179077684232,0.0
2025-07-14 15:20:00,223.36,0.0,100.0,153.64768616526348,1861.3333333333333
2025-07-14 15:25:00,126.20326,0.0,0.0,153.64768616526348,0.0
2025-07-14 15:30:00,122.02,0.0,0.0,153.64768616526348,0.0
2025-07-14 15:35:00,90.4751,0.0,0.0,153.64768616526348,0.0
2025-07-14 15:40:00,122.02,0.0,0.0,153.64768616526348,0.0
2025-07-14 15:45:00,122.02,0.0,0.0,153.64768616526348,0.0
2025-07-14 15:50:00,147.24233,0.0,100.0,144.86358155368464,1227.0194166666665
2025-07-14 15:55:00,223.36,0.0,100.0,136.0794769421058,1861.3333333333333
2025-07-14 16:00:00,137.96,0.0,100.0,127.29537233052697,1149.6666666666665
2025-07-14 16:05:00,137.96,0.0,100.0,118.51126771894815,1149.6666666666665
2025-07-14 16:10:00,122.02,0.0,0.0,118.51126771894815,0.0
2025-07-14 16:15:00,137.96,0.0,100.0,109.72716310736932,1149.6666666666665
2025-07-14 16:20:00,183.70585,0.0,100.0,100.9430584957905,1530.8820833333332
2025-07-14 16:25:00,163.49255,0.0,100.0,92.15895388421167,1362.4379166666665
2025-07-14 16:30:00,185.0,0.0,100.0,83.37484927263284,1541.6666666666665
2025-07-14 16:35:00,170.63709,0.0,100.0,74.59074466105402,1421.9757499999998
2025-07-14 16:40:00,185.0,0.0,100.0,65.80664004947519,1541.6666666666665
2025-07-14 16:45:00,175.64,0.0,100.0,57.02253543789636,1463.6666666666663
2025-07-14 16:50:00,174.24976,0.0,100.0,48.238430826317526,1452.0813333333333
2025-07-14 16:55:00,149.85597,0.0,100.0,39.45432621473869,1248.79975
2025-07-14 17:00:00,166.06156,0.0,100.0,30.67022160315986,1383.846333333333
2025-07-14 17:05:00,152.98469,0.0,100.0,21.886116991581027,1274.8724166666666
2025-07-14 17:10:00,166.14748,0.0,21.471932256986417,20.0,297.2922862690838
2025-07-14 17:15:00,170.56,0.0,0.0,20.0,0.0
2025-07-14 17:20:00,169.17004,0.0,0.0,20.0,0.0
2025-07-14 17:25:00,175.64,0.0,0.0,20.0,0.0
2025-07-14 17:30:00,180.94,0.0,0.0,20.0,0.0
2025-07-14 17:35:00,185.0,0.0,0.0,20.0,0.0
2025-07-14 17:40:00,198.11,0.0,0.0,20.0,0.0
2025-07-14 17:45:00,195.13518,0.0,0.0,20.0,0.0
2025-07-14 17:50:00,199.11,0.0,0.0,20.0,0.0
2025-07-14 17:55:00,200.88999,0.0,0.0,20.0,0.0
2025-07-14 18:00:00,218.45,0.0,0.0,20.0,0.0
2025-07-14 18:05:00,199.11,0.0,0.0,20.0,0.0
2025-07-14 18:10:00,198.11,0.0,0.0,20.0,0.0
2025-07-14 18:15:00,201.41894,0.0,0.0,20.0,0.0
2025-07-14 18:20:00,185.0,0.0,0.0,20.0,0.0
2025-07-14 18:25:00,198.11,0.0,0.0,20.0,0.0
2025-07-14 18:30:00,196.9,0.0,0.0,20.0,0.0
2025-07-14 18:35:00,170.22,0.0,0.0,20.0,0.0
2025-07-14 18:40:00,172.61173,0.0,0.0,20.0,0.0
2025-07-14 18:45:00,139.57,0.0,0.0,20.0,0.0
2025-07-14 18:50:00,140.0,0.0,0.0,20.0,0.0
2025-07-14 18:55:00,140.0,0.0,0.0,20.0,0.0
2025-07-14 19:00:00,145.01774,0.0,0.0,20.0,0.0
2025-07-14 19:05:00,140.15281,0.0,0.0,20.0,0.0
2025-07-14 19:10:00,136.76611,0.0,0.0,20.0,0.0
2025-07-14 19:15:00,138.86353,0.0,0.0,20.0,0.0
2025-07-14 19:20:00,140.0,0.0,0.0,20.0,0.0
2025-07-14 19:25:00,140.0,0.0,0.0,20.0,0.0
2025-07-14 19:30:00,140.0,0.0,0.0,20.0,0.0
2025-07-14 19:35:00,122.02,0.0,0.0,20.0,0.0
2025-07-14 19:40:00,122.02,0.0,0.0,20.0,0.0
2025-07-14 19:45:00,136.40991,0.0,0.0,20.0,0.0
2025-07-14 19:50:00,140.0,0.0,0.0,20.0,0.0
2025-07-14 19:55:00,122.02,0.0,0.0,20.0,0.0
2025-07-14 20:00:00,122.02,0.0,0.0,20.0,0.0
2025-07-14 20:05:00,129.55042,0.0,0.0,20.0,0.0
2025-07-14 20:10:00,122.22,0.0,0.0,20.0,0.0
2025-07-14 20:15:00,122.02,0.0,0.0,20.0,0.0
2025-07-14 20:20:00,131.23079,0.0,0.0,20.0,0.0
2025-07-14 20:25:00,131.28007,0.0,0.0,20.0,0.0
2025-07-14 20:30:00,131.24806,0.0,0.0,20.0,0.0
2025-07-14 20:35:00,122.63581,0.0,0.0,20.0,0.0
2025-07-14 20:40:00,130.39841,0.0,0.0,20.0,0.0
2025-07-14 20:45:00,130.36029,0.0,0.0,20.0,0.0
2025-07-14 20:50:00,131.11388,0.0,0.0,20.0,0.0
2025-07-14 20:55:00,129.32641,0.0,0.0,20.0,0.0
2025-07-14 21:00:00,107.31487,0.0,0.0,20.0,0.0
2025-07-14 21:05:00,140.0,0.0,0.0,20.0,0.0
2025-07-14 21:10:00,114.97995,0.0,0.0,20.0,0.0
2025-07-14 21:15:00,110.77401,0.0,0.0,20.0,0.0
2025-07-14 21:20:00,109.40816,0.0,0.0,20.0,0.0
2025-07-14 21:25:00,102.92421,0.0,0.0,20.0,0.0
2025-07-14 21:30:00,109.85116,0.0,0.0,20.0,0.0
2025-07-14 21:35:00,116.65715,0.0,0.0,20.0,0.0
2025-07-14 21:40:00,105.71408,0.0,0.0,20.0,0.0
2025-07-14 21:45:00,90.88491,0.0,0.0,20.0,0.0
2025-07-14 21:50:00,84.11584,0.0,0.0,20.0,0.0
2025-07-14 21:55:00,91.54222,0.0,0.0,20.0,0.0
2025-07-14 22:00:00,85.50847,0.0,0.0,20.0,0.0
2025-07-14 22:05:00,101.73806,0.0,0.0,20.0,0.0
2025-07-14 22:10:00,91.26365,0.0,0.0,20.0,0.0
2025-07-14 22:15:00,101.78285,0.0,0.0,20.0,0.0
2025-07-14 22:20:00,100.45468,0.0,0.0,20.0,0.0
2025-07-14 22:25:00,101.57911,0.0,0.0,20.0,0.0
2025-07-14 22:30:00,92.29732,0.0,0.0,20.0,0.0
2025-07-14 22:35:00,91.97718,0.0,0.0,20.0,0.0
2025-07-14 22:40:00,98.14606,0.0,0.0,20.0,0.0
2025-07-14 22:45:00,87.14929,0.0,0.0,20.0,0.0
2025-07-14 22:50:00,43.36241,0.0,0.0,20.0,0.0
2025-07-14 22:55:00,89.39917,0.0,0.0,20.0,0.0
2025-07-14 23:00:00,80.53966,0.0,0.0,20.0,0.0
2025-07-14 23:05:00,90.56951,0.0,0.0,20.0,0.0
2025-07-14 23:10:00,90.0,0.0,0.0,20.0,0.0
2025-07-14 23:15:00,92.3181,0.0,0.0,20.0,0.0
2025-07-14 23:20:00,90.85563,0.0,0.0,20.0,0.0
2025-07-14 23:25:00,88.82968,0.0,0.0,20.0,0.0
2025-07-14 23:30:00,46.38819,0.0,0.0,20.0,0.0
2025-07-14 23:35:00,20.00007,0.0,0.0,20.0,0.0
2025-07-14 23:40:00,49.78675,0.0,0.0,20.0,0.0
2025-07-14 23:45:00,20.85668,0.0,0.0,20.0,0.0
2025-07-14 23:50:00,20.0,0.0,0.0,20.0,0.0
2025-07-14 23:55:00,20.0,0.0,0.0,20.0,0.0
2025-07-15 00:00:00,20.0,0.0,0.0,20.0,0.0
2025-07-15 00:05:00,19.61294,0.0,0.0,20.0,0.0
2025-07-15 00:10:00,5.26,100.0,0.0,27.90569415042095,-43.83333333333333
2025-07-15 00:15:00,19.18,0.0,0.0,27.90569415042095,0.0
2025-07-15 00:20:00,22.85163,0.0,0.0,27.90569415042095,0.0
2025-07-15 00:25:00,20.2,0.0,0.0,27.90569415042095,0.0
2025-07-15 00:30:00,20.14,0.0,0.0,27.90569415042095,0.0
2025-07-15 00:35:00,18.17989,0.0,0.0,27.90569415042095,0.0
2025-07-15 00:40:00,5.26,100.0,0.0,35.8113883008419,-43.83333333333333
2025-07-15 00:45:00,8.95,100.0,0.0,43.71708245126285,-74.58333333333331
2025-07-15 00:50:00,20.2,0.0,0.0,43.71708245126285,0.0
2025-07-15 00:55:00,19.18,0.0,0.0,43.71708245126285,0.0
2025-07-15 01:00:00,18.18,0.0,0.0,43.71708245126285,0.0
2025-07-15 01:05:00,19.18,0.0,0.0,43.71708245126285,0.0
2025-07-15 01:10:00,19.18,0.0,0.0,43.71708245126285,0.0
2025-07-15 01:15:00,19.18,0.0,0.0,43.71708245126285,0.0
2025-07-15 01:20:00,19.14453,0.0,0.0,43.71708245126285,0.0
2025-07-15 01:25:00,19.18,0.0,0.0,43.71708245126285,0.0
2025-07-15 01:30:00,19.18,0.0,0.0,43.71708245126285,0.0
2025-07-15 01:35:00,15.68759,0.0,0.0,43.71708245126285,0.0
2025-07-15 01:40:00,18.36937,0.0,0.0,43.71708245126285,0.0
2025-07-15 01:45:00,20.0,0.0,0.0,43.71708245126285,0.0
2025-07-15 01:50:00,19.18,0.0,0.0,43.71708245126285,0.0
2025-07-15 01:55:00,19.18,0.0,0.0,43.71708245126285,0.0
2025-07-15 02:00:00,5.26,100.0,0.0,51.622776601683796,-43.83333333333333
2025-07-15 02:05:00,19.18,0.0,0.0,51.622776601683796,0.0
2025-07-15 02:10:00,20.14,0.0,0.0,51.622776601683796,0.0
2025-07-15 02:15:00,19.18,0.0,0.0,51.622776601683796,0.0
2025-07-15 02:20:00,20.0,0.0,0.0,51.622776601683796,0.0
2025-07-15 02:25:00,20.00007,0.0,0.0,51.622776601683796,0.0
2025-07-15 02:30:00,31.57,0.0,0.0,51.622776601683796,0.0
2025-07-15 02:35:00,35.94,0.0,0.0,51.622776601683796,0.0
2025-07-15 02:40:00,26.55723,0.0,0.0,51.622776601683796,0.0
2025-07-15 02:45:00,20.00007,0.0,0.0,51.622776601683796,0.0
2025-07-15 02:50:00,22.72906,0.0,0.0,51.622776601683796,0.0
2025-07-15 02:55:00,35.94,0.0,0.0,51.622776601683796,0.0
2025-07-15 03:00:00,25.8934,0.0,0.0,51.622776601683796,0.0
2025-07-15 03:05:00,31.57,0.0,0.0,51.622776601683796,0.0
2025-07-15 03:10:00,31.57,0.0,0.0,51.622776601683796,0.0
2025-07-15 03:15:00,35.94,0.0,0.0,51.622776601683796,0.0
2025-07-15 03:20:00,35.94,0.0,0.0,51.622776601683796,0.0
2025-07-15 03:25:00,35.94,0.0,0.0,51.622776601683796,0.0
2025-07-15 03:30:00,31.57,0.0,0.0,51.622776601683796,0.0
2025-07-15 03:35:00,31.57,0.0,0.0,51.622776601683796,0.0
2025-07-15 03:40:00,35.94,0.0,0.0,51.622776601683796,0.0
2025-07-15 03:45:00,35.94,0.0,0.0,51.622776601683796,0.0
2025-07-15 03:50:00,31.57,0.0,0.0,51.622776601683796,0.0
2025-07-15 03:55:00,35.94,0.0,0.0,51.622776601683796,0.0
2025-07-15 04:00:00,35.94,0.0,0.0,51.622776601683796,0.0
2025-07-15 04:05:00,31.57,0.0,0.0,51.622776601683796,0.0
2025-07-15 04:10:00,35.94,0.0,0.0,51.622776601683796,0.0
2025-07-15 04:15:00,53.69392,0.0,0.0,51.622776601683796,0.0
2025-07-15 04:20:00,31.57,0.0,0.0,51.622776601683796,0.0
2025-07-15 04:25:00,35.94,0.0,0.0,51.622776601683796,0.0
2025-07-15 04:30:00,35.94,0.0,0.0,51.622776601683796,0.0
2025-07-15 04:35:00,58.69265,0.0,0.0,51.622776601683796,0.0
2025-07-15 04:40:00,51.01,0.0,0.0,51.622776601683796,0.0
2025-07-15 04:45:00,56.59478,0.0,0.0,51.622776601683796,0.0
2025-07-15 04:50:00,64.37,0.0,0.0,51.622776601683796,0.0
2025-07-15 04:55:00,70.7916,0.0,0.0,51.622776601683796,0.0
2025-07-15 05:00:00,71.29152,0.0,0.0,51.622776601683796,0.0
2025-07-15 05:05:00,72.8776,0.0,0.0,51.622776601683796,0.0
2025-07-15 05:10:00,73.29604,0.0,0.0,51.622776601683796,0.0
2025-07-15 05:15:00,79.332,0.0,0.0,51.622776601683796,0.0
2025-07-15 05:20:00,80.81348,0.0,0.0,51.622776601683796,0.0
2025-07-15 05:25:00,72.06438,0.0,0.0,51.622776601683796,0.0
2025-07-15 05:30:00,80.17145,0.0,0.0,51.622776601683796,0.0
2025-07-15 05:35:00,71.42883,0.0,0.0,51.622776601683796,0.0
2025-07-15 05:40:00,73.73574,0.0,0.0,51.622776601683796,0.0
2025-07-15 05:45:00,86.33223,0.0,0.0,51.622776601683796,0.0
2025-07-15 05:50:00,97.32592,0.0,0.0,51.622776601683796,0.0
2025-07-15 05:55:00,97.26384,0.0,0.0,51.622776601683796,0.0
2025-07-15 06:00:00,98.60824,0.0,0.0,51.622776601683796,0.0
2025-07-15 06:05:00,99.13074,0.0,0.0,51.622776601683796,0.0
2025-07-15 06:10:00,104.95744,0.0,0.0,51.622776601683796,0.0
2025-07-15 06:15:00,132.02464,0.0,0.0,51.622776601683796,0.0
2025-07-15 06:20:00,144.26032,0.0,100.0,42.83867199010496,1202.1693333333333
2025-07-15 06:25:00,132.12441,0.0,0.0,42.83867199010496,0.0
2025-07-15 06:30:00,144.09296,0.0,100.0,34.05456737852613,1200.7746666666665
2025-07-15 06:35:00,131.23,0.0,0.0,34.05456737852613,0.0
2025-07-15 06:40:00,140.0,0.0,100.0,25.270462766947297,1166.6666666666665
2025-07-15 06:45:00,143.52334,0.0,59.99999999999998,20.0,717.6166999999997
2025-07-15 06:50:00,134.56273,0.0,0.0,20.0,0.0
2025-07-15 06:55:00,131.23,0.0,0.0,20.0,0.0
2025-07-15 07:00:00,140.0,0.0,0.0,20.0,0.0
2025-07-15 07:05:00,138.23295,0.0,0.0,20.0,0.0
2025-07-15 07:10:00,132.72,0.0,0.0,20.0,0.0
2025-07-15 07:15:00,132.72,0.0,0.0,20.0,0.0
2025-07-15 07:20:00,154.20071,0.0,0.0,20.0,0.0
2025-07-15 07:25:00,145.15616,0.0,0.0,20.0,0.0
2025-07-15 07:30:00,170.50211,0.0,0.0,20.0,0.0
2025-07-15 07:35:00,136.90931,0.0,0.0,20.0,0.0
2025-07-15 07:40:00,132.72,0.0,0.0,20.0,0.0
2025-07-15 07:45:00,140.0,0.0,0.0,20.0,0.0
2025-07-15 07:50:00,132.72,0.0,0.0,20.0,0.0
2025-07-15 07:55:00,132.735,0.0,0.0,20.0,0.0
2025-07-15 08:00:00,132.72,0.0,0.0,20.0,0.0
2025-07-15 08:05:00,147.20116,0.0,0.0,20.0,0.0
2025-07-15 08:10:00,134.93618,0.0,0.0,20.0,0.0
2025-07-15 08:15:00,131.23,0.0,0.0,20.0,0.0
2025-07-15 08:20:00,133.91035,0.0,0.0,20.0,0.0
2025-07-15 08:25:00,136.09213,0.0,0.0,20.0,0.0
2025-07-15 08:30:00,131.97931,0.0,0.0,20.0,0.0
2025-07-15 08:35:00,143.9116,0.0,0.0,20.0,0.0
2025-07-15 08:40:00,140.0,0.0,0.0,20.0,0.0
2025-07-15 08:45:00,132.72,0.0,0.0,20.0,0.0
2025-07-15 08:50:00,144.31939,0.0,0.0,20.0,0.0
2025-07-15 08:55:00,132.72,0.0,0.0,20.0,0.0
2025-07-15 09:00:00,132.72,0.0,0.0,20.0,0.0
2025-07-15 09:05:00,140.55,0.0,0.0,20.0,0.0
2025-07-15 09:10:00,173.50516,0.0,0.0,20.0,0.0
2025-07-15 09:15:00,132.72,0.0,0.0,20.0,0.0
2025-07-15 09:20:00,140.55,0.0,0.0,20.0,0.0
2025-07-15 09:25:00,180.01174,0.0,0.0,20.0,0.0
2025-07-15 09:30:00,175.64,0.0,0.0,20.0,0.0
2025-07-15 09:35:00,143.67708,0.0,0.0,20.0,0.0
2025-07-15 09:40:00,144.62266,0.0,0.0,20.0,0.0
2025-07-15 09:45:00,181.85017,0.0,0.0,20.0,0.0
2025-07-15 09:50:00,152.72584,0.0,0.0,20.0,0.0
2025-07-15 09:55:00,146.69898,0.0,0.0,20.0,0.0
2025-07-15 10:00:00,140.55,0.0,0.0,20.0,0.0
2025-07-15 10:05:00,132.72,0.0,0.0,20.0,0.0
2025-07-15 10:10:00,185.0,0.0,0.0,20.0,0.0
2025-07-15 10:15:00,132.72,0.0,0.0,20.0,0.0
2025-07-15 10:20:00,128.98918,0.0,0.0,20.0,0.0
2025-07-15 10:25:00,130.32987,0.0,0.0,20.0,0.0
2025-07-15 10:30:00,122.02,0.0,0.0,20.0,0.0
2025-07-15 10:35:00,126.24686,0.0,0.0,20.0,0.0
2025-07-15 10:40:00,101.78023,0.0,0.0,20.0,0.0
2025-07-15 10:45:00,100.0,0.0,0.0,20.0,0.0
2025-07-15 10:50:00,99.67142,0.0,0.0,20.0,0.0
2025-07-15 10:55:00,91.0,0.0,0.0,20.0,0.0
2025-07-15 11:00:00,88.95,0.0,0.0,20.0,0.0
2025-07-15 11:05:00,106.81489,0.0,0.0,20.0,0.0
2025-07-15 11:10:00,99.61626,0.0,0.0,20.0,0.0
2025-07-15 11:15:00,95.85977,0.0,0.0,20.0,0.0
2025-07-15 11:20:00,100.0,0.0,0.0,20.0,0.0
2025-07-15 11:25:00,97.52107,0.0,0.0,20.0,0.0
2025-07-15 11:30:00,99.04848,0.0,0.0,20.0,0.0
2025-07-15 11:35:00,101.96127,0.0,0.0,20.0,0.0
2025-07-15 11:40:00,97.16728,0.0,0.0,20.0,0.0
2025-07-15 11:45:00,95.70661,0.0,0.0,20.0,0.0
2025-07-15 11:50:00,91.58147,0.0,0.0,20.0,0.0
2025-07-15 11:55:00,136.64597,0.0,0.0,20.0,0.0
2025-07-15 12:00:00,142.39195,0.0,0.0,20.0,0.0
2025-07-15 12:05:00,130.19031,0.0,0.0,20.0,0.0
2025-07-15 12:10:00,148.93544,0.0,0.0,20.0,0.0
2025-07-15 12:15:00,97.19514,0.0,0.0,20.0,0.0
2025-07-15 12:20:00,112.76327,0.0,0.0,20.0,0.0
2025-07-15 12:25:00,116.3273,0.0,0.0,20.0,0.0
2025-07-15 12:30:00,91.0,0.0,0.0,20.0,0.0
2025-07-15 12:35:00,114.77059,0.0,0.0,20.0,0.0
2025-07-15 12:40:00,91.41563,0.0,0.0,20.0,0.0
2025-07-15 12:45:00,91.44325,0.0,0.0,20.0,0.0
2025-07-15 12:50:00,89.24569,0.0,0.0,20.0,0.0
2025-07-15 12:55:00,90.0,0.0,0.0,20.0,0.0
2025-07-15 13:00:00,90.0,0.0,0.0,20.0,0.0
2025-07-15 13:05:00,89.23,0.0,0.0,20.0,0.0
2025-07-15 13:10:00,89.23,0.0,0.0,20.0,0.0
2025-07-15 13:15:00,89.23,0.0,0.0,20.0,0.0
2025-07-15 13:20:00,89.23,0.0,0.0,20.0,0.0
2025-07-15 13:25:00,91.0,0.0,0.0,20.0,0.0
2025-07-15 13:30:00,90.0,0.0,0.0,20.0,0.0
2025-07-15 13:35:00,89.23,0.0,0.0,20.0,0.0
2025-07-15 13:40:00,90.0,0.0,0.0,20.0,0.0
2025-07-15 13:45:00,84.24315,0.0,0.0,20.0,0.0
2025-07-15 13:50:00,88.59329,0.0,0.0,20.0,0.0
2025-07-15 13:55:00,80.49351,0.0,0.0,20.0,0.0
2025-07-15 14:00:00,81.29157,0.0,0.0,20.0,0.0
2025-07-15 14:05:00,86.31818,0.0,0.0,20.0,0.0
2025-07-15 14:10:00,79.42148,0.0,0.0,20.0,0.0
2025-07-15 14:15:00,80.0,0.0,0.0,20.0,0.0
2025-07-15 14:20:00,82.06012,0.0,0.0,20.0,0.0
2025-07-15 14:25:00,92.65802,0.0,0.0,20.0,0.0
2025-07-15 14:30:00,83.74294,0.0,0.0,20.0,0.0
2025-07-15 14:35:00,90.0,0.0,0.0,20.0,0.0
2025-07-15 14:40:00,111.03653,0.0,0.0,20.0,0.0
2025-07-15 14:45:00,87.70801,0.0,0.0,20.0,0.0
2025-07-15 14:50:00,86.13517,0.0,0.0,20.0,0.0
2025-07-15 14:55:00,69.70782,0.0,0.0,20.0,0.0
2025-07-15 15:00:00,80.0,0.0,0.0,20.0,0.0
2025-07-15 15:05:00,86.15502,0.0,0.0,20.0,0.0
2025-07-15 15:10:00,77.41002,0.0,0.0,20.0,0.0
2025-07-15 15:15:00,80.0,0.0,0.0,20.0,0.0
2025-07-15 15:20:00,80.0,0.0,0.0,20.0,0.0
2025-07-15 15:25:00,80.0,0.0,0.0,20.0,0.0
2025-07-15 15:30:00,83.12544,0.0,0.0,20.0,0.0
2025-07-15 15:35:00,115.09129,0.0,0.0,20.0,0.0
2025-07-15 15:40:00,122.02,0.0,0.0,20.0,0.0
2025-07-15 15:45:00,115.41992,0.0,0.0,20.0,0.0
2025-07-15 15:50:00,130.80602,0.0,0.0,20.0,0.0
2025-07-15 15:55:00,124.60503,0.0,0.0,20.0,0.0
2025-07-15 16:00:00,165.64904,0.0,0.0,20.0,0.0
2025-07-15 16:05:00,125.77699,0.0,0.0,20.0,0.0
2025-07-15 16:10:00,181.33208,0.0,0.0,20.0,0.0
2025-07-15 16:15:00,132.72,0.0,0.0,20.0,0.0
2025-07-15 16:20:00,137.33505,0.0,0.0,20.0,0.0
2025-07-15 16:25:00,120.10102,0.0,0.0,20.0,0.0
2025-07-15 16:30:00,188.51576,0.0,0.0,20.0,0.0
2025-07-15 16:35:00,136.48669,0.0,0.0,20.0,0.0
2025-07-15 16:40:00,138.82662,0.0,0.0,20.0,0.0
2025-07-15 16:45:00,170.37,0.0,0.0,20.0,0.0
2025-07-15 16:50:00,173.44,0.0,0.0,20.0,0.0
2025-07-15 16:55:00,188.65106,0.0,0.0,20.0,0.0
2025-07-15 17:00:00,195.90609,0.0,0.0,20.0,0.0
2025-07-15 17:05:00,197.11,0.0,0.0,20.0,0.0
2025-07-15 17:10:00,180.10118,0.0,0.0,20.0,0.0
2025-07-15 17:15:00,189.55145,0.0,0.0,20.0,0.0
2025-07-15 17:20:00,194.50523,0.0,0.0,20.0,0.0
2025-07-15 17:25:00,184.81352,0.0,0.0,20.0,0.0
2025-07-15 17:30:00,175.64,0.0,0.0,20.0,0.0
2025-07-15 17:35:00,174.42712,0.0,0.0,20.0,0.0
2025-07-15 17:40:00,178.08361,0.0,0.0,20.0,0.0
2025-07-15 17:45:00,233.54,0.0,0.0,20.0,0.0
2025-07-15 17:50:00,223.36,0.0,0.0,20.0,0.0
2025-07-15 17:55:00,248.8893,0.0,0.0,20.0,0.0
2025-07-15 18:00:00,188.78382,0.0,0.0,20.0,0.0
2025-07-15 18:05:00,208.74665,0.0,0.0,20.0,0.0
2025-07-15 18:10:00,165.84725,0.0,0.0,20.0,0.0
2025-07-15 18:15:00,185.95242,0.0,0.0,20.0,0.0
2025-07-15 18:20:00,172.6426,0.0,0.0,20.0,0.0
2025-07-15 18:25:00,226.46542,0.0,0.0,20.0,0.0
2025-07-15 18:30:00,215.06244,0.0,0.0,20.0,0.0
2025-07-15 18:35:00,175.64,0.0,0.0,20.0,0.0
2025-07-15 18:40:00,196.17558,0.0,0.0,20.0,0.0
2025-07-15 18:45:00,144.06834,0.0,0.0,20.0,0.0
2025-07-15 18:50:00,188.07708,0.0,0.0,20.0,0.0
2025-07-15 18:55:00,131.15508,0.0,0.0,20.0,0.0
2025-07-15 19:00:00,147.94753,0.0,0.0,20.0,0.0
2025-07-15 19:05:00,159.94125,0.0,0.0,20.0,0.0
2025-07-15 19:10:00,155.13654,0.0,0.0,20.0,0.0
2025-07-15 19:15:00,175.64,0.0,0.0,20.0,0.0
2025-07-15 19:20:00,131.23,0.0,0.0,20.0,0.0
2025-07-15 19:25:00,145.72428,0.0,0.0,20.0,0.0
2025-07-15 19:30:00,154.85424,0.0,0.0,20.0,0.0
2025-07-15 19:35:00,163.30089,0.0,0.0,20.0,0.0
2025-07-15 19:40:00,134.08353,0.0,0.0,20.0,0.0
2025-07-15 19:45:00,129.06946,0.0,0.0,20.0,0.0
2025-07-15 19:50:00,123.89716,0.0,0.0,20.0,0.0
2025-07-15 19:55:00,136.6268,0.0,0.0,20.0,0.0
2025-07-15 20:00:00,132.72,0.0,0.0,20.0,0.0
2025-07-15 20:05:00,141.72888,0.0,0.0,20.0,0.0
2025-07-15 20:10:00,143.51731,0.0,0.0,20.0,0.0
2025-07-15 20:15:00,114.15538,0.0,0.0,20.0,0.0
2025-07-15 20:20:00,123.85027,0.0,0.0,20.0,0.0
2025-07-15 20:25:00,124.76903,0.0,0.0,20.0,0.0
2025-07-15 20:30:00,110.96143,0.0,0.0,20.0,0.0
2025-07-15 20:35:00,132.72,0.0,0.0,20.0,0.0
2025-07-15 20:40:00,130.96706,0.0,0.0,20.0,0.0
2025-07-15 20:45:00,134.18065,0.0,0.0,20.0,0.0
2025-07-15 20:50:00,125.61472,0.0,0.0,20.0,0.0
2025-07-15 20:55:00,124.86355,0.0,0.0,20.0,0.0
2025-07-15 21:00:00,106.89976,0.0,0.0,20.0,0.0
2025-07-15 21:05:00,125.17858,0.0,0.0,20.0,0.0
2025-07-15 21:10:00,134.37047,0.0,0.0,20.0,0.0
2025-07-15 21:15:00,144.22114,0.0,0.0,20.0,0.0
2025-07-15 21:20:00,123.83593,0.0,0.0,20.0,0.0
2025-07-15 21:25:00,122.82358,0.0,0.0,20.0,0.0
2025-07-15 21:30:00,123.80585,0.0,0.0,20.0,0.0
2025-07-15 21:35:00,123.37665,0.0,0.0,20.0,0.0
2025-07-15 21:40:00,108.32216,0.0,0.0,20.0,0.0
2025-07-15 21:45:00,106.79875,0.0,0.0,20.0,0.0
2025-07-15 21:50:00,87.69875,0.0,0.0,20.0,0.0
2025-07-15 21:55:00,69.43127,0.0,0.0,20.0,0.0
2025-07-15 22:00:00,78.35477,0.0,0.0,20.0,0.0
2025-07-15 22:05:00,93.52059,0.0,0.0,20.0,0.0
2025-07-15 22:10:00,120.77693,0.0,0.0,20.0,0.0
2025-07-15 22:15:00,137.73584,0.0,0.0,20.0,0.0
2025-07-15 22:20:00,121.39835,0.0,0.0,20.0,0.0
2025-07-15 22:25:00,96.59868,0.0,0.0,20.0,0.0
2025-07-15 22:30:00,39.60604,0.0,0.0,20.0,0.0
2025-07-15 22:35:00,36.6346,0.0,0.0,20.0,0.0
2025-07-15 22:40:00,20.00007,0.0,0.0,20.0,0.0
2025-07-15 22:45:00,20.97396,0.0,0.0,20.0,0.0
2025-07-15 22:50:00,35.63793,0.0,0.0,20.0,0.0
2025-07-15 22:55:00,20.0,0.0,0.0,20.0,0.0
2025-07-15 23:00:00,21.11071,0.0,0.0,20.0,0.0
2025-07-15 23:05:00,20.00007,0.0,0.0,20.0,0.0
2025-07-15 23:10:00,8.95,100.0,0.0,27.90569415042095,-74.58333333333331
2025-07-15 23:15:00,57.50152,0.0,0.0,27.90569415042095,0.0
2025-07-15 23:20:00,13.69937,0.0,0.0,27.90569415042095,0.0
2025-07-15 23:25:00,8.95,100.0,0.0,35.8113883008419,-74.58333333333331
2025-07-15 23:30:00,8.95,100.0,0.0,43.71708245126285,-74.58333333333331
2025-07-15 23:35:00,25.39289,0.0,0.0,43.71708245126285,0.0
2025-07-15 23:40:00,20.0,0.0,0.0,43.71708245126285,0.0
2025-07-15 23:45:00,0.01,100.0,0.0,51.622776601683796,-0.08333333333333333
2025-07-15 23:50:00,8.95,100.0,0.0,59.528470752104745,-74.58333333333331
2025-07-15 23:55:00,8.95,100.0,0.0,67.4341649025257,-74.58333333333331
2025-07-16 00:00:00,25.26,0.0,0.0,67.4341649025257,0.0
2025-07-16 00:05:00,8.95,100.0,0.0,75.33985905294664,-74.58333333333331
2025-07-16 00:10:00,5.26,100.0,0.0,83.24555320336758,-43.83333333333333
2025-07-16 00:15:00,8.95,100.0,0.0,91.15124735378852,-74.58333333333331
2025-07-16 00:20:00,8.95,100.0,0.0,99.05694150420946,-74.58333333333331
2025-07-16 00:25:00,20.0,0.0,0.0,99.05694150420946,0.0
2025-07-16 00:30:00,8.95,100.0,0.0,106.9626356546304,-74.58333333333331
2025-07-16 00:35:00,5.26,100.0,0.0,114.86832980505135,-43.83333333333333
2025-07-16 00:40:00,8.95,100.0,0.0,122.77402395547229,-74.58333333333331
2025-07-16 00:45:00,0.01,100.0,0.0,130.67971810589324,-0.08333333333333333
2025-07-16 00:50:00,8.95,100.0,0.0,138.58541225631419,-74.58333333333331
2025-07-16 00:55:00,8.95,100.0,0.0,146.49110640673513,-74.58333333333331
2025-07-16 01:00:00,0.01,100.0,0.0,154.39680055715607,-0.08333333333333333
2025-07-16 01:05:00,8.95,100.0,0.0,162.302494707577,-74.58333333333331
2025-07-16 01:10:00,20.0,0.0,0.0,162.302494707577,0.0
2025-07-16 01:15:00,5.26,100.0,0.0,170.20818885799795,-43.83333333333333
2025-07-16 01:20:00,8.95,100.0,0.0,178.1138830084189,-74.58333333333331
2025-07-16 01:25:00,8.95,23.857702507763676,0.0,180.0,-17.793869787040407
2025-07-16 01:30:00,5.26,0.0,0.0,180.0,0.0
2025-07-16 01:35:00,28.84388,0.0,0.0,180.0,0.0
2025-07-16 01:40:00,8.95023,0.0,0.0,180.0,0.0
2025-07-16 01:45:00,0.01,0.0,0.0,180.0,0.0
2025-07-16 01:50:00,5.26,0.0,0.0,180.0,0.0
2025-07-16 01:55:00,8.95,0.0,0.0,180.0,0.0
2025-07-16 02:00:00,8.95,0.0,0.0,180.0,0.0
2025-07-16 02:05:00,5.26,0.0,0.0,180.0,0.0
2025-07-16 02:10:00,8.95,0.0,0.0,180.0,0.0
2025-07-16 02:15:00,8.95049,0.0,0.0,180.0,0.0
2025-07-16 02:20:00,8.95,0.0,0.0,180.0,0.0
2025-07-16 02:25:00,8.885,0.0,0.0,180.0,0.0
2025-07-16 02:30:00,8.95,0.0,0.0,180.0,0.0
2025-07-16 02:35:00,8.95,0.0,0.0,180.0,0.0
2025-07-16 02:40:00,8.37937,0.0,0.0,180.0,0.0
2025-07-16 02:45:00,7.50557,0.0,0.0,180.0,0.0
2025-07-16 02:50:00,11.60092,0.0,0.0,180.0,0.0
2025-07-16 02:55:00,8.95,0.0,0.0,180.0,0.0
2025-07-16 03:00:00,8.95,0.0,0.0,180.0,0.0
2025-07-16 03:05:00,20.0,0.0,0.0,180.0,0.0
2025-07-16 03:10:00,8.95,0.0,0.0,180.0,0.0
2025-07-16 03:15:00,8.95,0.0,0.0,180.0,0.0
2025-07-16 03:20:00,5.26,0.0,0.0,180.0,0.0
2025-07-16 03:25:00,8.95,0.0,0.0,180.0,0.0
2025-07-16 03:30:00,5.26,0.0,0.0,180.0,0.0
2025-07-16 03:35:00,0.01,0.0,0.0,180.0,0.0
2025-07-16 03:40:00,0.01,0.0,0.0,180.0,0.0
2025-07-16 03:45:00,8.95,0.0,0.0,180.0,0.0
2025-07-16 03:50:00,8.93922,0.0,0.0,180.0,0.0
2025-07-16 03:55:00,8.94023,0.0,0.0,180.0,0.0
2025-07-16 04:00:00,8.88023,0.0,0.0,180.0,0.0
2025-07-16 04:05:00,8.95,0.0,0.0,180.0,0.0
2025-07-16 04:10:00,8.95017,0.0,0.0,180.0,0.0
2025-07-16 04:15:00,8.95017,0.0,0.0,180.0,0.0
2025-07-16 04:20:00,8.95017,0.0,0.0,180.0,0.0
2025-07-16 04:25:00,8.95,0.0,0.0,180.0,0.0
2025-07-16 04:30:00,8.93985,0.0,0.0,180.0,0.0
2025-07-16 04:35:00,8.95,0.0,0.0,180.0,0.0
2025-07-16 04:40:00,20.00007,0.0,0.0,180.0,0.0
2025-07-16 04:45:00,20.0,0.0,0.0,180.0,0.0
2025-07-16 04:50:00,8.95,0.0,0.0,180.0,0.0
2025-07-16 04:55:00,20.0,0.0,0.0,180.0,0.0
2025-07-16 05:00:00,20.0,0.0,0.0,180.0,0.0
2025-07-16 05:05:00,20.35049,0.0,0.0,180.0,0.0
2025-07-16 05:10:00,24.71457,0.0,0.0,180.0,0.0
2025-07-16 05:15:00,27.06007,0.0,0.0,180.0,0.0
2025-07-16 05:20:00,19.18006,0.0,0.0,180.0,0.0
2025-07-16 05:25:00,23.61,0.0,0.0,180.0,0.0
2025-07-16 05:30:00,19.18,0.0,0.0,180.0,0.0
2025-07-16 05:35:00,8.95,0.0,0.0,180.0,0.0
2025-07-16 05:40:00,8.57003,0.0,0.0,180.0,0.0
2025-07-16 05:45:00,8.95,0.0,0.0,180.0,0.0
2025-07-16 05:50:00,2.94519,0.0,0.0,180.0,0.0
2025-07-16 05:55:00,8.95,0.0,0.0,180.0,0.0
2025-07-16 06:00:00,20.64,0.0,0.0,180.0,0.0
2025-07-16 06:05:00,40.99993,0.0,0.0,180.0,0.0
2025-07-16 06:10:00,110.33727,0.0,0.0,180.0,0.0
2025-07-16 06:15:00,38.42142,0.0,0.0,180.0,0.0
2025-07-16 06:20:00,20.0,0.0,0.0,180.0,0.0
2025-07-16 06:25:00,126.1582,0.0,0.0,180.0,0.0
2025-07-16 06:30:00,122.59327,0.0,0.0,180.0,0.0
2025-07-16 06:35:00,122.02,0.0,0.0,180.0,0.0
2025-07-16 06:40:00,105.21708,0.0,0.0,180.0,0.0
2025-07-16 06:45:00,122.02,0.0,0.0,180.0,0.0
2025-07-16 06:50:00,124.35844,0.0,0.0,180.0,0.0
2025-07-16 06:55:00,164.5353,0.0,100.0,171.21589538842116,1371.1274999999998
2025-07-16 07:00:00,125.41882,0.0,0.0,171.21589538842116,0.0
2025-07-16 07:05:00,132.72,0.0,0.0,171.21589538842116,0.0
2025-07-16 07:10:00,181.09117,0.0,100.0,162.43179077684232,1509.0930833333332
2025-07-16 07:15:00,158.0,0.0,100.0,153.64768616526348,1316.6666666666665
2025-07-16 07:20:00,166.02,0.0,100.0,144.86358155368464,1383.5
2025-07-16 07:25:00,219.09599,0.0,100.0,136.0794769421058,1825.7999166666664
2025-07-16 07:30:00,177.88431,0.0,100.0,127.29537233052697,1482.3692499999997
2025-07-16 07:35:00,142.84131,0.0,100.0,118.51126771894815,1190.3442499999999
2025-07-16 07:40:00,132.72,0.0,0.0,118.51126771894815,0.0
2025-07-16 07:45:00,136.94204,0.0,100.0,109.72716310736932,1141.1836666666663
2025-07-16 07:50:00,139.0548,0.0,100.0,100.9430584957905,1158.7899999999997
2025-07-16 07:55:00,133.69938,0.0,0.0,100.9430584957905,0.0
2025-07-16 08:00:00,132.72,0.0,0.0,100.9430584957905,0.0
2025-07-16 08:05:00,132.14,0.0,0.0,100.9430584957905,0.0
2025-07-16 08:10:00,131.23,0.0,0.0,100.9430584957905,0.0
2025-07-16 08:15:00,134.98654,0.0,0.0,100.9430584957905,0.0
2025-07-16 08:20:00,140.55,0.0,100.0,92.15895388421167,1171.25
2025-07-16 08:25:00,140.55,0.0,100.0,83.37484927263284,1171.25
2025-07-16 08:30:00,137.62258,0.0,100.0,74.59074466105402,1146.854833333333
2025-07-16 08:35:00,166.02,0.0,100.0,65.80664004947519,1383.5
2025-07-16 08:40:00,144.08963,0.0,100.0,57.02253543789636,1200.7469166666665
2025-07-16 08:45:00,223.36,0.0,100.0,48.238430826317526,1861.3333333333333
2025-07-16 08:50:00,227.97,0.0,100.0,39.45432621473869,1899.7499999999998
2025-07-16 08:55:00,221.55379,0.0,100.0,30.67022160315986,1846.281583333333
2025-07-16 09:00:00,223.36,0.0,100.0,21.886116991581027,1861.3333333333333
2025-07-16 09:05:00,146.20646,0.0,21.471932256986417,20.0,261.6112670544828
2025-07-16 09:10:00,151.48921,0.0,0.0,20.0,0.0
2025-07-16 09:15:00,174.05729,0.0,0.0,20.0,0.0
2025-07-16 09:20:00,145.1231,0.0,0.0,20.0,0.0
2025-07-16 09:25:00,161.94729,0.0,0.0,20.0,0.0
2025-07-16 09:30:00,140.55,0.0,0.0,20.0,0.0
2025-07-16 09:35:00,143.59748,0.0,0.0,20.0,0.0
2025-07-16 09:40:00,132.72,0.0,0.0,20.0,0.0
2025-07-16 09:45:00,179.80325,0.0,0.0,20.0,0.0
2025-07-16 09:50:00,134.4,0.0,0.0,20.0,0.0
2025-07-16 09:55:00,176.70116,0.0,0.0,20.0,0.0
2025-07-16 10:00:00,177.16195,0.0,0.0,20.0,0.0
2025-07-16 10:05:00,176.73096,0.0,0.0,20.0,0.0
2025-07-16 10:10:00,178.50682,0.0,0.0,20.0,0.0
2025-07-16 10:15:00,135.89,0.0,0.0,20.0,0.0
2025-07-16 10:20:00,155.85974,0.0,0.0,20.0,0.0
2025-07-16 10:25:00,118.65314,0.0,0.0,20.0,0.0
2025-07-16 10:30:00,100.25817,0.0,0.0,20.0,0.0
2025-07-16 10:35:00,81.37216,0.0,0.0,20.0,0.0
2025-07-16 10:40:00,80.00012,0.0,0.0,20.0,0.0
2025-07-16 10:45:00,79.5328,0.0,0.0,20.0,0.0
2025-07-16 10:50:00,43.15,0.0,0.0,20.0,0.0
2025-07-16 10:55:00,47.11333,0.0,0.0,20.0,0.0
2025-07-16 11:00:00,46.68429,0.0,0.0,20.0,0.0
2025-07-16 11:05:00,31.57,0.0,0.0,20.0,0.0
2025-07-16 11:10:00,19.18,0.0,0.0,20.0,0.0
2025-07-16 11:15:00,42.19,0.0,0.0,20.0,0.0
2025-07-16 11:20:00,63.92169,0.0,0.0,20.0,0.0
2025-07-16 11:25:00,43.15,0.0,0.0,20.0,0.0
2025-07-16 11:30:00,20.0,0.0,0.0,20.0,0.0
2025-07-16 11:35:00,43.15,0.0,0.0,20.0,0.0
2025-07-16 11:40:00,51.01,0.0,0.0,20.0,0.0
2025-07-16 11:45:00,42.19,0.0,0.0,20.0,0.0
2025-07-16 11:50:00,46.6324,0.0,0.0,20.0,0.0
2025-07-16 11:55:00,43.15,0.0,0.0,20.0,0.0
2025-07-16 12:00:00,43.15,0.0,0.0,20.0,0.0
2025-07-16 12:05:00,49.9561,0.0,0.0,20.0,0.0
2025-07-16 12:10:00,51.7,0.0,0.0,20.0,0.0
2025-07-16 12:15:00,60.68934,0.0,0.0,20.0,0.0
2025-07-16 12:20:00,82.31388,0.0,0.0,20.0,0.0
2025-07-16 12:25:00,34.91,0.0,0.0,20.0,0.0
2025-07-16 12:30:00,34.50973,0.0,0.0,20.0,0.0
2025-07-16 12:35:00,53.52086,0.0,0.0,20.0,0.0
2025-07-16 12:40:00,90.01,0.0,0.0,20.0,0.0
2025-07-16 12:45:00,89.23,0.0,0.0,20.0,0.0
2025-07-16 12:50:00,90.01,0.0,0.0,20.0,0.0
2025-07-16 12:55:00,54.90254,0.0,0.0,20.0,0.0
2025-07-16 13:00:00,43.15,0.0,0.0,20.0,0.0
2025-07-16 13:05:00,74.26717,0.0,0.0,20.0,0.0
2025-07-16 13:10:00,67.56222,0.0,0.0,20.0,0.0
2025-07-16 13:15:00,52.85841,0.0,0.0,20.0,0.0
2025-07-16 13:20:00,90.0,0.0,0.0,20.0,0.0
2025-07-16 13:25:00,43.15,0.0,0.0,20.0,0.0
2025-07-16 13:30:00,54.96361,0.0,0.0,20.0,0.0
2025-07-16 13:35:00,72.40331,0.0,0.0,20.0,0.0
2025-07-16 13:40:00,89.23,0.0,0.0,20.0,0.0
2025-07-16 13:45:00,112.49819,0.0,0.0,20.0,0.0
2025-07-16 13:50:00,90.01,0.0,0.0,20.0,0.0
2025-07-16 13:55:00,75.38357,0.0,0.0,20.0,0.0
2025-07-16 14:00:00,116.6361,0.0,0.0,20.0,0.0
2025-07-16 14:05:00,115.75399,0.0,0.0,20.0,0.0
2025-07-16 14:10:00,117.58397,0.0,0.0,20.0,0.0
2025-07-16 14:15:00,114.83698,0.0,0.0,20.0,0.0
2025-07-16 14:20:00,147.99906,0.0,0.0,20.0,0.0
2025-07-16 14:25:00,142.70411,0.0,0.0,20.0,0.0
2025-07-16 14:30:00,116.51878,0.0,0.0,20.0,0.0
2025-07-16 14:35:00,75.80003,0.0,0.0,20.0,0.0
2025-07-16 14:40:00,111.62316,0.0,0.0,20.0,0.0
2025-07-16 14:45:00,164.18,0.0,0.0,20.0,0.0
2025-07-16 14:50:00,105.63634,0.0,0.0,20.0,0.0
2025-07-16 14:55:00,101.39986,0.0,0.0,20.0,0.0
2025-07-16 15:00:00,199.2056,0.0,0.0,20.0,0.0
2025-07-16 15:05:00,159.68431,0.0,0.0,20.0,0.0
2025-07-16 15:10:00,163.06403,0.0,0.0,20.0,0.0
2025-07-16 15:15:00,110.65905,0.0,0.0,20.0,0.0
2025-07-16 15:20:00,130.60807,0.0,0.0,20.0,0.0
2025-07-16 15:25:00,104.96471,0.0,0.0,20.0,0.0
2025-07-16 15:30:00,156.1393,0.0,0.0,20.0,0.0
2025-07-16 15:35:00,102.08489,0.0,0.0,20.0,0.0
2025-07-16 15:40:00,119.84416,0.0,0.0,20.0,0.0
2025-07-16 15:45:00,100.5071,0.0,0.0,20.0,0.0
2025-07-16 15:50:00,97.5245,0.0,0.0,20.0,0.0
2025-07-16 15:55:00,69.22714,0.0,0.0,20.0,0.0
2025-07-16 16:00:00,68.52999,0.0,0.0,20.0,0.0
2025-07-16 16:05:00,73.95,0.0,0.0,20.0,0.0
2025-07-16 16:10:00,68.79,0.0,0.0,20.0,0.0
2025-07-16 16:15:00,99.76349,0.0,0.0,20.0,0.0
2025-07-16 16:20:00,123.48612,0.0,0.0,20.0,0.0
2025-07-16 16:25:00,121.67413,0.0,0.0,20.0,0.0
2025-07-16 16:30:00,178.57033,0.0,0.0,20.0,0.0
2025-07-16 16:35:00,122.02029,0.0,0.0,20.0,0.0
2025-07-16 16:40:00,161.4631,0.0,0.0,20.0,0.0
2025-07-16 16:45:00,175.64,0.0,0.0,20.0,0.0
2025-07-16 16:50:00,214.88243,0.0,0.0,20.0,0.0
2025-07-16 16:55:00,162.68652,0.0,0.0,20.0,0.0
2025-07-16 17:00:00,166.02,0.0,0.0,20.0,0.0
2025-07-16 17:05:00,164.46467,0.0,0.0,20.0,0.0
2025-07-16 17:10:00,155.5788,0.0,0.0,20.0,0.0
2025-07-16 17:15:00,153.56089,0.0,0.0,20.0,0.0
2025-07-16 17:20:00,180.94,0.0,0.0,20.0,0.0
2025-07-16 17:25:00,170.22,0.0,0.0,20.0,0.0
2025-07-16 17:30:00,227.21,0.0,0.0,20.0,0.0
2025-07-16 17:35:00,213.67351,0.0,0.0,20.0,0.0
2025-07-16 17:40:00,241.59352,0.0,0.0,20.0,0.0
2025-07-16 17:45:00,244.41043,0.0,0.0,20.0,0.0
2025-07-16 17:50:00,256.28399,0.0,0.0,20.0,0.0
2025-07-16 17:55:00,254.36923,0.0,0.0,20.0,0.0
2025-07-16 18:00:00,243.5545,0.0,0.0,20.0,0.0
2025-07-16 18:05:00,211.8435,0.0,0.0,20.0,0.0
2025-07-16 18:10:00,269.05375,0.0,0.0,20.0,0.0
2025-07-16 18:15:00,234.05724,0.0,0.0,20.0,0.0
2025-07-16 18:20:00,257.48032,0.0,0.0,20.0,0.0
2025-07-16 18:25:00,166.36416,0.0,0.0,20.0,0.0
2025-07-16 18:30:00,239.16785,0.0,0.0,20.0,0.0
2025-07-16 18:35:00,175.64,0.0,0.0,20.0,0.0
2025-07-16 18:40:00,198.03895,0.0,0.0,20.0,0.0
2025-07-16 18:45:00,267.61612,0.0,0.0,20.0,0.0
2025-07-16 18:50:00,222.08584,0.0,0.0,20.0,0.0
2025-07-16 18:55:00,196.46737,0.0,0.0,20.0,0.0
2025-07-16 19:00:00,180.94,0.0,0.0,20.0,0.0
2025-07-16 19:05:00,180.94,0.0,0.0,20.0,0.0
2025-07-16 19:10:00,176.81918,0.0,0.0,20.0,0.0
2025-07-16 19:15:00,213.28232,0.0,0.0,20.0,0.0
2025-07-16 19:20:00,202.28001,0.0,0.0,20.0,0.0
2025-07-16 19:25:00,208.05202,0.0,0.0,20.0,0.0
2025-07-16 19:30:00,200.96037,0.0,0.0,20.0,0.0
2025-07-16 19:35:00,180.94,0.0,0.0,20.0,0.0
2025-07-16 19:40:00,180.94,0.0,0.0,20.0,0.0
2025-07-16 19:45:00,177.22577,0.0,0.0,20.0,0.0
2025-07-16 19:50:00,180.94,0.0,0.0,20.0,0.0
2025-07-16 19:55:00,190.24445,0.0,0.0,20.0,0.0
2025-07-16 20:00:00,137.96,0.0,0.0,20.0,0.0
2025-07-16 20:05:00,142.08377,0.0,0.0,20.0,0.0
2025-07-16 20:10:00,139.71181,0.0,0.0,20.0,0.0
2025-07-16 20:15:00,150.00408,0.0,0.0,20.0,0.0
2025-07-16 20:20:00,98.53637,0.0,0.0,20.0,0.0
2025-07-16 20:25:00,101.27572,0.0,0.0,20.0,0.0
2025-07-16 20:30:00,61.87944,0.0,0.0,20.0,0.0
2025-07-16 20:35:00,84.2335,0.0,0.0,20.0,0.0
2025-07-16 20:40:00,98.50956,0.0,0.0,20.0,0.0
2025-07-16 20:45:00,81.18148,0.0,0.0,20.0,0.0
2025-07-16 20:50:00,130.4115,0.0,0.0,20.0,0.0
2025-07-16 20:55:00,87.12952,0.0,0.0,20.0,0.0
2025-07-16 21:00:00,79.81127,0.0,0.0,20.0,0.0
2025-07-16 21:05:00,80.57148,0.0,0.0,20.0,0.0
2025-07-16 21:10:00,58.50386,0.0,0.0,20.0,0.0
2025-07-16 21:15:00,130.21908,0.0,0.0,20.0,0.0
2025-07-16 21:20:00,98.57383,0.0,0.0,20.0,0.0
2025-07-16 21:25:00,82.77492,0.0,0.0,20.0,0.0
2025-07-16 21:30:00,20.0,0.0,0.0,20.0,0.0
2025-07-16 21:35:00,81.97206,0.0,0.0,20.0,0.0
2025-07-16 21:40:00,95.91801,0.0,0.0,20.0,0.0
2025-07-16 21:45:00,96.36177,0.0,0.0,20.0,0.0
2025-07-16 21:50:00,20.0,0.0,0.0,20.0,0.0
2025-07-16 21:55:00,50.15816,0.0,0.0,20.0,0.0
2025-07-16 22:00:00,8.95,100.0,0.0,27.90569415042095,-74.58333333333331
2025-07-16 22:05:00,70.53235,0.0,0.0,27.90569415042095,0.0
2025-07-16 22:10:00,8.95,100.0,0.0,35.8113883008419,-74.58333333333331
2025-07-16 22:15:00,42.51242,0.0,0.0,35.8113883008419,0.0
2025-07-16 22:20:00,47.02844,0.0,0.0,35.8113883008419,0.0
2025-07-16 22:25:00,8.95,100.0,0.0,43.71708245126285,-74.58333333333331
2025-07-16 22:30:00,0.01,100.0,0.0,51.622776601683796,-0.08333333333333333
2025-07-16 22:35:00,8.95,100.0,0.0,59.528470752104745,-74.58333333333331
2025-07-16 22:40:00,8.95,100.0,0.0,67.4341649025257,-74.58333333333331
2025-07-16 22:45:00,0.06,100.0,0.0,75.33985905294664,-0.4999999999999999
2025-07-16 22:50:00,0.01,100.0,0.0,83.24555320336758,-0.08333333333333333
2025-07-16 22:55:00,8.94974,100.0,0.0,91.15124735378852,-74.58116666666666
2025-07-16 23:00:00,24.15072,0.0,0.0,91.15124735378852,0.0
2025-07-16 23:05:00,8.95,100.0,0.0,99.05694150420946,-74.58333333333331
2025-07-16 23:10:00,8.95,100.0,0.0,106.9626356546304,-74.58333333333331
2025-07-16 23:15:00,0.00023,100.0,0.0,114.86832980505135,-0.0019166666666666663
2025-07-16 23:20:00,0.00036,100.0,0.0,122.77402395547229,-0.0029999999999999996
2025-07-16 23:25:00,8.95,100.0,0.0,130.67971810589324,-74.58333333333331
2025-07-16 23:30:00,5.26,100.0,0.0,138.58541225631419,-43.83333333333333
2025-07-16 23:35:00,0.01,100.0,0.0,146.49110640673513,-0.08333333333333333
2025-07-16 23:40:00,0.00036,100.0,0.0,154.39680055715607,-0.0029999999999999996
2025-07-16 23:45:00,0.01,100.0,0.0,162.302494707577,-0.08333333333333333
2025-07-16 23:50:00,5.3602,100.0,0.0,170.20818885799795,-44.66833333333332
2025-07-16 23:55:00,0.01,100.0,0.0,178.1138830084189,-0.08333333333333333
2025-07-17 00:00:00,6.86909,23.857702507763676,0.0,180.0,-13.656725476587864
2025-07-17 00:05:00,0.01,0.0,0.0,180.0,0.0
2025-07-17 00:10:00,8.16997,0.0,0.0,180.0,0.0
2025-07-17 00:15:00,8.00543,0.0,0.0,180.0,0.0
2025-07-17 00:20:00,20.04,0.0,0.0,180.0,0.0
2025-07-17 00:25:00,0.01,0.0,0.0,180.0,0.0
2025-07-17 00:30:00,3e-05,0.0,0.0,180.0,0.0
2025-07-17 00:35:00,3e-05,0.0,0.0,180.0,0.0
2025-07-17 00:40:00,0.01,0.0,0.0,180.0,0.0
2025-07-17 00:45:00,0.01,0.0,0.0,180.0,0.0
2025-07-17 00:50:00,0.06,0.0,0.0,180.0,0.0
2025-07-17 00:55:00,0.01,0.0,0.0,180.0,0.0
2025-07-17 01:00:00,0.01,0.0,0.0,180.0,0.0
2025-07-17 01:05:00,0.01,0.0,0.0,180.0,0.0
2025-07-17 01:10:00,3e-05,0.0,0.0,180.0,0.0
2025-07-17 01:15:00,3e-05,0.0,0.0,180.0,0.0
2025-07-17 01:20:00,3e-05,0.0,0.0,180.0,0.0
2025-07-17 01:25:00,3e-05,0.0,0.0,180.0,0.0
2025-07-17 01:30:00,-4.80105,0.0,0.0,180.0,-0.0
2025-07-17 01:35:00,-1.82168,0.0,0.0,180.0,-0.0
2025-07-17 01:40:00,3e-05,0.0,0.0,180.0,0.0
2025-07-17 01:45:00,-5.06,0.0,0.0,180.0,-0.0
2025-07-17 01:50:00,-4.80802,0.0,0.0,180.0,-0.0
2025-07-17 01:55:00,0.0,0.0,0.0,180.0,0.0
2025-07-17 02:00:00,0.0,0.0,0.0,180.0,0.0
2025-07-17 02:05:00,3e-05,0.0,0.0,180.0,0.0
2025-07-17 02:10:00,3e-05,0.0,0.0,180.0,0.0
2025-07-17 02:15:00,-7.06771,0.0,0.0,180.0,-0.0
2025-07-17 02:20:00,-4.82061,0.0,0.0,180.0,-0.0
2025-07-17 02:25:00,-1.83904,0.0,0.0,180.0,-0.0
2025-07-17 02:30:00,0.0,0.0,0.0,180.0,0.0
2025-07-17 02:35:00,-9.83,0.0,0.0,180.0,-0.0
2025-07-17 02:40:00,-9.96,0.0,0.0,180.0,-0.0
2025-07-17 02:45:00,-7.00518,0.0,0.0,180.0,-0.0
2025-07-17 02:50:00,-9.96,0.0,0.0,180.0,-0.0
2025-07-17 02:55:00,-11.65877,0.0,0.0,180.0,-0.0
2025-07-17 03:00:00,-9.83,0.0,0.0,180.0,-0.0
2025-07-17 03:05:00,5.26,0.0,0.0,180.0,0.0
2025-07-17 03:10:00,0.01912,0.0,0.0,180.0,0.0
2025-07-17 03:15:00,4.28797,0.0,0.0,180.0,0.0
2025-07-17 03:20:00,0.6848,0.0,0.0,180.0,0.0
2025-07-17 03:25:00,-11.14856,0.0,0.0,180.0,-0.0
2025-07-17 03:30:00,-11.84755,0.0,0.0,180.0,-0.0
2025-07-17 03:35:00,-5.06,0.0,0.0,180.0,-0.0
2025-07-17 03:40:00,3e-05,0.0,0.0,180.0,0.0
2025-07-17 03:45:00,-7.41,0.0,0.0,180.0,-0.0
2025-07-17 03:50:00,-4.87928,0.0,0.0,180.0,-0.0
2025-07-17 03:55:00,0.0,0.0,0.0,180.0,0.0
2025-07-17 04:00:00,0.0,0.0,0.0,180.0,0.0
2025-07-17 04:05:00,3e-05,0.0,0.0,180.0,0.0
2025-07-17 04:10:00,-9.83,0.0,0.0,180.0,-0.0
2025-07-17 04:15:00,-1.93797,0.0,0.0,180.0,-0.0
2025-07-17 04:20:00,-5.06,0.0,0.0,180.0,-0.0
2025-07-17 04:25:00,-1.82994,0.0,0.0,180.0,-0.0
2025-07-17 04:30:00,3e-05,0.0,0.0,180.0,0.0
2025-07-17 04:35:00,0.0,0.0,0.0,180.0,0.0
2025-07-17 04:40:00,-7.41,0.0,0.0,180.0,-0.0
2025-07-17 04:45:00,-9.83,0.0,0.0,180.0,-0.0
2025-07-17 04:50:00,-9.83,0.0,0.0,180.0,-0.0
2025-07-17 04:55:00,-9.83,0.0,0.0,180.0,-0.0
2025-07-17 05:00:00,-7.41,0.0,0.0,180.0,-0.0
2025-07-17 05:05:00,-9.96,0.0,0.0,180.0,-0.0
2025-07-17 05:10:00,-9.96,0.0,0.0,180.0,-0.0
2025-07-17 05:15:00,-9.96,0.0,0.0,180.0,-0.0
2025-07-17 05:20:00,-9.83,0.0,0.0,180.0,-0.0
2025-07-17 05:25:00,-5.06,0.0,0.0,180.0,-0.0
2025-07-17 05:30:00,-7.41,0.0,0.0,180.0,-0.0
2025-07-17 05:35:00,-5.06,0.0,0.0,180.0,-0.0
2025-07-17 05:40:00,3e-05,0.0,0.0,180.0,0.0
2025-07-17 05:45:00,3e-05,0.0,0.0,180.0,0.0
2025-07-17 05:50:00,3e-05,0.0,0.0,180.0,0.0
2025-07-17 05:55:00,3e-05,0.0,0.0,180.0,0.0
2025-07-17 06:00:00,0.01,0.0,0.0,180.0,0.0
2025-07-17 06:05:00,63.74613,0.0,0.0,180.0,0.0
2025-07-17 06:10:00,35.29598,0.0,0.0,180.0,0.0
2025-07-17 06:15:00,19.78,0.0,0.0,180.0,0.0
2025-07-17 06:20:00,3e-05,0.0,0.0,180.0,0.0
2025-07-17 06:25:00,20.0,0.0,0.0,180.0,0.0
2025-07-17 06:30:00,-13.99985,0.0,0.0,180.0,-0.0
2025-07-17 06:35:00,-13.99985,0.0,0.0,180.0,-0.0
2025-07-17 06:40:00,-13.99985,0.0,0.0,180.0,-0.0
2025-07-17 06:45:00,-13.99985,0.0,0.0,180.0,-0.0
2025-07-17 06:50:00,0.01,0.0,0.0,180.0,0.0
2025-07-17 06:55:00,7.00008,0.0,0.0,180.0,0.0
2025-07-17 07:00:00,104.95676,0.0,0.0,180.0,0.0
2025-07-17 07:05:00,83.13283,0.0,0.0,180.0,0.0
2025-07-17 07:10:00,83.01673,0.0,0.0,180.0,0.0
2025-07-17 07:15:00,88.66616,0.0,0.0,180.0,0.0
2025-07-17 07:20:00,85.03821,0.0,0.0,180.0,0.0
2025-07-17 07:25:00,104.68331,0.0,0.0,180.0,0.0
2025-07-17 07:30:00,20.0,0.0,0.0,180.0,0.0
2025-07-17 07:35:00,8.95052,0.0,0.0,180.0,0.0
2025-07-17 07:40:00,20.0,0.0,0.0,180.0,0.0
2025-07-17 07:45:00,0.01,0.0,0.0,180.0,0.0
2025-07-17 07:50:00,8.94951,0.0,0.0,180.0,0.0
2025-07-17 07:55:00,20.63,0.0,0.0,180.0,0.0
2025-07-17 08:00:00,76.17941,0.0,0.0,180.0,0.0
2025-07-17 08:05:00,75.41986,0.0,0.0,180.0,0.0
2025-07-17 08:10:00,75.79985,0.0,0.0,180.0,0.0
2025-07-17 08:15:00,48.45844,0.0,0.0,180.0,0.0
2025-07-17 08:20:00,71.53879,0.0,0.0,180.0,0.0
2025-07-17 08:25:00,70.95109,0.0,0.0,180.0,0.0
2025-07-17 08:30:00,61.83731,0.0,0.0,180.0,0.0
2025-07-17 08:35:00,72.13566,0.0,0.0,180.0,0.0
2025-07-17 08:40:00,75.8,0.0,0.0,180.0,0.0
2025-07-17 08:45:00,74.86103,0.0,0.0,180.0,0.0
2025-07-17 08:50:00,74.92377,0.0,0.0,180.0,0.0
2025-07-17 08:55:00,20.04,0.0,0.0,180.0,0.0
2025-07-17 09:00:00,55.54724,0.0,0.0,180.0,0.0
2025-07-17 09:05:00,42.19,0.0,0.0,180.0,0.0
2025-07-17 09:10:00,75.06977,0.0,0.0,180.0,0.0
2025-07-17 09:15:00,74.61945,0.0,0.0,180.0,0.0
2025-07-17 09:20:00,53.19498,0.0,0.0,180.0,0.0
2025-07-17 09:25:00,75.8,0.0,0.0,180.0,0.0
2025-07-17 09:30:00,20.0,0.0,0.0,180.0,0.0
2025-07-17 09:35:00,56.36666,0.0,0.0,180.0,0.0
2025-07-17 09:40:00,76.30015,0.0,0.0,180.0,0.0
2025-07-17 09:45:00,43.15,0.0,0.0,180.0,0.0
2025-07-17 09:50:00,43.15,0.0,0.0,180.0,0.0
2025-07-17 09:55:00,132.72,0.0,0.0,180.0,0.0
2025-07-17 10:00:00,55.71544,0.0,0.0,180.0,0.0
2025-07-17 10:05:00,43.15,0.0,0.0,180.0,0.0
2025-07-17 10:10:00,130.23,0.0,0.0,180.0,0.0
2025-07-17 10:15:00,130.23,0.0,0.0,180.0,0.0
2025-07-17 10:20:00,84.34701,0.0,0.0,180.0,0.0
2025-07-17 10:25:00,55.86629,0.0,0.0,180.0,0.0
2025-07-17 10:30:00,130.23,0.0,0.0,180.0,0.0
2025-07-17 10:35:00,80.0,0.0,0.0,180.0,0.0
2025-07-17 10:40:00,81.44161,0.0,0.0,180.0,0.0
2025-07-17 10:45:00,81.04766,0.0,0.0,180.0,0.0
2025-07-17 10:50:00,83.4627,0.0,0.0,180.0,0.0
2025-07-17 10:55:00,130.23,0.0,0.0,180.0,0.0
2025-07-17 11:00:00,130.23,0.0,0.0,180.0,0.0
2025-07-17 11:05:00,79.44691,0.0,0.0,180.0,0.0
2025-07-17 11:10:00,90.01,0.0,0.0,180.0,0.0
2025-07-17 11:15:00,43.15,0.0,0.0,180.0,0.0
2025-07-17 11:20:00,56.95169,0.0,0.0,180.0,0.0
2025-07-17 11:25:00,69.28165,0.0,0.0,180.0,0.0
2025-07-17 11:30:00,44.94521,0.0,0.0,180.0,0.0
2025-07-17 11:35:00,126.93466,0.0,0.0,180.0,0.0
2025-07-17 11:40:00,75.29,0.0,0.0,180.0,0.0
2025-07-17 11:45:00,48.13768,0.0,0.0,180.0,0.0
2025-07-17 11:50:00,130.23,0.0,0.0,180.0,0.0
2025-07-17 11:55:00,82.81,0.0,0.0,180.0,0.0
2025-07-17 12:00:00,20.0,0.0,0.0,180.0,0.0
2025-07-17 12:05:00,33.86,0.0,0.0,180.0,0.0
2025-07-17 12:10:00,20.0,0.0,0.0,180.0,0.0
2025-07-17 12:15:00,39.1655,0.0,0.0,180.0,0.0
2025-07-17 12:20:00,35.93992,0.0,0.0,180.0,0.0
2025-07-17 12:25:00,35.94,0.0,0.0,180.0,0.0
2025-07-17 12:30:00,20.0,0.0,0.0,180.0,0.0
2025-07-17 12:35:00,20.0,0.0,0.0,180.0,0.0
2025-07-17 12:40:00,0.01,0.0,0.0,180.0,0.0
2025-07-17 12:45:00,19.17989,0.0,0.0,180.0,0.0
2025-07-17 12:50:00,0.0,0.0,0.0,180.0,0.0
2025-07-17 12:55:00,1.0483,0.0,0.0,180.0,0.0
2025-07-17 13:00:00,0.0,0.0,0.0,180.0,0.0
2025-07-17 13:05:00,53.21931,0.0,0.0,180.0,0.0
2025-07-17 13:10:00,64.83026,0.0,0.0,180.0,0.0
2025-07-17 13:15:00,54.45779,0.0,0.0,180.0,0.0
2025-07-17 13:20:00,35.94023,0.0,0.0,180.0,0.0
2025-07-17 13:25:00,53.22816,0.0,0.0,180.0,0.0
2025-07-17 13:30:00,19.17994,0.0,0.0,180.0,0.0
2025-07-17 13:35:00,51.84554,0.0,0.0,180.0,0.0
2025-07-17 13:40:00,70.18654,0.0,0.0,180.0,0.0
2025-07-17 13:45:00,1.59582,0.0,0.0,180.0,0.0
2025-07-17 13:50:00,74.22234,0.0,0.0,180.0,0.0
2025-07-17 13:55:00,35.11199,0.0,0.0,180.0,0.0
2025-07-17 14:00:00,75.8,0.0,0.0,180.0,0.0
2025-07-17 14:05:00,55.38587,0.0,0.0,180.0,0.0
2025-07-17 14:10:00,60.84223,0.0,0.0,180.0,0.0
2025-07-17 14:15:00,108.5596,0.0,0.0,180.0,0.0
2025-07-17 14:20:00,73.83701,0.0,0.0,180.0,0.0
2025-07-17 14:25:00,54.31902,0.0,0.0,180.0,0.0
2025-07-17 14:30:00,58.81001,0.0,0.0,180.0,0.0
2025-07-17 14:35:00,72.08726,0.0,0.0,180.0,0.0
2025-07-17 14:40:00,74.81168,0.0,0.0,180.0,0.0
2025-07-17 14:45:00,132.72,0.0,0.0,180.0,0.0
2025-07-17 14:50:00,136.27795,0.0,100.0,171.21589538842116,1135.649583333333
2025-07-17 14:55:00,137.6307,0.0,100.0,162.43179077684232,1146.9224999999997
2025-07-17 15:00:00,74.57729,0.0,0.0,162.43179077684232,0.0
2025-07-17 15:05:00,227.97,0.0,100.0,153.64768616526348,1899.7499999999998
2025-07-17 15:10:00,108.76796,0.0,0.0,153.64768616526348,0.0
2025-07-17 15:15:00,77.04,0.0,0.0,153.64768616526348,0.0
2025-07-17 15:20:00,52.77344,0.0,0.0,153.64768616526348,0.0
2025-07-17 15:25:00,53.3833,0.0,0.0,153.64768616526348,0.0
2025-07-17 15:30:00,57.34472,0.0,0.0,153.64768616526348,0.0
2025-07-17 15:35:00,44.65835,0.0,0.0,153.64768616526348,0.0
2025-07-17 15:40:00,79.99979,0.0,0.0,153.64768616526348,0.0
2025-07-17 15:45:00,100.3605,0.0,0.0,153.64768616526348,0.0
2025-07-17 15:50:00,71.7785,0.0,0.0,153.64768616526348,0.0
2025-07-17 15:55:00,78.95255,0.0,0.0,153.64768616526348,0.0
2025-07-17 16:00:00,78.01181,0.0,0.0,153.64768616526348,0.0
2025-07-17 16:05:00,80.87974,0.0,0.0,153.64768616526348,0.0
2025-07-17 16:10:00,81.01606,0.0,0.0,153.64768616526348,0.0
2025-07-17 16:15:00,80.0,0.0,0.0,153.64768616526348,0.0
2025-07-17 16:20:00,127.71635,0.0,0.0,153.64768616526348,0.0
2025-07-17 16:25:00,122.02,0.0,0.0,153.64768616526348,0.0
2025-07-17 16:30:00,122.02,0.0,0.0,153.64768616526348,0.0
2025-07-17 16:35:00,122.02,0.0,0.0,153.64768616526348,0.0
2025-07-17 16:40:00,132.72,0.0,0.0,153.64768616526348,0.0
2025-07-17 16:45:00,158.0,0.0,100.0,144.86358155368464,1316.6666666666665
2025-07-17 16:50:00,172.06572,0.0,100.0,136.0794769421058,1433.8809999999999
2025-07-17 16:55:00,202.82685,0.0,100.0,127.29537233052697,1690.2237499999999
2025-07-17 17:00:00,169.13853,0.0,100.0,118.51126771894815,1409.4877499999998
2025-07-17 17:05:00,192.13907,0.0,100.0,109.72716310736932,1601.1589166666665
2025-07-17 17:10:00,187.61458,0.0,100.0,100.9430584957905,1563.454833333333
2025-07-17 17:15:00,193.71283,0.0,100.0,92.15895388421167,1614.2735833333331
2025-07-17 17:20:00,179.24763,0.0,100.0,83.37484927263284,1493.7302499999996
2025-07-17 17:25:00,227.34468,0.0,100.0,74.59074466105402,1894.5389999999998
2025-07-17 17:30:00,174.33469,0.0,100.0,65.80664004947519,1452.789083333333
2025-07-17 17:35:00,224.50782,0.0,100.0,57.02253543789636,1870.8984999999998
2025-07-17 17:40:00,170.87197,0.0,100.0,48.238430826317526,1423.9330833333331
2025-07-17 17:45:00,238.1361,0.0,100.0,39.45432621473869,1984.4674999999997
2025-07-17 17:50:00,223.36,0.0,100.0,30.67022160315986,1861.3333333333333
2025-07-17 17:55:00,240.0,0.0,100.0,21.886116991581027,1999.9999999999998
2025-07-17 18:00:00,240.0,0.0,21.471932256986417,20.0,429.4386451397283
2025-07-17 18:05:00,223.69,0.0,0.0,20.0,0.0
2025-07-17 18:10:00,224.42,0.0,0.0,20.0,0.0
2025-07-17 18:15:00,181.38596,0.0,0.0,20.0,0.0
2025-07-17 18:20:00,270.82,0.0,0.0,20.0,0.0
2025-07-17 18:25:00,206.47658,0.0,0.0,20.0,0.0
2025-07-17 18:30:00,270.82,0.0,0.0,20.0,0.0
2025-07-17 18:35:00,207.90838,0.0,0.0,20.0,0.0
2025-07-17 18:40:00,184.33052,0.0,0.0,20.0,0.0
2025-07-17 18:45:00,178.48735,0.0,0.0,20.0,0.0
2025-07-17 18:50:00,196.90002,0.0,0.0,20.0,0.0
2025-07-17 18:55:00,270.82,0.0,0.0,20.0,0.0
2025-07-17 19:00:00,226.61888,0.0,0.0,20.0,0.0
2025-07-17 19:05:00,186.25526,0.0,0.0,20.0,0.0
2025-07-17 19:10:00,233.33087,0.0,0.0,20.0,0.0
2025-07-17 19:15:00,238.82865,0.0,0.0,20.0,0.0
2025-07-17 19:20:00,270.82,0.0,0.0,20.0,0.0
2025-07-17 19:25:00,240.0,0.0,0.0,20.0,0.0
2025-07-17 19:30:00,240.0,0.0,0.0,20.0,0.0
2025-07-17 19:35:00,230.91417,0.0,0.0,20.0,0.0
2025-07-17 19:40:00,240.0,0.0,0.0,20.0,0.0
2025-07-17 19:45:00,158.0,0.0,0.0,20.0,0.0
2025-07-17 19:50:00,181.79249,0.0,0.0,20.0,0.0
2025-07-17 19:55:00,158.0,0.0,0.0,20.0,0.0
2025-07-17 20:00:00,170.01697,0.0,0.0,20.0,0.0
2025-07-17 20:05:00,158.0,0.0,0.0,20.0,0.0
2025-07-17 20:10:00,230.01997,0.0,0.0,20.0,0.0
2025-07-17 20:15:00,169.44652,0.0,0.0,20.0,0.0
2025-07-17 20:20:00,176.82699,0.0,0.0,20.0,0.0
2025-07-17 20:25:00,219.06166,0.0,0.0,20.0,0.0
2025-07-17 20:30:00,227.97,0.0,0.0,20.0,0.0
2025-07-17 20:35:00,171.48755,0.0,0.0,20.0,0.0
2025-07-17 20:40:00,228.93398,0.0,0.0,20.0,0.0
2025-07-17 20:45:00,241.82882,0.0,0.0,20.0,0.0
2025-07-17 20:50:00,299.29,0.0,0.0,20.0,0.0
2025-07-17 20:55:00,270.82,0.0,0.0,20.0,0.0
2025-07-17 21:00:00,247.15501,0.0,0.0,20.0,0.0
2025-07-17 21:05:00,297.90682,0.0,0.0,20.0,0.0
2025-07-17 21:10:00,263.40195,0.0,0.0,20.0,0.0
2025-07-17 21:15:00,264.27607,0.0,0.0,20.0,0.0
2025-07-17 21:20:00,270.82,0.0,0.0,20.0,0.0
2025-07-17 21:25:00,264.27607,0.0,0.0,20.0,0.0
2025-07-17 21:30:00,177.30031,0.0,0.0,20.0,0.0
2025-07-17 21:35:00,229.60315,0.0,0.0,20.0,0.0
2025-07-17 21:40:00,229.82819,0.0,0.0,20.0,0.0
2025-07-17 21:45:00,226.53649,0.0,0.0,20.0,0.0
2025-07-17 21:50:00,166.53343,0.0,0.0,20.0,0.0
2025-07-17 21:55:00,159.60536,0.0,0.0,20.0,0.0
2025-07-17 22:00:00,157.48862,0.0,0.0,20.0,0.0
2025-07-17 22:05:00,158.0,0.0,0.0,20.0,0.0
2025-07-17 22:10:00,158.0,0.0,0.0,20.0,0.0
2025-07-17 22:15:00,159.1328,0.0,0.0,20.0,0.0
2025-07-17 22:20:00,158.0,0.0,0.0,20.0,0.0
2025-07-17 22:25:00,158.0,0.0,0.0,20.0,0.0
2025-07-17 22:30:00,155.77739,0.0,0.0,20.0,0.0
2025-07-17 22:35:00,158.0,0.0,0.0,20.0,0.0
2025-07-17 22:40:00,155.30601,0.0,0.0,20.0,0.0
2025-07-17 22:45:00,137.96,0.0,0.0,20.0,0.0
2025-07-17 22:50:00,122.58746,0.0,0.0,20.0,0.0
2025-07-17 22:55:00,122.02,0.0,0.0,20.0,0.0
2025-07-17 23:00:00,121.87676,0.0,0.0,20.0,0.0
2025-07-17 23:05:00,201.03541,0.0,0.0,20.0,0.0
2025-07-17 23:10:00,186.7804,0.0,0.0,20.0,0.0
2025-07-17 23:15:00,185.43187,0.0,0.0,20.0,0.0
2025-07-17 23:20:00,158.07123,0.0,0.0,20.0,0.0
2025-07-17 23:25:00,158.27892,0.0,0.0,20.0,0.0
2025-07-17 23:30:00,156.98432,0.0,0.0,20.0,0.0
2025-07-17 23:35:00,137.96,0.0,0.0,20.0,0.0
2025-07-17 23:40:00,137.96,0.0,0.0,20.0,0.0
2025-07-17 23:45:00,123.44834,0.0,0.0,20.0,0.0
2025-07-17 23:50:00,122.02,0.0,0.0,20.0,0.0
2025-07-17 23:55:00,132.11453,0.0,0.0,20.0,0.0
2025-07-18 00:00:00,134.3472,0.0,0.0,20.0,0.0
2025-07-18 00:05:00,143.925,0.0,0.0,20.0,0.0
2025-07-18 00:10:00,148.82137,0.0,0.0,20.0,0.0
2025-07-18 00:15:00,122.02,0.0,0.0,20.0,0.0
2025-07-18 00:20:00,122.02,0.0,0.0,20.0,0.0
2025-07-18 00:25:00,149.07952,0.0,0.0,20.0,0.0
2025-07-18 00:30:00,146.31262,0.0,0.0,20.0,0.0
2025-07-18 00:35:00,122.02,0.0,0.0,20.0,0.0
2025-07-18 00:40:00,147.21925,0.0,0.0,20.0,0.0
2025-07-18 00:45:00,144.04558,0.0,0.0,20.0,0.0
2025-07-18 00:50:00,145.35511,0.0,0.0,20.0,0.0
2025-07-18 00:55:00,100.30983,0.0,0.0,20.0,0.0
2025-07-18 01:00:00,93.96353,0.0,0.0,20.0,0.0
2025-07-18 01:05:00,124.76664,0.0,0.0,20.0,0.0
2025-07-18 01:10:00,136.34323,0.0,0.0,20.0,0.0
2025-07-18 01:15:00,90.0,0.0,0.0,20.0,0.0
2025-07-18 01:20:00,119.72054,0.0,0.0,20.0,0.0
2025-07-18 01:25:00,120.86182,0.0,0.0,20.0,0.0
2025-07-18 01:30:00,120.17877,0.0,0.0,20.0,0.0
2025-07-18 01:35:00,112.69373,0.0,0.0,20.0,0.0
2025-07-18 01:40:00,90.0,0.0,0.0,20.0,0.0
2025-07-18 01:45:00,84.58499,0.0,0.0,20.0,0.0
2025-07-18 01:50:00,89.57582,0.0,0.0,20.0,0.0
2025-07-18 01:55:00,120.97086,0.0,0.0,20.0,0.0
2025-07-18 02:00:00,90.0,0.0,0.0,20.0,0.0
2025-07-18 02:05:00,80.81229,0.0,0.0,20.0,0.0
2025-07-18 02:10:00,90.0,0.0,0.0,20.0,0.0
2025-07-18 02:15:00,90.0,0.0,0.0,20.0,0.0
2025-07-18 02:20:00,90.0,0.0,0.0,20.0,0.0
2025-07-18 02:25:00,80.0,0.0,0.0,20.0,0.0
2025-07-18 02:30:00,81.97106,0.0,0.0,20.0,0.0
2025-07-18 02:35:00,119.72054,0.0,0.0,20.0,0.0
2025-07-18 02:40:00,90.0,0.0,0.0,20.0,0.0
2025-07-18 02:45:00,80.0,0.0,0.0,20.0,0.0
2025-07-18 02:50:00,80.0,0.0,0.0,20.0,0.0
2025-07-18 02:55:00,90.12453,0.0,0.0,20.0,0.0
2025-07-18 03:00:00,80.0,0.0,0.0,20.0,0.0
2025-07-18 03:05:00,90.60124,0.0,0.0,20.0,0.0
2025-07-18 03:10:00,91.41802,0.0,0.0,20.0,0.0
2025-07-18 03:15:00,101.03644,0.0,0.0,20.0,0.0
2025-07-18 03:20:00,90.0,0.0,0.0,20.0,0.0
2025-07-18 03:25:00,90.0,0.0,0.0,20.0,0.0
2025-07-18 03:30:00,92.62352,0.0,0.0,20.0,0.0
2025-07-18 03:35:00,90.0,0.0,0.0,20.0,0.0
2025-07-18 03:40:00,97.86287,0.0,0.0,20.0,0.0
2025-07-18 03:45:00,83.42828,0.0,0.0,20.0,0.0
2025-07-18 03:50:00,85.08639,0.0,0.0,20.0,0.0
2025-07-18 03:55:00,84.61731,0.0,0.0,20.0,0.0
2025-07-18 04:00:00,85.17171,0.0,0.0,20.0,0.0
2025-07-18 04:05:00,90.0,0.0,0.0,20.0,0.0
2025-07-18 04:10:00,94.49398,0.0,0.0,20.0,0.0
2025-07-18 04:15:00,98.18079,0.0,0.0,20.0,0.0
2025-07-18 04:20:00,99.85803,0.0,0.0,20.0,0.0
2025-07-18 04:25:00,100.55955,0.0,0.0,20.0,0.0
2025-07-18 04:30:00,98.37962,0.0,0.0,20.0,0.0
2025-07-18 04:35:00,97.13108,0.0,0.0,20.0,0.0
2025-07-18 04:40:00,96.6902,0.0,0.0,20.0,0.0
2025-07-18 04:45:00,108.4161,0.0,0.0,20.0,0.0
2025-07-18 04:50:00,117.80829,0.0,0.0,20.0,0.0
2025-07-18 04:55:00,116.34087,0.0,0.0,20.0,0.0
2025-07-18 05:00:00,116.16589,0.0,0.0,20.0,0.0
2025-07-18 05:05:00,101.05548,0.0,0.0,20.0,0.0
2025-07-18 05:10:00,108.44347,0.0,0.0,20.0,0.0
2025-07-18 05:15:00,120.0,0.0,0.0,20.0,0.0
2025-07-18 05:20:00,122.02,0.0,0.0,20.0,0.0
2025-07-18 05:25:00,122.02,0.0,0.0,20.0,0.0
2025-07-18 05:30:00,139.38842,0.0,0.0,20.0,0.0
2025-07-18 05:35:00,122.02,0.0,0.0,20.0,0.0
2025-07-18 05:40:00,120.0,0.0,0.0,20.0,0.0
2025-07-18 05:45:00,122.02,0.0,0.0,20.0,0.0
2025-07-18 05:50:00,142.6766,0.0,0.0,20.0,0.0
2025-07-18 05:55:00,147.02968,0.0,0.0,20.0,0.0
2025-07-18 06:00:00,160.0,0.0,0.0,20.0,0.0
2025-07-18 06:05:00,144.54908,0.0,0.0,20.0,0.0
2025-07-18 06:10:00,158.0,0.0,0.0,20.0,0.0
2025-07-18 06:15:00,158.0,0.0,0.0,20.0,0.0
2025-07-18 06:20:00,192.34943,0.0,0.0,20.0,0.0
2025-07-18 06:25:00,224.50098,0.0,0.0,20.0,0.0
2025-07-18 06:30:00,212.74039,0.0,0.0,20.0,0.0
2025-07-18 06:35:00,166.04674,0.0,0.0,20.0,0.0
2025-07-18 06:40:00,213.55591,0.0,0.0,20.0,0.0
2025-07-18 06:45:00,211.6331,0.0,0.0,20.0,0.0
2025-07-18 06:50:00,212.44705,0.0,0.0,20.0,0.0
2025-07-18 06:55:00,214.32657,0.0,0.0,20.0,0.0
2025-07-18 07:00:00,266.11,0.0,0.0,20.0,0.0
2025-07-18 07:05:00,265.45,0.0,0.0,20.0,0.0
2025-07-18 07:10:00,272.37904,0.0,0.0,20.0,0.0
2025-07-18 07:15:00,272.14645,0.0,0.0,20.0,0.0
2025-07-18 07:20:00,272.6418,0.0,0.0,20.0,0.0
2025-07-18 07:25:00,275.71973,0.0,0.0,20.0,0.0
2025-07-18 07:30:00,279.38875,0.0,0.0,20.0,0.0
2025-07-18 07:35:00,267.55425,0.0,0.0,20.0,0.0
2025-07-18 07:40:00,266.11,0.0,0.0,20.0,0.0
2025-07-18 07:45:00,266.11,0.0,0.0,20.0,0.0
2025-07-18 07:50:00,266.11,0.0,0.0,20.0,0.0
2025-07-18 07:55:00,266.11,0.0,0.0,20.0,0.0
2025-07-18 08:00:00,265.45,0.0,0.0,20.0,0.0
2025-07-18 08:05:00,265.51102,0.0,0.0,20.0,0.0
2025-07-18 08:10:00,265.45,0.0,0.0,20.0,0.0
2025-07-18 08:15:00,265.45,0.0,0.0,20.0,0.0
2025-07-18 08:20:00,228.78518,0.0,0.0,20.0,0.0
2025-07-18 08:25:00,244.92644,0.0,0.0,20.0,0.0
2025-07-18 08:30:00,168.85611,0.0,0.0,20.0,0.0
2025-07-18 08:35:00,217.98728,0.0,0.0,20.0,0.0
2025-07-18 08:40:00,225.20232,0.0,0.0,20.0,0.0
2025-07-18 08:45:00,226.51345,0.0,0.0,20.0,0.0
2025-07-18 08:50:00,214.99077,0.0,0.0,20.0,0.0
2025-07-18 08:55:00,225.64522,0.0,0.0,20.0,0.0
2025-07-18 09:00:00,174.35412,0.0,0.0,20.0,0.0
2025-07-18 09:05:00,226.08292,0.0,0.0,20.0,0.0
2025-07-18 09:10:00,173.97482,0.0,0.0,20.0,0.0
2025-07-18 09:15:00,228.26823,0.0,0.0,20.0,0.0
2025-07-18 09:20:00,221.88577,0.0,0.0,20.0,0.0
2025-07-18 09:25:00,202.8256,0.0,0.0,20.0,0.0
2025-07-18 09:30:00,146.30325,0.0,0.0,20.0,0.0
2025-07-18 09:35:00,180.94,0.0,0.0,20.0,0.0
2025-07-18 09:40:00,156.61451,0.0,0.0,20.0,0.0
2025-07-18 09:45:00,141.39862,0.0,0.0,20.0,0.0
2025-07-18 09:50:00,141.52526,0.0,0.0,20.0,0.0
2025-07-18 09:55:00,122.02,0.0,0.0,20.0,0.0
2025-07-18 10:00:00,122.02,0.0,0.0,20.0,0.0
2025-07-18 10:05:00,139.41484,0.0,0.0,20.0,0.0
2025-07-18 10:10:00,122.65142,0.0,0.0,20.0,0.0
2025-07-18 10:15:00,117.77817,0.0,0.0,20.0,0.0
2025-07-18 10:20:00,118.75034,0.0,0.0,20.0,0.0
2025-07-18 10:25:00,97.45694,0.0,0.0,20.0,0.0
2025-07-18 10:30:00,87.53739,0.0,0.0,20.0,0.0
2025-07-18 10:35:00,95.90292,0.0,0.0,20.0,0.0
2025-07-18 10:40:00,97.53182,0.0,0.0,20.0,0.0
2025-07-18 10:45:00,86.05124,0.0,0.0,20.0,0.0
2025-07-18 10:50:00,75.44009,0.0,0.0,20.0,0.0
2025-07-18 10:55:00,73.85205,0.0,0.0,20.0,0.0
2025-07-18 11:00:00,56.59417,0.0,0.0,20.0,0.0
2025-07-18 11:05:00,83.33839,0.0,0.0,20.0,0.0
2025-07-18 11:10:00,83.1226,0.0,0.0,20.0,0.0
2025-07-18 11:15:00,77.74313,0.0,0.0,20.0,0.0
2025-07-18 11:20:00,38.03387,0.0,0.0,20.0,0.0
2025-07-18 11:25:00,38.72205,0.0,0.0,20.0,0.0
2025-07-18 11:30:00,35.94,0.0,0.0,20.0,0.0
2025-07-18 11:35:00,33.16173,0.0,0.0,20.0,0.0
2025-07-18 11:40:00,35.94,0.0,0.0,20.0,0.0
2025-07-18 11:45:00,35.94,0.0,0.0,20.0,0.0
2025-07-18 11:50:00,38.02418,0.0,0.0,20.0,0.0
2025-07-18 11:55:00,35.94,0.0,0.0,20.0,0.0
2025-07-18 12:00:00,34.92,0.0,0.0,20.0,0.0
2025-07-18 12:05:00,35.94,0.0,0.0,20.0,0.0
2025-07-18 12:10:00,33.60902,0.0,0.0,20.0,0.0
2025-07-18 12:15:00,35.94,0.0,0.0,20.0,0.0
2025-07-18 12:20:00,20.73,0.0,0.0,20.0,0.0
2025-07-18 12:25:00,20.04,0.0,0.0,20.0,0.0
2025-07-18 12:30:00,20.00007,0.0,0.0,20.0,0.0
2025-07-18 12:35:00,20.0,0.0,0.0,20.0,0.0
2025-07-18 12:40:00,20.0,0.0,0.0,20.0,0.0
2025-07-18 12:45:00,20.0,0.0,0.0,20.0,0.0
2025-07-18 12:50:00,20.0,0.0,0.0,20.0,0.0
2025-07-18 12:55:00,17.79672,0.0,0.0,20.0,0.0
2025-07-18 13:00:00,19.18,0.0,0.0,20.0,0.0
2025-07-18 13:05:00,20.0,0.0,0.0,20.0,0.0
2025-07-18 13:10:00,19.18,0.0,0.0,20.0,0.0
2025-07-18 13:15:00,20.2,0.0,0.0,20.0,0.0
2025-07-18 13:20:00,20.0,0.0,0.0,20.0,0.0
2025-07-18 13:25:00,20.04,0.0,0.0,20.0,0.0
2025-07-18 13:30:00,20.04,0.0,0.0,20.0,0.0
2025-07-18 13:35:00,20.04,0.0,0.0,20.0,0.0
2025-07-18 13:40:00,20.04,0.0,0.0,20.0,0.0
2025-07-18 13:45:00,20.04,0.0,0.0,20.0,0.0
2025-07-18 13:50:00,20.04,0.0,0.0,20.0,0.0
2025-07-18 13:55:00,20.04,0.0,0.0,20.0,0.0
2025-07-18 14:00:00,35.78231,0.0,0.0,20.0,0.0
2025-07-18 14:05:00,36.99005,0.0,0.0,20.0,0.0
2025-07-18 14:10:00,8.5517,100.0,0.0,27.90569415042095,-71.26416666666665
2025-07-18 14:15:00,0.06,100.0,0.0,35.8113883008419,-0.4999999999999999
2025-07-18 14:20:00,0.06,100.0,0.0,43.71708245126285,-0.4999999999999999
2025-07-18 14:25:00,19.18011,0.0,0.0,43.71708245126285,0.0
2025-07-18 14:30:00,19.18,0.0,0.0,43.71708245126285,0.0
2025-07-18 14:35:00,17.03889,0.0,0.0,43.71708245126285,0.0
2025-07-18 14:40:00,8.95,100.0,0.0,51.622776601683796,-74.58333333333331
2025-07-18 14:45:00,8.95,100.0,0.0,59.528470752104745,-74.58333333333331
2025-07-18 14:50:00,19.18,0.0,0.0,59.528470752104745,0.0
2025-07-18 14:55:00,15.7,0.0,0.0,59.528470752104745,0.0
2025-07-18 15:00:00,19.18,0.0,0.0,59.528470752104745,0.0
2025-07-18 15:05:00,16.29867,0.0,0.0,59.528470752104745,0.0
2025-07-18 15:10:00,20.04,0.0,0.0,59.528470752104745,0.0
2025-07-18 15:15:00,19.18,0.0,0.0,59.528470752104745,0.0
2025-07-18 15:20:00,19.18,0.0,0.0,59.528470752104745,0.0
2025-07-18 15:25:00,20.0,0.0,0.0,59.528470752104745,0.0
2025-07-18 15:30:00,20.0,0.0,0.0,59.528470752104745,0.0
2025-07-18 15:35:00,20.3,0.0,0.0,59.528470752104745,0.0
2025-07-18 15:40:00,47.63123,0.0,0.0,59.528470752104745,0.0
2025-07-18 15:45:00,50.19182,0.0,0.0,59.528470752104745,0.0
2025-07-18 15:50:00,75.2769,0.0,0.0,59.528470752104745,0.0
2025-07-18 15:55:00,67.28481,0.0,0.0,59.528470752104745,0.0
2025-07-18 16:00:00,68.10702,0.0,0.0,59.528470752104745,0.0
2025-07-18 16:05:00,57.35395,0.0,0.0,59.528470752104745,0.0
2025-07-18 16:10:00,58.98321,0.0,0.0,59.528470752104745,0.0
2025-07-18 16:15:00,75.89616,0.0,0.0,59.528470752104745,0.0
2025-07-18 16:20:00,85.45181,0.0,0.0,59.528470752104745,0.0
2025-07-18 16:25:00,114.37835,0.0,0.0,59.528470752104745,0.0
2025-07-18 16:30:00,148.38647,0.0,100.0,50.74436614052591,1236.5539166666665
2025-07-18 16:35:00,162.48076,0.0,100.0,41.96026152894708,1354.0063333333333
2025-07-18 16:40:00,180.66923,0.0,100.0,33.176156917368246,1505.5769166666664
2025-07-18 16:45:00,210.4849,0.0,100.0,24.392052305789413,1754.0408333333332
2025-07-18 16:50:00,250.96717,0.0,49.99999999999997,20.0,1045.696541666666
2025-07-18 16:55:00,246.43094,0.0,0.0,20.0,0.0
2025-07-18 17:00:00,223.36,0.0,0.0,20.0,0.0
2025-07-18 17:05:00,179.83518,0.0,0.0,20.0,0.0
2025-07-18 17:10:00,172.97412,0.0,0.0,20.0,0.0
2025-07-18 17:15:00,166.97,0.0,0.0,20.0,0.0
2025-07-18 17:20:00,170.22,0.0,0.0,20.0,0.0
2025-07-18 17:25:00,217.53972,0.0,0.0,20.0,0.0
2025-07-18 17:30:00,224.89568,0.0,0.0,20.0,0.0
2025-07-18 17:35:00,185.93999,0.0,0.0,20.0,0.0
2025-07-18 17:40:00,219.45489,0.0,0.0,20.0,0.0
2025-07-18 17:45:00,251.04089,0.0,0.0,20.0,0.0
2025-07-18 17:50:00,261.05621,0.0,0.0,20.0,0.0
2025-07-18 17:55:00,300.3,0.0,0.0,20.0,0.0
2025-07-18 18:00:00,280.82714,0.0,0.0,20.0,0.0
2025-07-18 18:05:00,238.81844,0.0,0.0,20.0,0.0
2025-07-18 18:10:00,189.5703,0.0,0.0,20.0,0.0
2025-07-18 18:15:00,185.68255,0.0,0.0,20.0,0.0
2025-07-18 18:20:00,181.90548,0.0,0.0,20.0,0.0
2025-07-18 18:25:00,180.96,0.0,0.0,20.0,0.0
2025-07-18 18:30:00,176.06569,0.0,0.0,20.0,0.0
2025-07-18 18:35:00,172.79173,0.0,0.0,20.0,0.0
2025-07-18 18:40:00,166.02,0.0,0.0,20.0,0.0
2025-07-18 18:45:00,165.02071,0.0,0.0,20.0,0.0
2025-07-18 18:50:00,163.71795,0.0,0.0,20.0,0.0
2025-07-18 18:55:00,162.05351,0.0,0.0,20.0,0.0
2025-07-18 19:00:00,166.02,0.0,0.0,20.0,0.0
2025-07-18 19:05:00,163.52376,0.0,0.0,20.0,0.0
2025-07-18 19:10:00,166.02,0.0,0.0,20.0,0.0
2025-07-18 19:15:00,144.77226,0.0,0.0,20.0,0.0
2025-07-18 19:20:00,141.91788,0.0,0.0,20.0,0.0
2025-07-18 19:25:00,145.22088,0.0,0.0,20.0,0.0
2025-07-18 19:30:00,138.64456,0.0,0.0,20.0,0.0
2025-07-18 19:35:00,134.72976,0.0,0.0,20.0,0.0
2025-07-18 19:40:00,131.23,0.0,0.0,20.0,0.0
2025-07-18 19:45:00,123.64351,0.0,0.0,20.0,0.0
2025-07-18 19:50:00,123.96981,0.0,0.0,20.0,0.0
2025-07-18 19:55:00,112.43623,0.0,0.0,20.0,0.0
2025-07-18 20:00:00,109.67942,0.0,0.0,20.0,0.0
2025-07-18 20:05:00,120.0,0.0,0.0,20.0,0.0
2025-07-18 20:10:00,122.02,0.0,0.0,20.0,0.0
2025-07-18 20:15:00,109.04766,0.0,0.0,20.0,0.0
2025-07-18 20:20:00,120.0,0.0,0.0,20.0,0.0
2025-07-18 20:25:00,108.14765,0.0,0.0,20.0,0.0
2025-07-18 20:30:00,105.08954,0.0,0.0,20.0,0.0
2025-07-18 20:35:00,120.0,0.0,0.0,20.0,0.0
2025-07-18 20:40:00,115.5532,0.0,0.0,20.0,0.0
2025-07-18 20:45:00,117.28567,0.0,0.0,20.0,0.0
2025-07-18 20:50:00,100.08667,0.0,0.0,20.0,0.0
2025-07-18 20:55:00,99.56302,0.0,0.0,20.0,0.0
2025-07-18 21:00:00,85.06059,0.0,0.0,20.0,0.0
2025-07-18 21:05:00,112.86241,0.0,0.0,20.0,0.0
2025-07-18 21:10:00,99.99537,0.0,0.0,20.0,0.0
2025-07-18 21:15:00,87.71432,0.0,0.0,20.0,0.0
2025-07-18 21:20:00,93.23126,0.0,0.0,20.0,0.0
2025-07-18 21:25:00,101.92203,0.0,0.0,20.0,0.0
2025-07-18 21:30:00,81.41004,0.0,0.0,20.0,0.0
2025-07-18 21:35:00,88.68334,0.0,0.0,20.0,0.0
2025-07-18 21:40:00,101.19988,0.0,0.0,20.0,0.0
2025-07-18 21:45:00,86.97281,0.0,0.0,20.0,0.0
2025-07-18 21:50:00,82.07652,0.0,0.0,20.0,0.0
2025-07-18 21:55:00,71.89038,0.0,0.0,20.0,0.0
2025-07-18 22:00:00,74.37708,0.0,0.0,20.0,0.0
2025-07-18 22:05:00,76.54,0.0,0.0,20.0,0.0
2025-07-18 22:10:00,76.5401,0.0,0.0,20.0,0.0
2025-07-18 22:15:00,77.27,0.0,0.0,20.0,0.0
2025-07-18 22:20:00,48.40645,0.0,0.0,20.0,0.0
2025-07-18 22:25:00,73.8001,0.0,0.0,20.0,0.0
2025-07-18 22:30:00,20.0,0.0,0.0,20.0,0.0
2025-07-18 22:35:00,20.0,0.0,0.0,20.0,0.0
2025-07-18 22:40:00,19.18,0.0,0.0,20.0,0.0
2025-07-18 22:45:00,0.01,100.0,0.0,27.90569415042095,-0.08333333333333333
2025-07-18 22:50:00,0.01,100.0,0.0,35.8113883008419,-0.08333333333333333
2025-07-18 22:55:00,0.01,100.0,0.0,43.71708245126285,-0.08333333333333333
2025-07-18 23:00:00,8.94977,100.0,0.0,51.622776601683796,-74.58141666666666
2025-07-18 23:05:00,8.95,100.0,0.0,59.528470752104745,-74.58333333333331
2025-07-18 23:10:00,8.95,100.0,0.0,67.4341649025257,-74.58333333333331
2025-07-18 23:15:00,8.95,100.0,0.0,75.33985905294664,-74.58333333333331
2025-07-18 23:20:00,0.01,100.0,0.0,83.24555320336758,-0.08333333333333333
2025-07-18 23:25:00,8.94977,100.0,0.0,91.15124735378852,-74.58141666666666
2025-07-18 23:30:00,0.01,100.0,0.0,99.05694150420946,-0.08333333333333333
2025-07-18 23:35:00,-2e-05,100.0,0.0,106.9626356546304,0.00016666666666666666
2025-07-18 23:40:00,0.01,100.0,0.0,114.86832980505135,-0.08333333333333333
2025-07-18 23:45:00,0.01,100.0,0.0,122.77402395547229,-0.08333333333333333
2025-07-18 23:50:00,-2e-05,100.0,0.0,130.67971810589324,0.00016666666666666666
2025-07-18 23:55:00,8.4594,100.0,0.0,138.58541225631419,-70.49499999999999
2025-07-19 00:00:00,-2e-05,100.0,0.0,146.49110640673513,0.00016666666666666666
2025-07-19 00:05:00,0.01,100.0,0.0,154.39680055715607,-0.08333333333333333
2025-07-19 00:10:00,0.01,100.0,0.0,162.302494707577,-0.08333333333333333
2025-07-19 00:15:00,0.01,100.0,0.0,170.20818885799795,-0.08333333333333333
2025-07-19 00:20:00,-2e-05,100.0,0.0,178.1138830084189,0.00016666666666666666
2025-07-19 00:25:00,-2e-05,23.857702507763676,0.0,180.0,3.976283751293946e-05
2025-07-19 00:30:00,-2e-05,0.0,0.0,180.0,-0.0
2025-07-19 00:35:00,3e-05,0.0,0.0,180.0,0.0
2025-07-19 00:40:00,3e-05,0.0,0.0,180.0,0.0
2025-07-19 00:45:00,3e-05,0.0,0.0,180.0,0.0
2025-07-19 00:50:00,3e-05,0.0,0.0,180.0,0.0
2025-07-19 00:55:00,3e-05,0.0,0.0,180.0,0.0
2025-07-19 01:00:00,-7.41,0.0,0.0,180.0,-0.0
2025-07-19 01:05:00,-7.41,0.0,0.0,180.0,-0.0
2025-07-19 01:10:00,-9.83,0.0,0.0,180.0,-0.0
2025-07-19 01:15:00,-9.96,0.0,0.0,180.0,-0.0
2025-07-19 01:20:00,-9.96,0.0,0.0,180.0,-0.0
2025-07-19 01:25:00,-9.96,0.0,0.0,180.0,-0.0
2025-07-19 01:30:00,-9.96,0.0,0.0,180.0,-0.0
2025-07-19 01:35:00,-11.21445,0.0,0.0,180.0,-0.0
2025-07-19 01:40:00,-11.94891,0.0,0.0,180.0,-0.0
2025-07-19 01:45:00,-13.78871,0.0,0.0,180.0,-0.0
2025-07-19 01:50:00,-13.79,0.0,0.0,180.0,-0.0
2025-07-19 01:55:00,-13.79,0.0,0.0,180.0,-0.0
2025-07-19 02:00:00,-13.99967,0.0,0.0,180.0,-0.0
2025-07-19 02:05:00,-13.99942,0.0,0.0,180.0,-0.0
2025-07-19 02:10:00,-13.79,0.0,0.0,180.0,-0.0
2025-07-19 02:15:00,-13.79,0.0,0.0,180.0,-0.0
2025-07-19 02:20:00,-11.81745,0.0,0.0,180.0,-0.0
2025-07-19 02:25:00,-13.99967,0.0,0.0,180.0,-0.0
2025-07-19 02:30:00,-13.99967,0.0,0.0,180.0,-0.0
2025-07-19 02:35:00,-13.79,0.0,0.0,180.0,-0.0
2025-07-19 02:40:00,-13.79,0.0,0.0,180.0,-0.0
2025-07-19 02:45:00,-13.99967,0.0,0.0,180.0,-0.0
2025-07-19 02:50:00,-13.99967,0.0,0.0,180.0,-0.0
2025-07-19 02:55:00,-13.99967,0.0,0.0,180.0,-0.0
2025-07-19 03:00:00,-13.99967,0.0,0.0,180.0,-0.0
2025-07-19 03:05:00,-13.99967,0.0,0.0,180.0,-0.0
2025-07-19 03:10:00,-13.99967,0.0,0.0,180.0,-0.0
2025-07-19 03:15:00,-13.99967,0.0,0.0,180.0,-0.0
2025-07-19 03:20:00,-13.99967,0.0,0.0,180.0,-0.0
2025-07-19 03:25:00,-13.99967,0.0,0.0,180.0,-0.0
2025-07-19 03:30:00,-13.99967,0.0,0.0,180.0,-0.0
2025-07-19 03:35:00,-13.99967,0.0,0.0,180.0,-0.0
2025-07-19 03:40:00,-13.99967,0.0,0.0,180.0,-0.0
2025-07-19 03:45:00,-13.99967,0.0,0.0,180.0,-0.0
2025-07-19 03:50:00,-13.99967,0.0,0.0,180.0,-0.0
2025-07-19 03:55:00,-13.99967,0.0,0.0,180.0,-0.0
2025-07-19 04:00:00,-13.99967,0.0,0.0,180.0,-0.0
2025-07-19 04:05:00,-13.99967,0.0,0.0,180.0,-0.0
2025-07-19 04:10:00,-13.99991,0.0,0.0,180.0,-0.0
2025-07-19 04:15:00,-13.99967,0.0,0.0,180.0,-0.0
2025-07-19 04:20:00,-13.99991,0.0,0.0,180.0,-0.0
2025-07-19 04:25:00,-13.99991,0.0,0.0,180.0,-0.0
2025-07-19 04:30:00,-13.99967,0.0,0.0,180.0,-0.0
2025-07-19 04:35:00,-13.99967,0.0,0.0,180.0,-0.0
2025-07-19 04:40:00,-13.99967,0.0,0.0,180.0,-0.0
2025-07-19 04:45:00,-13.99967,0.0,0.0,180.0,-0.0
2025-07-19 04:50:00,-13.99967,0.0,0.0,180.0,-0.0
2025-07-19 04:55:00,-13.99967,0.0,0.0,180.0,-0.0
2025-07-19 05:00:00,-13.99967,0.0,0.0,180.0,-0.0
2025-07-19 05:05:00,-13.99967,0.0,0.0,180.0,-0.0
2025-07-19 05:10:00,-13.99967,0.0,0.0,180.0,-0.0
2025-07-19 05:15:00,-13.99967,0.0,0.0,180.0,-0.0
2025-07-19 05:20:00,-13.99991,0.0,0.0,180.0,-0.0
2025-07-19 05:25:00,-13.99967,0.0,0.0,180.0,-0.0
2025-07-19 05:30:00,-13.99967,0.0,0.0,180.0,-0.0
2025-07-19 05:35:00,-13.99967,0.0,0.0,180.0,-0.0
2025-07-19 05:40:00,-13.99967,0.0,0.0,180.0,-0.0
2025-07-19 05:45:00,-13.99967,0.0,0.0,180.0,-0.0
2025-07-19 05:50:00,-13.99967,0.0,0.0,180.0,-0.0
2025-07-19 05:55:00,-13.99967,0.0,0.0,180.0,-0.0
2025-07-19 06:00:00,-13.99967,0.0,0.0,180.0,-0.0
2025-07-19 06:05:00,-13.99967,0.0,0.0,180.0,-0.0
2025-07-19 06:10:00,-13.99967,0.0,0.0,180.0,-0.0
2025-07-19 06:15:00,-13.99967,0.0,0.0,180.0,-0.0
2025-07-19 06:20:00,-11.89635,0.0,0.0,180.0,-0.0
2025-07-19 06:25:00,-9.96,0.0,0.0,180.0,-0.0
2025-07-19 06:30:00,-9.96,0.0,0.0,180.0,-0.0
2025-07-19 06:35:00,-13.99967,0.0,0.0,180.0,-0.0
2025-07-19 06:40:00,-13.99967,0.0,0.0,180.0,-0.0
2025-07-19 06:45:00,0.01,0.0,0.0,180.0,0.0
2025-07-19 06:50:00,0.01,0.0,0.0,180.0,0.0
2025-07-19 06:55:00,-13.99976,0.0,0.0,180.0,-0.0
2025-07-19 07:00:00,-13.99967,0.0,0.0,180.0,-0.0
2025-07-19 07:05:00,104.60914,0.0,0.0,180.0,0.0
2025-07-19 07:10:00,15.51263,0.0,0.0,180.0,0.0
2025-07-19 07:15:00,6.95,0.0,0.0,180.0,0.0
2025-07-19 07:20:00,6.95,0.0,0.0,180.0,0.0
2025-07-19 07:25:00,0.01,0.0,0.0,180.0,0.0
2025-07-19 07:30:00,20.0,0.0,0.0,180.0,0.0
2025-07-19 07:35:00,33.8901,0.0,0.0,180.0,0.0
2025-07-19 07:40:00,33.8901,0.0,0.0,180.0,0.0
2025-07-19 07:45:00,69.64815,0.0,0.0,180.0,0.0
2025-07-19 07:50:00,45.89,0.0,0.0,180.0,0.0
2025-07-19 07:55:00,45.89,0.0,0.0,180.0,0.0
2025-07-19 08:00:00,45.8901,0.0,0.0,180.0,0.0
2025-07-19 08:05:00,20.0,0.0,0.0,180.0,0.0
2025-07-19 08:10:00,33.89001,0.0,0.0,180.0,0.0
2025-07-19 08:15:00,22.77044,0.0,0.0,180.0,0.0
2025-07-19 08:20:00,20.0,0.0,0.0,180.0,0.0
2025-07-19 08:25:00,18.0,0.0,0.0,180.0,0.0
2025-07-19 08:30:00,4.49211,0.0,0.0,180.0,0.0
2025-07-19 08:35:00,8.95,0.0,0.0,180.0,0.0
2025-07-19 08:40:00,20.0,0.0,0.0,180.0,0.0
2025-07-19 08:45:00,3e-05,0.0,0.0,180.0,0.0
2025-07-19 08:50:00,0.01,0.0,0.0,180.0,0.0
2025-07-19 08:55:00,0.01,0.0,0.0,180.0,0.0
2025-07-19 09:00:00,0.01,0.0,0.0,180.0,0.0
2025-07-19 09:05:00,1.20735,0.0,0.0,180.0,0.0
2025-07-19 09:10:00,0.00022,0.0,0.0,180.0,0.0
2025-07-19 09:15:00,0.01,0.0,0.0,180.0,0.0
2025-07-19 09:20:00,0.01,0.0,0.0,180.0,0.0
2025-07-19 09:25:00,0.01,0.0,0.0,180.0,0.0
2025-07-19 09:30:00,0.0,0.0,0.0,180.0,0.0
2025-07-19 09:35:00,-5.06,0.0,0.0,180.0,-0.0
2025-07-19 09:40:00,-9.83,0.0,0.0,180.0,-0.0
2025-07-19 09:45:00,-9.96,0.0,0.0,180.0,-0.0
2025-07-19 09:50:00,-9.83,0.0,0.0,180.0,-0.0
2025-07-19 09:55:00,-9.96,0.0,0.0,180.0,-0.0
2025-07-19 10:00:00,-9.83,0.0,0.0,180.0,-0.0
2025-07-19 10:05:00,-9.83,0.0,0.0,180.0,-0.0
2025-07-19 10:10:00,-9.83,0.0,0.0,180.0,-0.0
2025-07-19 10:15:00,-9.83,0.0,0.0,180.0,-0.0
2025-07-19 10:20:00,-9.83,0.0,0.0,180.0,-0.0
2025-07-19 10:25:00,-9.83,0.0,0.0,180.0,-0.0
2025-07-19 10:30:00,-9.96,0.0,0.0,180.0,-0.0
2025-07-19 10:35:00,-9.96,0.0,0.0,180.0,-0.0
2025-07-19 10:40:00,-9.96,0.0,0.0,180.0,-0.0
2025-07-19 10:45:00,-13.79,0.0,0.0,180.0,-0.0
2025-07-19 10:50:00,-13.79,0.0,0.0,180.0,-0.0
2025-07-19 10:55:00,-13.79,0.0,0.0,180.0,-0.0
2025-07-19 11:00:00,-13.99976,0.0,0.0,180.0,-0.0
2025-07-19 11:05:00,-13.99976,0.0,0.0,180.0,-0.0
2025-07-19 11:10:00,-13.99967,0.0,0.0,180.0,-0.0
2025-07-19 11:15:00,-13.99967,0.0,0.0,180.0,-0.0
2025-07-19 11:20:00,-13.99967,0.0,0.0,180.0,-0.0
2025-07-19 11:25:00,-15.0,0.0,0.0,180.0,-0.0
2025-07-19 11:30:00,-15.79,0.0,0.0,180.0,-0.0
2025-07-19 11:35:00,-18.0,0.0,0.0,180.0,-0.0
2025-07-19 11:40:00,-18.0,0.0,0.0,180.0,-0.0
2025-07-19 11:45:00,-19.41491,0.0,0.0,180.0,-0.0
2025-07-19 11:50:00,-19.27039,0.0,0.0,180.0,-0.0
2025-07-19 11:55:00,-16.8791,0.0,0.0,180.0,-0.0
2025-07-19 12:00:00,-16.53293,0.0,0.0,180.0,-0.0
2025-07-19 12:05:00,-15.35476,0.0,0.0,180.0,-0.0
2025-07-19 12:10:00,-19.99,0.0,0.0,180.0,-0.0
2025-07-19 12:15:00,-19.99,0.0,0.0,180.0,-0.0
2025-07-19 12:20:00,-17.76667,0.0,0.0,180.0,-0.0
2025-07-19 12:25:00,-19.11377,0.0,0.0,180.0,-0.0
2025-07-19 12:30:00,-17.65967,0.0,0.0,180.0,-0.0
2025-07-19 12:35:00,-17.42287,0.0,0.0,180.0,-0.0
2025-07-19 12:40:00,-17.52523,0.0,0.0,180.0,-0.0
2025-07-19 12:45:00,-19.5,0.0,0.0,180.0,-0.0
2025-07-19 12:50:00,-20.78858,0.0,0.0,180.0,-0.0
2025-07-19 12:55:00,-20.4347,0.0,0.0,180.0,-0.0
2025-07-19 13:00:00,-20.99,0.0,0.0,180.0,-0.0
2025-07-19 13:05:00,-19.99,0.0,0.0,180.0,-0.0
2025-07-19 13:10:00,-19.5,0.0,0.0,180.0,-0.0
2025-07-19 13:15:00,-19.5,0.0,0.0,180.0,-0.0
2025-07-19 13:20:00,-18.94583,0.0,0.0,180.0,-0.0
2025-07-19 13:25:00,-18.82218,0.0,0.0,180.0,-0.0
2025-07-19 13:30:00,-19.99,0.0,0.0,180.0,-0.0
2025-07-19 13:35:00,-20.34537,0.0,0.0,180.0,-0.0
2025-07-19 13:40:00,-19.66065,0.0,0.0,180.0,-0.0
2025-07-19 13:45:00,-19.99,0.0,0.0,180.0,-0.0
2025-07-19 13:50:00,-17.30039,0.0,0.0,180.0,-0.0
2025-07-19 13:55:00,-17.51846,0.0,0.0,180.0,-0.0
2025-07-19 14:00:00,-16.53037,0.0,0.0,180.0,-0.0
2025-07-19 14:05:00,-16.84518,0.0,0.0,180.0,-0.0
2025-07-19 14:10:00,-16.69835,0.0,0.0,180.0,-0.0
2025-07-19 14:15:00,-18.96965,0.0,0.0,180.0,-0.0
2025-07-19 14:20:00,-16.0,0.0,0.0,180.0,-0.0
2025-07-19 14:25:00,-14.57381,0.0,0.0,180.0,-0.0
2025-07-19 14:30:00,-13.99976,0.0,0.0,180.0,-0.0
2025-07-19 14:35:00,-13.99976,0.0,0.0,180.0,-0.0
2025-07-19 14:40:00,-13.99976,0.0,0.0,180.0,-0.0
2025-07-19 14:45:00,-13.57677,0.0,0.0,180.0,-0.0
2025-07-19 14:50:00,-13.58929,0.0,0.0,180.0,-0.0
2025-07-19 14:55:00,-8.38177,0.0,0.0,180.0,-0.0
2025-07-19 15:00:00,0.0,0.0,0.0,180.0,0.0
2025-07-19 15:05:00,-5.06,0.0,0.0,180.0,-0.0
2025-07-19 15:10:00,-2.18782,0.0,0.0,180.0,-0.0
2025-07-19 15:15:00,0.0,0.0,0.0,180.0,0.0
2025-07-19 15:20:00,27.53653,0.0,0.0,180.0,0.0
2025-07-19 15:25:00,55.67809,0.0,0.0,180.0,0.0
2025-07-19 15:30:00,55.74641,0.0,0.0,180.0,0.0
2025-07-19 15:35:00,43.81211,0.0,0.0,180.0,0.0
2025-07-19 15:40:00,62.97886,0.0,0.0,180.0,0.0
2025-07-19 15:45:00,78.03087,0.0,0.0,180.0,0.0
2025-07-19 15:50:00,57.0851,0.0,0.0,180.0,0.0
2025-07-19 15:55:00,53.08574,0.0,0.0,180.0,0.0
2025-07-19 16:00:00,108.90989,0.0,0.0,180.0,0.0
2025-07-19 16:05:00,55.2659,0.0,0.0,180.0,0.0
2025-07-19 16:10:00,63.17067,0.0,0.0,180.0,0.0
2025-07-19 16:15:00,88.83603,0.0,0.0,180.0,0.0
2025-07-19 16:20:00,95.86107,0.0,0.0,180.0,0.0
2025-07-19 16:25:00,127.66634,0.0,0.0,180.0,0.0
2025-07-19 16:30:00,107.56927,0.0,0.0,180.0,0.0
2025-07-19 16:35:00,136.40664,0.0,100.0,171.21589538842116,1136.722
2025-07-19 16:40:00,122.43186,0.0,0.0,171.21589538842116,0.0
2025-07-19 16:45:00,114.15331,0.0,0.0,171.21589538842116,0.0
2025-07-19 16:50:00,133.73933,0.0,0.0,171.21589538842116,0.0
2025-07-19 16:55:00,140.47254,0.0,100.0,162.43179077684232,1170.6045
2025-07-19 17:00:00,137.98602,0.0,100.0,153.64768616526348,1149.8835
2025-07-19 17:05:00,130.23,0.0,0.0,153.64768616526348,0.0
2025-07-19 17:10:00,128.90216,0.0,0.0,153.64768616526348,0.0
2025-07-19 17:15:00,131.23,0.0,0.0,153.64768616526348,0.0
2025-07-19 17:20:00,138.51261,0.0,100.0,144.86358155368464,1154.2717499999999
2025-07-19 17:25:00,137.02719,0.0,100.0,136.0794769421058,1141.8932499999999
2025-07-19 17:30:00,143.1078,0.0,100.0,127.29537233052697,1192.5649999999998
2025-07-19 17:35:00,133.06832,0.0,0.0,127.29537233052697,0.0
2025-07-19 17:40:00,166.36585,0.0,100.0,118.51126771894815,1386.3820833333332
2025-07-19 17:45:00,132.72,0.0,0.0,118.51126771894815,0.0
2025-07-19 17:50:00,150.40383,0.0,100.0,109.72716310736932,1253.3652499999998
2025-07-19 17:55:00,155.97881,0.0,100.0,100.9430584957905,1299.8234166666666
2025-07-19 18:00:00,135.13775,0.0,0.0,100.9430584957905,0.0
2025-07-19 18:05:00,131.23,0.0,0.0,100.9430584957905,0.0
2025-07-19 18:10:00,131.23,0.0,0.0,100.9430584957905,0.0
2025-07-19 18:15:00,130.23,0.0,0.0,100.9430584957905,0.0
2025-07-19 18:20:00,131.23,0.0,0.0,100.9430584957905,0.0
2025-07-19 18:25:00,131.23,0.0,0.0,100.9430584957905,0.0
2025-07-19 18:30:00,154.41146,0.0,100.0,92.15895388421167,1286.7621666666664
2025-07-19 18:35:00,155.47906,0.0,100.0,83.37484927263284,1295.6588333333332
2025-07-19 18:40:00,131.23,0.0,0.0,83.37484927263284,0.0
2025-07-19 18:45:00,159.20803,0.0,100.0,74.59074466105402,1326.7335833333332
2025-07-19 18:50:00,131.23,0.0,0.0,74.59074466105402,0.0
2025-07-19 18:55:00,131.23,0.0,0.0,74.59074466105402,0.0
2025-07-19 19:00:00,163.29179,0.0,100.0,65.80664004947519,1360.7649166666663
2025-07-19 19:05:00,135.88997,0.0,100.0,57.02253543789636,1132.4164166666665
2025-07-19 19:10:00,164.47982,0.0,100.0,48.238430826317526,1370.6651666666664
2025-07-19 19:15:00,158.67491,0.0,100.0,39.45432621473869,1322.2909166666666
2025-07-19 19:20:00,163.65638,0.0,100.0,30.67022160315986,1363.8031666666666
2025-07-19 19:25:00,161.05672,0.0,100.0,21.886116991581027,1342.1393333333333
2025-07-19 19:30:00,132.72,0.0,0.0,21.886116991581027,0.0
2025-07-19 19:35:00,152.13807,0.0,21.471932256986417,20.0,272.22486106238813
2025-07-19 19:40:00,140.08012,0.0,0.0,20.0,0.0
2025-07-19 19:45:00,160.55726,0.0,0.0,20.0,0.0
2025-07-19 19:50:00,207.61427,0.0,0.0,20.0,0.0
2025-07-19 19:55:00,159.37608,0.0,0.0,20.0,0.0
2025-07-19 20:00:00,159.58849,0.0,0.0,20.0,0.0
2025-07-19 20:05:00,160.93917,0.0,0.0,20.0,0.0
2025-07-19 20:10:00,152.60676,0.0,0.0,20.0,0.0
2025-07-19 20:15:00,153.6335,0.0,0.0,20.0,0.0
2025-07-19 20:20:00,153.70562,0.0,0.0,20.0,0.0
2025-07-19 20:25:00,132.72,0.0,0.0,20.0,0.0
2025-07-19 20:30:00,151.58512,0.0,0.0,20.0,0.0
2025-07-19 20:35:00,131.72,0.0,0.0,20.0,0.0
2025-07-19 20:40:00,127.23153,0.0,0.0,20.0,0.0
2025-07-19 20:45:00,129.87949,0.0,0.0,20.0,0.0
2025-07-19 20:50:00,152.79006,0.0,0.0,20.0,0.0
2025-07-19 20:55:00,151.40609,0.0,0.0,20.0,0.0
2025-07-19 21:00:00,126.97553,0.0,0.0,20.0,0.0
2025-07-19 21:05:00,150.4982,0.0,0.0,20.0,0.0
2025-07-19 21:10:00,135.43239,0.0,0.0,20.0,0.0
2025-07-19 21:15:00,129.47835,0.0,0.0,20.0,0.0
2025-07-19 21:20:00,121.79084,0.0,0.0,20.0,0.0
2025-07-19 21:25:00,122.92748,0.0,0.0,20.0,0.0
2025-07-19 21:30:00,118.67263,0.0,0.0,20.0,0.0
2025-07-19 21:35:00,132.72,0.0,0.0,20.0,0.0
2025-07-19 21:40:00,149.8676,0.0,0.0,20.0,0.0
2025-07-19 21:45:00,148.55702,0.0,0.0,20.0,0.0
2025-07-19 21:50:00,155.96455,0.0,0.0,20.0,0.0
2025-07-19 21:55:00,138.90387,0.0,0.0,20.0,0.0
2025-07-19 22:00:00,134.80974,0.0,0.0,20.0,0.0
2025-07-19 22:05:00,134.70027,0.0,0.0,20.0,0.0
2025-07-19 22:10:00,153.28087,0.0,0.0,20.0,0.0
2025-07-19 22:15:00,154.35284,0.0,0.0,20.0,0.0
2025-07-19 22:20:00,126.71377,0.0,0.0,20.0,0.0
2025-07-19 22:25:00,113.28345,0.0,0.0,20.0,0.0
2025-07-19 22:30:00,104.02199,0.0,0.0,20.0,0.0
2025-07-19 22:35:00,125.22174,0.0,0.0,20.0,0.0
2025-07-19 22:40:00,114.78891,0.0,0.0,20.0,0.0
2025-07-19 22:45:00,116.47675,0.0,0.0,20.0,0.0
2025-07-19 22:50:00,100.2004,0.0,0.0,20.0,0.0
2025-07-19 22:55:00,106.09534,0.0,0.0,20.0,0.0
2025-07-19 23:00:00,89.9027,0.0,0.0,20.0,0.0
2025-07-19 23:05:00,111.55278,0.0,0.0,20.0,0.0
2025-07-19 23:10:00,119.88197,0.0,0.0,20.0,0.0
2025-07-19 23:15:00,116.85503,0.0,0.0,20.0,0.0
2025-07-19 23:20:00,112.34499,0.0,0.0,20.0,0.0
2025-07-19 23:25:00,94.30584,0.0,0.0,20.0,0.0
2025-07-19 23:30:00,94.25762,0.0,0.0,20.0,0.0
2025-07-19 23:35:00,151.61031,0.0,0.0,20.0,0.0
2025-07-19 23:40:00,117.18793,0.0,0.0,20.0,0.0
2025-07-19 23:45:00,117.43588,0.0,0.0,20.0,0.0
2025-07-19 23:50:00,108.65277,0.0,0.0,20.0,0.0
2025-07-19 23:55:00,82.93982,0.0,0.0,20.0,0.0
2025-07-20 00:00:00,80.28542,0.0,0.0,20.0,0.0
2025-07-20 00:05:00,89.91929,0.0,0.0,20.0,0.0
2025-07-20 00:10:00,101.3934,0.0,0.0,20.0,0.0
2025-07-20 00:15:00,79.73788,0.0,0.0,20.0,0.0
2025-07-20 00:20:00,74.8189,0.0,0.0,20.0,0.0
2025-07-20 00:25:00,79.89913,0.0,0.0,20.0,0.0
2025-07-20 00:30:00,79.15653,0.0,0.0,20.0,0.0
2025-07-20 00:35:00,78.68262,0.0,0.0,20.0,0.0
2025-07-20 00:40:00,79.68287,0.0,0.0,20.0,0.0
2025-07-20 00:45:00,79.31486,0.0,0.0,20.0,0.0
2025-07-20 00:50:00,77.44973,0.0,0.0,20.0,0.0
2025-07-20 00:55:00,75.44142,0.0,0.0,20.0,0.0
2025-07-20 01:00:00,75.39357,0.0,0.0,20.0,0.0
2025-07-20 01:05:00,79.81495,0.0,0.0,20.0,0.0
2025-07-20 01:10:00,78.56919,0.0,0.0,20.0,0.0
2025-07-20 01:15:00,70.76279,0.0,0.0,20.0,0.0
2025-07-20 01:20:00,73.24079,0.0,0.0,20.0,0.0
2025-07-20 01:25:00,73.07513,0.0,0.0,20.0,0.0
2025-07-20 01:30:00,69.67227,0.0,0.0,20.0,0.0
2025-07-20 01:35:00,69.77437,0.0,0.0,20.0,0.0
2025-07-20 01:40:00,72.86299,0.0,0.0,20.0,0.0
2025-07-20 01:45:00,73.03676,0.0,0.0,20.0,0.0
2025-07-20 01:50:00,69.4283,0.0,0.0,20.0,0.0
2025-07-20 01:55:00,69.89912,0.0,0.0,20.0,0.0
2025-07-20 02:00:00,70.80579,0.0,0.0,20.0,0.0
2025-07-20 02:05:00,73.63749,0.0,0.0,20.0,0.0
2025-07-20 02:10:00,77.80482,0.0,0.0,20.0,0.0
2025-07-20 02:15:00,76.0846,0.0,0.0,20.0,0.0
2025-07-20 02:20:00,68.33623,0.0,0.0,20.0,0.0
2025-07-20 02:25:00,73.40115,0.0,0.0,20.0,0.0
2025-07-20 02:30:00,73.38527,0.0,0.0,20.0,0.0
2025-07-20 02:35:00,73.47715,0.0,0.0,20.0,0.0
2025-07-20 02:40:00,72.85428,0.0,0.0,20.0,0.0
2025-07-20 02:45:00,75.80708,0.0,0.0,20.0,0.0
2025-07-20 02:50:00,71.76386,0.0,0.0,20.0,0.0
2025-07-20 02:55:00,73.34476,0.0,0.0,20.0,0.0
2025-07-20 03:00:00,73.48898,0.0,0.0,20.0,0.0
2025-07-20 03:05:00,79.47584,0.0,0.0,20.0,0.0
2025-07-20 03:10:00,79.43903,0.0,0.0,20.0,0.0
2025-07-20 03:15:00,82.02191,0.0,0.0,20.0,0.0
2025-07-20 03:20:00,83.45644,0.0,0.0,20.0,0.0
2025-07-20 03:25:00,79.92506,0.0,0.0,20.0,0.0
2025-07-20 03:30:00,79.39538,0.0,0.0,20.0,0.0
2025-07-20 03:35:00,83.94068,0.0,0.0,20.0,0.0
2025-07-20 03:40:00,81.80172,0.0,0.0,20.0,0.0
2025-07-20 03:45:00,85.9907,0.0,0.0,20.0,0.0
2025-07-20 03:50:00,81.71447,0.0,0.0,20.0,0.0
2025-07-20 03:55:00,85.19658,0.0,0.0,20.0,0.0
2025-07-20 04:00:00,83.54882,0.0,0.0,20.0,0.0
2025-07-20 04:05:00,80.0,0.0,0.0,20.0,0.0
2025-07-20 04:10:00,91.63116,0.0,0.0,20.0,0.0
2025-07-20 04:15:00,92.54172,0.0,0.0,20.0,0.0
2025-07-20 04:20:00,93.9092,0.0,0.0,20.0,0.0
2025-07-20 04:25:00,93.83907,0.0,0.0,20.0,0.0
2025-07-20 04:30:00,94.55811,0.0,0.0,20.0,0.0
2025-07-20 04:35:00,94.4137,0.0,0.0,20.0,0.0
2025-07-20 04:40:00,95.57072,0.0,0.0,20.0,0.0
2025-07-20 04:45:00,92.5122,0.0,0.0,20.0,0.0
2025-07-20 04:50:00,90.45302,0.0,0.0,20.0,0.0
2025-07-20 04:55:00,91.31967,0.0,0.0,20.0,0.0
2025-07-20 05:00:00,93.18424,0.0,0.0,20.0,0.0
2025-07-20 05:05:00,84.39967,0.0,0.0,20.0,0.0
2025-07-20 05:10:00,83.57159,0.0,0.0,20.0,0.0
2025-07-20 05:15:00,95.09727,0.0,0.0,20.0,0.0
2025-07-20 05:20:00,95.76274,0.0,0.0,20.0,0.0
2025-07-20 05:25:00,96.13149,0.0,0.0,20.0,0.0
2025-07-20 05:30:00,86.65749,0.0,0.0,20.0,0.0
2025-07-20 05:35:00,85.51235,0.0,0.0,20.0,0.0
2025-07-20 05:40:00,98.43789,0.0,0.0,20.0,0.0
2025-07-20 05:45:00,101.26653,0.0,0.0,20.0,0.0
2025-07-20 05:50:00,94.4352,0.0,0.0,20.0,0.0
2025-07-20 05:55:00,87.12632,0.0,0.0,20.0,0.0
2025-07-20 06:00:00,107.50692,0.0,0.0,20.0,0.0
2025-07-20 06:05:00,106.4059,0.0,0.0,20.0,0.0
2025-07-20 06:10:00,111.19873,0.0,0.0,20.0,0.0
2025-07-20 06:15:00,120.0,0.0,0.0,20.0,0.0
2025-07-20 06:20:00,124.98073,0.0,0.0,20.0,0.0
2025-07-20 06:25:00,107.70171,0.0,0.0,20.0,0.0
2025-07-20 06:30:00,123.29751,0.0,0.0,20.0,0.0
2025-07-20 06:35:00,120.0,0.0,0.0,20.0,0.0
2025-07-20 06:40:00,114.87071,0.0,0.0,20.0,0.0
2025-07-20 06:45:00,123.46357,0.0,0.0,20.0,0.0
2025-07-20 06:50:00,131.26403,0.0,0.0,20.0,0.0
2025-07-20 06:55:00,131.86194,0.0,0.0,20.0,0.0
2025-07-20 07:00:00,132.52607,0.0,0.0,20.0,0.0
2025-07-20 07:05:00,124.07089,0.0,0.0,20.0,0.0
2025-07-20 07:10:00,130.23,0.0,0.0,20.0,0.0
2025-07-20 07:15:00,130.23,0.0,0.0,20.0,0.0
2025-07-20 07:20:00,133.18722,0.0,0.0,20.0,0.0
2025-07-20 07:25:00,165.2199,0.0,0.0,20.0,0.0
2025-07-20 07:30:00,135.02482,0.0,0.0,20.0,0.0
2025-07-20 07:35:00,166.02,0.0,0.0,20.0,0.0
2025-07-20 07:40:00,166.02,0.0,0.0,20.0,0.0
2025-07-20 07:45:00,166.02,0.0,0.0,20.0,0.0
2025-07-20 07:50:00,177.11427,0.0,0.0,20.0,0.0
2025-07-20 07:55:00,179.85496,0.0,0.0,20.0,0.0
2025-07-20 08:00:00,178.98084,0.0,0.0,20.0,0.0
2025-07-20 08:05:00,135.01961,0.0,0.0,20.0,0.0
2025-07-20 08:10:00,132.4,0.0,0.0,20.0,0.0
2025-07-20 08:15:00,177.95141,0.0,0.0,20.0,0.0
2025-07-20 08:20:00,163.04711,0.0,0.0,20.0,0.0
2025-07-20 08:25:00,135.43622,0.0,0.0,20.0,0.0
2025-07-20 08:30:00,95.00437,0.0,0.0,20.0,0.0
2025-07-20 08:35:00,65.75062,0.0,0.0,20.0,0.0
2025-07-20 08:40:00,57.0,0.0,0.0,20.0,0.0
2025-07-20 08:45:00,64.72779,0.0,0.0,20.0,0.0
2025-07-20 08:50:00,56.4846,0.0,0.0,20.0,0.0
2025-07-20 08:55:00,57.0,0.0,0.0,20.0,0.0
2025-07-20 09:00:00,35.54282,0.0,0.0,20.0,0.0
2025-07-20 09:05:00,56.93894,0.0,0.0,20.0,0.0
2025-07-20 09:10:00,65.78375,0.0,0.0,20.0,0.0
2025-07-20 09:15:00,57.54006,0.0,0.0,20.0,0.0
2025-07-20 09:20:00,42.19,0.0,0.0,20.0,0.0
2025-07-20 09:25:00,35.30514,0.0,0.0,20.0,0.0
2025-07-20 09:30:00,20.04,0.0,0.0,20.0,0.0
2025-07-20 09:35:00,34.89934,0.0,0.0,20.0,0.0
2025-07-20 09:40:00,34.92264,0.0,0.0,20.0,0.0
2025-07-20 09:45:00,34.51337,0.0,0.0,20.0,0.0
2025-07-20 09:50:00,22.7703,0.0,0.0,20.0,0.0
2025-07-20 09:55:00,22.92569,0.0,0.0,20.0,0.0
2025-07-20 10:00:00,8.95,100.0,0.0,27.90569415042095,-74.58333333333331
2025-07-20 10:05:00,11.52,0.0,0.0,27.90569415042095,0.0
2025-07-20 10:10:00,45.98731,0.0,0.0,27.90569415042095,0.0
2025-07-20 10:15:00,33.3537,0.0,0.0,27.90569415042095,0.0
2025-07-20 10:20:00,8.81856,100.0,0.0,35.8113883008419,-73.48799999999999
2025-07-20 10:25:00,8.95,100.0,0.0,43.71708245126285,-74.58333333333331
2025-07-20 10:30:00,20.0,0.0,0.0,43.71708245126285,0.0
2025-07-20 10:35:00,10.5274,0.0,0.0,43.71708245126285,0.0
2025-07-20 10:40:00,8.94974,100.0,0.0,51.622776601683796,-74.58116666666666
2025-07-20 10:45:00,12.29292,0.0,0.0,51.622776601683796,0.0
2025-07-20 10:50:00,10.55817,0.0,0.0,51.622776601683796,0.0
2025-07-20 10:55:00,12.42766,0.0,0.0,51.622776601683796,0.0
2025-07-20 11:00:00,-0.09,100.0,0.0,59.528470752104745,0.7499999999999999
2025-07-20 11:05:00,0.01,100.0,0.0,67.4341649025257,-0.08333333333333333
2025-07-20 11:10:00,9.36427,0.0,0.0,67.4341649025257,0.0
2025-07-20 11:15:00,8.95,100.0,0.0,75.33985905294664,-74.58333333333331
2025-07-20 11:20:00,8.95,100.0,0.0,83.24555320336758,-74.58333333333331
2025-07-20 11:25:00,8.94974,100.0,0.0,91.15124735378852,-74.58116666666666
2025-07-20 11:30:00,8.95,100.0,0.0,99.05694150420946,-74.58333333333331
2025-07-20 11:35:00,8.95,100.0,0.0,106.9626356546304,-74.58333333333331
2025-07-20 11:40:00,8.95,100.0,0.0,114.86832980505135,-74.58333333333331
2025-07-20 11:45:00,0.0,100.0,0.0,122.77402395547229,-0.0
2025-07-20 11:50:00,6.80026,100.0,0.0,130.67971810589324,-56.668833333333325
2025-07-20 11:55:00,-5.10515,100.0,0.0,138.58541225631419,42.54291666666666
2025-07-20 12:00:00,0.0,100.0,0.0,146.49110640673513,-0.0
2025-07-20 12:05:00,2.5033,100.0,0.0,154.39680055715607,-20.86083333333333
2025-07-20 12:10:00,-0.05539,100.0,0.0,162.302494707577,0.4615833333333333
2025-07-20 12:15:00,-12.94904,100.0,0.0,170.20818885799795,107.90866666666665
2025-07-20 12:20:00,0.0,100.0,0.0,178.1138830084189,-0.0
2025-07-20 12:25:00,8.94974,23.857702507763676,0.0,180.0,-17.793352870152738
2025-07-20 12:30:00,-12.70611,0.0,0.0,180.0,-0.0
2025-07-20 12:35:00,0.0,0.0,0.0,180.0,0.0
2025-07-20 12:40:00,8.95075,0.0,0.0,180.0,0.0
2025-07-20 12:45:00,-8.95979,0.0,0.0,180.0,-0.0
2025-07-20 12:50:00,-13.00916,0.0,0.0,180.0,-0.0
2025-07-20 12:55:00,0.01,0.0,0.0,180.0,0.0
2025-07-20 13:00:00,0.0,0.0,0.0,180.0,0.0
2025-07-20 13:05:00,-13.79,0.0,0.0,180.0,-0.0
2025-07-20 13:10:00,-13.06601,0.0,0.0,180.0,-0.0
2025-07-20 13:15:00,-10.08186,0.0,0.0,180.0,-0.0
2025-07-20 13:20:00,-9.96,0.0,0.0,180.0,-0.0
2025-07-20 13:25:00,0.0,0.0,0.0,180.0,0.0
2025-07-20 13:30:00,0.0,0.0,0.0,180.0,0.0
2025-07-20 13:35:00,0.01,0.0,0.0,180.0,0.0
2025-07-20 13:40:00,0.01,0.0,0.0,180.0,0.0
2025-07-20 13:45:00,8.95026,0.0,0.0,180.0,0.0
2025-07-20 13:50:00,6.30278,0.0,0.0,180.0,0.0
2025-07-20 13:55:00,8.95,0.0,0.0,180.0,0.0
2025-07-20 14:00:00,8.95,0.0,0.0,180.0,0.0
2025-07-20 14:05:00,8.95,0.0,0.0,180.0,0.0
2025-07-20 14:10:00,0.01,0.0,0.0,180.0,0.0
2025-07-20 14:15:00,11.00212,0.0,0.0,180.0,0.0
2025-07-20 14:20:00,8.95,0.0,0.0,180.0,0.0
2025-07-20 14:25:00,20.0,0.0,0.0,180.0,0.0
2025-07-20 14:30:00,20.0,0.0,0.0,180.0,0.0
2025-07-20 14:35:00,10.60406,0.0,0.0,180.0,0.0
2025-07-20 14:40:00,8.95,0.0,0.0,180.0,0.0
2025-07-20 14:45:00,10.20937,0.0,0.0,180.0,0.0
2025-07-20 14:50:00,26.10701,0.0,0.0,180.0,0.0
2025-07-20 14:55:00,20.0,0.0,0.0,180.0,0.0
2025-07-20 15:00:00,21.09474,0.0,0.0,180.0,0.0
2025-07-20 15:05:00,8.95,0.0,0.0,180.0,0.0
2025-07-20 15:10:00,50.33484,0.0,0.0,180.0,0.0
2025-07-20 15:15:00,30.9117,0.0,0.0,180.0,0.0
2025-07-20 15:20:00,23.81,0.0,0.0,180.0,0.0
2025-07-20 15:25:00,29.85602,0.0,0.0,180.0,0.0
2025-07-20 15:30:00,50.40398,0.0,0.0,180.0,0.0
2025-07-20 15:35:00,32.12415,0.0,0.0,180.0,0.0
2025-07-20 15:40:00,65.49517,0.0,0.0,180.0,0.0
2025-07-20 15:45:00,40.5219,0.0,0.0,180.0,0.0
2025-07-20 15:50:00,51.23768,0.0,0.0,180.0,0.0
2025-07-20 15:55:00,67.23793,0.0,0.0,180.0,0.0
2025-07-20 16:00:00,91.61743,0.0,0.0,180.0,0.0
2025-07-20 16:05:00,69.34277,0.0,0.0,180.0,0.0
2025-07-20 16:10:00,68.89218,0.0,0.0,180.0,0.0
2025-07-20 16:15:00,89.66032,0.0,0.0,180.0,0.0
2025-07-20 16:20:00,120.0,0.0,0.0,180.0,0.0
2025-07-20 16:25:00,132.72,0.0,0.0,180.0,0.0
2025-07-20 16:30:00,120.0,0.0,0.0,180.0,0.0
2025-07-20 16:35:00,123.10598,0.0,0.0,180.0,0.0
2025-07-20 16:40:00,120.0,0.0,0.0,180.0,0.0
2025-07-20 16:45:00,136.02327,0.0,100.0,171.21589538842116,1133.5272499999999
2025-07-20 16:50:00,158.0,0.0,100.0,162.43179077684232,1316.6666666666665
2025-07-20 16:55:00,158.0,0.0,100.0,153.64768616526348,1316.6666666666665
2025-07-20 17:00:00,158.0,0.0,100.0,144.86358155368464,1316.6666666666665
2025-07-20 17:05:00,166.97,0.0,100.0,136.0794769421058,1391.4166666666665
2025-07-20 17:10:00,158.0,0.0,100.0,127.29537233052697,1316.6666666666665
2025-07-20 17:15:00,166.02,0.0,100.0,118.51126771894815,1383.5
2025-07-20 17:20:00,166.02,0.0,100.0,109.72716310736932,1383.5
2025-07-20 17:25:00,170.01954,0.0,100.0,100.9430584957905,1416.8294999999998
2025-07-20 17:30:00,170.04468,0.0,100.0,92.15895388421167,1417.0389999999998
2025-07-20 17:35:00,166.97,0.0,100.0,83.37484927263284,1391.4166666666665
2025-07-20 17:40:00,166.97,0.0,100.0,74.59074466105402,1391.4166666666665
2025-07-20 17:45:00,297.17946,0.0,100.0,65.80664004947519,2476.4954999999995
2025-07-20 17:50:00,226.69073,0.0,100.0,57.02253543789636,1889.0894166666665
2025-07-20 17:55:00,233.45114,0.0,100.0,48.238430826317526,1945.4261666666664
2025-07-20 18:00:00,203.83197,0.0,100.0,39.45432621473869,1698.5997499999999
2025-07-20 18:05:00,167.47086,0.0,100.0,30.67022160315986,1395.5904999999998
2025-07-20 18:10:00,207.03469,0.0,100.0,21.886116991581027,1725.289083333333
2025-07-20 18:15:00,164.94518,0.0,21.471932256986417,20.0,295.1409775897025
2025-07-20 18:20:00,167.83681,0.0,0.0,20.0,0.0
2025-07-20 18:25:00,166.97,0.0,0.0,20.0,0.0
2025-07-20 18:30:00,166.97,0.0,0.0,20.0,0.0
2025-07-20 18:35:00,164.96488,0.0,0.0,20.0,0.0
2025-07-20 18:40:00,166.97,0.0,0.0,20.0,0.0
2025-07-20 18:45:00,166.97,0.0,0.0,20.0,0.0
2025-07-20 18:50:00,158.0,0.0,0.0,20.0,0.0
2025-07-20 18:55:00,171.3693,0.0,0.0,20.0,0.0
2025-07-20 19:00:00,140.83099,0.0,0.0,20.0,0.0
2025-07-20 19:05:00,164.34494,0.0,0.0,20.0,0.0
2025-07-20 19:10:00,158.0,0.0,0.0,20.0,0.0
2025-07-20 19:15:00,131.72,0.0,0.0,20.0,0.0
2025-07-20 19:20:00,158.0,0.0,0.0,20.0,0.0
2025-07-20 19:25:00,158.0,0.0,0.0,20.0,0.0
2025-07-20 19:30:00,141.23412,0.0,0.0,20.0,0.0
2025-07-20 19:35:00,143.09434,0.0,0.0,20.0,0.0
2025-07-20 19:40:00,143.67537,0.0,0.0,20.0,0.0
2025-07-20 19:45:00,158.0,0.0,0.0,20.0,0.0
2025-07-20 19:50:00,158.0,0.0,0.0,20.0,0.0
2025-07-20 19:55:00,137.78345,0.0,0.0,20.0,0.0
2025-07-20 20:00:00,138.73135,0.0,0.0,20.0,0.0
2025-07-20 20:05:00,158.0,0.0,0.0,20.0,0.0
2025-07-20 20:10:00,142.23665,0.0,0.0,20.0,0.0
2025-07-20 20:15:00,131.23,0.0,0.0,20.0,0.0
2025-07-20 20:20:00,131.23,0.0,0.0,20.0,0.0
2025-07-20 20:25:00,122.02,0.0,0.0,20.0,0.0
2025-07-20 20:30:00,122.02,0.0,0.0,20.0,0.0
2025-07-20 20:35:00,131.23,0.0,0.0,20.0,0.0
2025-07-20 20:40:00,131.23,0.0,0.0,20.0,0.0
2025-07-20 20:45:00,131.23,0.0,0.0,20.0,0.0
2025-07-20 20:50:00,122.02,0.0,0.0,20.0,0.0
2025-07-20 20:55:00,98.56973,0.0,0.0,20.0,0.0
2025-07-20 21:00:00,86.58858,0.0,0.0,20.0,0.0
2025-07-20 21:05:00,120.0,0.0,0.0,20.0,0.0
2025-07-20 21:10:00,99.34605,0.0,0.0,20.0,0.0
2025-07-20 21:15:00,82.78834,0.0,0.0,20.0,0.0
2025-07-20 21:20:00,80.0,0.0,0.0,20.0,0.0
2025-07-20 21:25:00,78.76187,0.0,0.0,20.0,0.0
2025-07-20 21:30:00,76.80646,0.0,0.0,20.0,0.0
2025-07-20 21:35:00,71.95451,0.0,0.0,20.0,0.0
2025-07-20 21:40:00,72.24239,0.0,0.0,20.0,0.0
2025-07-20 21:45:00,59.88413,0.0,0.0,20.0,0.0
2025-07-20 21:50:00,68.07962,0.0,0.0,20.0,0.0
2025-07-20 21:55:00,62.56943,0.0,0.0,20.0,0.0
2025-07-20 22:00:00,51.51862,0.0,0.0,20.0,0.0
2025-07-20 22:05:00,58.25391,0.0,0.0,20.0,0.0
2025-07-20 22:10:00,70.54746,0.0,0.0,20.0,0.0
2025-07-20 22:15:00,67.25129,0.0,0.0,20.0,0.0
2025-07-20 22:20:00,59.52674,0.0,0.0,20.0,0.0
2025-07-20 22:25:00,58.96977,0.0,0.0,20.0,0.0
2025-07-20 22:30:00,52.5066,0.0,0.0,20.0,0.0
2025-07-20 22:35:00,57.6607,0.0,0.0,20.0,0.0
2025-07-20 22:40:00,20.0,0.0,0.0,20.0,0.0
2025-07-20 22:45:00,20.99993,0.0,0.0,20.0,0.0
2025-07-20 22:50:00,14.21451,0.0,0.0,20.0,0.0
2025-07-20 22:55:00,2.86989,100.0,0.0,27.90569415042095,-23.915749999999996
2025-07-20 23:00:00,8.94974,100.0,0.0,35.8113883008419,-74.58116666666666
2025-07-20 23:05:00,8.95,100.0,0.0,43.71708245126285,-74.58333333333331
2025-07-20 23:10:00,8.95,100.0,0.0,51.622776601683796,-74.58333333333331
2025-07-20 23:15:00,8.95,100.0,0.0,59.528470752104745,-74.58333333333331
2025-07-20 23:20:00,0.01,100.0,0.0,67.4341649025257,-0.08333333333333333
2025-07-20 23:25:00,8.94948,100.0,0.0,75.33985905294664,-74.57899999999998
2025-07-20 23:30:00,8.95,100.0,0.0,83.24555320336758,-74.58333333333331
2025-07-20 23:35:00,8.95,100.0,0.0,91.15124735378852,-74.58333333333331
2025-07-20 23:40:00,8.95,100.0,0.0,99.05694150420946,-74.58333333333331
2025-07-20 23:45:00,8.95,100.0,0.0,106.9626356546304,-74.58333333333331
2025-07-20 23:50:00,8.95,100.0,0.0,114.86832980505135,-74.58333333333331
2025-07-20 23:55:00,0.01,100.0,0.0,122.77402395547229,-0.08333333333333333
2025-07-21 00:00:00,0.01,100.0,0.0,130.67971810589324,-0.08333333333333333
2025-07-21 00:05:00,8.41171,100.0,0.0,138.58541225631419,-70.09758333333332
2025-07-21 00:10:00,8.94974,100.0,0.0,146.49110640673513,-74.58116666666666
2025-07-21 00:15:00,0.11153,100.0,0.0,154.39680055715607,-0.9294166666666666
2025-07-21 00:20:00,0.01,100.0,0.0,162.302494707577,-0.08333333333333333
2025-07-21 00:25:00,0.01,100.0,0.0,170.20818885799795,-0.08333333333333333
2025-07-21 00:30:00,7.94925,100.0,0.0,178.1138830084189,-66.24374999999999
2025-07-21 00:35:00,8.94974,23.857702507763676,0.0,180.0,-17.793352870152738
2025-07-21 00:40:00,8.94974,0.0,0.0,180.0,0.0
2025-07-21 00:45:00,8.94974,0.0,0.0,180.0,0.0
2025-07-21 00:50:00,0.01,0.0,0.0,180.0,0.0
2025-07-21 00:55:00,8.46023,0.0,0.0,180.0,0.0
2025-07-21 01:00:00,-3e-05,0.0,0.0,180.0,-0.0
2025-07-21 01:05:00,0.01,0.0,0.0,180.0,0.0
2025-07-21 01:10:00,0.00992,0.0,0.0,180.0,0.0
2025-07-21 01:15:00,0.01,0.0,0.0,180.0,0.0
2025-07-21 01:20:00,0.01,0.0,0.0,180.0,0.0
2025-07-21 01:25:00,3e-05,0.0,0.0,180.0,0.0
2025-07-21 01:30:00,3e-05,0.0,0.0,180.0,0.0
2025-07-21 01:35:00,3e-05,0.0,0.0,180.0,0.0
2025-07-21 01:40:00,3e-05,0.0,0.0,180.0,0.0
2025-07-21 01:45:00,-2.82,0.0,0.0,180.0,-0.0
2025-07-21 01:50:00,3e-05,0.0,0.0,180.0,0.0
2025-07-21 01:55:00,3e-05,0.0,0.0,180.0,0.0
2025-07-21 02:00:00,3e-05,0.0,0.0,180.0,0.0
2025-07-21 02:05:00,-2.82,0.0,0.0,180.0,-0.0
2025-07-21 02:10:00,0.01,0.0,0.0,180.0,0.0
2025-07-21 02:15:00,8.88016,0.0,0.0,180.0,0.0
2025-07-21 02:20:00,3e-05,0.0,0.0,180.0,0.0
2025-07-21 02:25:00,-2.82,0.0,0.0,180.0,-0.0
2025-07-21 02:30:00,-7.41,0.0,0.0,180.0,-0.0
2025-07-21 02:35:00,-2.82,0.0,0.0,180.0,-0.0
2025-07-21 02:40:00,3e-05,0.0,0.0,180.0,0.0
2025-07-21 02:45:00,-8.9536,0.0,0.0,180.0,-0.0
2025-07-21 02:50:00,-7.41,0.0,0.0,180.0,-0.0
2025-07-21 02:55:00,-2.28512,0.0,0.0,180.0,-0.0
2025-07-21 03:00:00,-2.82,0.0,0.0,180.0,-0.0
2025-07-21 03:05:00,-7.41,0.0,0.0,180.0,-0.0
2025-07-21 03:10:00,-9.83,0.0,0.0,180.0,-0.0
2025-07-21 03:15:00,-2.82,0.0,0.0,180.0,-0.0
2025-07-21 03:20:00,-9.13468,0.0,0.0,180.0,-0.0
2025-07-21 03:25:00,-9.83,0.0,0.0,180.0,-0.0
2025-07-21 03:30:00,-9.07065,0.0,0.0,180.0,-0.0
2025-07-21 03:35:00,-9.83,0.0,0.0,180.0,-0.0
2025-07-21 03:40:00,-2.82,0.0,0.0,180.0,-0.0
2025-07-21 03:45:00,-9.16557,0.0,0.0,180.0,-0.0
2025-07-21 03:50:00,-9.96,0.0,0.0,180.0,-0.0
2025-07-21 03:55:00,-9.96,0.0,0.0,180.0,-0.0
2025-07-21 04:00:00,-9.96,0.0,0.0,180.0,-0.0
2025-07-21 04:05:00,-9.96,0.0,0.0,180.0,-0.0
2025-07-21 04:10:00,-9.96,0.0,0.0,180.0,-0.0
2025-07-21 04:15:00,-9.96,0.0,0.0,180.0,-0.0
2025-07-21 04:20:00,-13.99927,0.0,0.0,180.0,-0.0
2025-07-21 04:25:00,-12.79,0.0,0.0,180.0,-0.0
2025-07-21 04:30:00,-12.79,0.0,0.0,180.0,-0.0
2025-07-21 04:35:00,-13.99952,0.0,0.0,180.0,-0.0
2025-07-21 04:40:00,-9.96,0.0,0.0,180.0,-0.0
2025-07-21 04:45:00,-9.96,0.0,0.0,180.0,-0.0
2025-07-21 04:50:00,-13.99952,0.0,0.0,180.0,-0.0
2025-07-21 04:55:00,-12.79,0.0,0.0,180.0,-0.0
2025-07-21 05:00:00,-9.96,0.0,0.0,180.0,-0.0
2025-07-21 05:05:00,-9.96,0.0,0.0,180.0,-0.0
2025-07-21 05:10:00,-9.96,0.0,0.0,180.0,-0.0
2025-07-21 05:15:00,-9.96,0.0,0.0,180.0,-0.0
2025-07-21 05:20:00,-9.96,0.0,0.0,180.0,-0.0
2025-07-21 05:25:00,-7.41,0.0,0.0,180.0,-0.0
2025-07-21 05:30:00,-7.41,0.0,0.0,180.0,-0.0
2025-07-21 05:35:00,-7.41,0.0,0.0,180.0,-0.0
2025-07-21 05:40:00,3e-05,0.0,0.0,180.0,0.0
2025-07-21 05:45:00,3e-05,0.0,0.0,180.0,0.0
2025-07-21 05:50:00,0.40811,0.0,0.0,180.0,0.0
2025-07-21 05:55:00,0.01,0.0,0.0,180.0,0.0
2025-07-21 06:00:00,8.94932,0.0,0.0,180.0,0.0
2025-07-21 06:05:00,8.95,0.0,0.0,180.0,0.0
2025-07-21 06:10:00,20.0,0.0,0.0,180.0,0.0
2025-07-21 06:15:00,24.50373,0.0,0.0,180.0,0.0
2025-07-21 06:20:00,34.51421,0.0,0.0,180.0,0.0
2025-07-21 06:25:00,34.15432,0.0,0.0,180.0,0.0
2025-07-21 06:30:00,51.03884,0.0,0.0,180.0,0.0
2025-07-21 06:35:00,41.0199,0.0,0.0,180.0,0.0
2025-07-21 06:40:00,44.89402,0.0,0.0,180.0,0.0
2025-07-21 06:45:00,59.18432,0.0,0.0,180.0,0.0
2025-07-21 06:50:00,74.98924,0.0,0.0,180.0,0.0
2025-07-21 06:55:00,88.52659,0.0,0.0,180.0,0.0
2025-07-21 07:00:00,8.95049,0.0,0.0,180.0,0.0
2025-07-21 07:05:00,8.94925,0.0,0.0,180.0,0.0
2025-07-21 07:10:00,-0.00028,0.0,0.0,180.0,-0.0
2025-07-21 07:15:00,0.00992,0.0,0.0,180.0,0.0
2025-07-21 07:20:00,8.94925,0.0,0.0,180.0,0.0
2025-07-21 07:25:00,8.07078,0.0,0.0,180.0,0.0
2025-07-21 07:30:00,28.04564,0.0,0.0,180.0,0.0
2025-07-21 07:35:00,27.61409,0.0,0.0,180.0,0.0
2025-07-21 07:40:00,20.0,0.0,0.0,180.0,0.0
2025-07-21 07:45:00,59.09238,0.0,0.0,180.0,0.0
2025-07-21 07:50:00,79.1615,0.0,0.0,180.0,0.0
2025-07-21 07:55:00,76.26149,0.0,0.0,180.0,0.0
2025-07-21 08:00:00,20.00007,0.0,0.0,180.0,0.0
2025-07-21 08:05:00,48.46331,0.0,0.0,180.0,0.0
2025-07-21 08:10:00,55.3392,0.0,0.0,180.0,0.0
2025-07-21 08:15:00,37.71687,0.0,0.0,180.0,0.0
2025-07-21 08:20:00,20.0,0.0,0.0,180.0,0.0
2025-07-21 08:25:00,20.0,0.0,0.0,180.0,0.0
2025-07-21 08:30:00,8.95,0.0,0.0,180.0,0.0
2025-07-21 08:35:00,8.95,0.0,0.0,180.0,0.0
2025-07-21 08:40:00,8.95,0.0,0.0,180.0,0.0
2025-07-21 08:45:00,8.95,0.0,0.0,180.0,0.0
2025-07-21 08:50:00,20.20007,0.0,0.0,180.0,0.0
2025-07-21 08:55:00,20.10007,0.0,0.0,180.0,0.0
2025-07-21 09:00:00,8.95,0.0,0.0,180.0,0.0
2025-07-21 09:05:00,0.06,0.0,0.0,180.0,0.0
2025-07-21 09:10:00,0.06,0.0,0.0,180.0,0.0
2025-07-21 09:15:00,20.1,0.0,0.0,180.0,0.0
2025-07-21 09:20:00,8.95,0.0,0.0,180.0,0.0
2025-07-21 09:25:00,0.0,0.0,0.0,180.0,0.0
2025-07-21 09:30:00,0.06,0.0,0.0,180.0,0.0
2025-07-21 09:35:00,19.18005,0.0,0.0,180.0,0.0
2025-07-21 09:40:00,19.18,0.0,0.0,180.0,0.0
2025-07-21 09:45:00,19.18,0.0,0.0,180.0,0.0
2025-07-21 09:50:00,19.18,0.0,0.0,180.0,0.0
2025-07-21 09:55:00,-2.52646,0.0,0.0,180.0,-0.0
2025-07-21 10:00:00,0.01,0.0,0.0,180.0,0.0
2025-07-21 10:05:00,33.89034,0.0,0.0,180.0,0.0
2025-07-21 10:10:00,39.83255,0.0,0.0,180.0,0.0
2025-07-21 10:15:00,35.94,0.0,0.0,180.0,0.0
2025-07-21 10:20:00,35.94,0.0,0.0,180.0,0.0
2025-07-21 10:25:00,35.28674,0.0,0.0,180.0,0.0
2025-07-21 10:30:00,19.18,0.0,0.0,180.0,0.0
2025-07-21 10:35:00,35.79067,0.0,0.0,180.0,0.0
2025-07-21 10:40:00,2.20134,0.0,0.0,180.0,0.0
2025-07-21 10:45:00,19.18,0.0,0.0,180.0,0.0
2025-07-21 10:50:00,19.18,0.0,0.0,180.0,0.0
2025-07-21 10:55:00,-9.83,0.0,0.0,180.0,-0.0
2025-07-21 11:00:00,8.95,0.0,0.0,180.0,0.0
2025-07-21 11:05:00,-9.96,0.0,0.0,180.0,-0.0
2025-07-21 11:10:00,8.95,0.0,0.0,180.0,0.0
2025-07-21 11:15:00,0.0,0.0,0.0,180.0,0.0
2025-07-21 11:20:00,8.95,0.0,0.0,180.0,0.0
2025-07-21 11:25:00,8.95,0.0,0.0,180.0,0.0
2025-07-21 11:30:00,-7.82395,0.0,0.0,180.0,-0.0
2025-07-21 11:35:00,13.34842,0.0,0.0,180.0,0.0
2025-07-21 11:40:00,19.18,0.0,0.0,180.0,0.0
2025-07-21 11:45:00,12.47998,0.0,0.0,180.0,0.0
2025-07-21 11:50:00,0.06,0.0,0.0,180.0,0.0
2025-07-21 11:55:00,7.77495,0.0,0.0,180.0,0.0
2025-07-21 12:00:00,-12.79,0.0,0.0,180.0,-0.0
2025-07-21 12:05:00,-9.96,0.0,0.0,180.0,-0.0
2025-07-21 12:10:00,-9.83,0.0,0.0,180.0,-0.0
2025-07-21 12:15:00,0.06,0.0,0.0,180.0,0.0
2025-07-21 12:20:00,-12.79,0.0,0.0,180.0,-0.0
2025-07-21 12:25:00,-13.99976,0.0,0.0,180.0,-0.0
2025-07-21 12:30:00,-14.0,0.0,0.0,180.0,-0.0
2025-07-21 12:35:00,-13.99976,0.0,0.0,180.0,-0.0
2025-07-21 12:40:00,-14.0,0.0,0.0,180.0,-0.0
2025-07-21 12:45:00,-13.99976,0.0,0.0,180.0,-0.0
2025-07-21 12:50:00,-16.5,0.0,0.0,180.0,-0.0
2025-07-21 12:55:00,-14.0,0.0,0.0,180.0,-0.0
2025-07-21 13:00:00,-14.0,0.0,0.0,180.0,-0.0
2025-07-21 13:05:00,-18.14,0.0,0.0,180.0,-0.0
2025-07-21 13:10:00,-18.14,0.0,0.0,180.0,-0.0
2025-07-21 13:15:00,-14.0,0.0,0.0,180.0,-0.0
2025-07-21 13:20:00,-16.5,0.0,0.0,180.0,-0.0
2025-07-21 13:25:00,-20.99,0.0,0.0,180.0,-0.0
2025-07-21 13:30:00,-20.99,0.0,0.0,180.0,-0.0
2025-07-21 13:35:00,-20.99,0.0,0.0,180.0,-0.0
2025-07-21 13:40:00,-22.63,0.0,0.0,180.0,-0.0
2025-07-21 13:45:00,-19.99,0.0,0.0,180.0,-0.0
2025-07-21 13:50:00,-17.42,0.0,0.0,180.0,-0.0
2025-07-21 13:55:00,-20.99,0.0,0.0,180.0,-0.0
2025-07-21 14:00:00,-16.5,0.0,0.0,180.0,-0.0
2025-07-21 14:05:00,-16.5,0.0,0.0,180.0,-0.0
2025-07-21 14:10:00,-14.16768,0.0,0.0,180.0,-0.0
2025-07-21 14:15:00,-20.99,0.0,0.0,180.0,-0.0
2025-07-21 14:20:00,-19.92523,0.0,0.0,180.0,-0.0
2025-07-21 14:25:00,-14.0,0.0,0.0,180.0,-0.0
2025-07-21 14:30:00,-19.99,0.0,0.0,180.0,-0.0
2025-07-21 14:35:00,-19.95084,0.0,0.0,180.0,-0.0
2025-07-21 14:40:00,-14.0,0.0,0.0,180.0,-0.0
2025-07-21 14:45:00,-16.64132,0.0,0.0,180.0,-0.0
2025-07-21 14:50:00,-15.8761,0.0,0.0,180.0,-0.0
2025-07-21 14:55:00,-19.99,0.0,0.0,180.0,-0.0
2025-07-21 15:00:00,-19.95245,0.0,0.0,180.0,-0.0
2025-07-21 15:05:00,-19.99,0.0,0.0,180.0,-0.0
2025-07-21 15:10:00,-20.99,0.0,0.0,180.0,-0.0
2025-07-21 15:15:00,-13.99976,0.0,0.0,180.0,-0.0
2025-07-21 15:20:00,-14.0,0.0,0.0,180.0,-0.0
2025-07-21 15:25:00,10.08042,0.0,0.0,180.0,0.0
2025-07-21 15:30:00,8.95,0.0,0.0,180.0,0.0
2025-07-21 15:35:00,-14.0,0.0,0.0,180.0,-0.0
2025-07-21 15:40:00,-20.99,0.0,0.0,180.0,-0.0
2025-07-21 15:45:00,-17.39625,0.0,0.0,180.0,-0.0
2025-07-21 15:50:00,-16.62427,0.0,0.0,180.0,-0.0
2025-07-21 15:55:00,-13.99976,0.0,0.0,180.0,-0.0
2025-07-21 16:00:00,-13.99976,0.0,0.0,180.0,-0.0
2025-07-21 16:05:00,-13.99976,0.0,0.0,180.0,-0.0
2025-07-21 16:10:00,-13.99976,0.0,0.0,180.0,-0.0
2025-07-21 16:15:00,8.25016,0.0,0.0,180.0,0.0
2025-07-21 16:20:00,7.82016,0.0,0.0,180.0,0.0
2025-07-21 16:25:00,75.8,0.0,0.0,180.0,0.0
2025-07-21 16:30:00,75.8,0.0,0.0,180.0,0.0
2025-07-21 16:35:00,70.66966,0.0,0.0,180.0,0.0
2025-07-21 16:40:00,73.79,0.0,0.0,180.0,0.0
2025-07-21 16:45:00,75.8,0.0,0.0,180.0,0.0
2025-07-21 16:50:00,101.67643,0.0,0.0,180.0,0.0
2025-07-21 16:55:00,71.11582,0.0,0.0,180.0,0.0
2025-07-21 17:00:00,75.8,0.0,0.0,180.0,0.0
2025-07-21 17:05:00,20.0,0.0,0.0,180.0,0.0
2025-07-21 17:10:00,8.95,0.0,0.0,180.0,0.0
2025-07-21 17:15:00,8.95049,0.0,0.0,180.0,0.0
2025-07-21 17:20:00,8.95,0.0,0.0,180.0,0.0
2025-07-21 17:25:00,8.95,0.0,0.0,180.0,0.0
2025-07-21 17:30:00,8.95,0.0,0.0,180.0,0.0
2025-07-21 17:35:00,20.0,0.0,0.0,180.0,0.0
2025-07-21 17:40:00,30.2979,0.0,0.0,180.0,0.0
2025-07-21 17:45:00,38.68268,0.0,0.0,180.0,0.0
2025-07-21 17:50:00,97.76092,0.0,0.0,180.0,0.0
2025-07-21 17:55:00,31.26684,0.0,0.0,180.0,0.0
2025-07-21 18:00:00,57.32606,0.0,0.0,180.0,0.0
2025-07-21 18:05:00,53.22289,0.0,0.0,180.0,0.0
2025-07-21 18:10:00,52.92958,0.0,0.0,180.0,0.0
2025-07-21 18:15:00,76.68023,0.0,0.0,180.0,0.0
2025-07-21 18:20:00,113.29514,0.0,0.0,180.0,0.0
2025-07-21 18:25:00,114.94071,0.0,0.0,180.0,0.0
2025-07-21 18:30:00,103.78893,0.0,0.0,180.0,0.0
2025-07-21 18:35:00,151.66368,0.0,100.0,171.21589538842116,1263.8639999999998
2025-07-21 18:40:00,149.22439,0.0,100.0,162.43179077684232,1243.536583333333
2025-07-21 18:45:00,82.91831,0.0,0.0,162.43179077684232,0.0
2025-07-21 18:50:00,64.99951,0.0,0.0,162.43179077684232,0.0
2025-07-21 18:55:00,65.17112,0.0,0.0,162.43179077684232,0.0
2025-07-21 19:00:00,73.36189,0.0,0.0,162.43179077684232,0.0
2025-07-21 19:05:00,199.19473,0.0,100.0,153.64768616526348,1659.956083333333
2025-07-21 19:10:00,149.1012,0.0,100.0,144.86358155368464,1242.5099999999998
2025-07-21 19:15:00,62.46626,0.0,0.0,144.86358155368464,0.0
2025-07-21 19:20:00,54.52098,0.0,0.0,144.86358155368464,0.0
2025-07-21 19:25:00,121.46534,0.0,0.0,144.86358155368464,0.0
2025-07-21 19:30:00,33.86944,0.0,0.0,144.86358155368464,0.0
2025-07-21 19:35:00,-4.17021,100.0,0.0,152.76927570410558,34.751749999999994
2025-07-21 19:40:00,42.68011,0.0,0.0,152.76927570410558,0.0
2025-07-21 19:45:00,77.5973,0.0,0.0,152.76927570410558,0.0
2025-07-21 19:50:00,92.66187,0.0,0.0,152.76927570410558,0.0
2025-07-21 19:55:00,-51.10244,100.0,0.0,160.67496985452652,425.85366666666664
2025-07-21 20:00:00,198.98057,0.0,100.0,151.89086524294768,1658.1714166666663
2025-07-21 20:05:00,-157.62766,100.0,0.0,159.79655939336863,1313.5638333333332
2025-07-21 20:10:00,-48.75822,100.0,0.0,167.70225354378957,406.3185
2025-07-21 20:15:00,-16.04108,100.0,0.0,175.6079476942105,133.67566666666664
2025-07-21 20:20:00,13.75549,0.0,0.0,175.6079476942105,0.0
2025-07-21 20:25:00,13.6659,0.0,0.0,175.6079476942105,0.0
2025-07-21 20:30:00,6.64429,55.555555555556516,0.0,180.0,-30.760601851852382
2025-07-21 20:35:00,15.21267,0.0,0.0,180.0,0.0
2025-07-21 20:40:00,31.25093,0.0,0.0,180.0,0.0
2025-07-21 20:45:00,17.28795,0.0,0.0,180.0,0.0
2025-07-21 20:50:00,8.18531,0.0,0.0,180.0,0.0
2025-07-21 20:55:00,-14.4557,0.0,0.0,180.0,-0.0
2025-07-21 21:00:00,0.91147,0.0,0.0,180.0,0.0
2025-07-21 21:05:00,14.67657,0.0,0.0,180.0,0.0
2025-07-21 21:10:00,14.69393,0.0,0.0,180.0,0.0
2025-07-21 21:15:00,15.25078,0.0,0.0,180.0,0.0
2025-07-21 21:20:00,7.4059,0.0,0.0,180.0,0.0
2025-07-21 21:25:00,15.2307,0.0,0.0,180.0,0.0
2025-07-21 21:30:00,14.46232,0.0,0.0,180.0,0.0
2025-07-21 21:35:00,8.95,0.0,0.0,180.0,0.0
2025-07-21 21:40:00,20.0,0.0,0.0,180.0,0.0
2025-07-21 21:45:00,8.95,0.0,0.0,180.0,0.0
2025-07-21 21:50:00,8.95,0.0,0.0,180.0,0.0
2025-07-21 21:55:00,8.95,0.0,0.0,180.0,0.0
2025-07-21 22:00:00,8.95,0.0,0.0,180.0,0.0
2025-07-21 22:05:00,8.95,0.0,0.0,180.0,0.0
2025-07-21 22:10:00,-4.92067,0.0,0.0,180.0,-0.0
2025-07-21 22:15:00,-13.99985,0.0,0.0,180.0,-0.0
2025-07-21 22:20:00,-13.99985,0.0,0.0,180.0,-0.0
2025-07-21 22:25:00,-13.99985,0.0,0.0,180.0,-0.0
2025-07-21 22:30:00,3e-05,0.0,0.0,180.0,0.0
2025-07-21 22:35:00,47.20272,0.0,0.0,180.0,0.0
2025-07-21 22:40:00,-9.83,0.0,0.0,180.0,-0.0
2025-07-21 22:45:00,-7.41,0.0,0.0,180.0,-0.0
2025-07-21 22:50:00,-9.96,0.0,0.0,180.0,-0.0
2025-07-21 22:55:00,-13.99976,0.0,0.0,180.0,-0.0
2025-07-21 23:00:00,-13.99976,0.0,0.0,180.0,-0.0
2025-07-21 23:05:00,-9.96,0.0,0.0,180.0,-0.0
2025-07-21 23:10:00,-7.41,0.0,0.0,180.0,-0.0
2025-07-21 23:15:00,-9.83,0.0,0.0,180.0,-0.0
2025-07-21 23:20:00,-9.83,0.0,0.0,180.0,-0.0
2025-07-21 23:25:00,-7.41,0.0,0.0,180.0,-0.0
2025-07-21 23:30:00,-9.83,0.0,0.0,180.0,-0.0
2025-07-21 23:35:00,-9.83,0.0,0.0,180.0,-0.0
2025-07-21 23:40:00,-9.96,0.0,0.0,180.0,-0.0
2025-07-21 23:45:00,-9.96,0.0,0.0,180.0,-0.0
2025-07-21 23:50:00,-9.83,0.0,0.0,180.0,-0.0
2025-07-21 23:55:00,-9.83,0.0,0.0,180.0,-0.0
2025-07-22 00:00:00,-9.96,0.0,0.0,180.0,-0.0
2025-07-22 00:05:00,-9.96,0.0,0.0,180.0,-0.0
2025-07-22 00:10:00,-9.96,0.0,0.0,180.0,-0.0
2025-07-22 00:15:00,-12.79,0.0,0.0,180.0,-0.0
2025-07-22 00:20:00,-13.99976,0.0,0.0,180.0,-0.0
2025-07-22 00:25:00,-13.99976,0.0,0.0,180.0,-0.0
2025-07-22 00:30:00,-13.99976,0.0,0.0,180.0,-0.0
2025-07-22 00:35:00,-13.99976,0.0,0.0,180.0,-0.0
2025-07-22 00:40:00,-13.99967,0.0,0.0,180.0,-0.0
2025-07-22 00:45:00,-13.99967,0.0,0.0,180.0,-0.0
2025-07-22 00:50:00,-13.99967,0.0,0.0,180.0,-0.0
2025-07-22 00:55:00,-13.99967,0.0,0.0,180.0,-0.0
2025-07-22 01:00:00,-13.99967,0.0,0.0,180.0,-0.0
2025-07-22 01:05:00,-13.99976,0.0,0.0,180.0,-0.0
2025-07-22 01:10:00,-13.99976,0.0,0.0,180.0,-0.0
2025-07-22 01:15:00,-13.99976,0.0,0.0,180.0,-0.0
2025-07-22 01:20:00,-14.0,0.0,0.0,180.0,-0.0
2025-07-22 01:25:00,-14.0,0.0,0.0,180.0,-0.0
2025-07-22 01:30:00,-14.0,0.0,0.0,180.0,-0.0
2025-07-22 01:35:00,-14.0,0.0,0.0,180.0,-0.0
2025-07-22 01:40:00,-14.0,0.0,0.0,180.0,-0.0
2025-07-22 01:45:00,-14.0,0.0,0.0,180.0,-0.0
2025-07-22 01:50:00,-14.0,0.0,0.0,180.0,-0.0
2025-07-22 01:55:00,-14.0,0.0,0.0,180.0,-0.0
2025-07-22 02:00:00,-14.0,0.0,0.0,180.0,-0.0
2025-07-22 02:05:00,-13.99976,0.0,0.0,180.0,-0.0
2025-07-22 02:10:00,-13.99976,0.0,0.0,180.0,-0.0
2025-07-22 02:15:00,-13.99976,0.0,0.0,180.0,-0.0
2025-07-22 02:20:00,-13.99976,0.0,0.0,180.0,-0.0
2025-07-22 02:25:00,-14.0,0.0,0.0,180.0,-0.0
2025-07-22 02:30:00,-14.0,0.0,0.0,180.0,-0.0
2025-07-22 02:35:00,-14.0,0.0,0.0,180.0,-0.0
2025-07-22 02:40:00,-14.0,0.0,0.0,180.0,-0.0
2025-07-22 02:45:00,-14.0,0.0,0.0,180.0,-0.0
2025-07-22 02:50:00,-14.0,0.0,0.0,180.0,-0.0
2025-07-22 02:55:00,-14.0,0.0,0.0,180.0,-0.0
2025-07-22 03:00:00,-15.08029,0.0,0.0,180.0,-0.0
2025-07-22 03:05:00,-19.96,0.0,0.0,180.0,-0.0
2025-07-22 03:10:00,-19.96,0.0,0.0,180.0,-0.0
2025-07-22 03:15:00,-20.34,0.0,0.0,180.0,-0.0
2025-07-22 03:20:00,-19.96,0.0,0.0,180.0,-0.0
2025-07-22 03:25:00,-19.56319,0.0,0.0,180.0,-0.0
2025-07-22 03:30:00,-16.07565,0.0,0.0,180.0,-0.0
2025-07-22 03:35:00,-16.45058,0.0,0.0,180.0,-0.0
2025-07-22 03:40:00,-17.67794,0.0,0.0,180.0,-0.0
2025-07-22 03:45:00,-16.38427,0.0,0.0,180.0,-0.0
2025-07-22 03:50:00,-16.44891,0.0,0.0,180.0,-0.0
2025-07-22 03:55:00,-17.67338,0.0,0.0,180.0,-0.0
2025-07-22 04:00:00,-16.79,0.0,0.0,180.0,-0.0
2025-07-22 04:05:00,-19.96,0.0,0.0,180.0,-0.0
2025-07-22 04:10:00,-18.14,0.0,0.0,180.0,-0.0
2025-07-22 04:15:00,-19.99,0.0,0.0,180.0,-0.0
2025-07-22 04:20:00,-19.96,0.0,0.0,180.0,-0.0
2025-07-22 04:25:00,-19.99,0.0,0.0,180.0,-0.0
2025-07-22 04:30:00,-19.7239,0.0,0.0,180.0,-0.0
2025-07-22 04:35:00,-19.96007,0.0,0.0,180.0,-0.0
2025-07-22 04:40:00,-19.6998,0.0,0.0,180.0,-0.0
2025-07-22 04:45:00,-19.61231,0.0,0.0,180.0,-0.0
2025-07-22 04:50:00,-19.5503,0.0,0.0,180.0,-0.0
2025-07-22 04:55:00,-19.96,0.0,0.0,180.0,-0.0
2025-07-22 05:00:00,-16.63503,0.0,0.0,180.0,-0.0
2025-07-22 05:05:00,-16.34463,0.0,0.0,180.0,-0.0
2025-07-22 05:10:00,-16.26373,0.0,0.0,180.0,-0.0
2025-07-22 05:15:00,-13.99991,0.0,0.0,180.0,-0.0
2025-07-22 05:20:00,-13.99991,0.0,0.0,180.0,-0.0
2025-07-22 05:25:00,-16.47548,0.0,0.0,180.0,-0.0
2025-07-22 05:30:00,-13.99991,0.0,0.0,180.0,-0.0
2025-07-22 05:35:00,-13.99967,0.0,0.0,180.0,-0.0
2025-07-22 05:40:00,-13.99967,0.0,0.0,180.0,-0.0
2025-07-22 05:45:00,-13.99967,0.0,0.0,180.0,-0.0
2025-07-22 05:50:00,-13.99967,0.0,0.0,180.0,-0.0
2025-07-22 05:55:00,-13.99967,0.0,0.0,180.0,-0.0
2025-07-22 06:00:00,-13.99967,0.0,0.0,180.0,-0.0
2025-07-22 06:05:00,-13.99967,0.0,0.0,180.0,-0.0
2025-07-22 06:10:00,-9.96,0.0,0.0,180.0,-0.0
2025-07-22 06:15:00,-9.96,0.0,0.0,180.0,-0.0
2025-07-22 06:20:00,-2.82,0.0,0.0,180.0,-0.0
2025-07-22 06:25:00,0.01,0.0,0.0,180.0,0.0
2025-07-22 06:30:00,0.01,0.0,0.0,180.0,0.0
2025-07-22 06:35:00,2.12624,0.0,0.0,180.0,0.0
2025-07-22 06:40:00,36.76,0.0,0.0,180.0,0.0
2025-07-22 06:45:00,20.74,0.0,0.0,180.0,0.0
2025-07-22 06:50:00,20.73,0.0,0.0,180.0,0.0
2025-07-22 06:55:00,53.56689,0.0,0.0,180.0,0.0
2025-07-22 07:00:00,55.789,0.0,0.0,180.0,0.0
2025-07-22 07:05:00,45.81508,0.0,0.0,180.0,0.0
2025-07-22 07:10:00,8.95061,0.0,0.0,180.0,0.0
2025-07-22 07:15:00,8.95002,0.0,0.0,180.0,0.0
2025-07-22 07:20:00,26.96734,0.0,0.0,180.0,0.0
2025-07-22 07:25:00,15.01109,0.0,0.0,180.0,0.0
2025-07-22 07:30:00,15.08285,0.0,0.0,180.0,0.0
2025-07-22 07:35:00,27.03886,0.0,0.0,180.0,0.0
2025-07-22 07:40:00,26.39363,0.0,0.0,180.0,0.0
2025-07-22 07:45:00,8.95069,0.0,0.0,180.0,0.0
2025-07-22 07:50:00,20.0,0.0,0.0,180.0,0.0
2025-07-22 07:55:00,8.95069,0.0,0.0,180.0,0.0
2025-07-22 08:00:00,8.94979,0.0,0.0,180.0,0.0
2025-07-22 08:05:00,8.95,0.0,0.0,180.0,0.0
2025-07-22 08:10:00,8.95,0.0,0.0,180.0,0.0
2025-07-22 08:15:00,8.95,0.0,0.0,180.0,0.0
2025-07-22 08:20:00,8.95,0.0,0.0,180.0,0.0
2025-07-22 08:25:00,8.95,0.0,0.0,180.0,0.0
2025-07-22 08:30:00,8.95,0.0,0.0,180.0,0.0
2025-07-22 08:35:00,8.95,0.0,0.0,180.0,0.0
2025-07-22 08:40:00,8.94978,0.0,0.0,180.0,0.0
2025-07-22 08:45:00,8.95,0.0,0.0,180.0,0.0
2025-07-22 08:50:00,8.95,0.0,0.0,180.0,0.0
2025-07-22 08:55:00,0.77003,0.0,0.0,180.0,0.0
2025-07-22 09:00:00,8.95,0.0,0.0,180.0,0.0
2025-07-22 09:05:00,8.95,0.0,0.0,180.0,0.0
2025-07-22 09:10:00,8.95,0.0,0.0,180.0,0.0
2025-07-22 09:15:00,8.95,0.0,0.0,180.0,0.0
2025-07-22 09:20:00,8.95,0.0,0.0,180.0,0.0
2025-07-22 09:25:00,1.05,0.0,0.0,180.0,0.0
2025-07-22 09:30:00,8.95,0.0,0.0,180.0,0.0
2025-07-22 09:35:00,1.86907,0.0,0.0,180.0,0.0
2025-07-22 09:40:00,12.58892,0.0,0.0,180.0,0.0
2025-07-22 09:45:00,4.73902,0.0,0.0,180.0,0.0
2025-07-22 09:50:00,24.98194,0.0,0.0,180.0,0.0
2025-07-22 09:55:00,13.16107,0.0,0.0,180.0,0.0
2025-07-22 10:00:00,8.95,0.0,0.0,180.0,0.0
2025-07-22 10:05:00,8.95,0.0,0.0,180.0,0.0
2025-07-22 10:10:00,8.95,0.0,0.0,180.0,0.0
2025-07-22 10:15:00,12.55445,0.0,0.0,180.0,0.0
2025-07-22 10:20:00,21.51163,0.0,0.0,180.0,0.0
2025-07-22 10:25:00,3.92425,0.0,0.0,180.0,0.0
2025-07-22 10:30:00,8.95,0.0,0.0,180.0,0.0
2025-07-22 10:35:00,8.95,0.0,0.0,180.0,0.0
2025-07-22 10:40:00,-13.99976,0.0,0.0,180.0,-0.0
2025-07-22 10:45:00,8.95,0.0,0.0,180.0,0.0
2025-07-22 10:50:00,8.95,0.0,0.0,180.0,0.0
2025-07-22 10:55:00,-13.99976,0.0,0.0,180.0,-0.0
2025-07-22 11:00:00,-2.92842,0.0,0.0,180.0,-0.0
2025-07-22 11:05:00,8.95,0.0,0.0,180.0,0.0
2025-07-22 11:10:00,32.21495,0.0,0.0,180.0,0.0
2025-07-22 11:15:00,14.13375,0.0,0.0,180.0,0.0
2025-07-22 11:20:00,-1.6999,0.0,0.0,180.0,-0.0
2025-07-22 11:25:00,20.0,0.0,0.0,180.0,0.0
2025-07-22 11:30:00,14.42459,0.0,0.0,180.0,0.0
2025-07-22 11:35:00,17.04779,0.0,0.0,180.0,0.0
2025-07-22 11:40:00,15.84257,0.0,0.0,180.0,0.0
2025-07-22 11:45:00,18.40533,0.0,0.0,180.0,0.0
2025-07-22 11:50:00,-3.77204,0.0,0.0,180.0,-0.0
2025-07-22 11:55:00,18.4056,0.0,0.0,180.0,0.0
2025-07-22 12:00:00,79.41088,0.0,0.0,180.0,0.0
2025-07-22 12:05:00,37.36195,0.0,0.0,180.0,0.0
2025-07-22 12:10:00,-27.0049,0.0,0.0,180.0,-0.0
2025-07-22 12:15:00,37.09518,0.0,0.0,180.0,0.0
2025-07-22 12:20:00,18.29868,0.0,0.0,180.0,0.0
2025-07-22 12:25:00,40.79276,0.0,0.0,180.0,0.0
2025-07-22 12:30:00,127.60739,0.0,0.0,180.0,0.0
2025-07-22 12:35:00,136.61233,0.0,100.0,171.21589538842116,1138.436083333333
2025-07-22 12:40:00,-37.22594,100.0,0.0,179.1215895388421,310.21616666666665
2025-07-22 12:45:00,-44.20147,11.111111111111304,0.0,180.0,40.92728703703775
2025-07-22 12:50:00,-4.73402,0.0,0.0,180.0,-0.0
2025-07-22 12:55:00,11.23253,0.0,0.0,180.0,0.0
2025-07-22 13:00:00,-14.0,0.0,0.0,180.0,-0.0
2025-07-22 13:05:00,-9.61012,0.0,0.0,180.0,-0.0
2025-07-22 13:10:00,-9.20913,0.0,0.0,180.0,-0.0
2025-07-22 13:15:00,45.89,0.0,0.0,180.0,0.0
2025-07-22 13:20:00,30.22415,0.0,0.0,180.0,0.0
2025-07-22 13:25:00,45.89,0.0,0.0,180.0,0.0
2025-07-22 13:30:00,73.02053,0.0,0.0,180.0,0.0
2025-07-22 13:35:00,45.89,0.0,0.0,180.0,0.0
2025-07-22 13:40:00,45.89,0.0,0.0,180.0,0.0
2025-07-22 13:45:00,43.49469,0.0,0.0,180.0,0.0
2025-07-22 13:50:00,13.02523,0.0,0.0,180.0,0.0
2025-07-22 13:55:00,136.46069,0.0,100.0,171.21589538842116,1137.1724166666665
2025-07-22 14:00:00,45.89005,0.0,0.0,171.21589538842116,0.0
2025-07-22 14:05:00,17.96383,0.0,0.0,171.21589538842116,0.0
2025-07-22 14:10:00,17.964,0.0,0.0,171.21589538842116,0.0
2025-07-22 14:15:00,-5.20368,100.0,0.0,179.1215895388421,43.364
2025-07-22 14:20:00,-37.27782,11.111111111111304,0.0,180.0,34.5165000000006
2025-07-22 14:25:00,-38.31483,0.0,0.0,180.0,-0.0
2025-07-22 14:30:00,-22.63,0.0,0.0,180.0,-0.0
2025-07-22 14:35:00,-22.63,0.0,0.0,180.0,-0.0
2025-07-22 14:40:00,-22.63,0.0,0.0,180.0,-0.0
2025-07-22 14:45:00,-19.99,0.0,0.0,180.0,-0.0
2025-07-22 14:50:00,-21.58865,0.0,0.0,180.0,-0.0
2025-07-22 14:55:00,-22.63,0.0,0.0,180.0,-0.0
2025-07-22 15:00:00,-37.09044,0.0,0.0,180.0,-0.0
2025-07-22 15:05:00,-20.0,0.0,0.0,180.0,-0.0
2025-07-22 15:10:00,-16.5,0.0,0.0,180.0,-0.0
2025-07-22 15:15:00,-15.71253,0.0,0.0,180.0,-0.0
2025-07-22 15:20:00,-20.0,0.0,0.0,180.0,-0.0
2025-07-22 15:25:00,-13.99967,0.0,0.0,180.0,-0.0
2025-07-22 15:30:00,-13.99967,0.0,0.0,180.0,-0.0
2025-07-22 15:35:00,-13.99967,0.0,0.0,180.0,-0.0
2025-07-22 15:40:00,-9.96,0.0,0.0,180.0,-0.0
2025-07-22 15:45:00,-13.99991,0.0,0.0,180.0,-0.0
2025-07-22 15:50:00,-16.69683,0.0,0.0,180.0,-0.0
2025-07-22 15:55:00,19.99007,0.0,0.0,180.0,0.0
2025-07-22 16:00:00,26.90974,0.0,0.0,180.0,0.0
2025-07-22 16:05:00,-13.99981,0.0,0.0,180.0,-0.0
2025-07-22 16:10:00,8.95,0.0,0.0,180.0,0.0
2025-07-22 16:15:00,8.95,0.0,0.0,180.0,0.0
2025-07-22 16:20:00,-8.14118,0.0,0.0,180.0,-0.0
2025-07-22 16:25:00,-5.18456,0.0,0.0,180.0,-0.0
2025-07-22 16:30:00,-13.99985,0.0,0.0,180.0,-0.0
2025-07-22 16:35:00,15.17447,0.0,0.0,180.0,0.0
2025-07-22 16:40:00,60.67899,0.0,0.0,180.0,0.0
2025-07-22 16:45:00,59.82942,0.0,0.0,180.0,0.0
2025-07-22 16:50:00,83.29819,0.0,0.0,180.0,0.0
2025-07-22 16:55:00,70.02755,0.0,0.0,180.0,0.0
2025-07-22 17:00:00,75.59218,0.0,0.0,180.0,0.0
2025-07-22 17:05:00,24.33073,0.0,0.0,180.0,0.0
2025-07-22 17:10:00,15.17562,0.0,0.0,180.0,0.0
2025-07-22 17:15:00,17.26464,0.0,0.0,180.0,0.0
2025-07-22 17:20:00,79.54743,0.0,0.0,180.0,0.0
2025-07-22 17:25:00,46.82105,0.0,0.0,180.0,0.0
2025-07-22 17:30:00,7.61478,0.0,0.0,180.0,0.0
2025-07-22 17:35:00,32.35246,0.0,0.0,180.0,0.0
2025-07-22 17:40:00,26.24518,0.0,0.0,180.0,0.0
2025-07-22 17:45:00,127.30468,0.0,0.0,180.0,0.0
2025-07-22 17:50:00,141.82293,0.0,100.0,171.21589538842116,1181.85775
2025-07-22 17:55:00,57.9747,0.0,0.0,171.21589538842116,0.0
2025-07-22 18:00:00,-61.52693,100.0,0.0,179.1215895388421,512.7244166666666
2025-07-22 18:05:00,24.41769,0.0,0.0,179.1215895388421,0.0
2025-07-22 18:10:00,145.91825,0.0,100.0,170.33748492726326,1215.9854166666664
2025-07-22 18:15:00,334.70322,0.0,100.0,161.55338031568442,2789.1934999999994
2025-07-22 18:20:00,-36.27278,100.0,0.0,169.45907446610536,302.2731666666666
2025-07-22 18:25:00,257.8723,0.0,100.0,160.67496985452652,2148.935833333333
2025-07-22 18:30:00,148.92268,0.0,100.0,151.89086524294768,1241.0223333333333
2025-07-22 18:35:00,148.84159,0.0,100.0,143.10676063136884,1240.3465833333332
2025-07-22 18:40:00,66.97679,0.0,0.0,143.10676063136884,0.0
2025-07-22 18:45:00,27.90468,0.0,0.0,143.10676063136884,0.0
2025-07-22 18:50:00,138.39978,0.0,100.0,134.32265601979,1153.3314999999998
2025-07-22 18:55:00,97.57906,0.0,0.0,134.32265601979,0.0
2025-07-22 19:00:00,57.01642,0.0,0.0,134.32265601979,0.0
2025-07-22 19:05:00,97.63034,0.0,0.0,134.32265601979,0.0
2025-07-22 19:10:00,100.80429,0.0,0.0,134.32265601979,0.0
2025-07-22 19:15:00,64.55568,0.0,0.0,134.32265601979,0.0
2025-07-22 19:20:00,46.24566,0.0,0.0,134.32265601979,0.0
2025-07-22 19:25:00,65.8006,0.0,0.0,134.32265601979,0.0
2025-07-22 19:30:00,-13.4505,100.0,0.0,142.22835017021094,112.08749999999998
2025-07-22 19:35:00,27.90468,0.0,0.0,142.22835017021094,0.0
2025-07-22 19:40:00,217.58303,0.0,100.0,133.4442455586321,1813.1919166666664
2025-07-22 19:45:00,97.59091,0.0,0.0,133.4442455586321,0.0
2025-07-22 19:50:00,-13.4505,100.0,0.0,141.34993970905305,112.08749999999998
2025-07-22 19:55:00,81.7602,0.0,0.0,141.34993970905305,0.0
2025-07-22 20:00:00,-64.87232,100.0,0.0,149.255633859474,540.6026666666666
2025-07-22 20:05:00,-64.59566,100.0,0.0,157.16132800989493,538.2971666666665
2025-07-22 20:10:00,-0.97436,100.0,0.0,165.06702216031587,8.119666666666665
2025-07-22 20:15:00,-14.0,100.0,0.0,172.9727163107368,116.66666666666666
2025-07-22 20:20:00,-16.82304,88.88888888889043,0.0,180.0,124.61511111111326
2025-07-22 20:25:00,-14.0,0.0,0.0,180.0,-0.0
2025-07-22 20:30:00,-27.5,0.0,0.0,180.0,-0.0
2025-07-22 20:35:00,-13.99985,0.0,0.0,180.0,-0.0
2025-07-22 20:40:00,-14.00009,0.0,0.0,180.0,-0.0
2025-07-22 20:45:00,-14.00009,0.0,0.0,180.0,-0.0
2025-07-22 20:50:00,-14.00009,0.0,0.0,180.0,-0.0
2025-07-22 20:55:00,-14.00009,0.0,0.0,180.0,-0.0
2025-07-22 21:00:00,-13.99985,0.0,0.0,180.0,-0.0
2025-07-22 21:05:00,-13.99942,0.0,0.0,180.0,-0.0
2025-07-22 21:10:00,4.5,0.0,0.0,180.0,0.0
2025-07-22 21:15:00,-13.99985,0.0,0.0,180.0,-0.0
2025-07-22 21:20:00,-13.99985,0.0,0.0,180.0,-0.0
2025-07-22 21:25:00,-13.99985,0.0,0.0,180.0,-0.0
2025-07-22 21:30:00,-13.99985,0.0,0.0,180.0,-0.0
2025-07-22 21:35:00,8.95,0.0,0.0,180.0,0.0
2025-07-22 21:40:00,4.5,0.0,0.0,180.0,0.0
2025-07-22 21:45:00,4.5,0.0,0.0,180.0,0.0
2025-07-22 21:50:00,4.5,0.0,0.0,180.0,0.0
2025-07-22 21:55:00,4.5,0.0,0.0,180.0,0.0
2025-07-22 22:00:00,-13.99985,0.0,0.0,180.0,-0.0
2025-07-22 22:05:00,-13.9996,0.0,0.0,180.0,-0.0
2025-07-22 22:10:00,26.63,0.0,0.0,180.0,0.0
2025-07-22 22:15:00,23.55,0.0,0.0,180.0,0.0
2025-07-22 22:20:00,20.0,0.0,0.0,180.0,0.0
2025-07-22 22:25:00,20.0,0.0,0.0,180.0,0.0
2025-07-22 22:30:00,20.0,0.0,0.0,180.0,0.0
2025-07-22 22:35:00,8.95026,0.0,0.0,180.0,0.0
2025-07-22 22:40:00,-13.99985,0.0,0.0,180.0,-0.0
2025-07-22 22:45:00,-13.9996,0.0,0.0,180.0,-0.0
2025-07-22 22:50:00,20.0,0.0,0.0,180.0,0.0
2025-07-22 22:55:00,20.0,0.0,0.0,180.0,0.0
2025-07-22 23:00:00,-3.89737,0.0,0.0,180.0,-0.0
2025-07-22 23:05:00,8.94977,0.0,0.0,180.0,0.0
2025-07-22 23:10:00,23.55,0.0,0.0,180.0,0.0
2025-07-22 23:15:00,8.95026,0.0,0.0,180.0,0.0
2025-07-22 23:20:00,8.95026,0.0,0.0,180.0,0.0
2025-07-22 23:25:00,8.95026,0.0,0.0,180.0,0.0
2025-07-22 23:30:00,-2.57083,0.0,0.0,180.0,-0.0
2025-07-22 23:35:00,20.0,0.0,0.0,180.0,0.0
2025-07-22 23:40:00,20.0,0.0,0.0,180.0,0.0
2025-07-22 23:45:00,-13.99985,0.0,0.0,180.0,-0.0
2025-07-22 23:50:00,-13.99985,0.0,0.0,180.0,-0.0
2025-07-22 23:55:00,-13.99985,0.0,0.0,180.0,-0.0
2025-07-23 00:00:00,32.01,0.0,0.0,180.0,0.0
2025-07-23 00:05:00,20.0,0.0,0.0,180.0,0.0
2025-07-23 00:10:00,8.94977,0.0,0.0,180.0,0.0
2025-07-23 00:15:00,20.0,0.0,0.0,180.0,0.0
2025-07-23 00:20:00,8.94977,0.0,0.0,180.0,0.0
2025-07-23 00:25:00,-13.99985,0.0,0.0,180.0,-0.0
2025-07-23 00:30:00,-13.99985,0.0,0.0,180.0,-0.0
2025-07-23 00:35:00,23.55,0.0,0.0,180.0,0.0
2025-07-23 00:40:00,20.0,0.0,0.0,180.0,0.0
2025-07-23 00:45:00,-2.82,0.0,0.0,180.0,-0.0
2025-07-23 00:50:00,-10.8122,0.0,0.0,180.0,-0.0
2025-07-23 00:55:00,-13.99985,0.0,0.0,180.0,-0.0
2025-07-23 01:00:00,-2.82,0.0,0.0,180.0,-0.0
2025-07-23 01:05:00,14.39,0.0,0.0,180.0,0.0
2025-07-23 01:10:00,8.59977,0.0,0.0,180.0,0.0
2025-07-23 01:15:00,4.5,0.0,0.0,180.0,0.0
2025-07-23 01:20:00,3e-05,0.0,0.0,180.0,0.0
2025-07-23 01:25:00,4.5,0.0,0.0,180.0,0.0
2025-07-23 01:30:00,4.5,0.0,0.0,180.0,0.0
2025-07-23 01:35:00,4.5,0.0,0.0,180.0,0.0
2025-07-23 01:40:00,0.14003,0.0,0.0,180.0,0.0
2025-07-23 01:45:00,0.05003,0.0,0.0,180.0,0.0
2025-07-23 01:50:00,0.05003,0.0,0.0,180.0,0.0
2025-07-23 01:55:00,3e-05,0.0,0.0,180.0,0.0
2025-07-23 02:00:00,3e-05,0.0,0.0,180.0,0.0
2025-07-23 02:05:00,-2.82,0.0,0.0,180.0,-0.0
2025-07-23 02:10:00,4.5,0.0,0.0,180.0,0.0
2025-07-23 02:15:00,12.42,0.0,0.0,180.0,0.0
2025-07-23 02:20:00,3e-05,0.0,0.0,180.0,0.0
2025-07-23 02:25:00,3e-05,0.0,0.0,180.0,0.0
2025-07-23 02:30:00,3e-05,0.0,0.0,180.0,0.0
2025-07-23 02:35:00,3e-05,0.0,0.0,180.0,0.0
2025-07-23 02:40:00,3e-05,0.0,0.0,180.0,0.0
2025-07-23 02:45:00,3e-05,0.0,0.0,180.0,0.0
2025-07-23 02:50:00,4.5,0.0,0.0,180.0,0.0
2025-07-23 02:55:00,3e-05,0.0,0.0,180.0,0.0
2025-07-23 03:00:00,4.5,0.0,0.0,180.0,0.0
2025-07-23 03:05:00,3e-05,0.0,0.0,180.0,0.0
2025-07-23 03:10:00,3e-05,0.0,0.0,180.0,0.0
2025-07-23 03:15:00,3e-05,0.0,0.0,180.0,0.0
2025-07-23 03:20:00,4.49629,0.0,0.0,180.0,0.0
2025-07-23 03:25:00,4.5,0.0,0.0,180.0,0.0
2025-07-23 03:30:00,4.5,0.0,0.0,180.0,0.0
2025-07-23 03:35:00,4.5,0.0,0.0,180.0,0.0
2025-07-23 03:40:00,20.0,0.0,0.0,180.0,0.0
2025-07-23 03:45:00,4.5,0.0,0.0,180.0,0.0
2025-07-23 03:50:00,4.5,0.0,0.0,180.0,0.0
2025-07-23 03:55:00,4.5,0.0,0.0,180.0,0.0
2025-07-23 04:00:00,13.77,0.0,0.0,180.0,0.0
2025-07-23 04:05:00,4.5,0.0,0.0,180.0,0.0
2025-07-23 04:10:00,4.5,0.0,0.0,180.0,0.0
2025-07-23 04:15:00,0.9,0.0,0.0,180.0,0.0
2025-07-23 04:20:00,0.01,0.0,0.0,180.0,0.0
2025-07-23 04:25:00,3e-05,0.0,0.0,180.0,0.0
2025-07-23 04:30:00,0.01,0.0,0.0,180.0,0.0
2025-07-23 04:35:00,4.5,0.0,0.0,180.0,0.0
2025-07-23 04:40:00,4.5,0.0,0.0,180.0,0.0
2025-07-23 04:45:00,4.5,0.0,0.0,180.0,0.0
2025-07-23 04:50:00,8.95023,0.0,0.0,180.0,0.0
2025-07-23 04:55:00,12.42,0.0,0.0,180.0,0.0
2025-07-23 05:00:00,13.77,0.0,0.0,180.0,0.0
2025-07-23 05:05:00,20.0,0.0,0.0,180.0,0.0
2025-07-23 05:10:00,34.91,0.0,0.0,180.0,0.0
2025-07-23 05:15:00,59.04017,0.0,0.0,180.0,0.0
2025-07-23 05:20:00,60.10334,0.0,0.0,180.0,0.0
2025-07-23 05:25:00,58.57205,0.0,0.0,180.0,0.0
2025-07-23 05:30:00,59.63754,0.0,0.0,180.0,0.0
2025-07-23 05:35:00,21.62336,0.0,0.0,180.0,0.0
2025-07-23 05:40:00,23.79,0.0,0.0,180.0,0.0
2025-07-23 05:45:00,19.18,0.0,0.0,180.0,0.0
2025-07-23 05:50:00,6.17635,0.0,0.0,180.0,0.0
2025-07-23 05:55:00,20.33,0.0,0.0,180.0,0.0
2025-07-23 06:00:00,20.47,0.0,0.0,180.0,0.0
2025-07-23 06:05:00,30.18696,0.0,0.0,180.0,0.0
2025-07-23 06:10:00,20.46993,0.0,0.0,180.0,0.0
2025-07-23 06:15:00,65.58494,0.0,0.0,180.0,0.0
2025-07-23 06:20:00,68.45541,0.0,0.0,180.0,0.0
2025-07-23 06:25:00,37.96214,0.0,0.0,180.0,0.0
2025-07-23 06:30:00,20.0,0.0,0.0,180.0,0.0
2025-07-23 06:35:00,16.54783,0.0,0.0,180.0,0.0
2025-07-23 06:40:00,19.18004,0.0,0.0,180.0,0.0
2025-07-23 06:45:00,20.0,0.0,0.0,180.0,0.0
2025-07-23 06:50:00,27.69,0.0,0.0,180.0,0.0
2025-07-23 06:55:00,23.54,0.0,0.0,180.0,0.0
2025-07-23 07:00:00,74.10837,0.0,0.0,180.0,0.0
2025-07-23 07:05:00,107.23981,0.0,0.0,180.0,0.0
2025-07-23 07:10:00,123.15108,0.0,0.0,180.0,0.0
2025-07-23 07:15:00,124.70641,0.0,0.0,180.0,0.0
2025-07-23 07:20:00,138.85707,0.0,100.0,171.21589538842116,1157.1422499999999
2025-07-23 07:25:00,145.28034,0.0,100.0,162.43179077684232,1210.6694999999997
2025-07-23 07:30:00,145.57727,0.0,100.0,153.64768616526348,1213.1439166666664
2025-07-23 07:35:00,146.09248,0.0,100.0,144.86358155368464,1217.437333333333
2025-07-23 07:40:00,149.51156,0.0,100.0,136.0794769421058,1245.9296666666664
2025-07-23 07:45:00,140.17,0.0,100.0,127.29537233052697,1168.083333333333
2025-07-23 07:50:00,132.69307,0.0,0.0,127.29537233052697,0.0
2025-07-23 07:55:00,115.39718,0.0,0.0,127.29537233052697,0.0
2025-07-23 08:00:00,104.33253,0.0,0.0,127.29537233052697,0.0
2025-07-23 08:05:00,103.86417,0.0,0.0,127.29537233052697,0.0
2025-07-23 08:10:00,98.67425,0.0,0.0,127.29537233052697,0.0
2025-07-23 08:15:00,92.64092,0.0,0.0,127.29537233052697,0.0
2025-07-23 08:20:00,75.06546,0.0,0.0,127.29537233052697,0.0
2025-07-23 08:25:00,54.94223,0.0,0.0,127.29537233052697,0.0
2025-07-23 08:30:00,21.76,0.0,0.0,127.29537233052697,0.0
2025-07-23 08:35:00,20.71,0.0,0.0,127.29537233052697,0.0
2025-07-23 08:40:00,20.00007,0.0,0.0,127.29537233052697,0.0
2025-07-23 08:45:00,20.00007,0.0,0.0,127.29537233052697,0.0
2025-07-23 08:50:00,20.0,0.0,0.0,127.29537233052697,0.0
2025-07-23 08:55:00,20.00007,0.0,0.0,127.29537233052697,0.0
2025-07-23 09:00:00,20.01007,0.0,0.0,127.29537233052697,0.0
2025-07-23 09:05:00,34.20508,0.0,0.0,127.29537233052697,0.0
2025-07-23 09:10:00,34.14459,0.0,0.0,127.29537233052697,0.0
2025-07-23 09:15:00,33.76854,0.0,0.0,127.29537233052697,0.0
2025-07-23 09:20:00,20.0,0.0,0.0,127.29537233052697,0.0
2025-07-23 09:25:00,33.14975,0.0,0.0,127.29537233052697,0.0
2025-07-23 09:30:00,8.95,100.0,0.0,135.20106648094793,-74.58333333333331
2025-07-23 09:35:00,45.89,0.0,0.0,135.20106648094793,0.0
2025-07-23 09:40:00,22.04727,0.0,0.0,135.20106648094793,0.0
2025-07-23 09:45:00,21.8574,0.0,0.0,135.20106648094793,0.0
2025-07-23 09:50:00,27.76954,0.0,0.0,135.20106648094793,0.0
2025-07-23 09:55:00,21.79672,0.0,0.0,135.20106648094793,0.0
2025-07-23 10:00:00,8.95,100.0,0.0,143.10676063136887,-74.58333333333331
2025-07-23 10:05:00,8.95,100.0,0.0,151.0124547817898,-74.58333333333331
2025-07-23 10:10:00,45.02074,0.0,0.0,151.0124547817898,0.0
2025-07-23 10:15:00,3e-05,100.0,0.0,158.91814893221076,-0.00024999999999999995
2025-07-23 10:20:00,8.95,100.0,0.0,166.8238430826317,-74.58333333333331
2025-07-23 10:25:00,-0.86115,100.0,0.0,174.72953723305264,7.176249999999999
2025-07-23 10:30:00,4.5,66.66666666666747,0.0,180.0,-25.0000000000003
2025-07-23 10:35:00,26.8086,0.0,0.0,180.0,0.0
2025-07-23 10:40:00,20.57082,0.0,0.0,180.0,0.0
2025-07-23 10:45:00,4.5,0.0,0.0,180.0,0.0
2025-07-23 10:50:00,-0.00817,0.0,0.0,180.0,-0.0
2025-07-23 10:55:00,8.95,0.0,0.0,180.0,0.0
2025-07-23 11:00:00,-0.08082,0.0,0.0,180.0,-0.0
2025-07-23 11:05:00,-6.17037,0.0,0.0,180.0,-0.0
2025-07-23 11:10:00,4.5,0.0,0.0,180.0,0.0
2025-07-23 11:15:00,8.95,0.0,0.0,180.0,0.0
2025-07-23 11:20:00,4.5,0.0,0.0,180.0,0.0
2025-07-23 11:25:00,8.95,0.0,0.0,180.0,0.0
2025-07-23 11:30:00,10.67537,0.0,0.0,180.0,0.0
2025-07-23 11:35:00,4.5,0.0,0.0,180.0,0.0
2025-07-23 11:40:00,4.5,0.0,0.0,180.0,0.0
2025-07-23 11:45:00,27.05746,0.0,0.0,180.0,0.0
2025-07-23 11:50:00,10.28798,0.0,0.0,180.0,0.0
2025-07-23 11:55:00,20.51878,0.0,0.0,180.0,0.0
2025-07-23 12:00:00,-2.82,0.0,0.0,180.0,-0.0
2025-07-23 12:05:00,4.5,0.0,0.0,180.0,0.0
2025-07-23 12:10:00,8.95,0.0,0.0,180.0,0.0
2025-07-23 12:15:00,8.95,0.0,0.0,180.0,0.0
2025-07-23 12:20:00,18.14649,0.0,0.0,180.0,0.0
2025-07-23 12:25:00,0.43514,0.0,0.0,180.0,0.0
2025-07-23 12:30:00,8.95,0.0,0.0,180.0,0.0
2025-07-23 12:35:00,8.95,0.0,0.0,180.0,0.0
2025-07-23 12:40:00,26.28733,0.0,0.0,180.0,0.0
2025-07-23 12:45:00,25.87772,0.0,0.0,180.0,0.0
2025-07-23 12:50:00,29.60057,0.0,0.0,180.0,0.0
2025-07-23 12:55:00,4.5,0.0,0.0,180.0,0.0
2025-07-23 13:00:00,8.95,0.0,0.0,180.0,0.0
2025-07-23 13:05:00,30.68426,0.0,0.0,180.0,0.0
2025-07-23 13:10:00,50.04411,0.0,0.0,180.0,0.0
2025-07-23 13:15:00,45.89005,0.0,0.0,180.0,0.0
2025-07-23 13:20:00,38.46241,0.0,0.0,180.0,0.0
2025-07-23 13:25:00,14.42837,0.0,0.0,180.0,0.0
2025-07-23 13:30:00,44.56696,0.0,0.0,180.0,0.0
2025-07-23 13:35:00,45.50656,0.0,0.0,180.0,0.0
2025-07-23 13:40:00,39.68443,0.0,0.0,180.0,0.0
2025-07-23 13:45:00,28.48,0.0,0.0,180.0,0.0
2025-07-23 13:50:00,12.42,0.0,0.0,180.0,0.0
2025-07-23 13:55:00,26.23737,0.0,0.0,180.0,0.0
2025-07-23 14:00:00,4.5,0.0,0.0,180.0,0.0
2025-07-23 14:05:00,4.5,0.0,0.0,180.0,0.0
2025-07-23 14:10:00,3e-05,0.0,0.0,180.0,0.0
2025-07-23 14:15:00,23.53997,0.0,0.0,180.0,0.0
2025-07-23 14:20:00,6.71694,0.0,0.0,180.0,0.0
2025-07-23 14:25:00,30.36982,0.0,0.0,180.0,0.0
2025-07-23 14:30:00,29.53748,0.0,0.0,180.0,0.0
2025-07-23 14:35:00,0.0,0.0,0.0,180.0,0.0
2025-07-23 14:40:00,0.0,0.0,0.0,180.0,0.0
2025-07-23 14:45:00,0.01005,0.0,0.0,180.0,0.0
2025-07-23 14:50:00,-9.96,0.0,0.0,180.0,-0.0
2025-07-23 14:55:00,8.94978,0.0,0.0,180.0,0.0
2025-07-23 15:00:00,41.76005,0.0,0.0,180.0,0.0
2025-07-23 15:05:00,33.89005,0.0,0.0,180.0,0.0
2025-07-23 15:10:00,34.87363,0.0,0.0,180.0,0.0
2025-07-23 15:15:00,20.04,0.0,0.0,180.0,0.0
2025-07-23 15:20:00,8.95,0.0,0.0,180.0,0.0
2025-07-23 15:25:00,21.06392,0.0,0.0,180.0,0.0
2025-07-23 15:30:00,39.96732,0.0,0.0,180.0,0.0
2025-07-23 15:35:00,40.75199,0.0,0.0,180.0,0.0
2025-07-23 15:40:00,32.52586,0.0,0.0,180.0,0.0
2025-07-23 15:45:00,57.0,0.0,0.0,180.0,0.0
2025-07-23 15:50:00,80.33238,0.0,0.0,180.0,0.0
2025-07-23 15:55:00,72.47715,0.0,0.0,180.0,0.0
2025-07-23 16:00:00,58.44263,0.0,0.0,180.0,0.0
2025-07-23 16:05:00,20.93627,0.0,0.0,180.0,0.0
2025-07-23 16:10:00,34.27,0.0,0.0,180.0,0.0
2025-07-23 16:15:00,54.09015,0.0,0.0,180.0,0.0
2025-07-23 16:20:00,54.46856,0.0,0.0,180.0,0.0
2025-07-23 16:25:00,77.0046,0.0,0.0,180.0,0.0
2025-07-23 16:30:00,82.05123,0.0,0.0,180.0,0.0
2025-07-23 16:35:00,99.51685,0.0,0.0,180.0,0.0
2025-07-23 16:40:00,102.66929,0.0,0.0,180.0,0.0
2025-07-23 16:45:00,131.23,0.0,0.0,180.0,0.0
2025-07-23 16:50:00,131.23,0.0,0.0,180.0,0.0
2025-07-23 16:55:00,129.94893,0.0,0.0,180.0,0.0
2025-07-23 17:00:00,158.0,0.0,100.0,171.21589538842116,1316.6666666666665
2025-07-23 17:05:00,151.16459,0.0,100.0,162.43179077684232,1259.7049166666666
2025-07-23 17:10:00,158.0,0.0,100.0,153.64768616526348,1316.6666666666665
2025-07-23 17:15:00,166.97,0.0,100.0,144.86358155368464,1391.4166666666665
2025-07-23 17:20:00,163.55239,0.0,100.0,136.0794769421058,1362.9365833333331
2025-07-23 17:25:00,162.01494,0.0,100.0,127.29537233052697,1350.1244999999997
2025-07-23 17:30:00,166.97,0.0,100.0,118.51126771894815,1391.4166666666665
2025-07-23 17:35:00,158.0,0.0,100.0,109.72716310736932,1316.6666666666665
2025-07-23 17:40:00,170.22,0.0,100.0,100.9430584957905,1418.4999999999998
2025-07-23 17:45:00,263.83901,0.0,100.0,92.15895388421167,2198.658416666666
2025-07-23 17:50:00,202.47251,0.0,100.0,83.37484927263284,1687.2709166666664
2025-07-23 17:55:00,218.08618,0.0,100.0,74.59074466105402,1817.3848333333333
2025-07-23 18:00:00,210.92007,0.0,100.0,65.80664004947519,1757.6672499999997
2025-07-23 18:05:00,213.70426,0.0,100.0,57.02253543789636,1780.8688333333332
2025-07-23 18:10:00,166.97,0.0,100.0,48.238430826317526,1391.4166666666665
2025-07-23 18:15:00,170.22,0.0,100.0,39.45432621473869,1418.4999999999998
2025-07-23 18:20:00,223.36,0.0,100.0,30.67022160315986,1861.3333333333333
2025-07-23 18:25:00,203.78037,0.0,100.0,21.886116991581027,1698.1697499999998
2025-07-23 18:30:00,173.77796,0.0,21.471932256986417,20.0,310.94571540644125
2025-07-23 18:35:00,184.27799,0.0,0.0,20.0,0.0
2025-07-23 18:40:00,223.36,0.0,0.0,20.0,0.0
2025-07-23 18:45:00,245.64123,0.0,0.0,20.0,0.0
2025-07-23 18:50:00,266.11,0.0,0.0,20.0,0.0
2025-07-23 18:55:00,273.44457,0.0,0.0,20.0,0.0
2025-07-23 19:00:00,266.11,0.0,0.0,20.0,0.0
2025-07-23 19:05:00,266.11,0.0,0.0,20.0,0.0
2025-07-23 19:10:00,266.11,0.0,0.0,20.0,0.0
2025-07-23 19:15:00,288.53858,0.0,0.0,20.0,0.0
2025-07-23 19:20:00,266.53017,0.0,0.0,20.0,0.0
2025-07-23 19:25:00,267.92031,0.0,0.0,20.0,0.0
2025-07-23 19:30:00,266.11,0.0,0.0,20.0,0.0
2025-07-23 19:35:00,266.11,0.0,0.0,20.0,0.0
2025-07-23 19:40:00,263.83901,0.0,0.0,20.0,0.0
2025-07-23 19:45:00,223.92063,0.0,0.0,20.0,0.0
2025-07-23 19:50:00,265.84898,0.0,0.0,20.0,0.0
2025-07-23 19:55:00,265.17038,0.0,0.0,20.0,0.0
2025-07-23 20:00:00,222.42866,0.0,0.0,20.0,0.0
2025-07-23 20:05:00,227.26293,0.0,0.0,20.0,0.0
2025-07-23 20:10:00,160.50284,0.0,0.0,20.0,0.0
2025-07-23 20:15:00,166.97,0.0,0.0,20.0,0.0
2025-07-23 20:20:00,265.1502,0.0,0.0,20.0,0.0
2025-07-23 20:25:00,265.1502,0.0,0.0,20.0,0.0
2025-07-23 20:30:00,264.27607,0.0,0.0,20.0,0.0
2025-07-23 20:35:00,265.1502,0.0,0.0,20.0,0.0
2025-07-23 20:40:00,263.12093,0.0,0.0,20.0,0.0
2025-07-23 20:45:00,165.92131,0.0,0.0,20.0,0.0
2025-07-23 20:50:00,216.76919,0.0,0.0,20.0,0.0
2025-07-23 20:55:00,176.63341,0.0,0.0,20.0,0.0
2025-07-23 21:00:00,168.46448,0.0,0.0,20.0,0.0
2025-07-23 21:05:00,167.06451,0.0,0.0,20.0,0.0
2025-07-23 21:10:00,168.35562,0.0,0.0,20.0,0.0
2025-07-23 21:15:00,168.30424,0.0,0.0,20.0,0.0
2025-07-23 21:20:00,183.3944,0.0,0.0,20.0,0.0
2025-07-23 21:25:00,169.79656,0.0,0.0,20.0,0.0
2025-07-23 21:30:00,160.0,0.0,0.0,20.0,0.0
2025-07-23 21:35:00,160.0,0.0,0.0,20.0,0.0
2025-07-23 21:40:00,120.91454,0.0,0.0,20.0,0.0
2025-07-23 21:45:00,117.35432,0.0,0.0,20.0,0.0
2025-07-23 21:50:00,116.24557,0.0,0.0,20.0,0.0
2025-07-23 21:55:00,104.38797,0.0,0.0,20.0,0.0
2025-07-23 22:00:00,97.0,0.0,0.0,20.0,0.0
2025-07-23 22:05:00,97.0,0.0,0.0,20.0,0.0
2025-07-23 22:10:00,101.06233,0.0,0.0,20.0,0.0
2025-07-23 22:15:00,97.0,0.0,0.0,20.0,0.0
2025-07-23 22:20:00,97.0,0.0,0.0,20.0,0.0
2025-07-23 22:25:00,96.87612,0.0,0.0,20.0,0.0
2025-07-23 22:30:00,118.11493,0.0,0.0,20.0,0.0
2025-07-23 22:35:00,122.1281,0.0,0.0,20.0,0.0
2025-07-23 22:40:00,103.20317,0.0,0.0,20.0,0.0
2025-07-23 22:45:00,98.69695,0.0,0.0,20.0,0.0
2025-07-23 22:50:00,101.84179,0.0,0.0,20.0,0.0
2025-07-23 22:55:00,82.67137,0.0,0.0,20.0,0.0
2025-07-23 23:00:00,90.01,0.0,0.0,20.0,0.0
2025-07-23 23:05:00,90.01,0.0,0.0,20.0,0.0
2025-07-23 23:10:00,93.84821,0.0,0.0,20.0,0.0
2025-07-23 23:15:00,80.70669,0.0,0.0,20.0,0.0
2025-07-23 23:20:00,80.0,0.0,0.0,20.0,0.0
2025-07-23 23:25:00,84.36794,0.0,0.0,20.0,0.0
2025-07-23 23:30:00,80.56331,0.0,0.0,20.0,0.0
2025-07-23 23:35:00,80.0,0.0,0.0,20.0,0.0
2025-07-23 23:40:00,83.53084,0.0,0.0,20.0,0.0
2025-07-23 23:45:00,80.0,0.0,0.0,20.0,0.0
2025-07-23 23:50:00,80.0,0.0,0.0,20.0,0.0
2025-07-23 23:55:00,77.18876,0.0,0.0,20.0,0.0
2025-07-24 00:00:00,76.84551,0.0,0.0,20.0,0.0
2025-07-24 00:05:00,71.25752,0.0,0.0,20.0,0.0
2025-07-24 00:10:00,73.45167,0.0,0.0,20.0,0.0
2025-07-24 00:15:00,69.80705,0.0,0.0,20.0,0.0
2025-07-24 00:20:00,71.16151,0.0,0.0,20.0,0.0
2025-07-24 00:25:00,57.0,0.0,0.0,20.0,0.0
2025-07-24 00:30:00,67.94655,0.0,0.0,20.0,0.0
2025-07-24 00:35:00,74.25091,0.0,0.0,20.0,0.0
2025-07-24 00:40:00,73.40276,0.0,0.0,20.0,0.0
2025-07-24 00:45:00,73.10307,0.0,0.0,20.0,0.0
2025-07-24 00:50:00,71.4612,0.0,0.0,20.0,0.0
2025-07-24 00:55:00,68.19807,0.0,0.0,20.0,0.0
2025-07-24 01:00:00,57.0,0.0,0.0,20.0,0.0
2025-07-24 01:05:00,49.92688,0.0,0.0,20.0,0.0
2025-07-24 01:10:00,65.85913,0.0,0.0,20.0,0.0
2025-07-24 01:15:00,49.10218,0.0,0.0,20.0,0.0
2025-07-24 01:20:00,51.32817,0.0,0.0,20.0,0.0
2025-07-24 01:25:00,49.45099,0.0,0.0,20.0,0.0
2025-07-24 01:30:00,49.84952,0.0,0.0,20.0,0.0
2025-07-24 01:35:00,55.43076,0.0,0.0,20.0,0.0
2025-07-24 01:40:00,56.34133,0.0,0.0,20.0,0.0
2025-07-24 01:45:00,54.2078,0.0,0.0,20.0,0.0
2025-07-24 01:50:00,33.31577,0.0,0.0,20.0,0.0
2025-07-24 01:55:00,34.03397,0.0,0.0,20.0,0.0
2025-07-24 02:00:00,20.22993,0.0,0.0,20.0,0.0
2025-07-24 02:05:00,39.43817,0.0,0.0,20.0,0.0
2025-07-24 02:10:00,65.70287,0.0,0.0,20.0,0.0
2025-07-24 02:15:00,48.75642,0.0,0.0,20.0,0.0
2025-07-24 02:20:00,39.68711,0.0,0.0,20.0,0.0
2025-07-24 02:25:00,39.67878,0.0,0.0,20.0,0.0
2025-07-24 02:30:00,31.20352,0.0,0.0,20.0,0.0
2025-07-24 02:35:00,39.72813,0.0,0.0,20.0,0.0
2025-07-24 02:40:00,39.73001,0.0,0.0,20.0,0.0
2025-07-24 02:45:00,20.0,0.0,0.0,20.0,0.0
2025-07-24 02:50:00,39.91043,0.0,0.0,20.0,0.0
2025-07-24 02:55:00,39.70459,0.0,0.0,20.0,0.0
2025-07-24 03:00:00,38.12544,0.0,0.0,20.0,0.0
2025-07-24 03:05:00,48.65555,0.0,0.0,20.0,0.0
2025-07-24 03:10:00,33.08417,0.0,0.0,20.0,0.0
2025-07-24 03:15:00,20.00007,0.0,0.0,20.0,0.0
2025-07-24 03:20:00,43.15,0.0,0.0,20.0,0.0
2025-07-24 03:25:00,40.96959,0.0,0.0,20.0,0.0
2025-07-24 03:30:00,43.15,0.0,0.0,20.0,0.0
2025-07-24 03:35:00,41.93294,0.0,0.0,20.0,0.0
2025-07-24 03:40:00,48.57018,0.0,0.0,20.0,0.0
2025-07-24 03:45:00,43.15,0.0,0.0,20.0,0.0
2025-07-24 03:50:00,42.58359,0.0,0.0,20.0,0.0
2025-07-24 03:55:00,37.61106,0.0,0.0,20.0,0.0
2025-07-24 04:00:00,33.24107,0.0,0.0,20.0,0.0
2025-07-24 04:05:00,31.14003,0.0,0.0,20.0,0.0
2025-07-24 04:10:00,35.94,0.0,0.0,20.0,0.0
2025-07-24 04:15:00,35.94,0.0,0.0,20.0,0.0
2025-07-24 04:20:00,35.94,0.0,0.0,20.0,0.0
2025-07-24 04:25:00,23.32531,0.0,0.0,20.0,0.0
2025-07-24 04:30:00,30.67232,0.0,0.0,20.0,0.0
2025-07-24 04:35:00,35.94,0.0,0.0,20.0,0.0
2025-07-24 04:40:00,22.89506,0.0,0.0,20.0,0.0
2025-07-24 04:45:00,35.94,0.0,0.0,20.0,0.0
2025-07-24 04:50:00,35.94,0.0,0.0,20.0,0.0
2025-07-24 04:55:00,35.94,0.0,0.0,20.0,0.0
2025-07-24 05:00:00,35.94,0.0,0.0,20.0,0.0
2025-07-24 05:05:00,30.9723,0.0,0.0,20.0,0.0
2025-07-24 05:10:00,48.15945,0.0,0.0,20.0,0.0
2025-07-24 05:15:00,48.46897,0.0,0.0,20.0,0.0
2025-07-24 05:20:00,49.68944,0.0,0.0,20.0,0.0
2025-07-24 05:25:00,49.75258,0.0,0.0,20.0,0.0
2025-07-24 05:30:00,48.73051,0.0,0.0,20.0,0.0
2025-07-24 05:35:00,49.00338,0.0,0.0,20.0,0.0
2025-07-24 05:40:00,49.75258,0.0,0.0,20.0,0.0
2025-07-24 05:45:00,49.06823,0.0,0.0,20.0,0.0
2025-07-24 05:50:00,48.39525,0.0,0.0,20.0,0.0
2025-07-24 05:55:00,64.21397,0.0,0.0,20.0,0.0
2025-07-24 06:00:00,66.54785,0.0,0.0,20.0,0.0
2025-07-24 06:05:00,70.6512,0.0,0.0,20.0,0.0
2025-07-24 06:10:00,89.89596,0.0,0.0,20.0,0.0
2025-07-24 06:15:00,88.45095,0.0,0.0,20.0,0.0
2025-07-24 06:20:00,96.10748,0.0,0.0,20.0,0.0
2025-07-24 06:25:00,100.22797,0.0,0.0,20.0,0.0
2025-07-24 06:30:00,99.19867,0.0,0.0,20.0,0.0
2025-07-24 06:35:00,80.0,0.0,0.0,20.0,0.0
2025-07-24 06:40:00,104.99247,0.0,0.0,20.0,0.0
2025-07-24 06:45:00,104.32989,0.0,0.0,20.0,0.0
2025-07-24 06:50:00,141.27096,0.0,0.0,20.0,0.0
2025-07-24 06:55:00,145.73296,0.0,0.0,20.0,0.0
2025-07-24 07:00:00,145.18329,0.0,0.0,20.0,0.0
2025-07-24 07:05:00,143.53424,0.0,0.0,20.0,0.0
2025-07-24 07:10:00,130.63045,0.0,0.0,20.0,0.0
2025-07-24 07:15:00,111.40662,0.0,0.0,20.0,0.0
2025-07-24 07:20:00,117.82998,0.0,0.0,20.0,0.0
2025-07-24 07:25:00,103.11542,0.0,0.0,20.0,0.0
2025-07-24 07:30:00,97.0,0.0,0.0,20.0,0.0
2025-07-24 07:35:00,97.48695,0.0,0.0,20.0,0.0
2025-07-24 07:40:00,97.0,0.0,0.0,20.0,0.0
2025-07-24 07:45:00,86.78299,0.0,0.0,20.0,0.0
2025-07-24 07:50:00,97.0,0.0,0.0,20.0,0.0
2025-07-24 07:55:00,97.0,0.0,0.0,20.0,0.0
2025-07-24 08:00:00,133.99683,0.0,0.0,20.0,0.0
2025-07-24 08:05:00,107.84743,0.0,0.0,20.0,0.0
2025-07-24 08:10:00,97.0,0.0,0.0,20.0,0.0
2025-07-24 08:15:00,137.83304,0.0,0.0,20.0,0.0
2025-07-24 08:20:00,164.97,0.0,0.0,20.0,0.0
2025-07-24 08:25:00,133.54671,0.0,0.0,20.0,0.0
2025-07-24 08:30:00,118.19914,0.0,0.0,20.0,0.0
2025-07-24 08:35:00,37.25932,0.0,0.0,20.0,0.0
2025-07-24 08:40:00,37.38839,0.0,0.0,20.0,0.0
2025-07-24 08:45:00,8.95,100.0,0.0,27.90569415042095,-74.58333333333331
2025-07-24 08:50:00,20.0,0.0,0.0,27.90569415042095,0.0
2025-07-24 08:55:00,38.88691,0.0,0.0,27.90569415042095,0.0
2025-07-24 09:00:00,20.0,0.0,0.0,27.90569415042095,0.0
2025-07-24 09:05:00,24.88685,0.0,0.0,27.90569415042095,0.0
2025-07-24 09:10:00,20.0,0.0,0.0,27.90569415042095,0.0
2025-07-24 09:15:00,37.44729,0.0,0.0,27.90569415042095,0.0
2025-07-24 09:20:00,25.10951,0.0,0.0,27.90569415042095,0.0
2025-07-24 09:25:00,24.9059,0.0,0.0,27.90569415042095,0.0
2025-07-24 09:30:00,24.5122,0.0,0.0,27.90569415042095,0.0
2025-07-24 09:35:00,41.6202,0.0,0.0,27.90569415042095,0.0
2025-07-24 09:40:00,13.47016,0.0,0.0,27.90569415042095,0.0
2025-07-24 09:45:00,8.95,100.0,0.0,35.8113883008419,-74.58333333333331
2025-07-24 09:50:00,8.95,100.0,0.0,43.71708245126285,-74.58333333333331
2025-07-24 09:55:00,20.01,0.0,0.0,43.71708245126285,0.0
2025-07-24 10:00:00,0.05,100.0,0.0,51.622776601683796,-0.41666666666666663
2025-07-24 10:05:00,8.95,100.0,0.0,59.528470752104745,-74.58333333333331
2025-07-24 10:10:00,8.95,100.0,0.0,67.4341649025257,-74.58333333333331
2025-07-24 10:15:00,12.01979,0.0,0.0,67.4341649025257,0.0
2025-07-24 10:20:00,12.07867,0.0,0.0,67.4341649025257,0.0
2025-07-24 10:25:00,-10.88051,100.0,0.0,75.33985905294664,90.67091666666664
2025-07-24 10:30:00,-9.83,100.0,0.0,83.24555320336758,81.91666666666666
2025-07-24 10:35:00,-7.41,100.0,0.0,91.15124735378852,61.74999999999999
2025-07-24 10:40:00,8.30961,100.0,0.0,99.05694150420946,-69.24674999999998
2025-07-24 10:45:00,8.95,100.0,0.0,106.9626356546304,-74.58333333333331
2025-07-24 10:50:00,-10.28467,100.0,0.0,114.86832980505135,85.70558333333332
2025-07-24 10:55:00,-9.00274,100.0,0.0,122.77402395547229,75.02283333333331
2025-07-24 11:00:00,-9.96,100.0,0.0,130.67971810589324,83.0
2025-07-24 11:05:00,-3.24879,100.0,0.0,138.58541225631419,27.073249999999998
2025-07-24 11:10:00,0.05,100.0,0.0,146.49110640673513,-0.41666666666666663
2025-07-24 11:15:00,-9.83,100.0,0.0,154.39680055715607,81.91666666666666
2025-07-24 11:20:00,-3.88229,100.0,0.0,162.302494707577,32.35241666666666
2025-07-24 11:25:00,-9.96,100.0,0.0,170.20818885799795,83.0
2025-07-24 11:30:00,-9.83,100.0,0.0,178.1138830084189,81.91666666666666
2025-07-24 11:35:00,-13.0,23.857702507763676,0.0,180.0,25.845844383410647
2025-07-24 11:40:00,-13.5,0.0,0.0,180.0,-0.0
2025-07-24 11:45:00,-13.90331,0.0,0.0,180.0,-0.0
2025-07-24 11:50:00,-9.96,0.0,0.0,180.0,-0.0
2025-07-24 11:55:00,-9.08105,0.0,0.0,180.0,-0.0
2025-07-24 12:00:00,-13.0,0.0,0.0,180.0,-0.0
2025-07-24 12:05:00,-2.82,0.0,0.0,180.0,-0.0
2025-07-24 12:10:00,-11.23407,0.0,0.0,180.0,-0.0
2025-07-24 12:15:00,-13.0,0.0,0.0,180.0,-0.0
2025-07-24 12:20:00,-13.99344,0.0,0.0,180.0,-0.0
2025-07-24 12:25:00,-13.0,0.0,0.0,180.0,-0.0
2025-07-24 12:30:00,-13.0,0.0,0.0,180.0,-0.0
2025-07-24 12:35:00,-13.99951,0.0,0.0,180.0,-0.0
2025-07-24 12:40:00,-14.11233,0.0,0.0,180.0,-0.0
2025-07-24 12:45:00,-14.0851,0.0,0.0,180.0,-0.0
2025-07-24 12:50:00,-14.29185,0.0,0.0,180.0,-0.0
2025-07-24 12:55:00,-14.77115,0.0,0.0,180.0,-0.0
2025-07-24 13:00:00,-16.5,0.0,0.0,180.0,-0.0
2025-07-24 13:05:00,-14.12941,0.0,0.0,180.0,-0.0
2025-07-24 13:10:00,-14.77852,0.0,0.0,180.0,-0.0
2025-07-24 13:15:00,-14.0,0.0,0.0,180.0,-0.0
2025-07-24 13:20:00,-14.16658,0.0,0.0,180.0,-0.0
2025-07-24 13:25:00,-14.16397,0.0,0.0,180.0,-0.0
2025-07-24 13:30:00,-17.56682,0.0,0.0,180.0,-0.0
2025-07-24 13:35:00,-20.0,0.0,0.0,180.0,-0.0
2025-07-24 13:40:00,-20.6466,0.0,0.0,180.0,-0.0
2025-07-24 13:45:00,-17.70646,0.0,0.0,180.0,-0.0
2025-07-24 13:50:00,-19.99,0.0,0.0,180.0,-0.0
2025-07-24 13:55:00,-14.79067,0.0,0.0,180.0,-0.0
2025-07-24 14:00:00,-14.80543,0.0,0.0,180.0,-0.0
2025-07-24 14:05:00,-14.75433,0.0,0.0,180.0,-0.0
2025-07-24 14:10:00,-14.0,0.0,0.0,180.0,-0.0
2025-07-24 14:15:00,-14.0,0.0,0.0,180.0,-0.0
2025-07-24 14:20:00,-13.99976,0.0,0.0,180.0,-0.0
2025-07-24 14:25:00,-14.36048,0.0,0.0,180.0,-0.0
2025-07-24 14:30:00,-9.83,0.0,0.0,180.0,-0.0
2025-07-24 14:35:00,-5.22834,0.0,0.0,180.0,-0.0
2025-07-24 14:40:00,0.0,0.0,0.0,180.0,0.0
2025-07-24 14:45:00,3e-05,0.0,0.0,180.0,0.0
2025-07-24 14:50:00,-7.41,0.0,0.0,180.0,-0.0
2025-07-24 14:55:00,0.01,0.0,0.0,180.0,0.0
2025-07-24 15:00:00,0.01,0.0,0.0,180.0,0.0
2025-07-24 15:05:00,0.01,0.0,0.0,180.0,0.0
2025-07-24 15:10:00,2.64826,0.0,0.0,180.0,0.0
2025-07-24 15:15:00,8.95,0.0,0.0,180.0,0.0
2025-07-24 15:20:00,0.01,0.0,0.0,180.0,0.0
2025-07-24 15:25:00,8.95,0.0,0.0,180.0,0.0
2025-07-24 15:30:00,46.77378,0.0,0.0,180.0,0.0
2025-07-24 15:35:00,21.47,0.0,0.0,180.0,0.0
2025-07-24 15:40:00,37.27237,0.0,0.0,180.0,0.0
2025-07-24 15:45:00,34.80974,0.0,0.0,180.0,0.0
2025-07-24 15:50:00,20.88007,0.0,0.0,180.0,0.0
2025-07-24 15:55:00,54.91526,0.0,0.0,180.0,0.0
2025-07-24 16:00:00,77.61,0.0,0.0,180.0,0.0
2025-07-24 16:05:00,35.94,0.0,0.0,180.0,0.0
2025-07-24 16:10:00,45.99673,0.0,0.0,180.0,0.0
2025-07-24 16:15:00,77.76645,0.0,0.0,180.0,0.0
2025-07-24 16:20:00,79.61003,0.0,0.0,180.0,0.0
2025-07-24 16:25:00,79.72,0.0,0.0,180.0,0.0
2025-07-24 16:30:00,80.0,0.0,0.0,180.0,0.0
2025-07-24 16:35:00,80.14583,0.0,0.0,180.0,0.0
2025-07-24 16:40:00,105.54758,0.0,0.0,180.0,0.0
2025-07-24 16:45:00,145.2385,0.0,100.0,171.21589538842116,1210.320833333333
2025-07-24 16:50:00,155.2265,0.0,100.0,162.43179077684232,1293.5541666666663
2025-07-24 16:55:00,164.97,0.0,100.0,153.64768616526348,1374.7499999999998
2025-07-24 17:00:00,163.59425,0.0,100.0,144.86358155368464,1363.2854166666664
2025-07-24 17:05:00,164.97,0.0,100.0,136.0794769421058,1374.7499999999998
2025-07-24 17:10:00,159.98339,0.0,100.0,127.29537233052697,1333.1949166666666
2025-07-24 17:15:00,173.26465,0.0,100.0,118.51126771894815,1443.872083333333
2025-07-24 17:20:00,164.97,0.0,100.0,109.72716310736932,1374.7499999999998
2025-07-24 17:25:00,170.7743,0.0,100.0,100.9430584957905,1423.1191666666666
2025-07-24 17:30:00,179.3771,0.0,100.0,92.15895388421167,1494.8091666666667
2025-07-24 17:35:00,168.22156,0.0,100.0,83.37484927263284,1401.8463333333332
2025-07-24 17:40:00,201.13598,0.0,100.0,74.59074466105402,1676.1331666666663
2025-07-24 17:45:00,224.06942,0.0,100.0,65.80664004947519,1867.2451666666664
2025-07-24 17:50:00,242.35476,0.0,100.0,57.02253543789636,2019.6229999999996
2025-07-24 17:55:00,207.47444,0.0,100.0,48.238430826317526,1728.9536666666663
2025-07-24 18:00:00,269.20612,0.0,100.0,39.45432621473869,2243.384333333333
2025-07-24 18:05:00,264.70273,0.0,100.0,30.67022160315986,2205.8560833333327
2025-07-24 18:10:00,218.12601,0.0,100.0,21.886116991581027,1817.7167499999998
2025-07-24 18:15:00,243.01235,0.0,21.471932256986417,20.0,434.82872640092273
2025-07-24 18:20:00,268.22162,0.0,0.0,20.0,0.0
2025-07-24 18:25:00,239.17063,0.0,0.0,20.0,0.0
2025-07-24 18:30:00,260.11133,0.0,0.0,20.0,0.0
2025-07-24 18:35:00,254.38545,0.0,0.0,20.0,0.0
2025-07-24 18:40:00,257.57616,0.0,0.0,20.0,0.0
2025-07-24 18:45:00,266.11,0.0,0.0,20.0,0.0
2025-07-24 18:50:00,265.5929,0.0,0.0,20.0,0.0
2025-07-24 18:55:00,263.10691,0.0,0.0,20.0,0.0
2025-07-24 19:00:00,254.7341,0.0,0.0,20.0,0.0
2025-07-24 19:05:00,253.96938,0.0,0.0,20.0,0.0
2025-07-24 19:10:00,196.0,0.0,0.0,20.0,0.0
2025-07-24 19:15:00,164.97,0.0,0.0,20.0,0.0
2025-07-24 19:20:00,158.69628,0.0,0.0,20.0,0.0
2025-07-24 19:25:00,151.1842,0.0,0.0,20.0,0.0
2025-07-24 19:30:00,183.10672,0.0,0.0,20.0,0.0
2025-07-24 19:35:00,146.9413,0.0,0.0,20.0,0.0
2025-07-24 19:40:00,158.0,0.0,0.0,20.0,0.0
2025-07-24 19:45:00,129.94631,0.0,0.0,20.0,0.0
2025-07-24 19:50:00,151.24645,0.0,0.0,20.0,0.0
2025-07-24 19:55:00,137.53079,0.0,0.0,20.0,0.0
2025-07-24 20:00:00,155.37707,0.0,0.0,20.0,0.0
2025-07-24 20:05:00,147.77089,0.0,0.0,20.0,0.0
2025-07-24 20:10:00,145.13748,0.0,0.0,20.0,0.0
2025-07-24 20:15:00,155.30735,0.0,0.0,20.0,0.0
2025-07-24 20:20:00,143.63775,0.0,0.0,20.0,0.0
2025-07-24 20:25:00,134.81824,0.0,0.0,20.0,0.0
2025-07-24 20:30:00,135.95118,0.0,0.0,20.0,0.0
2025-07-24 20:35:00,122.02,0.0,0.0,20.0,0.0
2025-07-24 20:40:00,144.34317,0.0,0.0,20.0,0.0
2025-07-24 20:45:00,151.93314,0.0,0.0,20.0,0.0
2025-07-24 20:50:00,122.02,0.0,0.0,20.0,0.0
2025-07-24 20:55:00,122.02,0.0,0.0,20.0,0.0
2025-07-24 21:00:00,119.82544,0.0,0.0,20.0,0.0
2025-07-24 21:05:00,122.02,0.0,0.0,20.0,0.0
2025-07-24 21:10:00,98.37896,0.0,0.0,20.0,0.0
2025-07-24 21:15:00,96.6325,0.0,0.0,20.0,0.0
2025-07-24 21:20:00,87.67518,0.0,0.0,20.0,0.0
2025-07-24 21:25:00,64.12474,0.0,0.0,20.0,0.0
2025-07-24 21:30:00,24.19468,0.0,0.0,20.0,0.0
2025-07-24 21:35:00,85.33,0.0,0.0,20.0,0.0
2025-07-24 21:40:00,20.0,0.0,0.0,20.0,0.0
2025-07-24 21:45:00,14.82136,0.0,0.0,20.0,0.0
2025-07-24 21:50:00,0.75989,100.0,0.0,27.90569415042095,-6.332416666666665
2025-07-24 21:55:00,8.95,100.0,0.0,35.8113883008419,-74.58333333333331
2025-07-24 22:00:00,17.9999,0.0,0.0,35.8113883008419,0.0
2025-07-24 22:05:00,23.38,0.0,0.0,35.8113883008419,0.0
2025-07-24 22:10:00,19.18,0.0,0.0,35.8113883008419,0.0
2025-07-24 22:15:00,20.0,0.0,0.0,35.8113883008419,0.0
2025-07-24 22:20:00,8.14979,100.0,0.0,43.71708245126285,-67.91491666666666
2025-07-24 22:25:00,20.0,0.0,0.0,43.71708245126285,0.0
2025-07-24 22:30:00,0.05,100.0,0.0,51.622776601683796,-0.41666666666666663
2025-07-24 22:35:00,19.17996,0.0,0.0,51.622776601683796,0.0
2025-07-24 22:40:00,19.18,0.0,0.0,51.622776601683796,0.0
2025-07-24 22:45:00,0.74015,100.0,0.0,59.528470752104745,-6.167916666666666
2025-07-24 22:50:00,19.18,0.0,0.0,59.528470752104745,0.0
2025-07-24 22:55:00,19.18,0.0,0.0,59.528470752104745,0.0
2025-07-24 23:00:00,0.53015,100.0,0.0,67.4341649025257,-4.417916666666666
2025-07-24 23:05:00,19.18,0.0,0.0,67.4341649025257,0.0
2025-07-24 23:10:00,8.95,100.0,0.0,75.33985905294664,-74.58333333333331
2025-07-24 23:15:00,19.18,0.0,0.0,75.33985905294664,0.0
2025-07-24 23:20:00,8.94958,100.0,0.0,83.24555320336758,-74.57983333333331
2025-07-24 23:25:00,8.9498,100.0,0.0,91.15124735378852,-74.58166666666665
2025-07-24 23:30:00,8.95,100.0,0.0,99.05694150420946,-74.58333333333331
2025-07-24 23:35:00,8.95021,0.0,0.0,99.05694150420946,0.0
2025-07-24 23:40:00,8.95,100.0,0.0,106.9626356546304,-74.58333333333331
2025-07-24 23:45:00,7.19231,100.0,0.0,114.86832980505135,-59.93591666666666
2025-07-24 23:50:00,8.95,100.0,0.0,122.77402395547229,-74.58333333333331
2025-07-24 23:55:00,0.06,100.0,0.0,130.67971810589324,-0.4999999999999999
2025-07-25 00:00:00,0.42003,100.0,0.0,138.58541225631419,-3.5002499999999994
2025-07-25 00:05:00,8.95,100.0,0.0,146.49110640673513,-74.58333333333331
2025-07-25 00:10:00,8.95,100.0,0.0,154.39680055715607,-74.58333333333331
2025-07-25 00:15:00,8.95,100.0,0.0,162.302494707577,-74.58333333333331
2025-07-25 00:20:00,8.95,100.0,0.0,170.20818885799795,-74.58333333333331
2025-07-25 00:25:00,8.95,100.0,0.0,178.1138830084189,-74.58333333333331
2025-07-25 00:30:00,8.95,23.857702507763676,0.0,180.0,-17.793869787040407
2025-07-25 00:35:00,8.95,0.0,0.0,180.0,0.0
2025-07-25 00:40:00,8.95,0.0,0.0,180.0,0.0
2025-07-25 00:45:00,8.95,0.0,0.0,180.0,0.0
2025-07-25 00:50:00,7.94983,0.0,0.0,180.0,0.0
2025-07-25 00:55:00,8.95,0.0,0.0,180.0,0.0
2025-07-25 01:00:00,8.94983,0.0,0.0,180.0,0.0
2025-07-25 01:05:00,8.95,0.0,0.0,180.0,0.0
2025-07-25 01:10:00,0.74003,0.0,0.0,180.0,0.0
2025-07-25 01:15:00,8.95,0.0,0.0,180.0,0.0
2025-07-25 01:20:00,8.95,0.0,0.0,180.0,0.0
2025-07-25 01:25:00,8.95,0.0,0.0,180.0,0.0
2025-07-25 01:30:00,8.95,0.0,0.0,180.0,0.0
2025-07-25 01:35:00,4.20874,0.0,0.0,180.0,0.0
2025-07-25 01:40:00,8.95,0.0,0.0,180.0,0.0
2025-07-25 01:45:00,8.95,0.0,0.0,180.0,0.0
2025-07-25 01:50:00,0.56003,0.0,0.0,180.0,0.0
2025-07-25 01:55:00,0.68003,0.0,0.0,180.0,0.0
2025-07-25 02:00:00,8.60016,0.0,0.0,180.0,0.0
2025-07-25 02:05:00,8.95,0.0,0.0,180.0,0.0
2025-07-25 02:10:00,8.95,0.0,0.0,180.0,0.0
2025-07-25 02:15:00,0.70003,0.0,0.0,180.0,0.0
2025-07-25 02:20:00,8.95,0.0,0.0,180.0,0.0
2025-07-25 02:25:00,8.09015,0.0,0.0,180.0,0.0
2025-07-25 02:30:00,8.25,0.0,0.0,180.0,0.0
2025-07-25 02:35:00,20.0,0.0,0.0,180.0,0.0
2025-07-25 02:40:00,7.94984,0.0,0.0,180.0,0.0
2025-07-25 02:45:00,8.94969,0.0,0.0,180.0,0.0
2025-07-25 02:50:00,8.95029,0.0,0.0,180.0,0.0
2025-07-25 02:55:00,6.66,0.0,0.0,180.0,0.0
2025-07-25 03:00:00,0.06,0.0,0.0,180.0,0.0
2025-07-25 03:05:00,11.89,0.0,0.0,180.0,0.0
2025-07-25 03:10:00,0.06,0.0,0.0,180.0,0.0
2025-07-25 03:15:00,0.06,0.0,0.0,180.0,0.0
2025-07-25 03:20:00,7.95045,0.0,0.0,180.0,0.0
2025-07-25 03:25:00,7.81013,0.0,0.0,180.0,0.0
2025-07-25 03:30:00,0.06,0.0,0.0,180.0,0.0
2025-07-25 03:35:00,0.06,0.0,0.0,180.0,0.0
2025-07-25 03:40:00,0.06,0.0,0.0,180.0,0.0
2025-07-25 03:45:00,0.06,0.0,0.0,180.0,0.0
2025-07-25 03:50:00,0.06,0.0,0.0,180.0,0.0
2025-07-25 03:55:00,0.06,0.0,0.0,180.0,0.0
2025-07-25 04:00:00,0.06,0.0,0.0,180.0,0.0
2025-07-25 04:05:00,0.05,0.0,0.0,180.0,0.0
2025-07-25 04:10:00,0.06,0.0,0.0,180.0,0.0
2025-07-25 04:15:00,0.01,0.0,0.0,180.0,0.0
2025-07-25 04:20:00,0.01,0.0,0.0,180.0,0.0
2025-07-25 04:25:00,-2.82,0.0,0.0,180.0,-0.0
2025-07-25 04:30:00,0.06,0.0,0.0,180.0,0.0
2025-07-25 04:35:00,0.05,0.0,0.0,180.0,0.0
2025-07-25 04:40:00,0.05,0.0,0.0,180.0,0.0
2025-07-25 04:45:00,0.06,0.0,0.0,180.0,0.0
2025-07-25 04:50:00,8.94987,0.0,0.0,180.0,0.0
2025-07-25 04:55:00,0.20003,0.0,0.0,180.0,0.0
2025-07-25 05:00:00,0.20003,0.0,0.0,180.0,0.0
2025-07-25 05:05:00,0.20003,0.0,0.0,180.0,0.0
2025-07-25 05:10:00,8.60014,0.0,0.0,180.0,0.0
2025-07-25 05:15:00,0.05141,0.0,0.0,180.0,0.0
2025-07-25 05:20:00,0.20553,0.0,0.0,180.0,0.0
2025-07-25 05:25:00,15.88,0.0,0.0,180.0,0.0
2025-07-25 05:30:00,8.95015,0.0,0.0,180.0,0.0
2025-07-25 05:35:00,0.01,0.0,0.0,180.0,0.0
2025-07-25 05:40:00,8.95,0.0,0.0,180.0,0.0
2025-07-25 05:45:00,8.95,0.0,0.0,180.0,0.0
2025-07-25 05:50:00,8.95023,0.0,0.0,180.0,0.0
2025-07-25 05:55:00,8.95,0.0,0.0,180.0,0.0
2025-07-25 06:00:00,8.95,0.0,0.0,180.0,0.0
2025-07-25 06:05:00,8.95023,0.0,0.0,180.0,0.0
2025-07-25 06:10:00,33.8903,0.0,0.0,180.0,0.0
2025-07-25 06:15:00,20.0,0.0,0.0,180.0,0.0
2025-07-25 06:20:00,20.0,0.0,0.0,180.0,0.0
2025-07-25 06:25:00,8.95,0.0,0.0,180.0,0.0
2025-07-25 06:30:00,20.0,0.0,0.0,180.0,0.0
2025-07-25 06:35:00,8.95052,0.0,0.0,180.0,0.0
2025-07-25 06:40:00,8.94974,0.0,0.0,180.0,0.0
2025-07-25 06:45:00,33.89,0.0,0.0,180.0,0.0
2025-07-25 06:50:00,46.77893,0.0,0.0,180.0,0.0
2025-07-25 06:55:00,33.89,0.0,0.0,180.0,0.0
2025-07-25 07:00:00,90.0,0.0,0.0,180.0,0.0
2025-07-25 07:05:00,68.43307,0.0,0.0,180.0,0.0
2025-07-25 07:10:00,20.0,0.0,0.0,180.0,0.0
2025-07-25 07:15:00,130.23,0.0,0.0,180.0,0.0
2025-07-25 07:20:00,130.23,0.0,0.0,180.0,0.0
2025-07-25 07:25:00,46.42506,0.0,0.0,180.0,0.0
2025-07-25 07:30:00,127.35,0.0,0.0,180.0,0.0
2025-07-25 07:35:00,108.02519,0.0,0.0,180.0,0.0
2025-07-25 07:40:00,81.98,0.0,0.0,180.0,0.0
2025-07-25 07:45:00,81.98,0.0,0.0,180.0,0.0
2025-07-25 07:50:00,73.07211,0.0,0.0,180.0,0.0
2025-07-25 07:55:00,73.15295,0.0,0.0,180.0,0.0
2025-07-25 08:00:00,53.03403,0.0,0.0,180.0,0.0
2025-07-25 08:05:00,52.01013,0.0,0.0,180.0,0.0
2025-07-25 08:10:00,72.58487,0.0,0.0,180.0,0.0
2025-07-25 08:15:00,77.85467,0.0,0.0,180.0,0.0
2025-07-25 08:20:00,76.48577,0.0,0.0,180.0,0.0
2025-07-25 08:25:00,76.66936,0.0,0.0,180.0,0.0
2025-07-25 08:30:00,56.65679,0.0,0.0,180.0,0.0
2025-07-25 08:35:00,56.72826,0.0,0.0,180.0,0.0
2025-07-25 08:40:00,35.54132,0.0,0.0,180.0,0.0
2025-07-25 08:45:00,48.47975,0.0,0.0,180.0,0.0
2025-07-25 08:50:00,44.25783,0.0,0.0,180.0,0.0
2025-07-25 08:55:00,55.97723,0.0,0.0,180.0,0.0
2025-07-25 09:00:00,56.10197,0.0,0.0,180.0,0.0
2025-07-25 09:05:00,82.98,0.0,0.0,180.0,0.0
2025-07-25 09:10:00,76.0705,0.0,0.0,180.0,0.0
2025-07-25 09:15:00,56.26812,0.0,0.0,180.0,0.0
2025-07-25 09:20:00,56.42315,0.0,0.0,180.0,0.0
2025-07-25 09:25:00,57.0742,0.0,0.0,180.0,0.0
2025-07-25 09:30:00,46.19,0.0,0.0,180.0,0.0
2025-07-25 09:35:00,44.71644,0.0,0.0,180.0,0.0
2025-07-25 09:40:00,27.01,0.0,0.0,180.0,0.0
2025-07-25 09:45:00,20.0,0.0,0.0,180.0,0.0
2025-07-25 09:50:00,8.95,0.0,0.0,180.0,0.0
2025-07-25 09:55:00,20.0,0.0,0.0,180.0,0.0
2025-07-25 10:00:00,8.95,0.0,0.0,180.0,0.0
2025-07-25 10:05:00,33.89019,0.0,0.0,180.0,0.0
2025-07-25 10:10:00,48.62829,0.0,0.0,180.0,0.0
2025-07-25 10:15:00,33.88989,0.0,0.0,180.0,0.0
2025-07-25 10:20:00,34.00876,0.0,0.0,180.0,0.0
2025-07-25 10:25:00,33.74211,0.0,0.0,180.0,0.0
2025-07-25 10:30:00,34.03758,0.0,0.0,180.0,0.0
2025-07-25 10:35:00,34.90354,0.0,0.0,180.0,0.0
2025-07-25 10:40:00,34.60008,0.0,0.0,180.0,0.0
2025-07-25 10:45:00,34.08647,0.0,0.0,180.0,0.0
2025-07-25 10:50:00,50.49537,0.0,0.0,180.0,0.0
2025-07-25 10:55:00,35.5285,0.0,0.0,180.0,0.0
2025-07-25 11:00:00,20.0,0.0,0.0,180.0,0.0
2025-07-25 11:05:00,20.0,0.0,0.0,180.0,0.0
2025-07-25 11:10:00,55.75498,0.0,0.0,180.0,0.0
2025-07-25 11:15:00,46.698,0.0,0.0,180.0,0.0
2025-07-25 11:20:00,19.18,0.0,0.0,180.0,0.0
2025-07-25 11:25:00,20.0,0.0,0.0,180.0,0.0
2025-07-25 11:30:00,23.62555,0.0,0.0,180.0,0.0
2025-07-25 11:35:00,24.0076,0.0,0.0,180.0,0.0
2025-07-25 11:40:00,24.93206,0.0,0.0,180.0,0.0
2025-07-25 11:45:00,34.56037,0.0,0.0,180.0,0.0
2025-07-25 11:50:00,62.02589,0.0,0.0,180.0,0.0
2025-07-25 11:55:00,24.93206,0.0,0.0,180.0,0.0
2025-07-25 12:00:00,43.52345,0.0,0.0,180.0,0.0
2025-07-25 12:05:00,75.7874,0.0,0.0,180.0,0.0
2025-07-25 12:10:00,93.87691,0.0,0.0,180.0,0.0
2025-07-25 12:15:00,76.90888,0.0,0.0,180.0,0.0
2025-07-25 12:20:00,57.09791,0.0,0.0,180.0,0.0
2025-07-25 12:25:00,53.02166,0.0,0.0,180.0,0.0
2025-07-25 12:30:00,73.06516,0.0,0.0,180.0,0.0
2025-07-25 12:35:00,65.50292,0.0,0.0,180.0,0.0
2025-07-25 12:40:00,63.79651,0.0,0.0,180.0,0.0
2025-07-25 12:45:00,72.02385,0.0,0.0,180.0,0.0
2025-07-25 12:50:00,92.01,0.0,0.0,180.0,0.0
2025-07-25 12:55:00,66.8491,0.0,0.0,180.0,0.0
2025-07-25 13:00:00,77.08904,0.0,0.0,180.0,0.0
2025-07-25 13:05:00,87.68456,0.0,0.0,180.0,0.0
2025-07-25 13:10:00,96.08702,0.0,0.0,180.0,0.0
2025-07-25 13:15:00,102.30726,0.0,0.0,180.0,0.0
2025-07-25 13:20:00,99.33445,0.0,0.0,180.0,0.0
2025-07-25 13:25:00,100.11471,0.0,0.0,180.0,0.0
2025-07-25 13:30:00,110.50742,0.0,0.0,180.0,0.0
2025-07-25 13:35:00,92.01,0.0,0.0,180.0,0.0
2025-07-25 13:40:00,63.60152,0.0,0.0,180.0,0.0
2025-07-25 13:45:00,53.71418,0.0,0.0,180.0,0.0
2025-07-25 13:50:00,54.54918,0.0,0.0,180.0,0.0
2025-07-25 13:55:00,76.56,0.0,0.0,180.0,0.0
2025-07-25 14:00:00,73.24488,0.0,0.0,180.0,0.0
2025-07-25 14:05:00,82.88165,0.0,0.0,180.0,0.0
2025-07-25 14:10:00,54.4918,0.0,0.0,180.0,0.0
2025-07-25 14:15:00,54.39178,0.0,0.0,180.0,0.0
2025-07-25 14:20:00,53.27306,0.0,0.0,180.0,0.0
2025-07-25 14:25:00,32.94573,0.0,0.0,180.0,0.0
2025-07-25 14:30:00,78.33124,0.0,0.0,180.0,0.0
2025-07-25 14:35:00,70.69835,0.0,0.0,180.0,0.0
2025-07-25 14:40:00,8.95,0.0,0.0,180.0,0.0
2025-07-25 14:45:00,21.15,0.0,0.0,180.0,0.0
2025-07-25 14:50:00,20.0,0.0,0.0,180.0,0.0
2025-07-25 14:55:00,20.0,0.0,0.0,180.0,0.0
2025-07-25 15:00:00,21.967,0.0,0.0,180.0,0.0
2025-07-25 15:05:00,19.18,0.0,0.0,180.0,0.0
2025-07-25 15:10:00,11.86959,0.0,0.0,180.0,0.0
2025-07-25 15:15:00,22.96263,0.0,0.0,180.0,0.0
2025-07-25 15:20:00,22.96263,0.0,0.0,180.0,0.0
2025-07-25 15:25:00,23.42385,0.0,0.0,180.0,0.0
2025-07-25 15:30:00,28.93797,0.0,0.0,180.0,0.0
2025-07-25 15:35:00,132.22931,0.0,0.0,180.0,0.0
2025-07-25 15:40:00,102.23086,0.0,0.0,180.0,0.0
2025-07-25 15:45:00,44.03335,0.0,0.0,180.0,0.0
2025-07-25 15:50:00,127.93229,0.0,0.0,180.0,0.0
2025-07-25 15:55:00,130.23,0.0,0.0,180.0,0.0
2025-07-25 16:00:00,127.00473,0.0,0.0,180.0,0.0
2025-07-25 16:05:00,105.31785,0.0,0.0,180.0,0.0
2025-07-25 16:10:00,45.62195,0.0,0.0,180.0,0.0
2025-07-25 16:15:00,128.3305,0.0,0.0,180.0,0.0
2025-07-25 16:20:00,128.40905,0.0,0.0,180.0,0.0
2025-07-25 16:25:00,103.28279,0.0,0.0,180.0,0.0
2025-07-25 16:30:00,79.62613,0.0,0.0,180.0,0.0
2025-07-25 16:35:00,81.98,0.0,0.0,180.0,0.0
2025-07-25 16:40:00,100.80886,0.0,0.0,180.0,0.0
2025-07-25 16:45:00,102.41196,0.0,0.0,180.0,0.0
2025-07-25 16:50:00,130.23,0.0,0.0,180.0,0.0
2025-07-25 16:55:00,140.08292,0.0,100.0,171.21589538842116,1167.3576666666665
2025-07-25 17:00:00,149.84443,0.0,100.0,162.43179077684232,1248.703583333333
2025-07-25 17:05:00,125.5242,0.0,0.0,162.43179077684232,0.0
2025-07-25 17:10:00,126.33106,0.0,0.0,162.43179077684232,0.0
2025-07-25 17:15:00,163.88917,0.0,100.0,153.64768616526348,1365.7430833333333
2025-07-25 17:20:00,76.79318,0.0,0.0,153.64768616526348,0.0
2025-07-25 17:25:00,76.58276,0.0,0.0,153.64768616526348,0.0
2025-07-25 17:30:00,193.81915,0.0,100.0,144.86358155368464,1615.159583333333
2025-07-25 17:35:00,274.38948,0.0,100.0,136.0794769421058,2286.5789999999997
2025-07-25 17:40:00,194.73973,0.0,100.0,127.29537233052697,1622.8310833333333
2025-07-25 17:45:00,264.60225,0.0,100.0,118.51126771894815,2205.0187499999997
2025-07-25 17:50:00,211.23262,0.0,100.0,109.72716310736932,1760.271833333333
2025-07-25 17:55:00,81.98,0.0,0.0,109.72716310736932,0.0
2025-07-25 18:00:00,-468.93136,100.0,0.0,117.63285725779026,3907.7613333333325
2025-07-25 18:05:00,130.23,0.0,0.0,117.63285725779026,0.0
2025-07-25 18:10:00,130.23,0.0,0.0,117.63285725779026,0.0
2025-07-25 18:15:00,81.98,0.0,0.0,117.63285725779026,0.0
2025-07-25 18:20:00,81.98,0.0,0.0,117.63285725779026,0.0
2025-07-25 18:25:00,81.98,0.0,0.0,117.63285725779026,0.0
2025-07-25 18:30:00,81.98,0.0,0.0,117.63285725779026,0.0
2025-07-25 18:35:00,247.50824,0.0,100.0,108.84875264621144,2062.5686666666666
2025-07-25 18:40:00,99.64617,0.0,0.0,108.84875264621144,0.0
2025-07-25 18:45:00,101.19654,0.0,0.0,108.84875264621144,0.0
2025-07-25 18:50:00,99.15529,0.0,0.0,108.84875264621144,0.0
2025-07-25 18:55:00,90.14542,0.0,0.0,108.84875264621144,0.0
2025-07-25 19:00:00,30.86475,0.0,0.0,108.84875264621144,0.0
2025-07-25 19:05:00,91.84975,0.0,0.0,108.84875264621144,0.0
2025-07-25 19:10:00,167.10467,0.0,100.0,100.06464803463261,1392.5389166666664
2025-07-25 19:15:00,132.35592,0.0,0.0,100.06464803463261,0.0
2025-07-25 19:20:00,160.69939,0.0,100.0,91.28054342305379,1339.161583333333
2025-07-25 19:25:00,89.57231,0.0,0.0,91.28054342305379,0.0
2025-07-25 19:30:00,124.13475,0.0,0.0,91.28054342305379,0.0
2025-07-25 19:35:00,149.49834,0.0,100.0,82.49643881147496,1245.8194999999998
2025-07-25 19:40:00,122.74494,0.0,0.0,82.49643881147496,0.0
2025-07-25 19:45:00,129.37867,0.0,0.0,82.49643881147496,0.0
2025-07-25 19:50:00,68.24638,0.0,0.0,82.49643881147496,0.0
2025-07-25 19:55:00,68.22869,0.0,0.0,82.49643881147496,0.0
2025-07-25 20:00:00,60.93644,0.0,0.0,82.49643881147496,0.0
2025-07-25 20:05:00,81.98,0.0,0.0,82.49643881147496,0.0
2025-07-25 20:10:00,81.98,0.0,0.0,82.49643881147496,0.0
2025-07-25 20:15:00,81.98,0.0,0.0,82.49643881147496,0.0
2025-07-25 20:20:00,0.00013,100.0,0.0,90.4021329618959,-0.001083333333333333
2025-07-25 20:25:00,81.98,0.0,0.0,90.4021329618959,0.0
2025-07-25 20:30:00,90.69858,0.0,0.0,90.4021329618959,0.0
2025-07-25 20:35:00,131.57883,0.0,0.0,90.4021329618959,0.0
2025-07-25 20:40:00,90.69858,0.0,0.0,90.4021329618959,0.0
2025-07-25 20:45:00,131.57844,0.0,0.0,90.4021329618959,0.0
2025-07-25 20:50:00,131.57782,0.0,0.0,90.4021329618959,0.0
2025-07-25 20:55:00,130.24325,0.0,0.0,90.4021329618959,0.0
2025-07-25 21:00:00,48.63957,0.0,0.0,90.4021329618959,0.0
2025-07-25 21:05:00,-2.6216,100.0,0.0,98.30782711231684,21.846666666666664
2025-07-25 21:10:00,20.0,0.0,0.0,98.30782711231684,0.0
2025-07-25 21:15:00,0.01,100.0,0.0,106.21352126273779,-0.08333333333333333
2025-07-25 21:20:00,-2.82,100.0,0.0,114.11921541315873,23.499999999999996
2025-07-25 21:25:00,-2.82,100.0,0.0,122.02490956357967,23.499999999999996
2025-07-25 21:30:00,0.50997,100.0,0.0,129.93060371400063,-4.24975
2025-07-25 21:35:00,-2.82,100.0,0.0,137.83629786442157,23.499999999999996
2025-07-25 21:40:00,-9.96,100.0,0.0,145.7419920148425,83.0
2025-07-25 21:45:00,-11.79,100.0,0.0,153.64768616526345,98.24999999999999
2025-07-25 21:50:00,-9.96,100.0,0.0,161.5533803156844,83.0
2025-07-25 21:55:00,-12.99995,100.0,0.0,169.45907446610533,108.33291666666665
2025-07-25 22:00:00,-13.99976,100.0,0.0,177.36476861652628,116.66466666666665
2025-07-25 22:05:00,-13.99976,33.33333333333427,0.0,180.0,38.88822222222331
2025-07-25 22:10:00,-12.99995,0.0,0.0,180.0,-0.0
2025-07-25 22:15:00,-12.99995,0.0,0.0,180.0,-0.0
2025-07-25 22:20:00,-12.99995,0.0,0.0,180.0,-0.0
2025-07-25 22:25:00,-11.79,0.0,0.0,180.0,-0.0
2025-07-25 22:30:00,-7.41,0.0,0.0,180.0,-0.0
2025-07-25 22:35:00,-7.41,0.0,0.0,180.0,-0.0
2025-07-25 22:40:00,-7.74924,0.0,0.0,180.0,-0.0
2025-07-25 22:45:00,0.0,0.0,0.0,180.0,0.0
2025-07-25 22:50:00,3e-05,0.0,0.0,180.0,0.0
2025-07-25 22:55:00,3e-05,0.0,0.0,180.0,0.0
2025-07-25 23:00:00,-2.82,0.0,0.0,180.0,-0.0
2025-07-25 23:05:00,0.01,0.0,0.0,180.0,0.0
2025-07-25 23:10:00,0.05197,0.0,0.0,180.0,0.0
2025-07-25 23:15:00,0.26258,0.0,0.0,180.0,0.0
2025-07-25 23:20:00,18.9819,0.0,0.0,180.0,0.0
2025-07-25 23:25:00,20.0,0.0,0.0,180.0,0.0
2025-07-25 23:30:00,0.06,0.0,0.0,180.0,0.0
2025-07-25 23:35:00,10.49722,0.0,0.0,180.0,0.0
2025-07-25 23:40:00,20.0,0.0,0.0,180.0,0.0
2025-07-25 23:45:00,0.06,0.0,0.0,180.0,0.0
2025-07-25 23:50:00,8.95,0.0,0.0,180.0,0.0
2025-07-25 23:55:00,0.01,0.0,0.0,180.0,0.0
2025-07-26 00:00:00,-0.99,0.0,0.0,180.0,-0.0
2025-07-26 00:05:00,0.01,0.0,0.0,180.0,0.0
2025-07-26 00:10:00,0.05316,0.0,0.0,180.0,0.0
2025-07-26 00:15:00,0.06,0.0,0.0,180.0,0.0
2025-07-26 00:20:00,0.01,0.0,0.0,180.0,0.0
2025-07-26 00:25:00,0.0,0.0,0.0,180.0,0.0
2025-07-26 00:30:00,0.01,0.0,0.0,180.0,0.0
2025-07-26 00:35:00,0.01,0.0,0.0,180.0,0.0
2025-07-26 00:40:00,0.01,0.0,0.0,180.0,0.0
2025-07-26 00:45:00,0.0,0.0,0.0,180.0,0.0
2025-07-26 00:50:00,0.0,0.0,0.0,180.0,0.0
2025-07-26 00:55:00,0.01,0.0,0.0,180.0,0.0
2025-07-26 01:00:00,3e-05,0.0,0.0,180.0,0.0
2025-07-26 01:05:00,0.01,0.0,0.0,180.0,0.0
2025-07-26 01:10:00,0.00447,0.0,0.0,180.0,0.0
2025-07-26 01:15:00,0.00447,0.0,0.0,180.0,0.0
2025-07-26 01:20:00,0.01,0.0,0.0,180.0,0.0
2025-07-26 01:25:00,-7.41,0.0,0.0,180.0,-0.0
2025-07-26 01:30:00,-9.83,0.0,0.0,180.0,-0.0
2025-07-26 01:35:00,-2.53094,0.0,0.0,180.0,-0.0
2025-07-26 01:40:00,0.01,0.0,0.0,180.0,0.0
2025-07-26 01:45:00,-2.28769,0.0,0.0,180.0,-0.0
2025-07-26 01:50:00,-1.92896,0.0,0.0,180.0,-0.0
2025-07-26 01:55:00,0.00447,0.0,0.0,180.0,0.0
2025-07-26 02:00:00,0.00447,0.0,0.0,180.0,0.0
2025-07-26 02:05:00,0.01,0.0,0.0,180.0,0.0
2025-07-26 02:10:00,0.01,0.0,0.0,180.0,0.0
2025-07-26 02:15:00,3e-05,0.0,0.0,180.0,0.0
2025-07-26 02:20:00,0.0,0.0,0.0,180.0,0.0
2025-07-26 02:25:00,-1.92637,0.0,0.0,180.0,-0.0
2025-07-26 02:30:00,-9.83,0.0,0.0,180.0,-0.0
2025-07-26 02:35:00,0.0,0.0,0.0,180.0,0.0
2025-07-26 02:40:00,0.01,0.0,0.0,180.0,0.0
2025-07-26 02:45:00,0.0,0.0,0.0,180.0,0.0
2025-07-26 02:50:00,-8.79178,0.0,0.0,180.0,-0.0
2025-07-26 02:55:00,-2.139,0.0,0.0,180.0,-0.0
2025-07-26 03:00:00,-2.16545,0.0,0.0,180.0,-0.0
2025-07-26 03:05:00,-2.82,0.0,0.0,180.0,-0.0
2025-07-26 03:10:00,-8.71802,0.0,0.0,180.0,-0.0
2025-07-26 03:15:00,0.0,0.0,0.0,180.0,0.0
2025-07-26 03:20:00,0.0,0.0,0.0,180.0,0.0
2025-07-26 03:25:00,-2.21825,0.0,0.0,180.0,-0.0
2025-07-26 03:30:00,-8.84198,0.0,0.0,180.0,-0.0
2025-07-26 03:35:00,-8.75321,0.0,0.0,180.0,-0.0
2025-07-26 03:40:00,-7.41,0.0,0.0,180.0,-0.0
2025-07-26 03:45:00,0.0,0.0,0.0,180.0,0.0
2025-07-26 03:50:00,-2.82,0.0,0.0,180.0,-0.0
2025-07-26 03:55:00,-2.82,0.0,0.0,180.0,-0.0
2025-07-26 04:00:00,-8.6805,0.0,0.0,180.0,-0.0
2025-07-26 04:05:00,-9.83,0.0,0.0,180.0,-0.0
2025-07-26 04:10:00,-7.41,0.0,0.0,180.0,-0.0
2025-07-26 04:15:00,-12.0,0.0,0.0,180.0,-0.0
2025-07-26 04:20:00,-2.16778,0.0,0.0,180.0,-0.0
2025-07-26 04:25:00,-9.83,0.0,0.0,180.0,-0.0
2025-07-26 04:30:00,-8.95166,0.0,0.0,180.0,-0.0
2025-07-26 04:35:00,-2.27045,0.0,0.0,180.0,-0.0
2025-07-26 04:40:00,-7.41,0.0,0.0,180.0,-0.0
2025-07-26 04:45:00,-2.82,0.0,0.0,180.0,-0.0
2025-07-26 04:50:00,-2.82,0.0,0.0,180.0,-0.0
2025-07-26 04:55:00,-2.82,0.0,0.0,180.0,-0.0
2025-07-26 05:00:00,-2.22893,0.0,0.0,180.0,-0.0
2025-07-26 05:05:00,-12.0,0.0,0.0,180.0,-0.0
2025-07-26 05:10:00,0.0,0.0,0.0,180.0,0.0
2025-07-26 05:15:00,-2.82,0.0,0.0,180.0,-0.0
2025-07-26 05:20:00,0.01,0.0,0.0,180.0,0.0
2025-07-26 05:25:00,0.01,0.0,0.0,180.0,0.0
2025-07-26 05:30:00,0.01,0.0,0.0,180.0,0.0
2025-07-26 05:35:00,0.20003,0.0,0.0,180.0,0.0
2025-07-26 05:40:00,0.01,0.0,0.0,180.0,0.0
2025-07-26 05:45:00,0.01,0.0,0.0,180.0,0.0
2025-07-26 05:50:00,0.01,0.0,0.0,180.0,0.0
2025-07-26 05:55:00,0.01,0.0,0.0,180.0,0.0
2025-07-26 06:00:00,20.04,0.0,0.0,180.0,0.0
2025-07-26 06:05:00,20.04,0.0,0.0,180.0,0.0
2025-07-26 06:10:00,20.0,0.0,0.0,180.0,0.0
2025-07-26 06:15:00,20.0,0.0,0.0,180.0,0.0
2025-07-26 06:20:00,20.0,0.0,0.0,180.0,0.0
2025-07-26 06:25:00,20.0,0.0,0.0,180.0,0.0
2025-07-26 06:30:00,45.89,0.0,0.0,180.0,0.0
2025-07-26 06:35:00,20.0,0.0,0.0,180.0,0.0
2025-07-26 06:40:00,8.94982,0.0,0.0,180.0,0.0
2025-07-26 06:45:00,50.62461,0.0,0.0,180.0,0.0
2025-07-26 06:50:00,12.42,0.0,0.0,180.0,0.0
2025-07-26 06:55:00,8.94982,0.0,0.0,180.0,0.0
2025-07-26 07:00:00,8.9506,0.0,0.0,180.0,0.0
2025-07-26 07:05:00,49.13993,0.0,0.0,180.0,0.0
2025-07-26 07:10:00,8.95,0.0,0.0,180.0,0.0
2025-07-26 07:15:00,8.95,0.0,0.0,180.0,0.0
2025-07-26 07:20:00,8.95023,0.0,0.0,180.0,0.0
2025-07-26 07:25:00,19.18,0.0,0.0,180.0,0.0
2025-07-26 07:30:00,19.18,0.0,0.0,180.0,0.0
2025-07-26 07:35:00,8.95,0.0,0.0,180.0,0.0
2025-07-26 07:40:00,37.45137,0.0,0.0,180.0,0.0
2025-07-26 07:45:00,42.81648,0.0,0.0,180.0,0.0
2025-07-26 07:50:00,53.47631,0.0,0.0,180.0,0.0
2025-07-26 07:55:00,70.80411,0.0,0.0,180.0,0.0
2025-07-26 08:00:00,73.20343,0.0,0.0,180.0,0.0
2025-07-26 08:05:00,95.12347,0.0,0.0,180.0,0.0
2025-07-26 08:10:00,69.43739,0.0,0.0,180.0,0.0
2025-07-26 08:15:00,75.8,0.0,0.0,180.0,0.0
2025-07-26 08:20:00,70.39544,0.0,0.0,180.0,0.0
2025-07-26 08:25:00,70.91104,0.0,0.0,180.0,0.0
2025-07-26 08:30:00,74.24071,0.0,0.0,180.0,0.0
2025-07-26 08:35:00,75.89,0.0,0.0,180.0,0.0
2025-07-26 08:40:00,82.79017,0.0,0.0,180.0,0.0
2025-07-26 08:45:00,79.93712,0.0,0.0,180.0,0.0
2025-07-26 08:50:00,75.8,0.0,0.0,180.0,0.0
2025-07-26 08:55:00,75.19388,0.0,0.0,180.0,0.0
2025-07-26 09:00:00,75.8,0.0,0.0,180.0,0.0
2025-07-26 09:05:00,80.08503,0.0,0.0,180.0,0.0
2025-07-26 09:10:00,75.8,0.0,0.0,180.0,0.0
2025-07-26 09:15:00,79.41,0.0,0.0,180.0,0.0
2025-07-26 09:20:00,75.89,0.0,0.0,180.0,0.0
2025-07-26 09:25:00,67.83785,0.0,0.0,180.0,0.0
2025-07-26 09:30:00,80.43672,0.0,0.0,180.0,0.0
2025-07-26 09:35:00,77.75834,0.0,0.0,180.0,0.0
2025-07-26 09:40:00,99.85527,0.0,0.0,180.0,0.0
2025-07-26 09:45:00,77.23398,0.0,0.0,180.0,0.0
2025-07-26 09:50:00,75.89,0.0,0.0,180.0,0.0
2025-07-26 09:55:00,75.89,0.0,0.0,180.0,0.0
2025-07-26 10:00:00,75.8,0.0,0.0,180.0,0.0
2025-07-26 10:05:00,75.8,0.0,0.0,180.0,0.0
2025-07-26 10:10:00,93.5622,0.0,0.0,180.0,0.0
2025-07-26 10:15:00,75.8,0.0,0.0,180.0,0.0
2025-07-26 10:20:00,75.89,0.0,0.0,180.0,0.0
2025-07-26 10:25:00,83.03462,0.0,0.0,180.0,0.0
2025-07-26 10:30:00,110.79603,0.0,0.0,180.0,0.0
2025-07-26 10:35:00,77.75133,0.0,0.0,180.0,0.0
2025-07-26 10:40:00,94.61643,0.0,0.0,180.0,0.0
2025-07-26 10:45:00,83.49,0.0,0.0,180.0,0.0
2025-07-26 10:50:00,80.72281,0.0,0.0,180.0,0.0
2025-07-26 10:55:00,81.22596,0.0,0.0,180.0,0.0
2025-07-26 11:00:00,78.1114,0.0,0.0,180.0,0.0
2025-07-26 11:05:00,77.87,0.0,0.0,180.0,0.0
2025-07-26 11:10:00,76.98526,0.0,0.0,180.0,0.0
2025-07-26 11:15:00,77.44343,0.0,0.0,180.0,0.0
2025-07-26 11:20:00,70.34268,0.0,0.0,180.0,0.0
2025-07-26 11:25:00,75.8,0.0,0.0,180.0,0.0
2025-07-26 11:30:00,75.75204,0.0,0.0,180.0,0.0
2025-07-26 11:35:00,74.70436,0.0,0.0,180.0,0.0
2025-07-26 11:40:00,74.5817,0.0,0.0,180.0,0.0
2025-07-26 11:45:00,75.8,0.0,0.0,180.0,0.0
2025-07-26 11:50:00,75.8,0.0,0.0,180.0,0.0
2025-07-26 11:55:00,73.08898,0.0,0.0,180.0,0.0
2025-07-26 12:00:00,67.90998,0.0,0.0,180.0,0.0
2025-07-26 12:05:00,50.04586,0.0,0.0,180.0,0.0
2025-07-26 12:10:00,57.13315,0.0,0.0,180.0,0.0
2025-07-26 12:15:00,57.6648,0.0,0.0,180.0,0.0
2025-07-26 12:20:00,50.24498,0.0,0.0,180.0,0.0
2025-07-26 12:25:00,20.0,0.0,0.0,180.0,0.0
2025-07-26 12:30:00,29.03486,0.0,0.0,180.0,0.0
2025-07-26 12:35:00,22.63061,0.0,0.0,180.0,0.0
2025-07-26 12:40:00,62.01,0.0,0.0,180.0,0.0
2025-07-26 12:45:00,27.21582,0.0,0.0,180.0,0.0
2025-07-26 12:50:00,20.56007,0.0,0.0,180.0,0.0
2025-07-26 12:55:00,49.4624,0.0,0.0,180.0,0.0
2025-07-26 13:00:00,45.33928,0.0,0.0,180.0,0.0
2025-07-26 13:05:00,48.32769,0.0,0.0,180.0,0.0
2025-07-26 13:10:00,90.09405,0.0,0.0,180.0,0.0
2025-07-26 13:15:00,66.26549,0.0,0.0,180.0,0.0
2025-07-26 13:20:00,74.09103,0.0,0.0,180.0,0.0
2025-07-26 13:25:00,48.56789,0.0,0.0,180.0,0.0
2025-07-26 13:30:00,55.15085,0.0,0.0,180.0,0.0
2025-07-26 13:35:00,46.66596,0.0,0.0,180.0,0.0
2025-07-26 13:40:00,36.18598,0.0,0.0,180.0,0.0
2025-07-26 13:45:00,63.9641,0.0,0.0,180.0,0.0
2025-07-26 13:50:00,63.83572,0.0,0.0,180.0,0.0
2025-07-26 13:55:00,63.68138,0.0,0.0,180.0,0.0
2025-07-26 14:00:00,56.74299,0.0,0.0,180.0,0.0
2025-07-26 14:05:00,66.62647,0.0,0.0,180.0,0.0
2025-07-26 14:10:00,60.596,0.0,0.0,180.0,0.0
2025-07-26 14:15:00,76.36,0.0,0.0,180.0,0.0
2025-07-26 14:20:00,59.59111,0.0,0.0,180.0,0.0
2025-07-26 14:25:00,63.31581,0.0,0.0,180.0,0.0
2025-07-26 14:30:00,67.58742,0.0,0.0,180.0,0.0
2025-07-26 14:35:00,58.50906,0.0,0.0,180.0,0.0
2025-07-26 14:40:00,62.66317,0.0,0.0,180.0,0.0
2025-07-26 14:45:00,52.9603,0.0,0.0,180.0,0.0
2025-07-26 14:50:00,58.96571,0.0,0.0,180.0,0.0
2025-07-26 14:55:00,63.96405,0.0,0.0,180.0,0.0
2025-07-26 15:00:00,60.57837,0.0,0.0,180.0,0.0
2025-07-26 15:05:00,63.60996,0.0,0.0,180.0,0.0
2025-07-26 15:10:00,70.14685,0.0,0.0,180.0,0.0
2025-07-26 15:15:00,62.97068,0.0,0.0,180.0,0.0
2025-07-26 15:20:00,77.62593,0.0,0.0,180.0,0.0
2025-07-26 15:25:00,77.81945,0.0,0.0,180.0,0.0
2025-07-26 15:30:00,83.0218,0.0,0.0,180.0,0.0
2025-07-26 15:35:00,73.40853,0.0,0.0,180.0,0.0
2025-07-26 15:40:00,84.4761,0.0,0.0,180.0,0.0
2025-07-26 15:45:00,77.78693,0.0,0.0,180.0,0.0
2025-07-26 15:50:00,113.63265,0.0,0.0,180.0,0.0
2025-07-26 15:55:00,82.99847,0.0,0.0,180.0,0.0
2025-07-26 16:00:00,120.0,0.0,0.0,180.0,0.0
2025-07-26 16:05:00,80.0,0.0,0.0,180.0,0.0
2025-07-26 16:10:00,79.14,0.0,0.0,180.0,0.0
2025-07-26 16:15:00,78.43926,0.0,0.0,180.0,0.0
2025-07-26 16:20:00,80.0,0.0,0.0,180.0,0.0
2025-07-26 16:25:00,78.70065,0.0,0.0,180.0,0.0
2025-07-26 16:30:00,87.23035,0.0,0.0,180.0,0.0
2025-07-26 16:35:00,80.0,0.0,0.0,180.0,0.0
2025-07-26 16:40:00,80.0,0.0,0.0,180.0,0.0
2025-07-26 16:45:00,80.0,0.0,0.0,180.0,0.0
2025-07-26 16:50:00,91.57851,0.0,0.0,180.0,0.0
2025-07-26 16:55:00,90.54483,0.0,0.0,180.0,0.0
2025-07-26 17:00:00,80.0,0.0,0.0,180.0,0.0
2025-07-26 17:05:00,91.8388,0.0,0.0,180.0,0.0
2025-07-26 17:10:00,80.0,0.0,0.0,180.0,0.0
2025-07-26 17:15:00,87.80911,0.0,0.0,180.0,0.0
2025-07-26 17:20:00,80.0,0.0,0.0,180.0,0.0
2025-07-26 17:25:00,80.0,0.0,0.0,180.0,0.0
2025-07-26 17:30:00,118.02,0.0,0.0,180.0,0.0
2025-07-26 17:35:00,80.0,0.0,0.0,180.0,0.0
2025-07-26 17:40:00,80.0,0.0,0.0,180.0,0.0
2025-07-26 17:45:00,80.75325,0.0,0.0,180.0,0.0
2025-07-26 17:50:00,93.98612,0.0,0.0,180.0,0.0
2025-07-26 17:55:00,80.0,0.0,0.0,180.0,0.0
2025-07-26 18:00:00,89.66109,0.0,0.0,180.0,0.0
2025-07-26 18:05:00,80.0,0.0,0.0,180.0,0.0
2025-07-26 18:10:00,93.08366,0.0,0.0,180.0,0.0
2025-07-26 18:15:00,90.7097,0.0,0.0,180.0,0.0
2025-07-26 18:20:00,90.01509,0.0,0.0,180.0,0.0
2025-07-26 18:25:00,82.98,0.0,0.0,180.0,0.0
2025-07-26 18:30:00,90.43351,0.0,0.0,180.0,0.0
2025-07-26 18:35:00,86.40021,0.0,0.0,180.0,0.0
2025-07-26 18:40:00,80.0,0.0,0.0,180.0,0.0
2025-07-26 18:45:00,91.20513,0.0,0.0,180.0,0.0
2025-07-26 18:50:00,82.98,0.0,0.0,180.0,0.0
2025-07-26 18:55:00,83.12627,0.0,0.0,180.0,0.0
2025-07-26 19:00:00,85.80032,0.0,0.0,180.0,0.0
2025-07-26 19:05:00,114.23052,0.0,0.0,180.0,0.0
2025-07-26 19:10:00,93.17889,0.0,0.0,180.0,0.0
2025-07-26 19:15:00,82.99,0.0,0.0,180.0,0.0
2025-07-26 19:20:00,80.0,0.0,0.0,180.0,0.0
2025-07-26 19:25:00,84.89918,0.0,0.0,180.0,0.0
2025-07-26 19:30:00,84.31541,0.0,0.0,180.0,0.0
2025-07-26 19:35:00,126.11,0.0,0.0,180.0,0.0
2025-07-26 19:40:00,125.85,0.0,0.0,180.0,0.0
2025-07-26 19:45:00,125.49,0.0,0.0,180.0,0.0
2025-07-26 19:50:00,125.49,0.0,0.0,180.0,0.0
2025-07-26 19:55:00,131.23,0.0,0.0,180.0,0.0
2025-07-26 20:00:00,131.23,0.0,0.0,180.0,0.0
2025-07-26 20:05:00,86.89445,0.0,0.0,180.0,0.0
2025-07-26 20:10:00,126.05,0.0,0.0,180.0,0.0
2025-07-26 20:15:00,131.23,0.0,0.0,180.0,0.0
2025-07-26 20:20:00,125.78,0.0,0.0,180.0,0.0
2025-07-26 20:25:00,131.23,0.0,0.0,180.0,0.0
2025-07-26 20:30:00,134.37097,0.0,0.0,180.0,0.0
2025-07-26 20:35:00,136.83343,0.0,100.0,171.21589538842116,1140.278583333333
2025-07-26 20:40:00,131.23,0.0,0.0,171.21589538842116,0.0
2025-07-26 20:45:00,131.23,0.0,0.0,171.21589538842116,0.0
2025-07-26 20:50:00,131.23,0.0,0.0,171.21589538842116,0.0
2025-07-26 20:55:00,131.23,0.0,0.0,171.21589538842116,0.0
2025-07-26 21:00:00,131.23,0.0,0.0,171.21589538842116,0.0
2025-07-26 21:05:00,131.23,0.0,0.0,171.21589538842116,0.0
2025-07-26 21:10:00,131.23,0.0,0.0,171.21589538842116,0.0
2025-07-26 21:15:00,131.23,0.0,0.0,171.21589538842116,0.0
2025-07-26 21:20:00,128.40202,0.0,0.0,171.21589538842116,0.0
2025-07-26 21:25:00,98.51309,0.0,0.0,171.21589538842116,0.0
2025-07-26 21:30:00,83.52183,0.0,0.0,171.21589538842116,0.0
2025-07-26 21:35:00,131.23,0.0,0.0,171.21589538842116,0.0
2025-07-26 21:40:00,131.23,0.0,0.0,171.21589538842116,0.0
2025-07-26 21:45:00,97.34094,0.0,0.0,171.21589538842116,0.0
2025-07-26 21:50:00,82.98,0.0,0.0,171.21589538842116,0.0
2025-07-26 21:55:00,89.76323,0.0,0.0,171.21589538842116,0.0
2025-07-26 22:00:00,83.27268,0.0,0.0,171.21589538842116,0.0
2025-07-26 22:05:00,80.44023,0.0,0.0,171.21589538842116,0.0
2025-07-26 22:10:00,88.78093,0.0,0.0,171.21589538842116,0.0
2025-07-26 22:15:00,88.64539,0.0,0.0,171.21589538842116,0.0
2025-07-26 22:20:00,80.0,0.0,0.0,171.21589538842116,0.0
2025-07-26 22:25:00,80.0,0.0,0.0,171.21589538842116,0.0
2025-07-26 22:30:00,80.0,0.0,0.0,171.21589538842116,0.0
2025-07-26 22:35:00,80.0,0.0,0.0,171.21589538842116,0.0
2025-07-26 22:40:00,80.0,0.0,0.0,171.21589538842116,0.0
2025-07-26 22:45:00,80.0,0.0,0.0,171.21589538842116,0.0
2025-07-26 22:50:00,78.51467,0.0,0.0,171.21589538842116,0.0
2025-07-26 22:55:00,76.67333,0.0,0.0,171.21589538842116,0.0
2025-07-26 23:00:00,70.15257,0.0,0.0,171.21589538842116,0.0
2025-07-26 23:05:00,76.25527,0.0,0.0,171.21589538842116,0.0
2025-07-26 23:10:00,80.0,0.0,0.0,171.21589538842116,0.0
2025-07-26 23:15:00,80.0,0.0,0.0,171.21589538842116,0.0
2025-07-26 23:20:00,70.81895,0.0,0.0,171.21589538842116,0.0
2025-07-26 23:25:00,73.02304,0.0,0.0,171.21589538842116,0.0
2025-07-26 23:30:00,76.94971,0.0,0.0,171.21589538842116,0.0
2025-07-26 23:35:00,75.85479,0.0,0.0,171.21589538842116,0.0
2025-07-26 23:40:00,75.99964,0.0,0.0,171.21589538842116,0.0
2025-07-26 23:45:00,75.6476,0.0,0.0,171.21589538842116,0.0
2025-07-26 23:50:00,72.55801,0.0,0.0,171.21589538842116,0.0
2025-07-26 23:55:00,71.13443,0.0,0.0,171.21589538842116,0.0
2025-07-27 00:00:00,71.57932,0.0,0.0,171.21589538842116,0.0
2025-07-27 00:05:00,73.67809,0.0,0.0,171.21589538842116,0.0
2025-07-27 00:10:00,72.51669,0.0,0.0,171.21589538842116,0.0
2025-07-27 00:15:00,68.00836,0.0,0.0,171.21589538842116,0.0
2025-07-27 00:20:00,71.76821,0.0,0.0,171.21589538842116,0.0
2025-07-27 00:25:00,70.30024,0.0,0.0,171.21589538842116,0.0
2025-07-27 00:30:00,66.57889,0.0,0.0,171.21589538842116,0.0
2025-07-27 00:35:00,69.87372,0.0,0.0,171.21589538842116,0.0
2025-07-27 00:40:00,70.08631,0.0,0.0,171.21589538842116,0.0
2025-07-27 00:45:00,67.57815,0.0,0.0,171.21589538842116,0.0
2025-07-27 00:50:00,52.87979,0.0,0.0,171.21589538842116,0.0
2025-07-27 00:55:00,65.34596,0.0,0.0,171.21589538842116,0.0
2025-07-27 01:00:00,51.67913,0.0,0.0,171.21589538842116,0.0
2025-07-27 01:05:00,59.31437,0.0,0.0,171.21589538842116,0.0
2025-07-27 01:10:00,59.17667,0.0,0.0,171.21589538842116,0.0
2025-07-27 01:15:00,51.60303,0.0,0.0,171.21589538842116,0.0
2025-07-27 01:20:00,52.01148,0.0,0.0,171.21589538842116,0.0
2025-07-27 01:25:00,51.9881,0.0,0.0,171.21589538842116,0.0
2025-07-27 01:30:00,52.02253,0.0,0.0,171.21589538842116,0.0
2025-07-27 01:35:00,52.32793,0.0,0.0,171.21589538842116,0.0
2025-07-27 01:40:00,54.1942,0.0,0.0,171.21589538842116,0.0
2025-07-27 01:45:00,52.37489,0.0,0.0,171.21589538842116,0.0
2025-07-27 01:50:00,48.01927,0.0,0.0,171.21589538842116,0.0
2025-07-27 01:55:00,51.95236,0.0,0.0,171.21589538842116,0.0
2025-07-27 02:00:00,51.19576,0.0,0.0,171.21589538842116,0.0
2025-07-27 02:05:00,51.156,0.0,0.0,171.21589538842116,0.0
2025-07-27 02:10:00,50.32724,0.0,0.0,171.21589538842116,0.0
2025-07-27 02:15:00,50.34089,0.0,0.0,171.21589538842116,0.0
2025-07-27 02:20:00,45.89,0.0,0.0,171.21589538842116,0.0
2025-07-27 02:25:00,49.60632,0.0,0.0,171.21589538842116,0.0
2025-07-27 02:30:00,45.89,0.0,0.0,171.21589538842116,0.0
2025-07-27 02:35:00,35.94002,0.0,0.0,171.21589538842116,0.0
2025-07-27 02:40:00,45.89,0.0,0.0,171.21589538842116,0.0
2025-07-27 02:45:00,45.89,0.0,0.0,171.21589538842116,0.0
2025-07-27 02:50:00,45.89,0.0,0.0,171.21589538842116,0.0
2025-07-27 02:55:00,35.94002,0.0,0.0,171.21589538842116,0.0
2025-07-27 03:00:00,20.0,0.0,0.0,171.21589538842116,0.0
2025-07-27 03:05:00,38.69049,0.0,0.0,171.21589538842116,0.0
2025-07-27 03:10:00,35.94003,0.0,0.0,171.21589538842116,0.0
2025-07-27 03:15:00,33.30156,0.0,0.0,171.21589538842116,0.0
2025-07-27 03:20:00,35.94003,0.0,0.0,171.21589538842116,0.0
2025-07-27 03:25:00,35.94003,0.0,0.0,171.21589538842116,0.0
2025-07-27 03:30:00,35.94003,0.0,0.0,171.21589538842116,0.0
2025-07-27 03:35:00,20.0,0.0,0.0,171.21589538842116,0.0
2025-07-27 03:40:00,20.0,0.0,0.0,171.21589538842116,0.0
2025-07-27 03:45:00,35.47805,0.0,0.0,171.21589538842116,0.0
2025-07-27 03:50:00,35.47805,0.0,0.0,171.21589538842116,0.0
2025-07-27 03:55:00,20.0,0.0,0.0,171.21589538842116,0.0
2025-07-27 04:00:00,20.0,0.0,0.0,171.21589538842116,0.0
2025-07-27 04:05:00,20.0,0.0,0.0,171.21589538842116,0.0
2025-07-27 04:10:00,20.0,0.0,0.0,171.21589538842116,0.0
2025-07-27 04:15:00,21.76,0.0,0.0,171.21589538842116,0.0
2025-07-27 04:20:00,19.18,0.0,0.0,171.21589538842116,0.0
2025-07-27 04:25:00,19.18,0.0,0.0,171.21589538842116,0.0
2025-07-27 04:30:00,19.18,0.0,0.0,171.21589538842116,0.0
2025-07-27 04:35:00,18.17994,0.0,0.0,171.21589538842116,0.0
2025-07-27 04:40:00,19.18,0.0,0.0,171.21589538842116,0.0
2025-07-27 04:45:00,19.18,0.0,0.0,171.21589538842116,0.0
2025-07-27 04:50:00,20.0,0.0,0.0,171.21589538842116,0.0
2025-07-27 04:55:00,19.18,0.0,0.0,171.21589538842116,0.0
2025-07-27 05:00:00,0.06,100.0,0.0,179.1215895388421,-0.4999999999999999
2025-07-27 05:05:00,19.18,0.0,0.0,179.1215895388421,0.0
2025-07-27 05:10:00,19.18,0.0,0.0,179.1215895388421,0.0
2025-07-27 05:15:00,20.0,0.0,0.0,179.1215895388421,0.0
2025-07-27 05:20:00,19.18,0.0,0.0,179.1215895388421,0.0
2025-07-27 05:25:00,20.0,0.0,0.0,179.1215895388421,0.0
2025-07-27 05:30:00,19.18,0.0,0.0,179.1215895388421,0.0
2025-07-27 05:35:00,20.0,0.0,0.0,179.1215895388421,0.0
2025-07-27 05:40:00,20.0,0.0,0.0,179.1215895388421,0.0
2025-07-27 05:45:00,35.94,0.0,0.0,179.1215895388421,0.0
2025-07-27 05:50:00,20.0,0.0,0.0,179.1215895388421,0.0
2025-07-27 05:55:00,20.0,0.0,0.0,179.1215895388421,0.0
2025-07-27 06:00:00,35.94,0.0,0.0,179.1215895388421,0.0
2025-07-27 06:05:00,35.94004,0.0,0.0,179.1215895388421,0.0
2025-07-27 06:10:00,20.0,0.0,0.0,179.1215895388421,0.0
2025-07-27 06:15:00,20.0,0.0,0.0,179.1215895388421,0.0
2025-07-27 06:20:00,20.0,0.0,0.0,179.1215895388421,0.0
2025-07-27 06:25:00,20.0,0.0,0.0,179.1215895388421,0.0
2025-07-27 06:30:00,20.0,0.0,0.0,179.1215895388421,0.0
2025-07-27 06:35:00,19.18,0.0,0.0,179.1215895388421,0.0
2025-07-27 06:40:00,19.18005,0.0,0.0,179.1215895388421,0.0
2025-07-27 06:45:00,21.4996,0.0,0.0,179.1215895388421,0.0
2025-07-27 06:50:00,43.27,0.0,0.0,179.1215895388421,0.0
2025-07-27 06:55:00,45.89,0.0,0.0,179.1215895388421,0.0
2025-07-27 07:00:00,54.38978,0.0,0.0,179.1215895388421,0.0
2025-07-27 07:05:00,62.75785,0.0,0.0,179.1215895388421,0.0
2025-07-27 07:10:00,61.21072,0.0,0.0,179.1215895388421,0.0
2025-07-27 07:15:00,28.73,0.0,0.0,179.1215895388421,0.0
2025-07-27 07:20:00,49.46218,0.0,0.0,179.1215895388421,0.0
2025-07-27 07:25:00,20.0,0.0,0.0,179.1215895388421,0.0
2025-07-27 07:30:00,47.71437,0.0,0.0,179.1215895388421,0.0
2025-07-27 07:35:00,49.42098,0.0,0.0,179.1215895388421,0.0
2025-07-27 07:40:00,50.32093,0.0,0.0,179.1215895388421,0.0
2025-07-27 07:45:00,51.0761,0.0,0.0,179.1215895388421,0.0
2025-07-27 07:50:00,50.66856,0.0,0.0,179.1215895388421,0.0
2025-07-27 07:55:00,32.25487,0.0,0.0,179.1215895388421,0.0
2025-07-27 08:00:00,51.14023,0.0,0.0,179.1215895388421,0.0
2025-07-27 08:05:00,44.99531,0.0,0.0,179.1215895388421,0.0
2025-07-27 08:10:00,32.35838,0.0,0.0,179.1215895388421,0.0
2025-07-27 08:15:00,32.61589,0.0,0.0,179.1215895388421,0.0
2025-07-27 08:20:00,20.0,0.0,0.0,179.1215895388421,0.0
2025-07-27 08:25:00,33.11556,0.0,0.0,179.1215895388421,0.0
2025-07-27 08:30:00,20.0,0.0,0.0,179.1215895388421,0.0
2025-07-27 08:35:00,34.92308,0.0,0.0,179.1215895388421,0.0
2025-07-27 08:40:00,57.92788,0.0,0.0,179.1215895388421,0.0
2025-07-27 08:45:00,58.84442,0.0,0.0,179.1215895388421,0.0
2025-07-27 08:50:00,51.59368,0.0,0.0,179.1215895388421,0.0
2025-07-27 08:55:00,50.4846,0.0,0.0,179.1215895388421,0.0
2025-07-27 09:00:00,12.89452,0.0,0.0,179.1215895388421,0.0
2025-07-27 09:05:00,35.92698,0.0,0.0,179.1215895388421,0.0
2025-07-27 09:10:00,35.19,0.0,0.0,179.1215895388421,0.0
2025-07-27 09:15:00,46.42218,0.0,0.0,179.1215895388421,0.0
2025-07-27 09:20:00,35.49236,0.0,0.0,179.1215895388421,0.0
2025-07-27 09:25:00,36.82685,0.0,0.0,179.1215895388421,0.0
2025-07-27 09:30:00,20.0,0.0,0.0,179.1215895388421,0.0
2025-07-27 09:35:00,51.41838,0.0,0.0,179.1215895388421,0.0
2025-07-27 09:40:00,51.26839,0.0,0.0,179.1215895388421,0.0
2025-07-27 09:45:00,32.54674,0.0,0.0,179.1215895388421,0.0
2025-07-27 09:50:00,20.0,0.0,0.0,179.1215895388421,0.0
2025-07-27 09:55:00,0.05,11.111111111111304,0.0,180.0,-0.046296296296297106
2025-07-27 10:00:00,0.01,0.0,0.0,180.0,0.0
2025-07-27 10:05:00,8.94942,0.0,0.0,180.0,0.0
2025-07-27 10:10:00,12.43,0.0,0.0,180.0,0.0
2025-07-27 10:15:00,22.21517,0.0,0.0,180.0,0.0
2025-07-27 10:20:00,17.41132,0.0,0.0,180.0,0.0
2025-07-27 10:25:00,0.06,0.0,0.0,180.0,0.0
2025-07-27 10:30:00,3e-05,0.0,0.0,180.0,0.0
2025-07-27 10:35:00,0.16128,0.0,0.0,180.0,0.0
2025-07-27 10:40:00,35.71855,0.0,0.0,180.0,0.0
2025-07-27 10:45:00,9.1647,0.0,0.0,180.0,0.0
2025-07-27 10:50:00,0.06,0.0,0.0,180.0,0.0
2025-07-27 10:55:00,0.06,0.0,0.0,180.0,0.0
2025-07-27 11:00:00,11.11866,0.0,0.0,180.0,0.0
2025-07-27 11:05:00,8.95,0.0,0.0,180.0,0.0
2025-07-27 11:10:00,0.06,0.0,0.0,180.0,0.0
2025-07-27 11:15:00,0.0,0.0,0.0,180.0,0.0
2025-07-27 11:20:00,0.06,0.0,0.0,180.0,0.0
2025-07-27 11:25:00,8.95,0.0,0.0,180.0,0.0
2025-07-27 11:30:00,1.20651,0.0,0.0,180.0,0.0
2025-07-27 11:35:00,8.95,0.0,0.0,180.0,0.0
2025-07-27 11:40:00,8.95,0.0,0.0,180.0,0.0
2025-07-27 11:45:00,-7.41,0.0,0.0,180.0,-0.0
2025-07-27 11:50:00,3e-05,0.0,0.0,180.0,0.0
2025-07-27 11:55:00,8.95,0.0,0.0,180.0,0.0
2025-07-27 12:00:00,0.0,0.0,0.0,180.0,0.0
2025-07-27 12:05:00,3e-05,0.0,0.0,180.0,0.0
2025-07-27 12:10:00,11.18465,0.0,0.0,180.0,0.0
2025-07-27 12:15:00,8.95,0.0,0.0,180.0,0.0
2025-07-27 12:20:00,0.12378,0.0,0.0,180.0,0.0
2025-07-27 12:25:00,0.05,0.0,0.0,180.0,0.0
2025-07-27 12:30:00,0.05,0.0,0.0,180.0,0.0
2025-07-27 12:35:00,0.05,0.0,0.0,180.0,0.0
2025-07-27 12:40:00,8.95021,0.0,0.0,180.0,0.0
2025-07-27 12:45:00,0.01235,0.0,0.0,180.0,0.0
2025-07-27 12:50:00,-13.99976,0.0,0.0,180.0,-0.0
2025-07-27 12:55:00,8.95,0.0,0.0,180.0,0.0
2025-07-27 13:00:00,8.95,0.0,0.0,180.0,0.0
2025-07-27 13:05:00,0.05,0.0,0.0,180.0,0.0
2025-07-27 13:10:00,-0.51469,0.0,0.0,180.0,-0.0
2025-07-27 13:15:00,20.0,0.0,0.0,180.0,0.0
2025-07-27 13:20:00,8.95,0.0,0.0,180.0,0.0
2025-07-27 13:25:00,17.33422,0.0,0.0,180.0,0.0
2025-07-27 13:30:00,8.95,0.0,0.0,180.0,0.0
2025-07-27 13:35:00,8.95,0.0,0.0,180.0,0.0
2025-07-27 13:40:00,20.0,0.0,0.0,180.0,0.0
2025-07-27 13:45:00,0.05,0.0,0.0,180.0,0.0
2025-07-27 13:50:00,8.94916,0.0,0.0,180.0,0.0
2025-07-27 13:55:00,22.64568,0.0,0.0,180.0,0.0
2025-07-27 14:00:00,0.05,0.0,0.0,180.0,0.0
2025-07-27 14:05:00,8.95,0.0,0.0,180.0,0.0
2025-07-27 14:10:00,8.95,0.0,0.0,180.0,0.0
2025-07-27 14:15:00,20.76,0.0,0.0,180.0,0.0
2025-07-27 14:20:00,20.0,0.0,0.0,180.0,0.0
2025-07-27 14:25:00,8.95,0.0,0.0,180.0,0.0
2025-07-27 14:30:00,13.28953,0.0,0.0,180.0,0.0
2025-07-27 14:35:00,20.76008,0.0,0.0,180.0,0.0
2025-07-27 14:40:00,8.95019,0.0,0.0,180.0,0.0
2025-07-27 14:45:00,-1.06,0.0,0.0,180.0,-0.0
2025-07-27 14:50:00,20.0,0.0,0.0,180.0,0.0
2025-07-27 14:55:00,21.14229,0.0,0.0,180.0,0.0
2025-07-27 15:00:00,20.0,0.0,0.0,180.0,0.0
2025-07-27 15:05:00,8.95,0.0,0.0,180.0,0.0
2025-07-27 15:10:00,40.15004,0.0,0.0,180.0,0.0
2025-07-27 15:15:00,20.0,0.0,0.0,180.0,0.0
2025-07-27 15:20:00,36.15,0.0,0.0,180.0,0.0
2025-07-27 15:25:00,33.24643,0.0,0.0,180.0,0.0
2025-07-27 15:30:00,0.05,0.0,0.0,180.0,0.0
2025-07-27 15:35:00,8.95,0.0,0.0,180.0,0.0
2025-07-27 15:40:00,8.95,0.0,0.0,180.0,0.0
2025-07-27 15:45:00,20.0,0.0,0.0,180.0,0.0
2025-07-27 15:50:00,23.84,0.0,0.0,180.0,0.0
2025-07-27 15:55:00,0.05,0.0,0.0,180.0,0.0
2025-07-27 16:00:00,8.95,0.0,0.0,180.0,0.0
2025-07-27 16:05:00,0.05,0.0,0.0,180.0,0.0
2025-07-27 16:10:00,8.95071,0.0,0.0,180.0,0.0
2025-07-27 16:15:00,8.95,0.0,0.0,180.0,0.0
2025-07-27 16:20:00,50.34176,0.0,0.0,180.0,0.0
2025-07-27 16:25:00,30.45075,0.0,0.0,180.0,0.0
2025-07-27 16:30:00,53.98422,0.0,0.0,180.0,0.0
2025-07-27 16:35:00,49.30512,0.0,0.0,180.0,0.0
2025-07-27 16:40:00,55.34625,0.0,0.0,180.0,0.0
2025-07-27 16:45:00,48.39546,0.0,0.0,180.0,0.0
2025-07-27 16:50:00,70.18595,0.0,0.0,180.0,0.0
2025-07-27 16:55:00,71.28654,0.0,0.0,180.0,0.0
2025-07-27 17:00:00,70.77499,0.0,0.0,180.0,0.0
2025-07-27 17:05:00,66.31917,0.0,0.0,180.0,0.0
2025-07-27 17:10:00,64.24565,0.0,0.0,180.0,0.0
2025-07-27 17:15:00,69.90936,0.0,0.0,180.0,0.0
2025-07-27 17:20:00,69.97861,0.0,0.0,180.0,0.0
2025-07-27 17:25:00,71.73263,0.0,0.0,180.0,0.0
2025-07-27 17:30:00,71.15552,0.0,0.0,180.0,0.0
2025-07-27 17:35:00,69.77219,0.0,0.0,180.0,0.0
2025-07-27 17:40:00,68.36383,0.0,0.0,180.0,0.0
2025-07-27 17:45:00,68.5492,0.0,0.0,180.0,0.0
2025-07-27 17:50:00,64.01559,0.0,0.0,180.0,0.0
2025-07-27 17:55:00,68.96156,0.0,0.0,180.0,0.0
2025-07-27 18:00:00,69.0908,0.0,0.0,180.0,0.0
2025-07-27 18:05:00,65.50979,0.0,0.0,180.0,0.0
2025-07-27 18:10:00,61.82702,0.0,0.0,180.0,0.0
2025-07-27 18:15:00,67.04846,0.0,0.0,180.0,0.0
2025-07-27 18:20:00,68.03324,0.0,0.0,180.0,0.0
2025-07-27 18:25:00,71.29896,0.0,0.0,180.0,0.0
2025-07-27 18:30:00,74.15646,0.0,0.0,180.0,0.0
2025-07-27 18:35:00,73.08111,0.0,0.0,180.0,0.0
2025-07-27 18:40:00,73.10319,0.0,0.0,180.0,0.0
2025-07-27 18:45:00,65.81119,0.0,0.0,180.0,0.0
2025-07-27 18:50:00,74.23,0.0,0.0,180.0,0.0
2025-07-27 18:55:00,74.23,0.0,0.0,180.0,0.0
2025-07-27 19:00:00,74.23,0.0,0.0,180.0,0.0
2025-07-27 19:05:00,74.7475,0.0,0.0,180.0,0.0
2025-07-27 19:10:00,74.23,0.0,0.0,180.0,0.0
2025-07-27 19:15:00,73.60783,0.0,0.0,180.0,0.0
2025-07-27 19:20:00,73.20847,0.0,0.0,180.0,0.0
2025-07-27 19:25:00,72.98179,0.0,0.0,180.0,0.0
2025-07-27 19:30:00,72.22092,0.0,0.0,180.0,0.0
2025-07-27 19:35:00,54.79237,0.0,0.0,180.0,0.0
2025-07-27 19:40:00,59.61723,0.0,0.0,180.0,0.0
2025-07-27 19:45:00,59.25097,0.0,0.0,180.0,0.0
2025-07-27 19:50:00,60.56186,0.0,0.0,180.0,0.0
2025-07-27 19:55:00,58.69897,0.0,0.0,180.0,0.0
2025-07-27 20:00:00,57.9652,0.0,0.0,180.0,0.0
2025-07-27 20:05:00,70.19416,0.0,0.0,180.0,0.0
2025-07-27 20:10:00,70.14054,0.0,0.0,180.0,0.0
2025-07-27 20:15:00,69.48841,0.0,0.0,180.0,0.0
2025-07-27 20:20:00,68.98781,0.0,0.0,180.0,0.0
2025-07-27 20:25:00,68.65943,0.0,0.0,180.0,0.0
2025-07-27 20:30:00,69.66222,0.0,0.0,180.0,0.0
2025-07-27 20:35:00,68.01604,0.0,0.0,180.0,0.0
2025-07-27 20:40:00,69.16771,0.0,0.0,180.0,0.0
2025-07-27 20:45:00,68.85234,0.0,0.0,180.0,0.0
2025-07-27 20:50:00,56.09014,0.0,0.0,180.0,0.0
2025-07-27 20:55:00,65.42894,0.0,0.0,180.0,0.0
2025-07-27 21:00:00,58.80414,0.0,0.0,180.0,0.0
2025-07-27 21:05:00,60.52401,0.0,0.0,180.0,0.0
2025-07-27 21:10:00,60.10074,0.0,0.0,180.0,0.0
2025-07-27 21:15:00,42.13345,0.0,0.0,180.0,0.0
2025-07-27 21:20:00,53.97633,0.0,0.0,180.0,0.0
2025-07-27 21:25:00,57.0,0.0,0.0,180.0,0.0
2025-07-27 21:30:00,52.98316,0.0,0.0,180.0,0.0
2025-07-27 21:35:00,57.0,0.0,0.0,180.0,0.0
2025-07-27 21:40:00,57.60631,0.0,0.0,180.0,0.0
2025-07-27 21:45:00,57.05853,0.0,0.0,180.0,0.0
2025-07-27 21:50:00,50.84796,0.0,0.0,180.0,0.0
2025-07-27 21:55:00,21.0,0.0,0.0,180.0,0.0
2025-07-27 22:00:00,21.0,0.0,0.0,180.0,0.0
2025-07-27 22:05:00,49.94552,0.0,0.0,180.0,0.0
2025-07-27 22:10:00,52.03217,0.0,0.0,180.0,0.0
2025-07-27 22:15:00,52.24988,0.0,0.0,180.0,0.0
2025-07-27 22:20:00,25.90545,0.0,0.0,180.0,0.0
2025-07-27 22:25:00,30.5565,0.0,0.0,180.0,0.0
2025-07-27 22:30:00,28.66929,0.0,0.0,180.0,0.0
2025-07-27 22:35:00,37.27754,0.0,0.0,180.0,0.0
2025-07-27 22:40:00,8.95,0.0,0.0,180.0,0.0
2025-07-27 22:45:00,8.95,0.0,0.0,180.0,0.0
2025-07-27 22:50:00,37.41203,0.0,0.0,180.0,0.0
2025-07-27 22:55:00,49.42234,0.0,0.0,180.0,0.0
2025-07-27 23:00:00,8.95026,0.0,0.0,180.0,0.0
2025-07-27 23:05:00,20.0,0.0,0.0,180.0,0.0
2025-07-27 23:10:00,49.01871,0.0,0.0,180.0,0.0
2025-07-27 23:15:00,58.45272,0.0,0.0,180.0,0.0
2025-07-27 23:20:00,48.62302,0.0,0.0,180.0,0.0
2025-07-27 23:25:00,20.96007,0.0,0.0,180.0,0.0
2025-07-27 23:30:00,49.83192,0.0,0.0,180.0,0.0
2025-07-27 23:35:00,60.63643,0.0,0.0,180.0,0.0
2025-07-27 23:40:00,20.96,0.0,0.0,180.0,0.0
2025-07-27 23:45:00,42.23716,0.0,0.0,180.0,0.0
2025-07-27 23:50:00,44.14634,0.0,0.0,180.0,0.0
2025-07-27 23:55:00,44.92435,0.0,0.0,180.0,0.0
2025-07-28 00:00:00,27.01,0.0,0.0,180.0,0.0
2025-07-28 00:05:00,20.0,0.0,0.0,180.0,0.0
2025-07-28 00:10:00,55.82953,0.0,0.0,180.0,0.0
2025-07-28 00:15:00,49.07213,0.0,0.0,180.0,0.0
2025-07-28 00:20:00,61.2325,0.0,0.0,180.0,0.0
2025-07-28 00:25:00,57.18576,0.0,0.0,180.0,0.0
2025-07-28 00:30:00,50.60566,0.0,0.0,180.0,0.0
2025-07-28 00:35:00,49.92229,0.0,0.0,180.0,0.0
2025-07-28 00:40:00,60.6276,0.0,0.0,180.0,0.0
2025-07-28 00:45:00,49.56612,0.0,0.0,180.0,0.0
2025-07-28 00:50:00,49.55123,0.0,0.0,180.0,0.0
2025-07-28 00:55:00,49.62069,0.0,0.0,180.0,0.0
2025-07-28 01:00:00,43.97757,0.0,0.0,180.0,0.0
2025-07-28 01:05:00,48.91462,0.0,0.0,180.0,0.0
2025-07-28 01:10:00,49.61553,0.0,0.0,180.0,0.0
2025-07-28 01:15:00,22.99993,0.0,0.0,180.0,0.0
2025-07-28 01:20:00,27.59993,0.0,0.0,180.0,0.0
2025-07-28 01:25:00,20.73993,0.0,0.0,180.0,0.0
2025-07-28 01:30:00,19.18002,0.0,0.0,180.0,0.0
2025-07-28 01:35:00,49.29714,0.0,0.0,180.0,0.0
2025-07-28 01:40:00,32.61161,0.0,0.0,180.0,0.0
2025-07-28 01:45:00,34.96733,0.0,0.0,180.0,0.0
2025-07-28 01:50:00,20.00007,0.0,0.0,180.0,0.0
2025-07-28 01:55:00,20.0,0.0,0.0,180.0,0.0
2025-07-28 02:00:00,20.00007,0.0,0.0,180.0,0.0
2025-07-28 02:05:00,20.0,0.0,0.0,180.0,0.0
2025-07-28 02:10:00,8.94933,0.0,0.0,180.0,0.0
2025-07-28 02:15:00,19.18003,0.0,0.0,180.0,0.0
2025-07-28 02:20:00,19.18003,0.0,0.0,180.0,0.0
2025-07-28 02:25:00,19.18003,0.0,0.0,180.0,0.0
2025-07-28 02:30:00,19.18003,0.0,0.0,180.0,0.0
2025-07-28 02:35:00,19.18011,0.0,0.0,180.0,0.0
2025-07-28 02:40:00,19.18004,0.0,0.0,180.0,0.0
2025-07-28 02:45:00,19.18004,0.0,0.0,180.0,0.0
2025-07-28 02:50:00,8.94981,0.0,0.0,180.0,0.0
2025-07-28 02:55:00,19.18004,0.0,0.0,180.0,0.0
2025-07-28 03:00:00,19.18004,0.0,0.0,180.0,0.0
2025-07-28 03:05:00,8.94958,0.0,0.0,180.0,0.0
2025-07-28 03:10:00,19.18004,0.0,0.0,180.0,0.0
2025-07-28 03:15:00,19.18004,0.0,0.0,180.0,0.0
2025-07-28 03:20:00,19.18,0.0,0.0,180.0,0.0
2025-07-28 03:25:00,0.48992,0.0,0.0,180.0,0.0
2025-07-28 03:30:00,0.01,0.0,0.0,180.0,0.0
2025-07-28 03:35:00,8.95,0.0,0.0,180.0,0.0
2025-07-28 03:40:00,21.52993,0.0,0.0,180.0,0.0
2025-07-28 03:45:00,8.95019,0.0,0.0,180.0,0.0
2025-07-28 03:50:00,8.95,0.0,0.0,180.0,0.0
2025-07-28 03:55:00,8.95,0.0,0.0,180.0,0.0
2025-07-28 04:00:00,8.95,0.0,0.0,180.0,0.0
2025-07-28 04:05:00,8.95,0.0,0.0,180.0,0.0
2025-07-28 04:10:00,19.18,0.0,0.0,180.0,0.0
2025-07-28 04:15:00,19.18005,0.0,0.0,180.0,0.0
2025-07-28 04:20:00,19.18,0.0,0.0,180.0,0.0
2025-07-28 04:25:00,19.18,0.0,0.0,180.0,0.0
2025-07-28 04:30:00,19.18,0.0,0.0,180.0,0.0
2025-07-28 04:35:00,19.18,0.0,0.0,180.0,0.0
2025-07-28 04:40:00,19.18005,0.0,0.0,180.0,0.0
2025-07-28 04:45:00,19.18,0.0,0.0,180.0,0.0
2025-07-28 04:50:00,16.05989,0.0,0.0,180.0,0.0
2025-07-28 04:55:00,19.18005,0.0,0.0,180.0,0.0
2025-07-28 05:00:00,19.18,0.0,0.0,180.0,0.0
2025-07-28 05:05:00,16.91995,0.0,0.0,180.0,0.0
2025-07-28 05:10:00,19.18,0.0,0.0,180.0,0.0
2025-07-28 05:15:00,19.18,0.0,0.0,180.0,0.0
2025-07-28 05:20:00,19.18005,0.0,0.0,180.0,0.0
2025-07-28 05:25:00,19.18,0.0,0.0,180.0,0.0
2025-07-28 05:30:00,15.36688,0.0,0.0,180.0,0.0
2025-07-28 05:35:00,19.18,0.0,0.0,180.0,0.0
2025-07-28 05:40:00,20.00007,0.0,0.0,180.0,0.0
2025-07-28 05:45:00,19.18005,0.0,0.0,180.0,0.0
2025-07-28 05:50:00,20.0,0.0,0.0,180.0,0.0
2025-07-28 05:55:00,20.00007,0.0,0.0,180.0,0.0
2025-07-28 06:00:00,19.18005,0.0,0.0,180.0,0.0
2025-07-28 06:05:00,20.0,0.0,0.0,180.0,0.0
2025-07-28 06:10:00,22.99993,0.0,0.0,180.0,0.0
2025-07-28 06:15:00,68.87917,0.0,0.0,180.0,0.0
2025-07-28 06:20:00,70.4157,0.0,0.0,180.0,0.0
2025-07-28 06:25:00,70.4468,0.0,0.0,180.0,0.0
2025-07-28 06:30:00,67.04021,0.0,0.0,180.0,0.0
2025-07-28 06:35:00,70.87454,0.0,0.0,180.0,0.0
2025-07-28 06:40:00,71.97741,0.0,0.0,180.0,0.0
2025-07-28 06:45:00,97.34921,0.0,0.0,180.0,0.0
2025-07-28 06:50:00,87.29797,0.0,0.0,180.0,0.0
2025-07-28 06:55:00,78.98559,0.0,0.0,180.0,0.0
2025-07-28 07:00:00,84.29785,0.0,0.0,180.0,0.0
2025-07-28 07:05:00,98.38246,0.0,0.0,180.0,0.0
2025-07-28 07:10:00,79.49701,0.0,0.0,180.0,0.0
2025-07-28 07:15:00,120.0,0.0,0.0,180.0,0.0
2025-07-28 07:20:00,104.1608,0.0,0.0,180.0,0.0
2025-07-28 07:25:00,79.01694,0.0,0.0,180.0,0.0
2025-07-28 07:30:00,84.14713,0.0,0.0,180.0,0.0
2025-07-28 07:35:00,81.11791,0.0,0.0,180.0,0.0
2025-07-28 07:40:00,79.30532,0.0,0.0,180.0,0.0
2025-07-28 07:45:00,75.79118,0.0,0.0,180.0,0.0
2025-07-28 07:50:00,72.52256,0.0,0.0,180.0,0.0
2025-07-28 07:55:00,57.0,0.0,0.0,180.0,0.0
2025-07-28 08:00:00,56.53848,0.0,0.0,180.0,0.0
2025-07-28 08:05:00,56.26375,0.0,0.0,180.0,0.0
2025-07-28 08:10:00,57.0,0.0,0.0,180.0,0.0
2025-07-28 08:15:00,57.0,0.0,0.0,180.0,0.0
2025-07-28 08:20:00,49.48384,0.0,0.0,180.0,0.0
2025-07-28 08:25:00,37.72887,0.0,0.0,180.0,0.0
2025-07-28 08:30:00,11.06,0.0,0.0,180.0,0.0
2025-07-28 08:35:00,11.06,0.0,0.0,180.0,0.0
2025-07-28 08:40:00,35.16258,0.0,0.0,180.0,0.0
2025-07-28 08:45:00,20.0,0.0,0.0,180.0,0.0
2025-07-28 08:50:00,20.0,0.0,0.0,180.0,0.0
2025-07-28 08:55:00,20.0,0.0,0.0,180.0,0.0
2025-07-28 09:00:00,8.95026,0.0,0.0,180.0,0.0
2025-07-28 09:05:00,20.0,0.0,0.0,180.0,0.0
2025-07-28 09:10:00,38.18716,0.0,0.0,180.0,0.0
2025-07-28 09:15:00,48.19,0.0,0.0,180.0,0.0
2025-07-28 09:20:00,20.0,0.0,0.0,180.0,0.0
2025-07-28 09:25:00,32.78498,0.0,0.0,180.0,0.0
2025-07-28 09:30:00,11.05,0.0,0.0,180.0,0.0
2025-07-28 09:35:00,33.07175,0.0,0.0,180.0,0.0
2025-07-28 09:40:00,11.05,0.0,0.0,180.0,0.0
2025-07-28 09:45:00,0.45097,0.0,0.0,180.0,0.0
2025-07-28 09:50:00,8.95,0.0,0.0,180.0,0.0
2025-07-28 09:55:00,8.95,0.0,0.0,180.0,0.0
2025-07-28 10:00:00,0.07604,0.0,0.0,180.0,0.0
2025-07-28 10:05:00,8.95,0.0,0.0,180.0,0.0
2025-07-28 10:10:00,20.04,0.0,0.0,180.0,0.0
2025-07-28 10:15:00,0.40748,0.0,0.0,180.0,0.0
2025-07-28 10:20:00,0.0,0.0,0.0,180.0,0.0
2025-07-28 10:25:00,0.07584,0.0,0.0,180.0,0.0
2025-07-28 10:30:00,3e-05,0.0,0.0,180.0,0.0
2025-07-28 10:35:00,0.0,0.0,0.0,180.0,0.0
2025-07-28 10:40:00,0.07642,0.0,0.0,180.0,0.0
2025-07-28 10:45:00,-10.77551,0.0,0.0,180.0,-0.0
2025-07-28 10:50:00,0.0,0.0,0.0,180.0,0.0
2025-07-28 10:55:00,-1.06,0.0,0.0,180.0,-0.0
2025-07-28 11:00:00,0.0,0.0,0.0,180.0,0.0
2025-07-28 11:05:00,-0.64757,0.0,0.0,180.0,-0.0
2025-07-28 11:10:00,-1.06,0.0,0.0,180.0,-0.0
2025-07-28 11:15:00,0.07584,0.0,0.0,180.0,0.0
2025-07-28 11:20:00,0.00022,0.0,0.0,180.0,0.0
2025-07-28 11:25:00,7.03417,0.0,0.0,180.0,0.0
2025-07-28 11:30:00,-7.41,0.0,0.0,180.0,-0.0
2025-07-28 11:35:00,-9.83,0.0,0.0,180.0,-0.0
2025-07-28 11:40:00,-1.06,0.0,0.0,180.0,-0.0
2025-07-28 11:45:00,-9.83,0.0,0.0,180.0,-0.0
2025-07-28 11:50:00,-0.62722,0.0,0.0,180.0,-0.0
2025-07-28 11:55:00,-12.0,0.0,0.0,180.0,-0.0
2025-07-28 12:00:00,-9.83,0.0,0.0,180.0,-0.0
2025-07-28 12:05:00,-8.55943,0.0,0.0,180.0,-0.0
2025-07-28 12:10:00,0.0,0.0,0.0,180.0,0.0
2025-07-28 12:15:00,-0.87462,0.0,0.0,180.0,-0.0
2025-07-28 12:20:00,-10.7142,0.0,0.0,180.0,-0.0
2025-07-28 12:25:00,-10.55576,0.0,0.0,180.0,-0.0
2025-07-28 12:30:00,-10.62905,0.0,0.0,180.0,-0.0
2025-07-28 12:35:00,-10.67902,0.0,0.0,180.0,-0.0
2025-07-28 12:40:00,3e-05,0.0,0.0,180.0,0.0
2025-07-28 12:45:00,20.04,0.0,0.0,180.0,0.0
2025-07-28 12:50:00,10.36682,0.0,0.0,180.0,0.0
2025-07-28 12:55:00,8.94973,0.0,0.0,180.0,0.0
2025-07-28 13:00:00,8.95054,0.0,0.0,180.0,0.0
2025-07-28 13:05:00,8.94972,0.0,0.0,180.0,0.0
2025-07-28 13:10:00,-6.03388,0.0,0.0,180.0,-0.0
2025-07-28 13:15:00,8.94916,0.0,0.0,180.0,0.0
2025-07-28 13:20:00,0.00022,0.0,0.0,180.0,0.0
2025-07-28 13:25:00,8.94972,0.0,0.0,180.0,0.0
2025-07-28 13:30:00,13.66965,0.0,0.0,180.0,0.0
2025-07-28 13:35:00,8.95,0.0,0.0,180.0,0.0
2025-07-28 13:40:00,8.95,0.0,0.0,180.0,0.0
2025-07-28 13:45:00,20.60508,0.0,0.0,180.0,0.0
2025-07-28 13:50:00,10.16926,0.0,0.0,180.0,0.0
2025-07-28 13:55:00,10.28539,0.0,0.0,180.0,0.0
2025-07-28 14:00:00,8.95,0.0,0.0,180.0,0.0
2025-07-28 14:05:00,0.07741,0.0,0.0,180.0,0.0
2025-07-28 14:10:00,8.95,0.0,0.0,180.0,0.0
2025-07-28 14:15:00,0.07662,0.0,0.0,180.0,0.0
2025-07-28 14:20:00,8.95,0.0,0.0,180.0,0.0
2025-07-28 14:25:00,20.0,0.0,0.0,180.0,0.0
2025-07-28 14:30:00,0.07702,0.0,0.0,180.0,0.0
2025-07-28 14:35:00,8.95,0.0,0.0,180.0,0.0
2025-07-28 14:40:00,29.9804,0.0,0.0,180.0,0.0
2025-07-28 14:45:00,0.07741,0.0,0.0,180.0,0.0
2025-07-28 14:50:00,31.13778,0.0,0.0,180.0,0.0
2025-07-28 14:55:00,20.0,0.0,0.0,180.0,0.0
2025-07-28 15:00:00,21.49,0.0,0.0,180.0,0.0
2025-07-28 15:05:00,19.03022,0.0,0.0,180.0,0.0
2025-07-28 15:10:00,8.95,0.0,0.0,180.0,0.0
2025-07-28 15:15:00,8.95,0.0,0.0,180.0,0.0
2025-07-28 15:20:00,30.70571,0.0,0.0,180.0,0.0
2025-07-28 15:25:00,8.95,0.0,0.0,180.0,0.0
2025-07-28 15:30:00,1.04239,0.0,0.0,180.0,0.0
2025-07-28 15:35:00,8.95,0.0,0.0,180.0,0.0
2025-07-28 15:40:00,20.0,0.0,0.0,180.0,0.0
2025-07-28 15:45:00,35.0,0.0,0.0,180.0,0.0
2025-07-28 15:50:00,8.95,0.0,0.0,180.0,0.0
2025-07-28 15:55:00,34.25845,0.0,0.0,180.0,0.0
2025-07-28 16:00:00,49.72909,0.0,0.0,180.0,0.0
2025-07-28 16:05:00,35.92,0.0,0.0,180.0,0.0
2025-07-28 16:10:00,20.04,0.0,0.0,180.0,0.0
2025-07-28 16:15:00,12.49133,0.0,0.0,180.0,0.0
2025-07-28 16:20:00,44.56462,0.0,0.0,180.0,0.0
2025-07-28 16:25:00,75.69494,0.0,0.0,180.0,0.0
2025-07-28 16:30:00,84.10834,0.0,0.0,180.0,0.0
2025-07-28 16:35:00,78.58245,0.0,0.0,180.0,0.0
2025-07-28 16:40:00,102.17134,0.0,0.0,180.0,0.0
2025-07-28 16:45:00,118.32031,0.0,0.0,180.0,0.0
2025-07-28 16:50:00,139.49463,0.0,100.0,171.21589538842116,1162.4552499999998
2025-07-28 16:55:00,155.22589,0.0,100.0,162.43179077684232,1293.549083333333
2025-07-28 17:00:00,156.76591,0.0,100.0,153.64768616526348,1306.382583333333
2025-07-28 17:05:00,158.28006,0.0,100.0,144.86358155368464,1319.0004999999996
2025-07-28 17:10:00,137.68574,0.0,100.0,136.0794769421058,1147.3811666666666
2025-07-28 17:15:00,160.66957,0.0,100.0,127.29537233052697,1338.9130833333331
2025-07-28 17:20:00,173.40026,0.0,100.0,118.51126771894815,1445.0021666666664
2025-07-28 17:25:00,166.26024,0.0,100.0,109.72716310736932,1385.502
2025-07-28 17:30:00,170.27,0.0,100.0,100.9430584957905,1418.9166666666665
2025-07-28 17:35:00,162.8281,0.0,100.0,92.15895388421167,1356.9008333333331
2025-07-28 17:40:00,170.76,0.0,100.0,83.37484927263284,1422.9999999999998
2025-07-28 17:45:00,159.95065,0.0,100.0,74.59074466105402,1332.9220833333331
2025-07-28 17:50:00,170.22,0.0,100.0,65.80664004947519,1418.4999999999998
2025-07-28 17:55:00,162.76259,0.0,100.0,57.02253543789636,1356.3549166666664
2025-07-28 18:00:00,187.00544,0.0,100.0,48.238430826317526,1558.3786666666663
2025-07-28 18:05:00,190.75633,0.0,100.0,39.45432621473869,1589.636083333333
2025-07-28 18:10:00,199.01194,0.0,100.0,30.67022160315986,1658.4328333333333
2025-07-28 18:15:00,193.45729,0.0,100.0,21.886116991581027,1612.1440833333331
2025-07-28 18:20:00,247.65323,0.0,21.471932256986417,20.0,443.1327814819897
2025-07-28 18:25:00,209.33957,0.0,0.0,20.0,0.0
2025-07-28 18:30:00,180.96007,0.0,0.0,20.0,0.0
2025-07-28 18:35:00,184.67491,0.0,0.0,20.0,0.0
2025-07-28 18:40:00,183.33811,0.0,0.0,20.0,0.0
2025-07-28 18:45:00,177.86671,0.0,0.0,20.0,0.0
2025-07-28 18:50:00,240.0,0.0,0.0,20.0,0.0
2025-07-28 18:55:00,167.45416,0.0,0.0,20.0,0.0
2025-07-28 19:00:00,211.37396,0.0,0.0,20.0,0.0
2025-07-28 19:05:00,170.98764,0.0,0.0,20.0,0.0
2025-07-28 19:10:00,174.79589,0.0,0.0,20.0,0.0
2025-07-28 19:15:00,168.72105,0.0,0.0,20.0,0.0
2025-07-28 19:20:00,202.29912,0.0,0.0,20.0,0.0
2025-07-28 19:25:00,166.87887,0.0,0.0,20.0,0.0
2025-07-28 19:30:00,165.44135,0.0,0.0,20.0,0.0
2025-07-28 19:35:00,221.79452,0.0,0.0,20.0,0.0
2025-07-28 19:40:00,192.71591,0.0,0.0,20.0,0.0
2025-07-28 19:45:00,223.41,0.0,0.0,20.0,0.0
2025-07-28 19:50:00,223.36,0.0,0.0,20.0,0.0
2025-07-28 19:55:00,218.68407,0.0,0.0,20.0,0.0
2025-07-28 20:00:00,200.88997,0.0,0.0,20.0,0.0
2025-07-28 20:05:00,223.5,0.0,0.0,20.0,0.0
2025-07-28 20:10:00,223.36,0.0,0.0,20.0,0.0
2025-07-28 20:15:00,247.45,0.0,0.0,20.0,0.0
2025-07-28 20:20:00,248.94,0.0,0.0,20.0,0.0
2025-07-28 20:25:00,205.93186,0.0,0.0,20.0,0.0
2025-07-28 20:30:00,203.21354,0.0,0.0,20.0,0.0
2025-07-28 20:35:00,195.54378,0.0,0.0,20.0,0.0
2025-07-28 20:40:00,180.96,0.0,0.0,20.0,0.0
2025-07-28 20:45:00,191.55997,0.0,0.0,20.0,0.0
2025-07-28 20:50:00,232.36456,0.0,0.0,20.0,0.0
2025-07-28 20:55:00,191.79497,0.0,0.0,20.0,0.0
2025-07-28 21:00:00,187.9805,0.0,0.0,20.0,0.0
2025-07-28 21:05:00,233.39225,0.0,0.0,20.0,0.0
2025-07-28 21:10:00,200.89,0.0,0.0,20.0,0.0
2025-07-28 21:15:00,175.80292,0.0,0.0,20.0,0.0
2025-07-28 21:20:00,179.28439,0.0,0.0,20.0,0.0
2025-07-28 21:25:00,209.54609,0.0,0.0,20.0,0.0
2025-07-28 21:30:00,202.31667,0.0,0.0,20.0,0.0
2025-07-28 21:35:00,192.28143,0.0,0.0,20.0,0.0
2025-07-28 21:40:00,196.68066,0.0,0.0,20.0,0.0
2025-07-28 21:45:00,197.71969,0.0,0.0,20.0,0.0
2025-07-28 21:50:00,160.0,0.0,0.0,20.0,0.0
2025-07-28 21:55:00,145.46481,0.0,0.0,20.0,0.0
2025-07-28 22:00:00,144.26109,0.0,0.0,20.0,0.0
2025-07-28 22:05:00,142.33948,0.0,0.0,20.0,0.0
2025-07-28 22:10:00,160.0,0.0,0.0,20.0,0.0
2025-07-28 22:15:00,158.0,0.0,0.0,20.0,0.0
2025-07-28 22:20:00,147.33228,0.0,0.0,20.0,0.0
2025-07-28 22:25:00,147.15391,0.0,0.0,20.0,0.0
2025-07-28 22:30:00,122.3303,0.0,0.0,20.0,0.0
2025-07-28 22:35:00,126.94127,0.0,0.0,20.0,0.0
2025-07-28 22:40:00,142.7647,0.0,0.0,20.0,0.0
2025-07-28 22:45:00,153.3057,0.0,0.0,20.0,0.0
2025-07-28 22:50:00,130.42994,0.0,0.0,20.0,0.0
2025-07-28 22:55:00,130.4696,0.0,0.0,20.0,0.0
2025-07-28 23:00:00,127.16531,0.0,0.0,20.0,0.0
2025-07-28 23:05:00,143.41478,0.0,0.0,20.0,0.0
2025-07-28 23:10:00,143.56828,0.0,0.0,20.0,0.0
2025-07-28 23:15:00,134.20561,0.0,0.0,20.0,0.0
2025-07-28 23:20:00,134.44729,0.0,0.0,20.0,0.0
2025-07-28 23:25:00,134.64692,0.0,0.0,20.0,0.0
2025-07-28 23:30:00,135.8569,0.0,0.0,20.0,0.0
2025-07-28 23:35:00,132.11761,0.0,0.0,20.0,0.0
2025-07-28 23:40:00,132.72,0.0,0.0,20.0,0.0
2025-07-28 23:45:00,144.39554,0.0,0.0,20.0,0.0
2025-07-28 23:50:00,135.57158,0.0,0.0,20.0,0.0
2025-07-28 23:55:00,144.8734,0.0,0.0,20.0,0.0
2025-07-29 00:00:00,134.35025,0.0,0.0,20.0,0.0
2025-07-29 00:05:00,143.7968,0.0,0.0,20.0,0.0
2025-07-29 00:10:00,144.46843,0.0,0.0,20.0,0.0
2025-07-29 00:15:00,131.15123,0.0,0.0,20.0,0.0
2025-07-29 00:20:00,97.0,0.0,0.0,20.0,0.0
2025-07-29 00:25:00,141.06851,0.0,0.0,20.0,0.0
2025-07-29 00:30:00,128.20982,0.0,0.0,20.0,0.0
2025-07-29 00:35:00,99.63147,0.0,0.0,20.0,0.0
2025-07-29 00:40:00,100.30555,0.0,0.0,20.0,0.0
2025-07-29 00:45:00,123.86599,0.0,0.0,20.0,0.0
2025-07-29 00:50:00,110.31455,0.0,0.0,20.0,0.0
2025-07-29 00:55:00,133.1174,0.0,0.0,20.0,0.0
2025-07-29 01:00:00,109.40318,0.0,0.0,20.0,0.0
2025-07-29 01:05:00,98.69791,0.0,0.0,20.0,0.0
2025-07-29 01:10:00,110.63072,0.0,0.0,20.0,0.0
2025-07-29 01:15:00,119.16437,0.0,0.0,20.0,0.0
2025-07-29 01:20:00,97.0,0.0,0.0,20.0,0.0
2025-07-29 01:25:00,98.04897,0.0,0.0,20.0,0.0
2025-07-29 01:30:00,123.19,0.0,0.0,20.0,0.0
2025-07-29 01:35:00,134.55422,0.0,0.0,20.0,0.0
2025-07-29 01:40:00,86.46876,0.0,0.0,20.0,0.0
2025-07-29 01:45:00,97.0,0.0,0.0,20.0,0.0
2025-07-29 01:50:00,97.0,0.0,0.0,20.0,0.0
2025-07-29 01:55:00,89.53132,0.0,0.0,20.0,0.0
2025-07-29 02:00:00,87.93194,0.0,0.0,20.0,0.0
2025-07-29 02:05:00,97.0,0.0,0.0,20.0,0.0
2025-07-29 02:10:00,137.47459,0.0,0.0,20.0,0.0
2025-07-29 02:15:00,102.6248,0.0,0.0,20.0,0.0
2025-07-29 02:20:00,89.65018,0.0,0.0,20.0,0.0
2025-07-29 02:25:00,100.27272,0.0,0.0,20.0,0.0
2025-07-29 02:30:00,90.0,0.0,0.0,20.0,0.0
2025-07-29 02:35:00,90.0,0.0,0.0,20.0,0.0
2025-07-29 02:40:00,119.96045,0.0,0.0,20.0,0.0
2025-07-29 02:45:00,97.0,0.0,0.0,20.0,0.0
2025-07-29 02:50:00,90.58484,0.0,0.0,20.0,0.0
2025-07-29 02:55:00,108.50175,0.0,0.0,20.0,0.0
2025-07-29 03:00:00,88.10191,0.0,0.0,20.0,0.0
2025-07-29 03:05:00,97.0,0.0,0.0,20.0,0.0
2025-07-29 03:10:00,87.03356,0.0,0.0,20.0,0.0
2025-07-29 03:15:00,97.0,0.0,0.0,20.0,0.0
2025-07-29 03:20:00,97.0,0.0,0.0,20.0,0.0
2025-07-29 03:25:00,85.35011,0.0,0.0,20.0,0.0
2025-07-29 03:30:00,97.0,0.0,0.0,20.0,0.0
2025-07-29 03:35:00,90.0,0.0,0.0,20.0,0.0
2025-07-29 03:40:00,93.18197,0.0,0.0,20.0,0.0
2025-07-29 03:45:00,112.67617,0.0,0.0,20.0,0.0
2025-07-29 03:50:00,130.35139,0.0,0.0,20.0,0.0
2025-07-29 03:55:00,86.39699,0.0,0.0,20.0,0.0
2025-07-29 04:00:00,109.09598,0.0,0.0,20.0,0.0
2025-07-29 04:05:00,111.99579,0.0,0.0,20.0,0.0
2025-07-29 04:10:00,117.5975,0.0,0.0,20.0,0.0
2025-07-29 04:15:00,117.37522,0.0,0.0,20.0,0.0
2025-07-29 04:20:00,122.86352,0.0,0.0,20.0,0.0
2025-07-29 04:25:00,93.08632,0.0,0.0,20.0,0.0
2025-07-29 04:30:00,107.57471,0.0,0.0,20.0,0.0
2025-07-29 04:35:00,109.13362,0.0,0.0,20.0,0.0
2025-07-29 04:40:00,93.99673,0.0,0.0,20.0,0.0
2025-07-29 04:45:00,98.36133,0.0,0.0,20.0,0.0
2025-07-29 04:50:00,115.49444,0.0,0.0,20.0,0.0
2025-07-29 04:55:00,111.7262,0.0,0.0,20.0,0.0
2025-07-29 05:00:00,121.77283,0.0,0.0,20.0,0.0
2025-07-29 05:05:00,116.47046,0.0,0.0,20.0,0.0
2025-07-29 05:10:00,126.63696,0.0,0.0,20.0,0.0
2025-07-29 05:15:00,121.70324,0.0,0.0,20.0,0.0
2025-07-29 05:20:00,119.69415,0.0,0.0,20.0,0.0
2025-07-29 05:25:00,112.90082,0.0,0.0,20.0,0.0
2025-07-29 05:30:00,167.25157,0.0,0.0,20.0,0.0
2025-07-29 05:35:00,123.60901,0.0,0.0,20.0,0.0
2025-07-29 05:40:00,160.39665,0.0,0.0,20.0,0.0
2025-07-29 05:45:00,168.67443,0.0,0.0,20.0,0.0
2025-07-29 05:50:00,175.69126,0.0,0.0,20.0,0.0
2025-07-29 05:55:00,171.48046,0.0,0.0,20.0,0.0
2025-07-29 06:00:00,172.61758,0.0,0.0,20.0,0.0
2025-07-29 06:05:00,199.78427,0.0,0.0,20.0,0.0
2025-07-29 06:10:00,221.84719,0.0,0.0,20.0,0.0
2025-07-29 06:15:00,295.36924,0.0,0.0,20.0,0.0
2025-07-29 06:20:00,298.52613,0.0,0.0,20.0,0.0
2025-07-29 06:25:00,297.12717,0.0,0.0,20.0,0.0
2025-07-29 06:30:00,299.49,0.0,0.0,20.0,0.0
2025-07-29 06:35:00,253.13364,0.0,0.0,20.0,0.0
2025-07-29 06:40:00,248.94,0.0,0.0,20.0,0.0
2025-07-29 06:45:00,248.94,0.0,0.0,20.0,0.0
2025-07-29 06:50:00,260.10252,0.0,0.0,20.0,0.0
2025-07-29 06:55:00,276.0733,0.0,0.0,20.0,0.0
2025-07-29 07:00:00,299.4,0.0,0.0,20.0,0.0
2025-07-29 07:05:00,273.08175,0.0,0.0,20.0,0.0
2025-07-29 07:10:00,253.44043,0.0,0.0,20.0,0.0
2025-07-29 07:15:00,299.17,0.0,0.0,20.0,0.0
2025-07-29 07:20:00,320.26199,0.0,0.0,20.0,0.0
2025-07-29 07:25:00,308.25456,0.0,0.0,20.0,0.0
2025-07-29 07:30:00,298.0,0.0,0.0,20.0,0.0
2025-07-29 07:35:00,254.77344,0.0,0.0,20.0,0.0
2025-07-29 07:40:00,247.45,0.0,0.0,20.0,0.0
2025-07-29 07:45:00,270.82,0.0,0.0,20.0,0.0
2025-07-29 07:50:00,270.82,0.0,0.0,20.0,0.0
2025-07-29 07:55:00,281.8461,0.0,0.0,20.0,0.0
2025-07-29 08:00:00,288.17816,0.0,0.0,20.0,0.0
2025-07-29 08:05:00,253.12696,0.0,0.0,20.0,0.0
2025-07-29 08:10:00,248.94,0.0,0.0,20.0,0.0
2025-07-29 08:15:00,270.82,0.0,0.0,20.0,0.0
2025-07-29 08:20:00,248.94,0.0,0.0,20.0,0.0
2025-07-29 08:25:00,262.46525,0.0,0.0,20.0,0.0
2025-07-29 08:30:00,261.29841,0.0,0.0,20.0,0.0
2025-07-29 08:35:00,263.79739,0.0,0.0,20.0,0.0
2025-07-29 08:40:00,270.82,0.0,0.0,20.0,0.0
2025-07-29 08:45:00,248.94,0.0,0.0,20.0,0.0
2025-07-29 08:50:00,248.94,0.0,0.0,20.0,0.0
2025-07-29 08:55:00,248.94,0.0,0.0,20.0,0.0
2025-07-29 09:00:00,247.45,0.0,0.0,20.0,0.0
2025-07-29 09:05:00,222.23003,0.0,0.0,20.0,0.0
2025-07-29 09:10:00,222.10009,0.0,0.0,20.0,0.0
2025-07-29 09:15:00,228.46404,0.0,0.0,20.0,0.0
2025-07-29 09:20:00,221.18369,0.0,0.0,20.0,0.0
2025-07-29 09:25:00,180.96003,0.0,0.0,20.0,0.0
2025-07-29 09:30:00,180.96003,0.0,0.0,20.0,0.0
2025-07-29 09:35:00,180.96,0.0,0.0,20.0,0.0
2025-07-29 09:40:00,180.94,0.0,0.0,20.0,0.0
2025-07-29 09:45:00,180.94,0.0,0.0,20.0,0.0
2025-07-29 09:50:00,147.98828,0.0,0.0,20.0,0.0
2025-07-29 09:55:00,154.59487,0.0,0.0,20.0,0.0
2025-07-29 10:00:00,123.85856,0.0,0.0,20.0,0.0
2025-07-29 10:05:00,160.0,0.0,0.0,20.0,0.0
2025-07-29 10:10:00,160.0,0.0,0.0,20.0,0.0
2025-07-29 10:15:00,280.16146,0.0,0.0,20.0,0.0
2025-07-29 10:20:00,167.54059,0.0,0.0,20.0,0.0
2025-07-29 10:25:00,160.0,0.0,0.0,20.0,0.0
2025-07-29 10:30:00,106.35986,0.0,0.0,20.0,0.0
2025-07-29 10:35:00,158.72,0.0,0.0,20.0,0.0
2025-07-29 10:40:00,162.05346,0.0,0.0,20.0,0.0
2025-07-29 10:45:00,91.72196,0.0,0.0,20.0,0.0
2025-07-29 10:50:00,91.64981,0.0,0.0,20.0,0.0
2025-07-29 10:55:00,84.46075,0.0,0.0,20.0,0.0
2025-07-29 11:00:00,73.16597,0.0,0.0,20.0,0.0
2025-07-29 11:05:00,76.5597,0.0,0.0,20.0,0.0
2025-07-29 11:10:00,108.18661,0.0,0.0,20.0,0.0
2025-07-29 11:15:00,56.19934,0.0,0.0,20.0,0.0
2025-07-29 11:20:00,48.19,0.0,0.0,20.0,0.0
2025-07-29 11:25:00,90.0,0.0,0.0,20.0,0.0
2025-07-29 11:30:00,48.19,0.0,0.0,20.0,0.0
2025-07-29 11:35:00,62.70069,0.0,0.0,20.0,0.0
2025-07-29 11:40:00,55.74303,0.0,0.0,20.0,0.0
2025-07-29 11:45:00,67.15341,0.0,0.0,20.0,0.0
2025-07-29 11:50:00,90.0,0.0,0.0,20.0,0.0
2025-07-29 11:55:00,75.8,0.0,0.0,20.0,0.0
2025-07-29 12:00:00,50.05512,0.0,0.0,20.0,0.0
2025-07-29 12:05:00,90.0,0.0,0.0,20.0,0.0
2025-07-29 12:10:00,92.23,0.0,0.0,20.0,0.0
2025-07-29 12:15:00,92.23,0.0,0.0,20.0,0.0
2025-07-29 12:20:00,115.89,0.0,0.0,20.0,0.0
2025-07-29 12:25:00,113.57255,0.0,0.0,20.0,0.0
2025-07-29 12:30:00,113.27842,0.0,0.0,20.0,0.0
2025-07-29 12:35:00,122.02,0.0,0.0,20.0,0.0
2025-07-29 12:40:00,92.51,0.0,0.0,20.0,0.0
2025-07-29 12:45:00,176.16595,0.0,0.0,20.0,0.0
2025-07-29 12:50:00,173.38351,0.0,0.0,20.0,0.0
2025-07-29 12:55:00,160.0,0.0,0.0,20.0,0.0
2025-07-29 13:00:00,166.45,0.0,0.0,20.0,0.0
2025-07-29 13:05:00,166.45,0.0,0.0,20.0,0.0
2025-07-29 13:10:00,149.17243,0.0,0.0,20.0,0.0
2025-07-29 13:15:00,156.65928,0.0,0.0,20.0,0.0
2025-07-29 13:20:00,160.36,0.0,0.0,20.0,0.0
2025-07-29 13:25:00,207.8,0.0,0.0,20.0,0.0
2025-07-29 13:30:00,209.91768,0.0,0.0,20.0,0.0
2025-07-29 13:35:00,133.27684,0.0,0.0,20.0,0.0
2025-07-29 13:40:00,155.44651,0.0,0.0,20.0,0.0
2025-07-29 13:45:00,139.34476,0.0,0.0,20.0,0.0
2025-07-29 13:50:00,132.6277,0.0,0.0,20.0,0.0
2025-07-29 13:55:00,227.62747,0.0,0.0,20.0,0.0
2025-07-29 14:00:00,126.33684,0.0,0.0,20.0,0.0
2025-07-29 14:05:00,221.60908,0.0,0.0,20.0,0.0
2025-07-29 14:10:00,216.13031,0.0,0.0,20.0,0.0
2025-07-29 14:15:00,219.20098,0.0,0.0,20.0,0.0
2025-07-29 14:20:00,220.94654,0.0,0.0,20.0,0.0
2025-07-29 14:25:00,160.36,0.0,0.0,20.0,0.0
2025-07-29 14:30:00,162.31574,0.0,0.0,20.0,0.0
2025-07-29 14:35:00,160.36,0.0,0.0,20.0,0.0
2025-07-29 14:40:00,159.07916,0.0,0.0,20.0,0.0
2025-07-29 14:45:00,160.36,0.0,0.0,20.0,0.0
2025-07-29 14:50:00,167.48112,0.0,0.0,20.0,0.0
2025-07-29 14:55:00,160.36,0.0,0.0,20.0,0.0
2025-07-29 15:00:00,143.65936,0.0,0.0,20.0,0.0
2025-07-29 15:05:00,171.57,0.0,0.0,20.0,0.0
2025-07-29 15:10:00,168.69337,0.0,0.0,20.0,0.0
2025-07-29 15:15:00,197.96846,0.0,0.0,20.0,0.0
2025-07-29 15:20:00,199.71127,0.0,0.0,20.0,0.0
2025-07-29 15:25:00,199.96501,0.0,0.0,20.0,0.0
2025-07-29 15:30:00,197.52331,0.0,0.0,20.0,0.0
2025-07-29 15:35:00,154.60355,0.0,0.0,20.0,0.0
2025-07-29 15:40:00,204.5455,0.0,0.0,20.0,0.0
2025-07-29 15:45:00,204.52439,0.0,0.0,20.0,0.0
2025-07-29 15:50:00,236.99132,0.0,0.0,20.0,0.0
2025-07-29 15:55:00,239.95347,0.0,0.0,20.0,0.0
2025-07-29 16:00:00,254.04114,0.0,0.0,20.0,0.0
2025-07-29 16:05:00,299.5,0.0,0.0,20.0,0.0
2025-07-29 16:10:00,286.11991,0.0,0.0,20.0,0.0
2025-07-29 16:15:00,266.69829,0.0,0.0,20.0,0.0
2025-07-29 16:20:00,254.29039,0.0,0.0,20.0,0.0
2025-07-29 16:25:00,278.82104,0.0,0.0,20.0,0.0
2025-07-29 16:30:00,299.5,0.0,0.0,20.0,0.0
2025-07-29 16:35:00,295.21026,0.0,0.0,20.0,0.0
2025-07-29 16:40:00,299.29,0.0,0.0,20.0,0.0
2025-07-29 16:45:00,342.67448,0.0,0.0,20.0,0.0
2025-07-29 16:50:00,348.61,0.0,0.0,20.0,0.0
2025-07-29 16:55:00,348.61,0.0,0.0,20.0,0.0
2025-07-29 17:00:00,333.29532,0.0,0.0,20.0,0.0
2025-07-29 17:05:00,291.12761,0.0,0.0,20.0,0.0
2025-07-29 17:10:00,298.35906,0.0,0.0,20.0,0.0
2025-07-29 17:15:00,348.61,0.0,0.0,20.0,0.0
2025-07-29 17:20:00,348.61,0.0,0.0,20.0,0.0
2025-07-29 17:25:00,375.7633,0.0,0.0,20.0,0.0
2025-07-29 17:30:00,378.37282,0.0,0.0,20.0,0.0
2025-07-29 17:35:00,359.38564,0.0,0.0,20.0,0.0
2025-07-29 17:40:00,356.46859,0.0,0.0,20.0,0.0
2025-07-29 17:45:00,354.50487,0.0,0.0,20.0,0.0
2025-07-29 17:50:00,351.51,0.0,0.0,20.0,0.0
2025-07-29 17:55:00,406.48,0.0,0.0,20.0,0.0
2025-07-29 18:00:00,357.14588,0.0,0.0,20.0,0.0
2025-07-29 18:05:00,348.61,0.0,0.0,20.0,0.0
2025-07-29 18:10:00,296.61724,0.0,0.0,20.0,0.0
2025-07-29 18:15:00,348.61,0.0,0.0,20.0,0.0
2025-07-29 18:20:00,321.47084,0.0,0.0,20.0,0.0
2025-07-29 18:25:00,329.06513,0.0,0.0,20.0,0.0
2025-07-29 18:30:00,309.46251,0.0,0.0,20.0,0.0
2025-07-29 18:35:00,293.46781,0.0,0.0,20.0,0.0
2025-07-29 18:40:00,297.89,0.0,0.0,20.0,0.0
2025-07-29 18:45:00,293.23837,0.0,0.0,20.0,0.0
2025-07-29 18:50:00,287.1738,0.0,0.0,20.0,0.0
2025-07-29 18:55:00,286.99896,0.0,0.0,20.0,0.0
2025-07-29 19:00:00,276.83605,0.0,0.0,20.0,0.0
2025-07-29 19:05:00,254.98165,0.0,0.0,20.0,0.0
2025-07-29 19:10:00,263.25973,0.0,0.0,20.0,0.0
2025-07-29 19:15:00,266.96,0.0,0.0,20.0,0.0
2025-07-29 19:20:00,266.96,0.0,0.0,20.0,0.0
2025-07-29 19:25:00,257.76104,0.0,0.0,20.0,0.0
2025-07-29 19:30:00,263.33938,0.0,0.0,20.0,0.0
2025-07-29 19:35:00,295.46146,0.0,0.0,20.0,0.0
2025-07-29 19:40:00,294.93218,0.0,0.0,20.0,0.0
2025-07-29 19:45:00,280.22344,0.0,0.0,20.0,0.0
2025-07-29 19:50:00,263.77644,0.0,0.0,20.0,0.0
2025-07-29 19:55:00,269.82,0.0,0.0,20.0,0.0
2025-07-29 20:00:00,266.96,0.0,0.0,20.0,0.0
2025-07-29 20:05:00,291.10919,0.0,0.0,20.0,0.0
2025-07-29 20:10:00,285.84431,0.0,0.0,20.0,0.0
2025-07-29 20:15:00,295.79163,0.0,0.0,20.0,0.0
2025-07-29 20:20:00,297.55455,0.0,0.0,20.0,0.0
2025-07-29 20:25:00,297.83967,0.0,0.0,20.0,0.0
2025-07-29 20:30:00,295.80631,0.0,0.0,20.0,0.0
2025-07-29 20:35:00,270.82,0.0,0.0,20.0,0.0
2025-07-29 20:40:00,280.38395,0.0,0.0,20.0,0.0
2025-07-29 20:45:00,266.62464,0.0,0.0,20.0,0.0
2025-07-29 20:50:00,263.33938,0.0,0.0,20.0,0.0
2025-07-29 20:55:00,257.77741,0.0,0.0,20.0,0.0
2025-07-29 21:00:00,254.01574,0.0,0.0,20.0,0.0
2025-07-29 21:05:00,269.17307,0.0,0.0,20.0,0.0
2025-07-29 21:10:00,270.61262,0.0,0.0,20.0,0.0
2025-07-29 21:15:00,270.82,0.0,0.0,20.0,0.0
2025-07-29 21:20:00,247.65323,0.0,0.0,20.0,0.0
2025-07-29 21:25:00,253.55848,0.0,0.0,20.0,0.0
2025-07-29 21:30:00,244.34358,0.0,0.0,20.0,0.0
2025-07-29 21:35:00,279.57266,0.0,0.0,20.0,0.0
2025-07-29 21:40:00,284.28067,0.0,0.0,20.0,0.0
2025-07-29 21:45:00,281.3235,0.0,0.0,20.0,0.0
2025-07-29 21:50:00,263.33938,0.0,0.0,20.0,0.0
2025-07-29 21:55:00,260.40371,0.0,0.0,20.0,0.0
2025-07-29 22:00:00,180.7679,0.0,0.0,20.0,0.0
2025-07-29 22:05:00,215.19158,0.0,0.0,20.0,0.0
2025-07-29 22:10:00,266.96,0.0,0.0,20.0,0.0
2025-07-29 22:15:00,272.84183,0.0,0.0,20.0,0.0
2025-07-29 22:20:00,262.2944,0.0,0.0,20.0,0.0
2025-07-29 22:25:00,216.44322,0.0,0.0,20.0,0.0
2025-07-29 22:30:00,223.30474,0.0,0.0,20.0,0.0
2025-07-29 22:35:00,236.53468,0.0,0.0,20.0,0.0
2025-07-29 22:40:00,241.96,0.0,0.0,20.0,0.0
2025-07-29 22:45:00,219.77362,0.0,0.0,20.0,0.0
2025-07-29 22:50:00,217.78052,0.0,0.0,20.0,0.0
2025-07-29 22:55:00,168.57122,0.0,0.0,20.0,0.0
2025-07-29 23:00:00,158.0,0.0,0.0,20.0,0.0
2025-07-29 23:05:00,158.0,0.0,0.0,20.0,0.0
2025-07-29 23:10:00,160.0,0.0,0.0,20.0,0.0
2025-07-29 23:15:00,227.86599,0.0,0.0,20.0,0.0
2025-07-29 23:20:00,159.10753,0.0,0.0,20.0,0.0
2025-07-29 23:25:00,256.88535,0.0,0.0,20.0,0.0
2025-07-29 23:30:00,158.0,0.0,0.0,20.0,0.0
2025-07-29 23:35:00,165.80641,0.0,0.0,20.0,0.0
2025-07-29 23:40:00,182.4441,0.0,0.0,20.0,0.0
2025-07-29 23:45:00,217.53026,0.0,0.0,20.0,0.0
2025-07-29 23:50:00,211.73677,0.0,0.0,20.0,0.0
2025-07-29 23:55:00,186.10785,0.0,0.0,20.0,0.0
2025-07-30 00:00:00,156.94019,0.0,0.0,20.0,0.0
2025-07-30 00:05:00,218.15881,0.0,0.0,20.0,0.0
2025-07-30 00:10:00,195.01995,0.0,0.0,20.0,0.0
2025-07-30 00:15:00,207.98263,0.0,0.0,20.0,0.0
2025-07-30 00:20:00,160.0,0.0,0.0,20.0,0.0
2025-07-30 00:25:00,155.01154,0.0,0.0,20.0,0.0
2025-07-30 00:30:00,153.29619,0.0,0.0,20.0,0.0
2025-07-30 00:35:00,160.0,0.0,0.0,20.0,0.0
2025-07-30 00:40:00,160.0,0.0,0.0,20.0,0.0
2025-07-30 00:45:00,158.0,0.0,0.0,20.0,0.0
2025-07-30 00:50:00,158.0,0.0,0.0,20.0,0.0
2025-07-30 00:55:00,160.0,0.0,0.0,20.0,0.0
2025-07-30 01:00:00,124.34516,0.0,0.0,20.0,0.0
2025-07-30 01:05:00,156.30496,0.0,0.0,20.0,0.0
2025-07-30 01:10:00,160.0,0.0,0.0,20.0,0.0
2025-07-30 01:15:00,160.0,0.0,0.0,20.0,0.0
2025-07-30 01:20:00,128.67617,0.0,0.0,20.0,0.0
2025-07-30 01:25:00,126.90674,0.0,0.0,20.0,0.0
2025-07-30 01:30:00,127.92514,0.0,0.0,20.0,0.0
2025-07-30 01:35:00,127.89394,0.0,0.0,20.0,0.0
2025-07-30 01:40:00,130.55128,0.0,0.0,20.0,0.0
2025-07-30 01:45:00,122.52587,0.0,0.0,20.0,0.0
2025-07-30 01:50:00,126.30375,0.0,0.0,20.0,0.0
2025-07-30 01:55:00,120.0,0.0,0.0,20.0,0.0
2025-07-30 02:00:00,119.96838,0.0,0.0,20.0,0.0
2025-07-30 02:05:00,138.51096,0.0,0.0,20.0,0.0
2025-07-30 02:10:00,128.09566,0.0,0.0,20.0,0.0
2025-07-30 02:15:00,127.19,0.0,0.0,20.0,0.0
2025-07-30 02:20:00,156.7196,0.0,0.0,20.0,0.0
2025-07-30 02:25:00,126.24341,0.0,0.0,20.0,0.0
2025-07-30 02:30:00,125.22614,0.0,0.0,20.0,0.0
2025-07-30 02:35:00,156.34951,0.0,0.0,20.0,0.0
2025-07-30 02:40:00,125.6171,0.0,0.0,20.0,0.0
2025-07-30 02:45:00,126.72392,0.0,0.0,20.0,0.0
2025-07-30 02:50:00,138.40204,0.0,0.0,20.0,0.0
2025-07-30 02:55:00,119.69183,0.0,0.0,20.0,0.0
2025-07-30 03:00:00,131.34879,0.0,0.0,20.0,0.0
2025-07-30 03:05:00,122.02,0.0,0.0,20.0,0.0
2025-07-30 03:10:00,136.97656,0.0,0.0,20.0,0.0
2025-07-30 03:15:00,120.0,0.0,0.0,20.0,0.0
2025-07-30 03:20:00,124.08206,0.0,0.0,20.0,0.0
2025-07-30 03:25:00,122.02,0.0,0.0,20.0,0.0
2025-07-30 03:30:00,123.65744,0.0,0.0,20.0,0.0
2025-07-30 03:35:00,159.83341,0.0,0.0,20.0,0.0
2025-07-30 03:40:00,122.02,0.0,0.0,20.0,0.0
2025-07-30 03:45:00,113.65741,0.0,0.0,20.0,0.0
2025-07-30 03:50:00,122.02,0.0,0.0,20.0,0.0
2025-07-30 03:55:00,119.69183,0.0,0.0,20.0,0.0
2025-07-30 04:00:00,119.86576,0.0,0.0,20.0,0.0
2025-07-30 04:05:00,122.02,0.0,0.0,20.0,0.0
2025-07-30 04:10:00,133.05027,0.0,0.0,20.0,0.0
2025-07-30 04:15:00,122.02,0.0,0.0,20.0,0.0
2025-07-30 04:20:00,134.28662,0.0,0.0,20.0,0.0
2025-07-30 04:25:00,129.44505,0.0,0.0,20.0,0.0
2025-07-30 04:30:00,122.02,0.0,0.0,20.0,0.0
2025-07-30 04:35:00,155.88,0.0,0.0,20.0,0.0
2025-07-30 04:40:00,166.77874,0.0,0.0,20.0,0.0
2025-07-30 04:45:00,120.99327,0.0,0.0,20.0,0.0
2025-07-30 04:50:00,122.02,0.0,0.0,20.0,0.0
2025-07-30 04:55:00,122.02,0.0,0.0,20.0,0.0
2025-07-30 05:00:00,145.83533,0.0,0.0,20.0,0.0
2025-07-30 05:05:00,134.73975,0.0,0.0,20.0,0.0
2025-07-30 05:10:00,158.49,0.0,0.0,20.0,0.0
2025-07-30 05:15:00,130.95005,0.0,0.0,20.0,0.0
2025-07-30 05:20:00,162.27944,0.0,0.0,20.0,0.0
2025-07-30 05:25:00,160.0,0.0,0.0,20.0,0.0
2025-07-30 05:30:00,167.97869,0.0,0.0,20.0,0.0
2025-07-30 05:35:00,160.06124,0.0,0.0,20.0,0.0
2025-07-30 05:40:00,169.34521,0.0,0.0,20.0,0.0
2025-07-30 05:45:00,130.85813,0.0,0.0,20.0,0.0
2025-07-30 05:50:00,163.81444,0.0,0.0,20.0,0.0
2025-07-30 05:55:00,172.25972,0.0,0.0,20.0,0.0
2025-07-30 06:00:00,166.83132,0.0,0.0,20.0,0.0
2025-07-30 06:05:00,166.83132,0.0,0.0,20.0,0.0
2025-07-30 06:10:00,166.5686,0.0,0.0,20.0,0.0
2025-07-30 06:15:00,171.48226,0.0,0.0,20.0,0.0
2025-07-30 06:20:00,190.86574,0.0,0.0,20.0,0.0
2025-07-30 06:25:00,227.97,0.0,0.0,20.0,0.0
2025-07-30 06:30:00,187.44459,0.0,0.0,20.0,0.0
2025-07-30 06:35:00,182.55722,0.0,0.0,20.0,0.0
2025-07-30 06:40:00,166.29794,0.0,0.0,20.0,0.0
2025-07-30 06:45:00,158.0,0.0,0.0,20.0,0.0
2025-07-30 06:50:00,158.0,0.0,0.0,20.0,0.0
2025-07-30 06:55:00,242.5832,0.0,0.0,20.0,0.0
2025-07-30 07:00:00,247.45,0.0,0.0,20.0,0.0
2025-07-30 07:05:00,247.45,0.0,0.0,20.0,0.0
2025-07-30 07:10:00,215.64432,0.0,0.0,20.0,0.0
2025-07-30 07:15:00,284.54266,0.0,0.0,20.0,0.0
2025-07-30 07:20:00,247.45,0.0,0.0,20.0,0.0
2025-07-30 07:25:00,283.51898,0.0,0.0,20.0,0.0
2025-07-30 07:30:00,272.34807,0.0,0.0,20.0,0.0
2025-07-30 07:35:00,299.5,0.0,0.0,20.0,0.0
2025-07-30 07:40:00,270.82,0.0,0.0,20.0,0.0
2025-07-30 07:45:00,274.70722,0.0,0.0,20.0,0.0
2025-07-30 07:50:00,247.45,0.0,0.0,20.0,0.0
2025-07-30 07:55:00,239.77114,0.0,0.0,20.0,0.0
2025-07-30 08:00:00,170.6261,0.0,0.0,20.0,0.0
2025-07-30 08:05:00,211.97603,0.0,0.0,20.0,0.0
2025-07-30 08:10:00,222.54477,0.0,0.0,20.0,0.0
2025-07-30 08:15:00,269.17796,0.0,0.0,20.0,0.0
2025-07-30 08:20:00,226.80286,0.0,0.0,20.0,0.0
2025-07-30 08:25:00,226.8963,0.0,0.0,20.0,0.0
2025-07-30 08:30:00,156.97,0.0,0.0,20.0,0.0
2025-07-30 08:35:00,182.41091,0.0,0.0,20.0,0.0
2025-07-30 08:40:00,156.97,0.0,0.0,20.0,0.0
2025-07-30 08:45:00,184.22594,0.0,0.0,20.0,0.0
2025-07-30 08:50:00,156.02,0.0,0.0,20.0,0.0
2025-07-30 08:55:00,156.02,0.0,0.0,20.0,0.0
2025-07-30 09:00:00,119.90967,0.0,0.0,20.0,0.0
2025-07-30 09:05:00,127.22412,0.0,0.0,20.0,0.0
2025-07-30 09:10:00,126.57395,0.0,0.0,20.0,0.0
2025-07-30 09:15:00,119.17383,0.0,0.0,20.0,0.0
2025-07-30 09:20:00,138.56701,0.0,0.0,20.0,0.0
2025-07-30 09:25:00,115.78761,0.0,0.0,20.0,0.0
2025-07-30 09:30:00,103.84398,0.0,0.0,20.0,0.0
2025-07-30 09:35:00,132.72,0.0,0.0,20.0,0.0
2025-07-30 09:40:00,97.0,0.0,0.0,20.0,0.0
2025-07-30 09:45:00,85.07012,0.0,0.0,20.0,0.0
2025-07-30 09:50:00,75.80003,0.0,0.0,20.0,0.0
2025-07-30 09:55:00,54.40674,0.0,0.0,20.0,0.0
2025-07-30 10:00:00,53.22044,0.0,0.0,20.0,0.0
2025-07-30 10:05:00,80.0,0.0,0.0,20.0,0.0
2025-07-30 10:10:00,80.0,0.0,0.0,20.0,0.0
2025-07-30 10:15:00,80.0,0.0,0.0,20.0,0.0
2025-07-30 10:20:00,80.0,0.0,0.0,20.0,0.0
2025-07-30 10:25:00,78.22797,0.0,0.0,20.0,0.0
2025-07-30 10:30:00,77.08106,0.0,0.0,20.0,0.0
2025-07-30 10:35:00,68.31665,0.0,0.0,20.0,0.0
2025-07-30 10:40:00,75.80003,0.0,0.0,20.0,0.0
2025-07-30 10:45:00,61.18055,0.0,0.0,20.0,0.0
2025-07-30 10:50:00,49.86972,0.0,0.0,20.0,0.0
2025-07-30 10:55:00,49.80192,0.0,0.0,20.0,0.0
2025-07-30 11:00:00,56.18963,0.0,0.0,20.0,0.0
2025-07-30 11:05:00,71.28111,0.0,0.0,20.0,0.0
2025-07-30 11:10:00,54.18143,0.0,0.0,20.0,0.0
2025-07-30 11:15:00,71.95185,0.0,0.0,20.0,0.0
2025-07-30 11:20:00,48.19,0.0,0.0,20.0,0.0
2025-07-30 11:25:00,63.53677,0.0,0.0,20.0,0.0
2025-07-30 11:30:00,63.5061,0.0,0.0,20.0,0.0
2025-07-30 11:35:00,48.19,0.0,0.0,20.0,0.0
2025-07-30 11:40:00,80.36746,0.0,0.0,20.0,0.0
2025-07-30 11:45:00,71.03436,0.0,0.0,20.0,0.0
2025-07-30 11:50:00,80.0,0.0,0.0,20.0,0.0
2025-07-30 11:55:00,75.75094,0.0,0.0,20.0,0.0
2025-07-30 12:00:00,48.19,0.0,0.0,20.0,0.0
2025-07-30 12:05:00,81.25456,0.0,0.0,20.0,0.0
2025-07-30 12:10:00,88.38902,0.0,0.0,20.0,0.0
2025-07-30 12:15:00,72.93578,0.0,0.0,20.0,0.0
2025-07-30 12:20:00,60.57225,0.0,0.0,20.0,0.0
2025-07-30 12:25:00,85.4986,0.0,0.0,20.0,0.0
2025-07-30 12:30:00,85.89144,0.0,0.0,20.0,0.0
2025-07-30 12:35:00,48.15,0.0,0.0,20.0,0.0
2025-07-30 12:40:00,51.69415,0.0,0.0,20.0,0.0
2025-07-30 12:45:00,84.13455,0.0,0.0,20.0,0.0
2025-07-30 12:50:00,48.15,0.0,0.0,20.0,0.0
2025-07-30 12:55:00,83.5455,0.0,0.0,20.0,0.0
2025-07-30 13:00:00,85.63108,0.0,0.0,20.0,0.0
2025-07-30 13:05:00,73.06166,0.0,0.0,20.0,0.0
2025-07-30 13:10:00,72.25469,0.0,0.0,20.0,0.0
2025-07-30 13:15:00,72.88603,0.0,0.0,20.0,0.0
2025-07-30 13:20:00,75.80003,0.0,0.0,20.0,0.0
2025-07-30 13:25:00,70.97,0.0,0.0,20.0,0.0
2025-07-30 13:30:00,75.63186,0.0,0.0,20.0,0.0
2025-07-30 13:35:00,62.67964,0.0,0.0,20.0,0.0
2025-07-30 13:40:00,69.77593,0.0,0.0,20.0,0.0
2025-07-30 13:45:00,69.81527,0.0,0.0,20.0,0.0
2025-07-30 13:50:00,69.73016,0.0,0.0,20.0,0.0
2025-07-30 13:55:00,71.18064,0.0,0.0,20.0,0.0
2025-07-30 14:00:00,80.0,0.0,0.0,20.0,0.0
2025-07-30 14:05:00,70.05063,0.0,0.0,20.0,0.0
2025-07-30 14:10:00,80.0,0.0,0.0,20.0,0.0
2025-07-30 14:15:00,80.0,0.0,0.0,20.0,0.0
2025-07-30 14:20:00,80.0,0.0,0.0,20.0,0.0
2025-07-30 14:25:00,83.88321,0.0,0.0,20.0,0.0
2025-07-30 14:30:00,67.776,0.0,0.0,20.0,0.0
2025-07-30 14:35:00,69.06975,0.0,0.0,20.0,0.0
2025-07-30 14:40:00,74.60478,0.0,0.0,20.0,0.0
2025-07-30 14:45:00,69.42717,0.0,0.0,20.0,0.0
2025-07-30 14:50:00,64.58476,0.0,0.0,20.0,0.0
2025-07-30 14:55:00,68.51058,0.0,0.0,20.0,0.0
2025-07-30 15:00:00,85.7738,0.0,0.0,20.0,0.0
2025-07-30 15:05:00,71.2,0.0,0.0,20.0,0.0
2025-07-30 15:10:00,71.2,0.0,0.0,20.0,0.0
2025-07-30 15:15:00,65.39692,0.0,0.0,20.0,0.0
2025-07-30 15:20:00,65.46486,0.0,0.0,20.0,0.0
2025-07-30 15:25:00,66.72639,0.0,0.0,20.0,0.0
2025-07-30 15:30:00,71.42076,0.0,0.0,20.0,0.0
2025-07-30 15:35:00,36.71175,0.0,0.0,20.0,0.0
2025-07-30 15:40:00,26.44284,0.0,0.0,20.0,0.0
2025-07-30 15:45:00,26.66654,0.0,0.0,20.0,0.0
2025-07-30 15:50:00,28.15024,0.0,0.0,20.0,0.0
2025-07-30 15:55:00,29.75798,0.0,0.0,20.0,0.0
2025-07-30 16:00:00,78.27,0.0,0.0,20.0,0.0
2025-07-30 16:05:00,63.50183,0.0,0.0,20.0,0.0
2025-07-30 16:10:00,64.38477,0.0,0.0,20.0,0.0
2025-07-30 16:15:00,78.93332,0.0,0.0,20.0,0.0
2025-07-30 16:20:00,88.49484,0.0,0.0,20.0,0.0
2025-07-30 16:25:00,102.38532,0.0,0.0,20.0,0.0
2025-07-30 16:30:00,119.69183,0.0,0.0,20.0,0.0
2025-07-30 16:35:00,80.0,0.0,0.0,20.0,0.0
2025-07-30 16:40:00,115.79094,0.0,0.0,20.0,0.0
2025-07-30 16:45:00,122.9484,0.0,0.0,20.0,0.0
2025-07-30 16:50:00,158.0,0.0,0.0,20.0,0.0
2025-07-30 16:55:00,158.0,0.0,0.0,20.0,0.0
2025-07-30 17:00:00,158.0,0.0,0.0,20.0,0.0
2025-07-30 17:05:00,151.3188,0.0,0.0,20.0,0.0
2025-07-30 17:10:00,147.24855,0.0,0.0,20.0,0.0
2025-07-30 17:15:00,171.57,0.0,0.0,20.0,0.0
2025-07-30 17:20:00,158.0,0.0,0.0,20.0,0.0
2025-07-30 17:25:00,158.65812,0.0,0.0,20.0,0.0
2025-07-30 17:30:00,158.0,0.0,0.0,20.0,0.0
2025-07-30 17:35:00,161.38826,0.0,0.0,20.0,0.0
2025-07-30 17:40:00,190.11563,0.0,0.0,20.0,0.0
2025-07-30 17:45:00,164.44694,0.0,0.0,20.0,0.0
2025-07-30 17:50:00,208.24702,0.0,0.0,20.0,0.0
2025-07-30 17:55:00,167.04511,0.0,0.0,20.0,0.0
2025-07-30 18:00:00,187.86146,0.0,0.0,20.0,0.0
2025-07-30 18:05:00,186.79221,0.0,0.0,20.0,0.0
2025-07-30 18:10:00,174.79589,0.0,0.0,20.0,0.0
2025-07-30 18:15:00,176.0192,0.0,0.0,20.0,0.0
2025-07-30 18:20:00,158.0,0.0,0.0,20.0,0.0
2025-07-30 18:25:00,173.58654,0.0,0.0,20.0,0.0
2025-07-30 18:30:00,159.47055,0.0,0.0,20.0,0.0
2025-07-30 18:35:00,158.0,0.0,0.0,20.0,0.0
2025-07-30 18:40:00,158.0,0.0,0.0,20.0,0.0
2025-07-30 18:45:00,132.72,0.0,0.0,20.0,0.0
2025-07-30 18:50:00,139.55667,0.0,0.0,20.0,0.0
2025-07-30 18:55:00,132.72,0.0,0.0,20.0,0.0
2025-07-30 19:00:00,130.23,0.0,0.0,20.0,0.0
2025-07-30 19:05:00,130.23,0.0,0.0,20.0,0.0
2025-07-30 19:10:00,132.72,0.0,0.0,20.0,0.0
2025-07-30 19:15:00,152.77256,0.0,0.0,20.0,0.0
2025-07-30 19:20:00,124.12239,0.0,0.0,20.0,0.0
2025-07-30 19:25:00,129.99485,0.0,0.0,20.0,0.0
2025-07-30 19:30:00,129.20635,0.0,0.0,20.0,0.0
2025-07-30 19:35:00,122.02,0.0,0.0,20.0,0.0
2025-07-30 19:40:00,122.02,0.0,0.0,20.0,0.0
2025-07-30 19:45:00,120.0,0.0,0.0,20.0,0.0
2025-07-30 19:50:00,120.0,0.0,0.0,20.0,0.0
2025-07-30 19:55:00,97.0,0.0,0.0,20.0,0.0
2025-07-30 20:00:00,112.1243,0.0,0.0,20.0,0.0
2025-07-30 20:05:00,135.0384,0.0,0.0,20.0,0.0
2025-07-30 20:10:00,125.36078,0.0,0.0,20.0,0.0
2025-07-30 20:15:00,130.39012,0.0,0.0,20.0,0.0
2025-07-30 20:20:00,125.19906,0.0,0.0,20.0,0.0
2025-07-30 20:25:00,125.25649,0.0,0.0,20.0,0.0
2025-07-30 20:30:00,126.22848,0.0,0.0,20.0,0.0
2025-07-30 20:35:00,122.02,0.0,0.0,20.0,0.0
2025-07-30 20:40:00,122.02,0.0,0.0,20.0,0.0
2025-07-30 20:45:00,118.76606,0.0,0.0,20.0,0.0
2025-07-30 20:50:00,120.0,0.0,0.0,20.0,0.0
2025-07-30 20:55:00,117.95096,0.0,0.0,20.0,0.0
2025-07-30 21:00:00,120.0,0.0,0.0,20.0,0.0
2025-07-30 21:05:00,113.32531,0.0,0.0,20.0,0.0
2025-07-30 21:10:00,120.0,0.0,0.0,20.0,0.0
2025-07-30 21:15:00,120.0,0.0,0.0,20.0,0.0
2025-07-30 21:20:00,116.62072,0.0,0.0,20.0,0.0
2025-07-30 21:25:00,101.04144,0.0,0.0,20.0,0.0
2025-07-30 21:30:00,97.11327,0.0,0.0,20.0,0.0
2025-07-30 21:35:00,97.65933,0.0,0.0,20.0,0.0
2025-07-30 21:40:00,97.0,0.0,0.0,20.0,0.0
2025-07-30 21:45:00,97.0,0.0,0.0,20.0,0.0
2025-07-30 21:50:00,89.29509,0.0,0.0,20.0,0.0
2025-07-30 21:55:00,80.0,0.0,0.0,20.0,0.0
2025-07-30 22:00:00,80.0,0.0,0.0,20.0,0.0
2025-07-30 22:05:00,81.8544,0.0,0.0,20.0,0.0
2025-07-30 22:10:00,97.0,0.0,0.0,20.0,0.0
2025-07-30 22:15:00,93.53328,0.0,0.0,20.0,0.0
2025-07-30 22:20:00,93.15752,0.0,0.0,20.0,0.0
2025-07-30 22:25:00,80.0,0.0,0.0,20.0,0.0
2025-07-30 22:30:00,81.61711,0.0,0.0,20.0,0.0
2025-07-30 22:35:00,81.35503,0.0,0.0,20.0,0.0
2025-07-30 22:40:00,80.0,0.0,0.0,20.0,0.0
2025-07-30 22:45:00,80.0,0.0,0.0,20.0,0.0
2025-07-30 22:50:00,80.0,0.0,0.0,20.0,0.0
2025-07-30 22:55:00,79.88594,0.0,0.0,20.0,0.0
2025-07-30 23:00:00,71.62951,0.0,0.0,20.0,0.0
2025-07-30 23:05:00,80.0,0.0,0.0,20.0,0.0
2025-07-30 23:10:00,80.0,0.0,0.0,20.0,0.0
2025-07-30 23:15:00,80.0,0.0,0.0,20.0,0.0
2025-07-30 23:20:00,80.0,0.0,0.0,20.0,0.0
2025-07-30 23:25:00,80.0,0.0,0.0,20.0,0.0
2025-07-30 23:30:00,80.0,0.0,0.0,20.0,0.0
2025-07-30 23:35:00,80.0,0.0,0.0,20.0,0.0
2025-07-30 23:40:00,80.0,0.0,0.0,20.0,0.0
2025-07-30 23:45:00,78.08844,0.0,0.0,20.0,0.0
2025-07-30 23:50:00,78.73246,0.0,0.0,20.0,0.0
2025-07-30 23:55:00,80.0,0.0,0.0,20.0,0.0
2025-07-31 00:00:00,69.38397,0.0,0.0,20.0,0.0
2025-07-31 00:05:00,80.0,0.0,0.0,20.0,0.0
2025-07-31 00:10:00,77.39907,0.0,0.0,20.0,0.0
2025-07-31 00:15:00,72.67946,0.0,0.0,20.0,0.0
2025-07-31 00:20:00,74.69095,0.0,0.0,20.0,0.0
2025-07-31 00:25:00,75.97684,0.0,0.0,20.0,0.0
2025-07-31 00:30:00,76.03505,0.0,0.0,20.0,0.0
2025-07-31 00:35:00,67.75286,0.0,0.0,20.0,0.0
2025-07-31 00:40:00,69.51539,0.0,0.0,20.0,0.0
2025-07-31 00:45:00,75.17277,0.0,0.0,20.0,0.0
2025-07-31 00:50:00,68.23381,0.0,0.0,20.0,0.0
2025-07-31 00:55:00,68.72105,0.0,0.0,20.0,0.0
2025-07-31 01:00:00,66.10912,0.0,0.0,20.0,0.0
2025-07-31 01:05:00,67.43405,0.0,0.0,20.0,0.0
2025-07-31 01:10:00,67.8298,0.0,0.0,20.0,0.0
2025-07-31 01:15:00,59.78505,0.0,0.0,20.0,0.0
2025-07-31 01:20:00,63.97853,0.0,0.0,20.0,0.0
2025-07-31 01:25:00,48.98948,0.0,0.0,20.0,0.0
2025-07-31 01:30:00,66.15149,0.0,0.0,20.0,0.0
2025-07-31 01:35:00,64.4601,0.0,0.0,20.0,0.0
2025-07-31 01:40:00,73.79631,0.0,0.0,20.0,0.0
2025-07-31 01:45:00,46.91802,0.0,0.0,20.0,0.0
2025-07-31 01:50:00,64.06811,0.0,0.0,20.0,0.0
2025-07-31 01:55:00,66.37696,0.0,0.0,20.0,0.0
2025-07-31 02:00:00,48.86792,0.0,0.0,20.0,0.0
2025-07-31 02:05:00,78.89244,0.0,0.0,20.0,0.0
2025-07-31 02:10:00,67.08213,0.0,0.0,20.0,0.0
2025-07-31 02:15:00,49.57558,0.0,0.0,20.0,0.0
2025-07-31 02:20:00,49.64496,0.0,0.0,20.0,0.0
2025-07-31 02:25:00,73.05002,0.0,0.0,20.0,0.0
2025-07-31 02:30:00,67.61335,0.0,0.0,20.0,0.0
2025-07-31 02:35:00,60.88003,0.0,0.0,20.0,0.0
2025-07-31 02:40:00,65.6644,0.0,0.0,20.0,0.0
2025-07-31 02:45:00,25.85864,0.0,0.0,20.0,0.0
2025-07-31 02:50:00,26.40864,0.0,0.0,20.0,0.0
2025-07-31 02:55:00,46.29261,0.0,0.0,20.0,0.0
2025-07-31 03:00:00,48.76702,0.0,0.0,20.0,0.0
2025-07-31 03:05:00,46.47044,0.0,0.0,20.0,0.0
2025-07-31 03:10:00,23.74715,0.0,0.0,20.0,0.0
2025-07-31 03:15:00,46.47344,0.0,0.0,20.0,0.0
2025-07-31 03:20:00,46.85632,0.0,0.0,20.0,0.0
2025-07-31 03:25:00,62.50047,0.0,0.0,20.0,0.0
2025-07-31 03:30:00,47.67309,0.0,0.0,20.0,0.0
2025-07-31 03:35:00,51.77074,0.0,0.0,20.0,0.0
2025-07-31 03:40:00,71.97051,0.0,0.0,20.0,0.0
2025-07-31 03:45:00,66.00918,0.0,0.0,20.0,0.0
2025-07-31 03:50:00,63.85596,0.0,0.0,20.0,0.0
2025-07-31 03:55:00,52.8054,0.0,0.0,20.0,0.0
2025-07-31 04:00:00,66.08922,0.0,0.0,20.0,0.0
2025-07-31 04:05:00,66.8278,0.0,0.0,20.0,0.0
2025-07-31 04:10:00,72.85941,0.0,0.0,20.0,0.0
2025-07-31 04:15:00,74.27683,0.0,0.0,20.0,0.0
2025-07-31 04:20:00,67.52231,0.0,0.0,20.0,0.0
2025-07-31 04:25:00,75.03847,0.0,0.0,20.0,0.0
2025-07-31 04:30:00,64.44006,0.0,0.0,20.0,0.0
2025-07-31 04:35:00,66.03685,0.0,0.0,20.0,0.0
2025-07-31 04:40:00,73.48054,0.0,0.0,20.0,0.0
2025-07-31 04:45:00,61.7681,0.0,0.0,20.0,0.0
2025-07-31 04:50:00,62.46795,0.0,0.0,20.0,0.0
2025-07-31 04:55:00,65.94412,0.0,0.0,20.0,0.0
2025-07-31 05:00:00,65.33369,0.0,0.0,20.0,0.0
2025-07-31 05:05:00,62.0054,0.0,0.0,20.0,0.0
2025-07-31 05:10:00,61.99514,0.0,0.0,20.0,0.0
2025-07-31 05:15:00,66.13183,0.0,0.0,20.0,0.0
2025-07-31 05:20:00,62.25466,0.0,0.0,20.0,0.0
2025-07-31 05:25:00,62.24887,0.0,0.0,20.0,0.0
2025-07-31 05:30:00,80.0,0.0,0.0,20.0,0.0
2025-07-31 05:35:00,74.83239,0.0,0.0,20.0,0.0
2025-07-31 05:40:00,80.0,0.0,0.0,20.0,0.0
2025-07-31 05:45:00,80.0,0.0,0.0,20.0,0.0
2025-07-31 05:50:00,80.0,0.0,0.0,20.0,0.0
2025-07-31 05:55:00,84.13378,0.0,0.0,20.0,0.0
2025-07-31 06:00:00,120.0,0.0,0.0,20.0,0.0
2025-07-31 06:05:00,83.27804,0.0,0.0,20.0,0.0
2025-07-31 06:10:00,121.00962,0.0,0.0,20.0,0.0
2025-07-31 06:15:00,120.0,0.0,0.0,20.0,0.0
2025-07-31 06:20:00,158.0,0.0,0.0,20.0,0.0
2025-07-31 06:25:00,132.72,0.0,0.0,20.0,0.0
2025-07-31 06:30:00,132.72,0.0,0.0,20.0,0.0
2025-07-31 06:35:00,158.0,0.0,0.0,20.0,0.0
2025-07-31 06:40:00,158.0,0.0,0.0,20.0,0.0
2025-07-31 06:45:00,158.0,0.0,0.0,20.0,0.0
2025-07-31 06:50:00,172.01564,0.0,0.0,20.0,0.0
2025-07-31 06:55:00,231.84512,0.0,0.0,20.0,0.0
2025-07-31 07:00:00,246.6878,0.0,0.0,20.0,0.0
2025-07-31 07:05:00,247.45,0.0,0.0,20.0,0.0
2025-07-31 07:10:00,248.94,0.0,0.0,20.0,0.0
2025-07-31 07:15:00,247.45,0.0,0.0,20.0,0.0
2025-07-31 07:20:00,278.07737,0.0,0.0,20.0,0.0
2025-07-31 07:25:00,281.35448,0.0,0.0,20.0,0.0
2025-07-31 07:30:00,284.11265,0.0,0.0,20.0,0.0
2025-07-31 07:35:00,270.82,0.0,0.0,20.0,0.0
2025-07-31 07:40:00,247.37512,0.0,0.0,20.0,0.0
2025-07-31 07:45:00,195.09575,0.0,0.0,20.0,0.0
2025-07-31 07:50:00,163.32264,0.0,0.0,20.0,0.0
2025-07-31 07:55:00,156.02,0.0,0.0,20.0,0.0
2025-07-31 08:00:00,122.02,0.0,0.0,20.0,0.0
2025-07-31 08:05:00,129.57465,0.0,0.0,20.0,0.0
2025-07-31 08:10:00,123.11208,0.0,0.0,20.0,0.0
2025-07-31 08:15:00,115.98909,0.0,0.0,20.0,0.0
2025-07-31 08:20:00,87.02477,0.0,0.0,20.0,0.0
2025-07-31 08:25:00,82.24461,0.0,0.0,20.0,0.0
2025-07-31 08:30:00,50.66743,0.0,0.0,20.0,0.0
2025-07-31 08:35:00,112.39479,0.0,0.0,20.0,0.0
2025-07-31 08:40:00,97.0,0.0,0.0,20.0,0.0
2025-07-31 08:45:00,96.95758,0.0,0.0,20.0,0.0
2025-07-31 08:50:00,80.0,0.0,0.0,20.0,0.0
2025-07-31 08:55:00,69.73095,0.0,0.0,20.0,0.0
2025-07-31 09:00:00,50.46985,0.0,0.0,20.0,0.0
2025-07-31 09:05:00,59.87621,0.0,0.0,20.0,0.0
2025-07-31 09:10:00,80.0,0.0,0.0,20.0,0.0
2025-07-31 09:15:00,61.93119,0.0,0.0,20.0,0.0
2025-07-31 09:20:00,57.0,0.0,0.0,20.0,0.0
2025-07-31 09:25:00,64.39672,0.0,0.0,20.0,0.0
2025-07-31 09:30:00,61.11688,0.0,0.0,20.0,0.0
2025-07-31 09:35:00,50.44942,0.0,0.0,20.0,0.0
2025-07-31 09:40:00,48.15,0.0,0.0,20.0,0.0
2025-07-31 09:45:00,33.89019,0.0,0.0,20.0,0.0
2025-07-31 09:50:00,29.71043,0.0,0.0,20.0,0.0
2025-07-31 09:55:00,11.06,0.0,0.0,20.0,0.0
2025-07-31 10:00:00,33.88979,0.0,0.0,20.0,0.0
2025-07-31 10:05:00,11.6,0.0,0.0,20.0,0.0
2025-07-31 10:10:00,12.42,0.0,0.0,20.0,0.0
2025-07-31 10:15:00,12.42,0.0,0.0,20.0,0.0
2025-07-31 10:20:00,20.04,0.0,0.0,20.0,0.0
2025-07-31 10:25:00,8.95,100.0,0.0,27.90569415042095,-74.58333333333331
2025-07-31 10:30:00,0.35308,100.0,0.0,35.8113883008419,-2.942333333333333
2025-07-31 10:35:00,29.7482,0.0,0.0,35.8113883008419,0.0
2025-07-31 10:40:00,33.46901,0.0,0.0,35.8113883008419,0.0
2025-07-31 10:45:00,9.86,0.0,0.0,35.8113883008419,0.0
2025-07-31 10:50:00,21.72255,0.0,0.0,35.8113883008419,0.0
2025-07-31 10:55:00,58.23087,0.0,0.0,35.8113883008419,0.0
2025-07-31 11:00:00,8.95,100.0,0.0,43.71708245126285,-74.58333333333331
2025-07-31 11:05:00,33.55407,0.0,0.0,43.71708245126285,0.0
2025-07-31 11:10:00,33.89,0.0,0.0,43.71708245126285,0.0
2025-07-31 11:15:00,1.08351,100.0,0.0,51.622776601683796,-9.02925
2025-07-31 11:20:00,11.57,0.0,0.0,51.622776601683796,0.0
2025-07-31 11:25:00,20.04,0.0,0.0,51.622776601683796,0.0
2025-07-31 11:30:00,8.95,100.0,0.0,59.528470752104745,-74.58333333333331
2025-07-31 11:35:00,37.90405,0.0,0.0,59.528470752104745,0.0
2025-07-31 11:40:00,35.9121,0.0,0.0,59.528470752104745,0.0
2025-07-31 11:45:00,12.90814,0.0,0.0,59.528470752104745,0.0
2025-07-31 11:50:00,37.50124,0.0,0.0,59.528470752104745,0.0
2025-07-31 11:55:00,21.56985,0.0,0.0,59.528470752104745,0.0
2025-07-31 12:00:00,38.06138,0.0,0.0,59.528470752104745,0.0
2025-07-31 12:05:00,12.42,0.0,0.0,59.528470752104745,0.0
2025-07-31 12:10:00,8.94977,100.0,0.0,67.4341649025257,-74.58141666666666
2025-07-31 12:15:00,1.08905,100.0,0.0,75.33985905294664,-9.075416666666666
2025-07-31 12:20:00,35.02104,0.0,0.0,75.33985905294664,0.0
2025-07-31 12:25:00,30.12301,0.0,0.0,75.33985905294664,0.0
2025-07-31 12:30:00,8.95,100.0,0.0,83.24555320336758,-74.58333333333331
2025-07-31 12:35:00,8.95,100.0,0.0,91.15124735378852,-74.58333333333331
2025-07-31 12:40:00,12.42,0.0,0.0,91.15124735378852,0.0
2025-07-31 12:45:00,36.8836,0.0,0.0,91.15124735378852,0.0
2025-07-31 12:50:00,30.19502,0.0,0.0,91.15124735378852,0.0
2025-07-31 12:55:00,20.44738,0.0,0.0,91.15124735378852,0.0
2025-07-31 13:00:00,20.85282,0.0,0.0,91.15124735378852,0.0
2025-07-31 13:05:00,45.01774,0.0,0.0,91.15124735378852,0.0
2025-07-31 13:10:00,34.047,0.0,0.0,91.15124735378852,0.0
2025-07-31 13:15:00,50.8729,0.0,0.0,91.15124735378852,0.0
2025-07-31 13:20:00,34.91,0.0,0.0,91.15124735378852,0.0
2025-07-31 13:25:00,35.37893,0.0,0.0,91.15124735378852,0.0
2025-07-31 13:30:00,34.91,0.0,0.0,91.15124735378852,0.0
2025-07-31 13:35:00,33.20929,0.0,0.0,91.15124735378852,0.0
2025-07-31 13:40:00,33.69294,0.0,0.0,91.15124735378852,0.0
2025-07-31 13:45:00,46.76177,0.0,0.0,91.15124735378852,0.0
2025-07-31 13:50:00,48.69117,0.0,0.0,91.15124735378852,0.0
2025-07-31 13:55:00,48.62646,0.0,0.0,91.15124735378852,0.0
2025-07-31 14:00:00,53.18391,0.0,0.0,91.15124735378852,0.0
2025-07-31 14:05:00,33.06864,0.0,0.0,91.15124735378852,0.0
2025-07-31 14:10:00,46.21965,0.0,0.0,91.15124735378852,0.0
2025-07-31 14:15:00,53.93409,0.0,0.0,91.15124735378852,0.0
2025-07-31 14:20:00,20.04,0.0,0.0,91.15124735378852,0.0
2025-07-31 14:25:00,12.42,0.0,0.0,91.15124735378852,0.0
2025-07-31 14:30:00,20.04,0.0,0.0,91.15124735378852,0.0
2025-07-31 14:35:00,40.43,0.0,0.0,91.15124735378852,0.0
2025-07-31 14:40:00,46.0561,0.0,0.0,91.15124735378852,0.0
2025-07-31 14:45:00,12.04,0.0,0.0,91.15124735378852,0.0
2025-07-31 14:50:00,20.04,0.0,0.0,91.15124735378852,0.0
2025-07-31 14:55:00,2.45055,100.0,0.0,99.05694150420946,-20.421249999999997
2025-07-31 15:00:00,8.95,100.0,0.0,106.9626356546304,-74.58333333333331
2025-07-31 15:05:00,2.04804,100.0,0.0,114.86832980505135,-17.066999999999997
2025-07-31 15:10:00,8.95,100.0,0.0,122.77402395547229,-74.58333333333331
2025-07-31 15:15:00,8.95,100.0,0.0,130.67971810589324,-74.58333333333331
2025-07-31 15:20:00,1.10602,100.0,0.0,138.58541225631419,-9.216833333333332
2025-07-31 15:25:00,8.95,100.0,0.0,146.49110640673513,-74.58333333333331
2025-07-31 15:30:00,8.95,100.0,0.0,154.39680055715607,-74.58333333333331
2025-07-31 15:35:00,6.70022,100.0,0.0,162.302494707577,-55.83516666666666
2025-07-31 15:40:00,8.95,100.0,0.0,170.20818885799795,-74.58333333333331
2025-07-31 15:45:00,20.1,0.0,0.0,170.20818885799795,0.0
2025-07-31 15:50:00,42.03128,0.0,0.0,170.20818885799795,0.0
2025-07-31 15:55:00,69.92739,0.0,0.0,170.20818885799795,0.0
2025-07-31 16:00:00,78.45399,0.0,0.0,170.20818885799795,0.0
2025-07-31 16:05:00,80.0,0.0,0.0,170.20818885799795,0.0
2025-07-31 16:10:00,73.29387,0.0,0.0,170.20818885799795,0.0
2025-07-31 16:15:00,100.96094,0.0,0.0,170.20818885799795,0.0
2025-07-31 16:20:00,104.06761,0.0,0.0,170.20818885799795,0.0
2025-07-31 16:25:00,141.75182,0.0,100.0,161.4240842464191,1181.2651666666666
2025-07-31 16:30:00,269.30889,0.0,100.0,152.63997963484027,2244.24075
2025-07-31 16:35:00,156.00484,0.0,100.0,143.85587502326143,1300.0403333333331
2025-07-31 16:40:00,158.68067,0.0,100.0,135.0717704116826,1322.3389166666664
2025-07-31 16:45:00,173.78429,0.0,100.0,126.28766580010377,1448.2024166666665
2025-07-31 16:50:00,240.37709,0.0,100.0,117.50356118852494,2003.1424166666663
2025-07-31 16:55:00,247.45,0.0,100.0,108.71945657694611,2062.083333333333
2025-07-31 17:00:00,271.6051,0.0,100.0,99.93535196536729,2263.375833333333
2025-07-31 17:05:00,247.45,0.0,100.0,91.15124735378846,2062.083333333333
2025-07-31 17:10:00,248.94,0.0,100.0,82.36714274220964,2074.4999999999995
2025-07-31 17:15:00,248.94,0.0,100.0,73.58303813063081,2074.4999999999995
2025-07-31 17:20:00,261.72639,0.0,100.0,64.79893351905199,2181.0532499999995
2025-07-31 17:25:00,269.754,0.0,100.0,56.01482890747315,2247.95
2025-07-31 17:30:00,278.39275,0.0,100.0,47.23072429589432,2319.939583333333
2025-07-31 17:35:00,264.78583,0.0,100.0,38.446619684315486,2206.5485833333328
2025-07-31 17:40:00,269.80344,0.0,100.0,29.662515072736653,2248.362
2025-07-31 17:45:00,260.75133,0.0,100.0,20.87841046115782,2172.92775
2025-07-31 17:50:00,262.16345,0.0,9.999999999999282,20.0,218.469541666651
2025-07-31 17:55:00,262.16345,0.0,0.0,20.0,0.0
2025-07-31 18:00:00,264.57446,0.0,0.0,20.0,0.0
2025-07-31 18:05:00,247.45,0.0,0.0,20.0,0.0
2025-07-31 18:10:00,263.05831,0.0,0.0,20.0,0.0
2025-07-31 18:15:00,248.09984,0.0,0.0,20.0,0.0
2025-07-31 18:20:00,248.09984,0.0,0.0,20.0,0.0
2025-07-31 18:25:00,247.41052,0.0,0.0,20.0,0.0
2025-07-31 18:30:00,248.10811,0.0,0.0,20.0,0.0
2025-07-31 18:35:00,247.45,0.0,0.0,20.0,0.0
2025-07-31 18:40:00,221.51744,0.0,0.0,20.0,0.0
2025-07-31 18:45:00,220.62312,0.0,0.0,20.0,0.0
2025-07-31 18:50:00,209.84698,0.0,0.0,20.0,0.0
2025-07-31 18:55:00,221.79452,0.0,0.0,20.0,0.0
2025-07-31 19:00:00,218.93059,0.0,0.0,20.0,0.0
2025-07-31 19:05:00,185.24413,0.0,0.0,20.0,0.0
2025-07-31 19:10:00,170.03998,0.0,0.0,20.0,0.0
2025-07-31 19:15:00,190.59186,0.0,0.0,20.0,0.0
2025-07-31 19:20:00,218.458,0.0,0.0,20.0,0.0
2025-07-31 19:25:00,164.26705,0.0,0.0,20.0,0.0
2025-07-31 19:30:00,171.20882,0.0,0.0,20.0,0.0
2025-07-31 19:35:00,168.92226,0.0,0.0,20.0,0.0
2025-07-31 19:40:00,174.47038,0.0,0.0,20.0,0.0
2025-07-31 19:45:00,207.84375,0.0,0.0,20.0,0.0
2025-07-31 19:50:00,221.9545,0.0,0.0,20.0,0.0
2025-07-31 19:55:00,215.54491,0.0,0.0,20.0,0.0
2025-07-31 20:00:00,164.34079,0.0,0.0,20.0,0.0
2025-07-31 20:05:00,221.08037,0.0,0.0,20.0,0.0
2025-07-31 20:10:00,215.52473,0.0,0.0,20.0,0.0
2025-07-31 20:15:00,171.32911,0.0,0.0,20.0,0.0
2025-07-31 20:20:00,174.35949,0.0,0.0,20.0,0.0
2025-07-31 20:25:00,218.89506,0.0,0.0,20.0,0.0
2025-07-31 20:30:00,172.39093,0.0,0.0,20.0,0.0
2025-07-31 20:35:00,179.61648,0.0,0.0,20.0,0.0
2025-07-31 20:40:00,220.64331,0.0,0.0,20.0,0.0
2025-07-31 20:45:00,185.56438,0.0,0.0,20.0,0.0
2025-07-31 20:50:00,167.92611,0.0,0.0,20.0,0.0
2025-07-31 20:55:00,184.29693,0.0,0.0,20.0,0.0
2025-07-31 21:00:00,158.14769,0.0,0.0,20.0,0.0
2025-07-31 21:05:00,175.24739,0.0,0.0,20.0,0.0
2025-07-31 21:10:00,226.62114,0.0,0.0,20.0,0.0
2025-07-31 21:15:00,242.93145,0.0,0.0,20.0,0.0
2025-07-31 21:20:00,195.6532,0.0,0.0,20.0,0.0
2025-07-31 21:25:00,221.25499,0.0,0.0,20.0,0.0
2025-07-31 21:30:00,219.94381,0.0,0.0,20.0,0.0
2025-07-31 21:35:00,266.34983,0.0,0.0,20.0,0.0
2025-07-31 21:40:00,250.7641,0.0,0.0,20.0,0.0
2025-07-31 21:45:00,253.55848,0.0,0.0,20.0,0.0
2025-07-31 21:50:00,197.02168,0.0,0.0,20.0,0.0
2025-07-31 21:55:00,168.87653,0.0,0.0,20.0,0.0
2025-07-31 22:00:00,158.0,0.0,0.0,20.0,0.0
2025-07-31 22:05:00,158.0,0.0,0.0,20.0,0.0
2025-07-31 22:10:00,266.13582,0.0,0.0,20.0,0.0
2025-07-31 22:15:00,265.17956,0.0,0.0,20.0,0.0
2025-07-31 22:20:00,268.7815,0.0,0.0,20.0,0.0
2025-07-31 22:25:00,249.76197,0.0,0.0,20.0,0.0
2025-07-31 22:30:00,170.20047,0.0,0.0,20.0,0.0
2025-07-31 22:35:00,242.96865,0.0,0.0,20.0,0.0
2025-07-31 22:40:00,178.36663,0.0,0.0,20.0,0.0
2025-07-31 22:45:00,172.84589,0.0,0.0,20.0,0.0
2025-07-31 22:50:00,158.0,0.0,0.0,20.0,0.0
2025-07-31 22:55:00,158.0,0.0,0.0,20.0,0.0
2025-07-31 23:00:00,131.4368,0.0,0.0,20.0,0.0
2025-07-31 23:05:00,158.0,0.0,0.0,20.0,0.0
2025-07-31 23:10:00,174.9946,0.0,0.0,20.0,0.0
2025-07-31 23:15:00,128.94987,0.0,0.0,20.0,0.0
2025-07-31 23:20:00,158.0,0.0,0.0,20.0,0.0
2025-07-31 23:25:00,161.85415,0.0,0.0,20.0,0.0
2025-07-31 23:30:00,158.75236,0.0,0.0,20.0,0.0
2025-07-31 23:35:00,208.52604,0.0,0.0,20.0,0.0
2025-07-31 23:40:00,161.67743,0.0,0.0,20.0,0.0
2025-07-31 23:45:00,158.0,0.0,0.0,20.0,0.0
2025-07-31 23:50:00,165.95947,0.0,0.0,20.0,0.0
2025-07-31 23:55:00,135.54016,0.0,0.0,20.0,0.0
2025-08-01 00:00:00,137.28722,0.0,0.0,20.0,0.0
