SETTLEMENTDATE,RRP,charge_mw,discharge_mw,soc_mwh,revenue
2025-07-01 00:05:00,176.61966,0.0,0.0,100.0,0.0
2025-07-01 00:10:00,182.30989,0.0,100.0,91.21589538842117,1519.2490833333331
2025-07-01 00:15:00,169.4761,0.0,0.0,91.21589538842117,0.0
2025-07-01 00:20:00,184.67607,0.0,100.0,82.43179077684233,1538.96725
2025-07-01 00:25:00,185.739,0.0,100.0,73.6476861652635,1547.8249999999998
2025-07-01 00:30:00,187.3188,0.0,100.0,64.86358155368467,1560.9899999999998
2025-07-01 00:35:00,185.42933,0.0,100.0,56.07947694210584,1545.2444166666664
2025-07-01 00:40:00,187.56786,0.0,100.0,47.29537233052701,1563.0654999999997
2025-07-01 00:45:00,162.06,0.0,0.0,47.29537233052701,0.0
2025-07-01 00:50:00,182.30989,0.0,100.0,38.511267718948176,1519.2490833333331
2025-07-01 00:55:00,164.62702,0.0,0.0,38.511267718948176,0.0
2025-07-01 01:00:00,162.06,-4.799220449525231e-14,0.0,38.51126771894817,6.481347217083825e-13
2025-07-01 01:05:00,162.06,21.4044820794523,0.0,40.20344060663133,-289.06753048300334
2025-07-01 01:10:00,182.77973,0.0,100.0,31.4193359950525,1523.1644166666665
2025-07-01 01:15:00,162.06,100.0,0.0,39.32503014547345,-1350.4999999999998
2025-07-01 01:20:00,179.27602,0.0,0.0,39.32503014547345,0.0
2025-07-01 01:25:00,162.06,99.99999999999984,0.0,47.23072429589438,-1350.4999999999977
2025-07-01 01:30:00,162.06,100.0,0.0,55.13641844631533,-1350.4999999999998
2025-07-01 01:35:00,183.04165,0.0,100.0,46.3523138347365,1525.347083333333
2025-07-01 01:40:00,180.45781,0.0,100.0,37.568209223157666,1503.8150833333332
2025-07-01 01:45:00,180.91697,0.0,100.0,28.784104611578833,1507.6414166666664
2025-07-01 01:50:00,181.64155,0.0,100.0,20.0,1513.679583333333
2025-07-01 01:55:00,166.03292,0.0,0.0,20.0,0.0
2025-07-01 02:00:00,162.94012,0.0,0.0,20.0,0.0
2025-07-01 02:05:00,160.34664,0.0,0.0,20.0,0.0
2025-07-01 02:10:00,161.52676,0.0,0.0,20.0,0.0
2025-07-01 02:15:00,159.02375,0.0,0.0,20.0,0.0
2025-07-01 02:20:00,145.61798,0.0,0.0,20.0,0.0
2025-07-01 02:25:00,143.94711,100.0,0.0,27.90569415042095,-1199.55925
2025-07-01 02:30:00,145.61798,0.0,0.0,27.90569415042095,0.0
2025-07-01 02:35:00,161.2526,0.0,90.00000000000001,20.0,1209.3945
2025-07-01 02:40:00,141.40983,0.0,0.0,20.0,0.0
2025-07-01 02:45:00,133.45745,0.0,0.0,20.0,0.0
2025-07-01 02:50:00,141.54293,-0.0,0.0,20.0,0.0
2025-07-01 02:55:00,111.04392,100.0,0.0,27.90569415042095,-925.3659999999999
2025-07-01 03:00:00,142.73462,0.0,90.00000000000001,20.0,1070.5096500000002
2025-07-01 03:05:00,105.66632,100.0,0.0,27.90569415042095,-880.5526666666665
2025-07-01 03:10:00,108.38652,100.0,0.0,35.8113883008419,-903.2209999999999
2025-07-01 03:15:00,131.59812,0.0,68.52806774301287,29.79181114200204,751.513740184428
2025-07-01 03:20:00,130.14234,0.0,0.0,29.79181114200204,0.0
2025-07-01 03:25:00,107.6014,100.0,0.0,37.69750529242299,-896.6783333333332
2025-07-01 03:30:00,121.35,0.0,0.0,37.69750529242299,0.0
2025-07-01 03:35:00,104.88383,100.0,0.0,45.60319944284394,-874.0319166666666
2025-07-01 03:40:00,131.16319,0.0,0.0,45.60319944284394,0.0
2025-07-01 03:45:00,121.35,0.0,0.0,45.60319944284394,0.0
2025-07-01 03:50:00,116.34863,100.0,0.0,53.50889359326489,-969.5719166666665
2025-07-01 03:55:00,104.70883,100.0,0.0,61.414587743685836,-872.5735833333332
2025-07-01 04:00:00,107.08169,100.0,0.0,69.32028189410678,-892.3474166666665
2025-07-01 04:05:00,118.17537,100.0,0.0,77.22597604452773,-984.7947499999999
2025-07-01 04:10:00,118.12011,100.0,0.0,85.13167019494867,-984.3342499999999
2025-07-01 04:15:00,118.11491,100.0,0.0,93.03736434536961,-984.2909166666665
2025-07-01 04:20:00,117.16568,100.0,0.0,100.94305849579055,-976.3806666666665
2025-07-01 04:25:00,117.92937,100.0,0.0,108.8487526462115,-982.74475
2025-07-01 04:30:00,114.15821,100.0,0.0,116.75444679663244,-951.3184166666665
2025-07-01 04:35:00,102.95783,100.0,0.0,124.66014094705338,-857.9819166666665
2025-07-01 04:40:00,114.52046,100.0,0.0,132.56583509747432,-954.3371666666666
2025-07-01 04:45:00,117.30093,100.0,0.0,140.4715292478953,-977.5077499999998
2025-07-01 04:50:00,118.03856,100.0,0.0,148.37722339831623,-983.6546666666666
2025-07-01 04:55:00,117.92931,100.0,0.0,156.28291754873717,-982.7442499999999
2025-07-01 05:00:00,115.30754,100.0,0.0,164.18861169915812,-960.8961666666665
2025-07-01 05:05:00,79.72,100.0,0.0,172.09430584957906,-664.3333333333333
2025-07-01 05:10:00,114.65201,100.0,0.0,180.0,-955.4334166666665
2025-07-01 05:15:00,124.57494,0.0,0.0,180.0,0.0
2025-07-01 05:20:00,122.02,0.0,0.0,180.0,0.0
2025-07-01 05:25:00,122.02,-0.0,0.0,180.0,0.0
2025-07-01 05:30:00,122.02,-0.0,0.0,180.0,0.0
2025-07-01 05:35:00,153.09153,0.0,100.0,171.21589538842116,1275.7627499999999
2025-07-01 05:40:00,122.02,100.0,0.0,179.1215895388421,-1016.8333333333331
2025-07-01 05:45:00,134.87979,0.0,0.0,179.1215895388421,0.0
2025-07-01 05:50:00,133.91523,0.0,0.0,179.1215895388421,0.0
2025-07-01 05:55:00,129.95499,11.111111111111304,0.0,180.0,-120.32869444444654
2025-07-01 06:00:00,167.33729,0.0,100.0,171.21589538842116,1394.4774166666664
2025-07-01 06:05:00,122.02,100.0,0.0,179.1215895388421,-1016.8333333333331
2025-07-01 06:10:00,138.567,11.111111111111304,0.0,180.0,-128.30277777778002
2025-07-01 06:15:00,156.43623,0.0,0.0,180.0,0.0
2025-07-01 06:20:00,156.39732,0.0,0.0,180.0,0.0
2025-07-01 06:25:00,167.91504,0.0,-0.0,180.0,-0.0
2025-07-01 06:30:00,197.0759,0.0,100.0,171.21589538842116,1642.2991666666665
2025-07-01 06:35:00,145.72592,100.0,0.0,179.1215895388421,-1214.3826666666664
2025-07-01 06:40:00,158.19165,11.111111111111304,0.0,180.0,-146.47375000000255
2025-07-01 06:45:00,195.87539,0.0,0.0,180.0,0.0
2025-07-01 06:50:00,196.17928,0.0,0.0,180.0,0.0
2025-07-01 06:55:00,223.94418,0.0,100.0,171.21589538842116,1866.2014999999997
2025-07-01 07:00:00,235.2,0.0,100.0,162.43179077684232,1959.9999999999995
2025-07-01 07:05:00,203.66827,0.0,100.0,153.6476861652635,1697.2355833333331
2025-07-01 07:10:00,235.2,0.0,100.0,144.86358155368467,1959.9999999999995
2025-07-01 07:15:00,237.99,0.0,100.0,136.07947694210583,1983.2499999999998
2025-07-01 07:20:00,266.96,0.0,100.0,127.295372330527,2224.666666666666
2025-07-01 07:25:00,272.49849,0.0,100.0,118.51126771894818,2270.82075
2025-07-01 07:30:00,254.04669,0.0,100.0,109.72716310736935,2117.05575
2025-07-01 07:35:00,243.97033,0.0,100.0,100.94305849579051,2033.086083333333
2025-07-01 07:40:00,237.99,0.0,100.0,92.15895388421168,1983.2499999999998
2025-07-01 07:45:00,232.1,0.0,100.0,83.37484927263286,1934.1666666666663
2025-07-01 07:50:00,235.2,0.0,100.0,74.59074466105403,1959.9999999999995
2025-07-01 07:55:00,200.02,0.0,0.0,74.59074466105403,0.0
2025-07-01 08:00:00,200.02,0.0,0.0,74.59074466105403,0.0
2025-07-01 08:05:00,200.02,0.0,0.0,74.59074466105403,0.0
2025-07-01 08:10:00,196.12312,0.0,0.0,74.59074466105403,0.0
2025-07-01 08:15:00,189.82609,0.0,0.0,74.59074466105403,0.0
2025-07-01 08:20:00,184.43837,0.0,0.0,74.59074466105403,0.0
2025-07-01 08:25:00,139.63834,100.0,0.0,82.49643881147497,-1163.652833333333
2025-07-01 08:30:00,184.00731,0.0,0.0,82.49643881147497,0.0
2025-07-01 08:35:00,187.50888,0.0,0.0,82.49643881147497,0.0
2025-07-01 08:40:00,235.2,0.0,100.0,73.71233419989615,1959.9999999999995
2025-07-01 08:45:00,144.46576,100.0,0.0,81.61802835031709,-1203.881333333333
2025-07-01 08:50:00,147.00659,100.0,0.0,89.52372250073803,-1225.0549166666665
2025-07-01 08:55:00,137.96,100.0,0.0,97.42941665115899,-1149.6666666666665
2025-07-01 09:00:00,137.93185,100.0,0.0,105.33511080157993,-1149.4320833333331
2025-07-01 09:05:00,200.02,0.0,0.0,105.33511080157993,0.0
2025-07-01 09:10:00,200.02,0.0,0.0,105.33511080157993,0.0
2025-07-01 09:15:00,194.42029,0.0,0.0,105.33511080157993,0.0
2025-07-01 09:20:00,200.02,0.0,0.0,105.33511080157993,0.0
2025-07-01 09:25:00,200.02,0.0,0.0,105.33511080157993,0.0
2025-07-01 09:30:00,200.02,0.0,0.0,105.33511080157993,0.0
2025-07-01 09:35:00,200.02,0.0,0.0,105.33511080157993,0.0
2025-07-01 09:40:00,195.0942,0.0,0.0,105.33511080157993,0.0
2025-07-01 09:45:00,226.77852,0.0,100.0,96.5510061900011,1889.8209999999997
2025-07-01 09:50:00,224.52656,0.0,100.0,87.76690157842228,1871.0546666666662
2025-07-01 09:55:00,193.23421,0.0,0.0,87.76690157842228,0.0
2025-07-01 10:00:00,195.70259,0.0,0.0,87.76690157842228,0.0
2025-07-01 10:05:00,184.50143,0.0,0.0,87.76690157842228,0.0
2025-07-01 10:10:00,187.72513,0.0,0.0,87.76690157842228,0.0
2025-07-01 10:15:00,180.72688,100.0,0.0,95.67259572884322,-1506.057333333333
2025-07-01 10:20:00,185.46483,0.0,0.0,95.67259572884322,0.0
2025-07-01 10:25:00,182.58515,0.0,0.0,95.67259572884322,0.0
2025-07-01 10:30:00,183.0557,0.0,0.0,95.67259572884322,0.0
2025-07-01 10:35:00,182.60435,0.0,0.0,95.67259572884322,0.0
2025-07-01 10:40:00,184.54024,0.0,0.0,95.67259572884322,0.0
2025-07-01 10:45:00,183.07495,0.0,0.0,95.67259572884322,0.0
2025-07-01 10:50:00,181.67037,66.6666666666671,0.0,100.94305849579055,-1009.2798333333398
2025-07-01 10:55:00,180.72688,100.0,0.0,108.8487526462115,-1506.057333333333
2025-07-01 11:00:00,160.0,100.0,0.0,116.75444679663244,-1333.333333333333
2025-07-01 11:05:00,176.95231,100.0,0.0,124.66014094705338,-1474.6025833333333
2025-07-01 11:10:00,181.26651,100.0,0.0,132.56583509747432,-1510.55425
2025-07-01 11:15:00,173.5132,100.0,0.0,140.47152924789526,-1445.9433333333332
2025-07-01 11:20:00,174.51897,100.0,0.0,148.3772233983162,-1454.3247499999998
2025-07-01 11:25:00,160.0001,100.0,0.0,156.28291754873717,-1333.3341666666665
2025-07-01 11:30:00,177.25528,100.0,0.0,164.18861169915812,-1477.1273333333331
2025-07-01 11:35:00,177.70977,100.0,0.0,172.09430584957906,-1480.9147499999997
2025-07-01 11:40:00,179.83077,100.0,0.0,180.0,-1498.5897499999999
2025-07-01 11:45:00,236.21,0.0,0.0,180.0,0.0
2025-07-01 11:50:00,235.12,0.0,0.0,180.0,0.0
2025-07-01 11:55:00,236.21,0.0,0.0,180.0,0.0
2025-07-01 12:00:00,235.12,-0.0,0.0,180.0,0.0
2025-07-01 12:05:00,227.97,0.0,0.0,180.0,0.0
2025-07-01 12:10:00,235.12,0.0,0.0,180.0,0.0
2025-07-01 12:15:00,262.40548,0.0,39.99999999999874,176.48635815536858,874.6849333333058
2025-07-01 12:20:00,260.13145,0.0,0.0,176.48635815536858,0.0
2025-07-01 12:25:00,236.8423,0.0,0.0,176.48635815536858,0.0
2025-07-01 12:30:00,262.85211,0.0,100.0,167.70225354378974,2190.4342499999993
2025-07-01 12:35:00,235.12,100.0,0.0,175.60794769421068,-1959.333333333333
2025-07-01 12:40:00,266.96,0.0,100.0,166.82384308263184,2224.666666666666
2025-07-01 12:45:00,266.96,0.0,100.0,158.039738471053,2224.666666666666
2025-07-01 12:50:00,257.13188,0.0,0.0,158.039738471053,0.0
2025-07-01 12:55:00,267.16763,0.0,100.0,149.2556338594742,2226.396916666666
2025-07-01 13:00:00,250.17121,0.0,0.0,149.2556338594742,0.0
2025-07-01 13:05:00,266.96,0.0,100.0,140.47152924789535,2224.666666666666
2025-07-01 13:10:00,266.96,0.0,100.0,131.6874246363165,2224.666666666666
2025-07-01 13:15:00,266.96,0.0,100.0,122.90332002473768,2224.666666666666
2025-07-01 13:20:00,268.03981,0.0,100.0,114.11921541315886,2233.665083333333
2025-07-01 13:25:00,266.96,0.0,100.0,105.33511080158003,2224.666666666666
2025-07-01 13:30:00,268.54926,0.0,100.0,96.55100619000117,2237.9104999999995
2025-07-01 13:35:00,268.61473,0.0,100.0,87.76690157842235,2238.456083333333
2025-07-01 13:40:00,268.94047,0.0,100.0,78.98279696684352,2241.170583333333
2025-07-01 13:45:00,235.12,100.0,0.0,86.88849111726448,-1959.333333333333
2025-07-01 13:50:00,235.12,100.0,0.0,94.79418526768542,-1959.333333333333
2025-07-01 13:55:00,235.12,100.0,0.0,102.69987941810638,-1959.333333333333
2025-07-01 14:00:00,232.15501,100.0,0.0,110.60557356852732,-1934.6250833333331
2025-07-01 14:05:00,227.97,100.0,0.0,118.51126771894826,-1899.7499999999998
2025-07-01 14:10:00,227.97,100.0,0.0,126.4169618693692,-1899.7499999999998
2025-07-01 14:15:00,227.97,100.0,0.0,134.32265601979014,-1899.7499999999998
2025-07-01 14:20:00,295.22,0.0,100.0,125.5385514082113,2460.1666666666665
2025-07-01 14:25:00,227.97,100.0,0.0,133.44424555863225,-1899.7499999999998
2025-07-01 14:30:00,266.96,0.0,100.0,124.6601409470534,2224.666666666666
2025-07-01 14:35:00,231.02794,100.0,0.0,132.56583509747435,-1925.232833333333
2025-07-01 14:40:00,295.22,0.0,100.0,123.78173048589552,2460.1666666666665
2025-07-01 14:45:00,283.97543,0.0,100.0,114.9976258743167,2366.4619166666666
2025-07-01 14:50:00,295.22,0.0,100.0,106.21352126273787,2460.1666666666665
2025-07-01 14:55:00,268.27418,0.0,100.0,97.42941665115904,2235.618166666666
2025-07-01 15:00:00,227.97,100.0,0.0,105.33511080157999,-1899.7499999999998
2025-07-01 15:05:00,235.12,100.0,0.0,113.24080495200093,-1959.333333333333
2025-07-01 15:10:00,291.33205,0.0,100.0,104.45670034042209,2427.7670833333327
2025-07-01 15:15:00,295.22,0.0,100.0,95.67259572884326,2460.1666666666665
2025-07-01 15:20:00,290.67604,0.0,100.0,86.88849111726444,2422.300333333333
2025-07-01 15:25:00,299.3,0.0,100.0,78.10438650568561,2494.1666666666665
2025-07-01 15:30:00,291.56491,0.0,100.0,69.32028189410678,2429.707583333333
2025-07-01 15:35:00,222.66009,100.0,0.0,77.22597604452773,-1855.5007499999997
2025-07-01 15:40:00,200.02,100.0,0.0,85.13167019494867,-1666.8333333333333
2025-07-01 15:45:00,200.02,100.0,0.0,93.03736434536961,-1666.8333333333333
2025-07-01 15:50:00,185.13708,100.0,0.0,100.94305849579057,-1542.8089999999997
2025-07-01 15:55:00,174.45485,100.0,0.0,108.84875264621151,-1453.7904166666665
2025-07-01 16:00:00,185.66902,100.0,0.0,116.75444679663246,-1547.241833333333
2025-07-01 16:05:00,191.33839,100.0,0.0,124.6601409470534,-1594.486583333333
2025-07-01 16:10:00,200.02,100.0,0.0,132.56583509747435,-1666.8333333333333
2025-07-01 16:15:00,214.36395,100.0,0.0,140.4715292478953,-1786.3662499999996
2025-07-01 16:20:00,200.02,100.0,0.0,148.37722339831623,-1666.8333333333333
2025-07-01 16:25:00,216.02253,100.0,0.0,156.28291754873717,-1800.1877499999996
2025-07-01 16:30:00,219.343,100.0,0.0,164.18861169915812,-1827.858333333333
2025-07-01 16:35:00,221.48307,100.0,0.0,172.09430584957906,-1845.6922499999998
2025-07-01 16:40:00,225.34846,100.0,0.0,180.0,-1877.903833333333
2025-07-01 16:45:00,284.0,0.0,100.0,171.21589538842116,2366.6666666666665
2025-07-01 16:50:00,284.0,0.0,100.0,162.43179077684235,2366.6666666666665
2025-07-01 16:55:00,281.3375,0.0,100.0,153.6476861652635,2344.479166666666
2025-07-01 17:00:00,281.01525,0.0,100.0,144.86358155368467,2341.7937499999994
2025-07-01 17:05:00,237.99,0.0,0.0,144.86358155368467,0.0
2025-07-01 17:10:00,299.29,0.0,100.0,136.07947694210583,2494.083333333333
2025-07-01 17:15:00,237.99,0.0,0.0,136.07947694210583,0.0
2025-07-01 17:20:00,284.0,0.0,100.0,127.295372330527,2366.6666666666665
2025-07-01 17:25:00,284.0,0.0,100.0,118.51126771894818,2366.6666666666665
2025-07-01 17:30:00,306.14624,0.0,100.0,109.72716310736935,2551.218666666666
2025-07-01 17:35:00,299.29,0.0,100.0,100.94305849579052,2494.083333333333
2025-07-01 17:40:00,298.0,0.0,100.0,92.15895388421168,2483.333333333333
2025-07-01 17:45:00,287.64999,0.0,100.0,83.37484927263286,2397.0832499999997
2025-07-01 17:50:00,311.69,0.0,100.0,74.59074466105403,2597.416666666666
2025-07-01 17:55:00,302.65,0.0,100.0,65.80664004947519,2522.0833333333326
2025-07-01 18:00:00,388.72,0.0,100.0,57.02253543789636,3239.333333333333
2025-07-01 18:05:00,306.89896,0.0,100.0,48.238430826317526,2557.491333333333
2025-07-01 18:10:00,266.11136,0.0,100.0,39.45432621473869,2217.5946666666664
2025-07-01 18:15:00,284.0,0.0,100.0,30.67022160315986,2366.6666666666665
2025-07-01 18:20:00,294.03371,0.0,100.0,21.886116991581027,2450.280916666666
2025-07-01 18:25:00,250.30458,0.0,0.0,21.886116991581027,0.0
2025-07-01 18:30:00,246.32192,0.0,0.0,21.886116991581027,0.0
2025-07-01 18:35:00,237.99,87.25340860334846,0.0,28.784104611578833,-1730.4532261259083
2025-07-01 18:40:00,248.61048,0.0,0.0,28.784104611578833,0.0
2025-07-01 18:45:00,253.33666,0.0,0.0,28.784104611578833,0.0
2025-07-01 18:50:00,295.21666,0.0,100.0,20.0,2460.138833333333
2025-07-01 18:55:00,237.99,0.0,0.0,20.0,0.0
2025-07-01 19:00:00,222.29,0.0,0.0,20.0,0.0
2025-07-01 19:05:00,239.98033,0.0,-0.0,20.0,-0.0
2025-07-01 19:10:00,237.99,0.0,0.0,20.0,0.0
2025-07-01 19:15:00,237.99,0.0,0.0,20.0,0.0
2025-07-01 19:20:00,237.99,0.0,0.0,20.0,0.0
2025-07-01 19:25:00,237.99,0.0,0.0,20.0,0.0
2025-07-01 19:30:00,200.02,0.0,0.0,20.0,0.0
2025-07-01 19:35:00,201.7782,0.0,0.0,20.0,0.0
2025-07-01 19:40:00,203.38528,0.0,0.0,20.0,0.0
2025-07-01 19:45:00,203.44766,0.0,-0.0,20.0,-0.0
2025-07-01 19:50:00,192.41831,0.0,0.0,20.0,0.0
2025-07-01 19:55:00,200.53363,0.0,0.0,20.0,0.0
2025-07-01 20:00:00,183.85,0.0,-0.0,20.0,-0.0
2025-07-01 20:05:00,169.44872,0.0,0.0,20.0,0.0
2025-07-01 20:10:00,160.0,100.0,0.0,27.90569415042095,-1333.333333333333
2025-07-01 20:15:00,160.0,100.0,0.0,35.8113883008419,-1333.333333333333
2025-07-01 20:20:00,160.30703,100.0,0.0,43.71708245126285,-1335.8919166666665
2025-07-01 20:25:00,181.8379,0.0,0.0,43.71708245126285,0.0
2025-07-01 20:30:00,160.0,100.0,0.0,51.622776601683796,-1333.333333333333
2025-07-01 20:35:00,237.99,0.0,100.0,42.83867199010496,1983.2499999999998
2025-07-01 20:40:00,186.04201,0.0,100.0,34.05456737852613,1550.3500833333333
2025-07-01 20:45:00,186.57281,0.0,100.0,25.270462766947297,1554.7734166666664
2025-07-01 20:50:00,183.85,0.0,59.99999999999998,20.0,919.2499999999997
2025-07-01 20:55:00,143.71242,100.0,0.0,27.90569415042095,-1197.6035
2025-07-01 21:00:00,132.72,100.0,0.0,35.8113883008419,-1105.9999999999998
2025-07-01 21:05:00,172.53474,0.0,0.0,35.8113883008419,0.0
2025-07-01 21:10:00,174.43547,0.0,80.0,28.784104611578833,1162.9031333333332
2025-07-01 21:15:00,160.0,0.0,0.0,28.784104611578833,0.0
2025-07-01 21:20:00,200.02,0.0,100.0,20.0,1666.8333333333333
2025-07-01 21:25:00,136.79806,100.0,0.0,27.90569415042095,-1139.983833333333
2025-07-01 21:30:00,160.0,0.0,90.00000000000001,20.0,1200.0000000000002
2025-07-01 21:35:00,142.0792,0.0,0.0,20.0,0.0
2025-07-01 21:40:00,143.38773,0.0,0.0,20.0,0.0
2025-07-01 21:45:00,142.52724,0.0,0.0,20.0,0.0
2025-07-01 21:50:00,140.07173,0.0,0.0,20.0,0.0
2025-07-01 21:55:00,145.8525,0.0,0.0,20.0,0.0
2025-07-01 22:00:00,137.96,0.0,0.0,20.0,0.0
2025-07-01 22:05:00,122.02,100.0,0.0,27.90569415042095,-1016.8333333333331
2025-07-01 22:10:00,142.15416,0.0,0.0,27.90569415042095,0.0
2025-07-01 22:15:00,148.00951,0.0,90.00000000000001,20.0,1110.0713250000001
2025-07-01 22:20:00,146.18078,0.0,0.0,20.0,0.0
2025-07-01 22:25:00,119.76392,100.0,0.0,27.90569415042095,-998.0326666666665
2025-07-01 22:30:00,119.5671,100.0,0.0,35.8113883008419,-996.3924999999998
2025-07-01 22:35:00,120.13854,100.0,0.0,43.71708245126285,-1001.1544999999999
2025-07-01 22:40:00,122.02,100.0,0.0,51.622776601683796,-1016.8333333333331
2025-07-01 22:45:00,122.02,100.0,0.0,59.528470752104745,-1016.8333333333331
2025-07-01 22:50:00,119.84002,100.0,0.0,67.4341649025257,-998.6668333333331
2025-07-01 22:55:00,122.02,100.0,0.0,75.33985905294665,-1016.8333333333331
2025-07-01 23:00:00,122.02,100.0,0.0,83.24555320336759,-1016.8333333333331
2025-07-01 23:05:00,137.16387,0.0,0.0,83.24555320336759,0.0
2025-07-01 23:10:00,138.567,0.0,0.0,83.24555320336759,0.0
2025-07-01 23:15:00,137.22995,0.0,0.0,83.24555320336759,0.0
2025-07-01 23:20:00,160.00007,0.0,100.0,74.46144859178877,1333.3339166666665
2025-07-01 23:25:00,140.36181,0.0,20.00000000000018,72.70462766947298,233.93635000000208
2025-07-01 23:30:00,139.27939,0.0,0.0,72.70462766947298,0.0
2025-07-01 23:35:00,138.92228,0.0,0.0,72.70462766947298,0.0
2025-07-01 23:40:00,139.99914,0.0,0.0,72.70462766947298,0.0
2025-07-01 23:45:00,137.3817,0.0,0.0,72.70462766947298,0.0
2025-07-01 23:50:00,137.85309,0.0,0.0,72.70462766947298,0.0
2025-07-01 23:55:00,139.99914,0.0,0.0,72.70462766947298,0.0
2025-07-02 00:00:00,139.99914,0.0,0.0,72.70462766947298,0.0
2025-07-02 00:05:00,159.22,0.0,100.0,63.92052305789416,1326.833333333333
2025-07-02 00:10:00,138.92228,0.0,0.0,63.92052305789416,0.0
2025-07-02 00:15:00,136.88167,0.0,0.0,63.92052305789416,0.0
2025-07-02 00:20:00,137.86187,0.0,0.0,63.92052305789416,0.0
2025-07-02 00:25:00,144.90636,0.0,100.0,55.136418446315325,1207.5529999999999
2025-07-02 00:30:00,138.92228,0.0,0.0,55.136418446315325,0.0
2025-07-02 00:35:00,144.8585,0.0,100.0,46.35231383473649,1207.1541666666665
2025-07-02 00:40:00,143.58553,0.0,100.0,37.568209223157666,1196.5460833333332
2025-07-02 00:45:00,145.99124,0.0,100.0,28.784104611578833,1216.5936666666664
2025-07-02 00:50:00,137.86187,0.0,0.0,28.784104611578833,0.0
2025-07-02 00:55:00,126.35322,0.0,0.0,28.784104611578833,0.0
2025-07-02 01:00:00,134.61929,0.0,0.0,28.784104611578833,0.0
2025-07-02 01:05:00,144.53965,0.0,100.0,20.0,1204.4970833333332
2025-07-02 01:10:00,108.00249,100.0,0.0,27.90569415042095,-900.0207499999998
2025-07-02 01:15:00,113.45259,100.0,0.0,35.8113883008419,-945.4382499999999
2025-07-02 01:20:00,134.56709,0.0,100.0,27.027283689263065,1121.3924166666666
2025-07-02 01:25:00,120.01631,44.44444444444449,0.0,30.5409255338946,-444.5048518518523
2025-07-02 01:30:00,90.0,100.0,0.0,38.44661968431555,-749.9999999999999
2025-07-02 01:35:00,147.23436,0.0,100.0,29.662515072736717,1226.953
2025-07-02 01:40:00,129.98772,0.0,0.0,29.662515072736717,0.0
2025-07-02 01:45:00,147.1343,0.0,100.0,20.878410461157884,1226.1191666666664
2025-07-02 01:50:00,90.0,100.0,0.0,28.784104611578833,-749.9999999999999
2025-07-02 01:55:00,147.45806,0.0,100.0,20.0,1228.8171666666665
2025-07-02 02:00:00,90.0,100.0,0.0,27.90569415042095,-749.9999999999999
2025-07-02 02:05:00,97.00147,100.0,0.0,35.8113883008419,-808.3455833333333
2025-07-02 02:10:00,125.8107,0.0,59.99999999999998,30.5409255338946,629.0534999999998
2025-07-02 02:15:00,145.27529,0.0,100.0,21.756820922315768,1210.6274166666667
2025-07-02 02:20:00,90.0,100.0,0.0,29.662515072736717,-749.9999999999999
2025-07-02 02:25:00,135.18795,0.0,100.0,20.878410461157884,1126.5662499999999
2025-07-02 02:30:00,90.0,100.0,0.0,28.784104611578833,-749.9999999999999
2025-07-02 02:35:00,127.64425,0.0,100.0,20.0,1063.7020833333331
2025-07-02 02:40:00,86.46459,0.0,0.0,20.0,0.0
2025-07-02 02:45:00,85.88,0.0,0.0,20.0,0.0
2025-07-02 02:50:00,85.69444,100.0,0.0,27.90569415042095,-714.1203333333332
2025-07-02 02:55:00,90.0,0.0,0.0,27.90569415042095,0.0
2025-07-02 03:00:00,85.88,11.111111111111123,0.0,28.784104611578833,-79.5185185185186
2025-07-02 03:05:00,85.95676,0.0,0.0,28.784104611578833,0.0
2025-07-02 03:10:00,119.6,0.0,100.0,20.0,996.6666666666665
2025-07-02 03:15:00,90.0,0.0,0.0,20.0,0.0
2025-07-02 03:20:00,81.75953,100.0,0.0,27.90569415042095,-681.3294166666666
2025-07-02 03:25:00,85.88,0.0,0.0,27.90569415042095,0.0
2025-07-02 03:30:00,90.0,0.0,0.0,27.90569415042095,0.0
2025-07-02 03:35:00,82.10542,100.0,0.0,35.8113883008419,-684.2118333333332
2025-07-02 03:40:00,82.6371,100.0,0.0,43.71708245126284,-688.6424999999999
2025-07-02 03:45:00,79.72,100.0,0.0,51.62277660168379,-664.3333333333333
2025-07-02 03:50:00,79.72,100.0,0.0,59.52847075210474,-664.3333333333333
2025-07-02 03:55:00,79.72,100.0,0.0,67.43416490252568,-664.3333333333333
2025-07-02 04:00:00,79.72,100.0,0.0,75.33985905294664,-664.3333333333333
2025-07-02 04:05:00,74.83305,100.0,0.0,83.24555320336758,-623.6087499999999
2025-07-02 04:10:00,83.03894,100.0,0.0,91.15124735378852,-691.9911666666666
2025-07-02 04:15:00,72.96744,100.0,0.0,99.05694150420946,-608.0619999999999
2025-07-02 04:20:00,75.7785,100.0,0.0,106.9626356546304,-631.4874999999998
2025-07-02 04:25:00,83.11101,23.8577025077635,0.0,108.8487526462115,-165.23647930831308
2025-07-02 04:30:00,76.84515,100.0,0.0,116.75444679663245,-640.3762499999999
2025-07-02 04:35:00,74.00811,100.0,0.0,124.66014094705339,-616.73425
2025-07-02 04:40:00,74.0243,100.0,0.0,132.56583509747435,-616.8691666666665
2025-07-02 04:45:00,74.10774,100.0,0.0,140.4715292478953,-617.5645
2025-07-02 04:50:00,75.21804,100.0,0.0,148.37722339831623,-626.8169999999999
2025-07-02 04:55:00,77.78987,100.0,0.0,156.28291754873717,-648.2489166666666
2025-07-02 05:00:00,84.10792,0.0,0.0,156.28291754873717,0.0
2025-07-02 05:05:00,83.44393,0.0,0.0,156.28291754873717,0.0
2025-07-02 05:10:00,82.87786,100.0,0.0,164.18861169915812,-690.6488333333332
2025-07-02 05:15:00,82.87059,100.0,0.0,172.09430584957906,-690.58825
2025-07-02 05:20:00,82.24862,100.0,0.0,180.0,-685.4051666666666
2025-07-02 05:25:00,84.27581,0.0,0.0,180.0,0.0
2025-07-02 05:30:00,93.09819,0.0,0.0,180.0,0.0
2025-07-02 05:35:00,97.59663,0.0,-0.0,180.0,-0.0
2025-07-02 05:40:00,98.42502,0.0,-0.0,180.0,-0.0
2025-07-02 05:45:00,122.7403,-0.0,0.0,180.0,0.0
2025-07-02 05:50:00,123.73777,0.0,0.0,180.0,0.0
2025-07-02 05:55:00,127.92982,0.0,0.0,180.0,0.0
2025-07-02 06:00:00,126.86068,0.0,0.0,180.0,0.0
2025-07-02 06:05:00,124.91024,0.0,0.0,180.0,0.0
2025-07-02 06:10:00,130.48645,0.0,0.0,180.0,0.0
2025-07-02 06:15:00,160.0,0.0,0.0,180.0,0.0
2025-07-02 06:20:00,160.0,0.0,0.0,180.0,0.0
2025-07-02 06:25:00,163.03642,0.0,0.0,180.0,0.0
2025-07-02 06:30:00,200.02,0.0,100.0,171.21589538842116,1666.8333333333333
2025-07-02 06:35:00,140.13531,100.0,0.0,179.1215895388421,-1167.79425
2025-07-02 06:40:00,159.87552,11.111111111111304,0.0,180.0,-148.03288888889145
2025-07-02 06:45:00,160.0,0.0,0.0,180.0,0.0
2025-07-02 06:50:00,200.02,0.0,100.0,171.21589538842116,1666.8333333333333
2025-07-02 06:55:00,200.02,0.0,100.0,162.43179077684232,1666.8333333333333
2025-07-02 07:00:00,200.02,0.0,100.0,153.64768616526348,1666.8333333333333
2025-07-02 07:05:00,200.02,0.0,100.0,144.86358155368464,1666.8333333333333
2025-07-02 07:10:00,200.02,0.0,100.0,136.0794769421058,1666.8333333333333
2025-07-02 07:15:00,200.02,0.0,100.0,127.29537233052697,1666.8333333333333
2025-07-02 07:20:00,200.02,0.0,100.0,118.51126771894815,1666.8333333333333
2025-07-02 07:25:00,200.02,0.0,100.0,109.72716310736932,1666.8333333333333
2025-07-02 07:30:00,167.96758,100.0,0.0,117.63285725779026,-1399.729833333333
2025-07-02 07:35:00,200.02,0.0,100.0,108.84875264621144,1666.8333333333333
2025-07-02 07:40:00,185.72,0.0,0.0,108.84875264621144,0.0
2025-07-02 07:45:00,160.10107,100.0,0.0,116.75444679663238,-1334.1755833333332
2025-07-02 07:50:00,167.4,100.0,0.0,124.66014094705332,-1394.9999999999998
2025-07-02 07:55:00,160.0,100.0,0.0,132.56583509747426,-1333.333333333333
2025-07-02 08:00:00,176.1301,100.0,0.0,140.4715292478952,-1467.750833333333
2025-07-02 08:05:00,185.04474,0.0,0.0,140.4715292478952,0.0
2025-07-02 08:10:00,188.02331,0.0,0.0,140.4715292478952,0.0
2025-07-02 08:15:00,178.61515,100.0,0.0,148.37722339831615,-1488.459583333333
2025-07-02 08:20:00,182.56594,0.0,0.0,148.37722339831615,0.0
2025-07-02 08:25:00,181.63216,0.0,0.0,148.37722339831615,0.0
2025-07-02 08:30:00,180.70787,0.0,0.0,148.37722339831615,0.0
2025-07-02 08:35:00,185.55578,0.0,0.0,148.37722339831615,0.0
2025-07-02 08:40:00,189.95206,0.0,0.0,148.37722339831615,0.0
2025-07-02 08:45:00,218.33384,0.0,100.0,139.5931187867373,1819.4486666666664
2025-07-02 08:50:00,226.60124,0.0,100.0,130.80901417515847,1888.3436666666664
2025-07-02 08:55:00,268.69403,0.0,100.0,122.02490956357963,2239.1169166666664
2025-07-02 09:00:00,212.82718,0.0,100.0,113.2408049520008,1773.559833333333
2025-07-02 09:05:00,242.35218,0.0,100.0,104.45670034042196,2019.6014999999998
2025-07-02 09:10:00,270.82,0.0,100.0,95.67259572884313,2256.833333333333
2025-07-02 09:15:00,218.83618,0.0,100.0,86.88849111726431,1823.6348333333333
2025-07-02 09:20:00,209.49811,0.0,100.0,78.10438650568547,1745.817583333333
2025-07-02 09:25:00,203.41658,0.0,100.0,69.32028189410664,1695.1381666666666
2025-07-02 09:30:00,196.19556,0.0,0.0,69.32028189410664,0.0
2025-07-02 09:35:00,195.52272,0.0,0.0,69.32028189410664,0.0
2025-07-02 09:40:00,190.43213,0.0,0.0,69.32028189410664,0.0
2025-07-02 09:45:00,190.95085,0.0,0.0,69.32028189410664,0.0
2025-07-02 09:50:00,212.20065,0.0,100.0,60.53617728252781,1768.3387499999997
2025-07-02 09:55:00,185.91692,0.0,0.0,60.53617728252781,0.0
2025-07-02 10:00:00,189.34744,0.0,0.0,60.53617728252781,0.0
2025-07-02 10:05:00,188.95716,0.0,0.0,60.53617728252781,0.0
2025-07-02 10:10:00,187.45169,0.0,0.0,60.53617728252781,0.0
2025-07-02 10:15:00,199.21583,0.0,99.99999999999791,51.75207267094916,1660.131916666632
2025-07-02 10:20:00,184.98188,0.0,0.0,51.75207267094916,0.0
2025-07-02 10:25:00,164.10264,100.0,0.0,59.65776682137011,-1367.522
2025-07-02 10:30:00,161.58326,100.0,0.0,67.56346097179106,-1346.5271666666665
2025-07-02 10:35:00,210.37791,0.0,100.0,58.779356360212226,1753.14925
2025-07-02 10:40:00,189.86603,0.0,0.0,58.779356360212226,0.0
2025-07-02 10:45:00,262.86897,0.0,100.0,49.99525174863339,2190.5747499999998
2025-07-02 10:50:00,189.34744,0.0,0.0,49.99525174863339,0.0
2025-07-02 10:55:00,187.83887,0.0,0.0,49.99525174863339,0.0
2025-07-02 11:00:00,186.35991,0.0,0.0,49.99525174863339,0.0
2025-07-02 11:05:00,155.07387,100.0,0.0,57.90094589905434,-1292.2822499999997
2025-07-02 11:10:00,154.44963,100.0,0.0,65.80664004947529,-1287.08025
2025-07-02 11:15:00,156.22781,100.0,0.0,73.71233419989623,-1301.8984166666664
2025-07-02 11:20:00,148.41823,100.0,0.0,81.61802835031718,-1236.8185833333332
2025-07-02 11:25:00,131.83346,100.0,0.0,89.52372250073812,-1098.6121666666666
2025-07-02 11:30:00,157.4043,100.0,0.0,97.42941665115906,-1311.7024999999999
2025-07-02 11:35:00,177.37275,100.0,0.0,105.33511080158,-1478.1062499999998
2025-07-02 11:40:00,159.22,100.0,0.0,113.24080495200094,-1326.833333333333
2025-07-02 11:45:00,159.88,100.0,0.0,121.14649910242188,-1332.333333333333
2025-07-02 11:50:00,160.0001,100.0,0.0,129.05219325284284,-1333.3341666666665
2025-07-02 11:55:00,160.0001,100.0,0.0,136.95788740326378,-1333.3341666666665
2025-07-02 12:00:00,177.9967,100.0,0.0,144.86358155368472,-1483.305833333333
2025-07-02 12:05:00,160.0001,100.0,0.0,152.76927570410567,-1333.3341666666665
2025-07-02 12:10:00,174.27764,100.0,0.0,160.6749698545266,-1452.3136666666664
2025-07-02 12:15:00,182.17447,0.0,0.0,160.6749698545266,0.0
2025-07-02 12:20:00,179.8686,0.0,0.0,160.6749698545266,0.0
2025-07-02 12:25:00,179.8686,0.0,0.0,160.6749698545266,0.0
2025-07-02 12:30:00,179.30122,0.0,0.0,160.6749698545266,0.0
2025-07-02 12:35:00,182.64276,0.0,0.0,160.6749698545266,0.0
2025-07-02 12:40:00,227.97,0.0,100.0,151.89086524294777,1899.7499999999998
2025-07-02 12:45:00,180.74589,0.0,0.0,151.89086524294777,0.0
2025-07-02 12:50:00,183.11346,0.0,0.0,151.89086524294777,0.0
2025-07-02 12:55:00,182.17447,0.0,0.0,151.89086524294777,0.0
2025-07-02 13:00:00,178.49003,100.0,0.0,159.7965593933687,-1487.4169166666663
2025-07-02 13:05:00,227.97,0.0,100.0,151.0124547817899,1899.7499999999998
2025-07-02 13:10:00,270.90985,0.0,100.0,142.22835017021106,2257.5820833333332
2025-07-02 13:15:00,180.24925,0.0,0.0,142.22835017021106,0.0
2025-07-02 13:20:00,182.09785,0.0,0.0,142.22835017021106,0.0
2025-07-02 13:25:00,178.8496,0.0,0.0,142.22835017021106,0.0
2025-07-02 13:30:00,167.35751,100.0,0.0,150.134044320632,-1394.6459166666664
2025-07-02 13:35:00,179.33895,0.0,0.0,150.134044320632,0.0
2025-07-02 13:40:00,177.0582,100.0,0.0,158.03973847105294,-1475.4849999999997
2025-07-02 13:45:00,177.06758,100.0,0.0,165.94543262147388,-1475.5631666666663
2025-07-02 13:50:00,178.8496,0.0,0.0,165.94543262147388,0.0
2025-07-02 13:55:00,253.21487,0.0,100.0,157.16132800989507,2110.1239166666664
2025-07-02 14:00:00,180.28717,0.0,0.0,157.16132800989507,0.0
2025-07-02 14:05:00,295.22,0.0,100.0,148.37722339831623,2460.1666666666665
2025-07-02 14:10:00,184.94297,0.0,0.0,148.37722339831623,0.0
2025-07-02 14:15:00,183.94606,0.0,0.0,148.37722339831623,0.0
2025-07-02 14:20:00,193.365,0.0,0.0,148.37722339831623,0.0
2025-07-02 14:25:00,185.00133,0.0,0.0,148.37722339831623,0.0
2025-07-02 14:30:00,187.95745,0.0,0.0,148.37722339831623,0.0
2025-07-02 14:35:00,185.97964,0.0,0.0,148.37722339831623,0.0
2025-07-02 14:40:00,160.0001,100.0,0.0,156.28291754873717,-1333.3341666666665
2025-07-02 14:45:00,183.13296,0.0,0.0,156.28291754873717,0.0
2025-07-02 14:50:00,185.02078,0.0,0.0,156.28291754873717,0.0
2025-07-02 14:55:00,124.23995,100.0,0.0,164.18861169915812,-1035.3329166666665
2025-07-02 15:00:00,157.0882,100.0,0.0,172.09430584957906,-1309.0683333333332
2025-07-02 15:05:00,180.92368,0.0,0.0,172.09430584957906,0.0
2025-07-02 15:10:00,160.0001,100.0,0.0,180.0,-1333.3341666666665
2025-07-02 15:15:00,182.52753,0.0,0.0,180.0,0.0
2025-07-02 15:20:00,198.66982,0.0,0.0,180.0,0.0
2025-07-02 15:25:00,198.16221,0.0,0.0,180.0,0.0
2025-07-02 15:30:00,199.18009,0.0,0.0,180.0,0.0
2025-07-02 15:35:00,227.97,0.0,100.0,171.21589538842116,1899.7499999999998
2025-07-02 15:40:00,227.97,0.0,100.0,162.43179077684232,1899.7499999999998
2025-07-02 15:45:00,184.06218,100.0,0.0,170.33748492726326,-1533.8515
2025-07-02 15:50:00,295.22,0.0,100.0,161.55338031568442,2460.1666666666665
2025-07-02 15:55:00,184.06218,100.0,0.0,169.45907446610536,-1533.8515
2025-07-02 16:00:00,295.22,0.0,100.0,160.67496985452652,2460.1666666666665
2025-07-02 16:05:00,216.22521,0.0,100.0,151.89086524294768,1801.8767499999997
2025-07-02 16:10:00,190.39672,100.0,0.0,159.79655939336863,-1586.639333333333
2025-07-02 16:15:00,212.76644,0.0,9.999999999998554,158.91814893221087,177.30536666664102
2025-07-02 16:20:00,241.96,0.0,100.0,150.13404432063203,2016.333333333333
2025-07-02 16:25:00,241.96,0.0,100.0,141.3499397090532,2016.333333333333
2025-07-02 16:30:00,208.82382,0.0,0.0,141.3499397090532,0.0
2025-07-02 16:35:00,200.02,0.0,0.0,141.3499397090532,0.0
2025-07-02 16:40:00,200.02,0.0,0.0,141.3499397090532,0.0
2025-07-02 16:45:00,190.90321,100.0,0.0,149.25563385947413,-1590.860083333333
2025-07-02 16:50:00,213.23135,0.0,100.0,140.4715292478953,1776.9279166666663
2025-07-02 16:55:00,200.89,0.0,0.0,140.4715292478953,0.0
2025-07-02 17:00:00,211.59368,0.0,0.0,140.4715292478953,0.0
2025-07-02 17:05:00,188.27065,100.0,0.0,148.37722339831623,-1568.922083333333
2025-07-02 17:10:00,177.25642,100.0,0.0,156.28291754873717,-1477.136833333333
2025-07-02 17:15:00,180.94,100.0,0.0,164.18861169915812,-1507.833333333333
2025-07-02 17:20:00,190.11651,100.0,0.0,172.09430584957906,-1584.30425
2025-07-02 17:25:00,183.85,100.0,0.0,180.0,-1532.083333333333
2025-07-02 17:30:00,235.2,0.0,100.0,171.21589538842116,1959.9999999999995
2025-07-02 17:35:00,231.03558,0.0,100.0,162.43179077684232,1925.2965
2025-07-02 17:40:00,235.2,0.0,100.0,153.6476861652635,1959.9999999999995
2025-07-02 17:45:00,233.13605,0.0,100.0,144.86358155368467,1942.8004166666665
2025-07-02 17:50:00,262.02277,0.0,100.0,136.07947694210583,2183.523083333333
2025-07-02 17:55:00,237.99,0.0,100.0,127.29537233052699,1983.2499999999998
2025-07-02 18:00:00,237.99,0.0,100.0,118.51126771894816,1983.2499999999998
2025-07-02 18:05:00,235.81135,0.0,100.0,109.72716310736934,1965.094583333333
2025-07-02 18:10:00,235.2,0.0,100.0,100.9430584957905,1959.9999999999995
2025-07-02 18:15:00,235.2,0.0,100.0,92.15895388421167,1959.9999999999995
2025-07-02 18:20:00,237.30566,0.0,100.0,83.37484927263284,1977.5471666666663
2025-07-02 18:25:00,237.16138,0.0,100.0,74.59074466105402,1976.344833333333
2025-07-02 18:30:00,235.2,0.0,100.0,65.80664004947519,1959.9999999999995
2025-07-02 18:35:00,208.37502,0.0,0.0,65.80664004947519,0.0
2025-07-02 18:40:00,207.355,0.0,0.0,65.80664004947519,0.0
2025-07-02 18:45:00,220.82051,0.0,0.0,65.80664004947519,0.0
2025-07-02 18:50:00,218.02798,0.0,0.0,65.80664004947519,0.0
2025-07-02 18:55:00,235.2,0.0,100.0,57.02253543789636,1959.9999999999995
2025-07-02 19:00:00,235.2,0.0,100.0,48.238430826317526,1959.9999999999995
2025-07-02 19:05:00,201.69828,100.0,0.0,56.144124976738475,-1680.819
2025-07-02 19:10:00,235.2,0.0,100.0,47.36002036515964,1959.9999999999995
2025-07-02 19:15:00,200.02,100.0,0.0,55.26571451558059,-1666.8333333333333
2025-07-02 19:20:00,188.72825,100.0,0.0,63.17140866600154,-1572.7354166666664
2025-07-02 19:25:00,200.02,100.0,0.0,71.07710281642248,-1666.8333333333333
2025-07-02 19:30:00,224.45217,0.0,0.0,71.07710281642248,0.0
2025-07-02 19:35:00,200.02,100.0,0.0,78.98279696684342,-1666.8333333333333
2025-07-02 19:40:00,200.02,100.0,0.0,86.88849111726437,-1666.8333333333333
2025-07-02 19:45:00,200.02,100.0,0.0,94.79418526768531,-1666.8333333333333
2025-07-02 19:50:00,200.02,100.0,0.0,102.69987941810625,-1666.8333333333333
2025-07-02 19:55:00,200.02,100.0,0.0,110.60557356852719,-1666.8333333333333
2025-07-02 20:00:00,237.99,0.0,100.0,101.82146895694837,1983.2499999999998
2025-07-02 20:05:00,228.33156,0.0,100.0,93.03736434536954,1902.7629999999997
2025-07-02 20:10:00,228.87735,0.0,100.0,84.25325973379071,1907.3112499999997
2025-07-02 20:15:00,186.04155,100.0,0.0,92.15895388421167,-1550.3462499999998
2025-07-02 20:20:00,189.33021,100.0,0.0,100.06464803463261,-1577.7517499999997
2025-07-02 20:25:00,211.10923,0.0,0.0,100.06464803463261,0.0
2025-07-02 20:30:00,187.90574,100.0,0.0,107.97034218505355,-1565.8811666666666
2025-07-02 20:35:00,237.99,0.0,100.0,99.18623757347473,1983.2499999999998
2025-07-02 20:40:00,226.69422,0.0,81.47193225698639,92.0296578149464,1539.1013445741976
2025-07-02 20:45:00,227.78578,0.0,100.0,83.24555320336758,1898.214833333333
2025-07-02 20:50:00,230.51469,0.0,100.0,74.46144859178875,1920.9557499999999
2025-07-02 20:55:00,228.28181,0.0,100.0,65.67734398020993,1902.3484166666665
2025-07-02 21:00:00,220.56163,0.0,0.0,65.67734398020993,0.0
2025-07-02 21:05:00,237.99,0.0,100.0,56.8932393686311,1983.2499999999998
2025-07-02 21:10:00,232.2972,0.0,100.0,48.10913475705227,1935.8099999999997
2025-07-02 21:15:00,236.66612,0.0,100.0,39.325030145473434,1972.2176666666664
2025-07-02 21:20:00,236.09889,0.0,100.0,30.5409255338946,1967.4907499999997
2025-07-02 21:25:00,231.08143,0.0,100.0,21.756820922315768,1925.678583333333
2025-07-02 21:30:00,202.49733,100.0,0.0,29.662515072736717,-1687.4777499999998
2025-07-02 21:35:00,199.42501,100.0,0.0,37.568209223157666,-1661.875083333333
2025-07-02 21:40:00,231.14276,0.0,100.0,28.784104611578833,1926.1896666666664
2025-07-02 21:45:00,229.87806,0.0,100.0,20.0,1915.6504999999997
2025-07-02 21:50:00,202.30555,22.222222222222246,0.0,21.756820922315768,-374.63990740740786
2025-07-02 21:55:00,210.29854,0.0,0.0,21.756820922315768,0.0
2025-07-02 22:00:00,199.57011,100.0,0.0,29.662515072736717,-1663.0842499999997
2025-07-02 22:05:00,228.91805,0.0,100.0,20.878410461157884,1907.6504166666664
2025-07-02 22:10:00,200.02,100.0,0.0,28.784104611578833,-1666.8333333333333
2025-07-02 22:15:00,226.61585,0.0,100.0,20.0,1888.4654166666664
2025-07-02 22:20:00,202.88422,0.0,0.0,20.0,0.0
2025-07-02 22:25:00,200.02,0.0,0.0,20.0,0.0
2025-07-02 22:30:00,200.02,0.0,0.0,20.0,0.0
2025-07-02 22:35:00,200.02,0.0,0.0,20.0,0.0
2025-07-02 22:40:00,200.02,0.0,0.0,20.0,0.0
2025-07-02 22:45:00,200.02,0.0,0.0,20.0,0.0
2025-07-02 22:50:00,200.02,0.0,0.0,20.0,0.0
2025-07-02 22:55:00,182.21081,100.0,0.0,27.90569415042095,-1518.4234166666665
2025-07-02 23:00:00,161.68917,100.0,0.0,35.8113883008419,-1347.4097499999998
2025-07-02 23:05:00,291.70219,0.0,100.0,27.027283689263065,2430.8515833333327
2025-07-02 23:10:00,215.49699,0.0,0.0,27.027283689263065,0.0
2025-07-02 23:15:00,218.24833,0.0,80.0,20.0,1454.9888666666666
2025-07-02 23:20:00,189.86007,100.0,0.0,27.90569415042095,-1582.1672499999997
2025-07-02 23:25:00,185.08764,100.0,0.0,35.8113883008419,-1542.3969999999997
2025-07-02 23:30:00,211.61896,0.0,0.0,35.8113883008419,0.0
2025-07-02 23:35:00,210.60578,0.0,0.0,35.8113883008419,0.0
2025-07-02 23:40:00,215.49699,0.0,0.0,35.8113883008419,0.0
2025-07-02 23:45:00,217.68143,0.0,80.0,28.784104611578833,1451.2095333333332
2025-07-02 23:50:00,218.77364,0.0,100.0,20.0,1823.1136666666664
2025-07-02 23:55:00,216.56902,0.0,0.0,20.0,0.0
2025-07-03 00:00:00,214.77873,0.0,0.0,20.0,0.0
2025-07-03 00:05:00,211.96319,0.0,0.0,20.0,0.0
2025-07-03 00:10:00,170.80039,0.0,0.0,20.0,0.0
2025-07-03 00:15:00,160.36,100.0,0.0,27.90569415042095,-1336.3333333333333
2025-07-03 00:20:00,163.22984,33.33333333333333,0.0,30.540925533894598,-453.41622222222213
2025-07-03 00:25:00,160.0001,100.0,0.0,38.44661968431554,-1333.3341666666665
2025-07-03 00:30:00,160.08,100.0,0.0,46.35231383473649,-1334.0
2025-07-03 00:35:00,194.96197,0.0,100.0,37.56820922315766,1624.6830833333331
2025-07-03 00:40:00,181.10426,0.0,0.0,37.568209223157666,0.0
2025-07-03 00:45:00,172.04705,0.0,0.0,37.568209223157666,0.0
2025-07-03 00:50:00,183.03645,0.0,100.0,28.784104611578833,1525.3037499999998
2025-07-03 00:55:00,194.08652,0.0,100.0,20.0,1617.3876666666665
2025-07-03 01:00:00,150.99,100.0,0.0,27.90569415042095,-1258.25
2025-07-03 01:05:00,178.88724,0.0,0.0,27.90569415042095,0.0
2025-07-03 01:10:00,179.33895,0.0,90.00000000000001,20.0,1345.0421250000002
2025-07-03 01:15:00,160.0001,0.0,0.0,20.0,0.0
2025-07-03 01:20:00,119.5,100.0,0.0,27.90569415042095,-995.8333333333331
2025-07-03 01:25:00,150.99,100.0,0.0,35.8113883008419,-1258.25
2025-07-03 01:30:00,160.0001,0.0,0.0,35.8113883008419,0.0
2025-07-03 01:35:00,120.73195,100.0,0.0,43.71708245126285,-1006.0995833333332
2025-07-03 01:40:00,119.5,100.0,0.0,51.622776601683796,-995.8333333333331
2025-07-03 01:45:00,121.67007,100.0,0.0,59.528470752104745,-1013.9172499999999
2025-07-03 01:50:00,121.59128,100.0,0.0,67.4341649025257,-1013.2606666666665
2025-07-03 01:55:00,121.58989,100.0,0.0,75.33985905294664,-1013.2490833333331
2025-07-03 02:00:00,121.73237,100.0,0.0,83.24555320336758,-1014.4364166666666
2025-07-03 02:05:00,159.22,100.0,0.0,91.15124735378852,-1326.833333333333
2025-07-03 02:10:00,119.5,100.0,0.0,99.05694150420946,-995.8333333333331
2025-07-03 02:15:00,119.5,100.0,0.0,106.9626356546304,-995.8333333333331
2025-07-03 02:20:00,131.56838,100.0,0.0,114.86832980505135,-1096.4031666666665
2025-07-03 02:25:00,159.22,100.0,0.0,122.77402395547229,-1326.833333333333
2025-07-03 02:30:00,119.5,100.0,0.0,130.67971810589324,-995.8333333333331
2025-07-03 02:35:00,120.46582,100.0,0.0,138.58541225631419,-1003.8818333333331
2025-07-03 02:40:00,122.7032,100.0,0.0,146.49110640673513,-1022.5266666666665
2025-07-03 02:45:00,159.88,100.0,0.0,154.39680055715607,-1332.333333333333
2025-07-03 02:50:00,150.89003,100.0,0.0,162.302494707577,-1257.4169166666666
2025-07-03 02:55:00,160.0001,0.0,0.0,162.302494707577,0.0
2025-07-03 03:00:00,118.50485,100.0,0.0,170.20818885799795,-987.5404166666666
2025-07-03 03:05:00,178.9531,0.0,100.0,161.4240842464191,1491.2758333333331
2025-07-03 03:10:00,175.31448,0.0,0.0,161.4240842464191,0.0
2025-07-03 03:15:00,160.0001,0.0,0.0,161.4240842464191,0.0
2025-07-03 03:20:00,132.72,100.0,0.0,169.32977839684006,-1105.9999999999998
2025-07-03 03:25:00,160.0001,34.96881361887492,0.0,172.09430584957906,-466.2511396584457
2025-07-03 03:30:00,160.0001,100.0,0.0,180.0,-1333.3341666666665
2025-07-03 03:35:00,178.96251,0.0,0.0,180.0,0.0
2025-07-03 03:40:00,178.4378,0.0,0.0,180.0,0.0
2025-07-03 03:45:00,212.30538,0.0,100.0,171.21589538842116,1769.2115
2025-07-03 03:50:00,182.09785,0.0,0.0,171.21589538842116,0.0
2025-07-03 03:55:00,182.09785,0.0,0.0,171.21589538842116,0.0
2025-07-03 04:00:00,181.63216,0.0,0.0,171.21589538842116,0.0
2025-07-03 04:05:00,209.84064,0.0,100.0,162.43179077684235,1748.6719999999998
2025-07-03 04:10:00,208.23755,0.0,100.0,153.6476861652635,1735.3129166666663
2025-07-03 04:15:00,160.0,100.0,0.0,161.55338031568445,-1333.333333333333
2025-07-03 04:20:00,177.0587,0.0,0.0,161.55338031568445,0.0
2025-07-03 04:25:00,171.12728,100.0,0.0,169.4590744661054,-1426.0606666666665
2025-07-03 04:30:00,190.43369,0.0,99.99999999999945,160.6749698545266,1586.9474166666578
2025-07-03 04:35:00,160.0,100.0,0.0,168.58066400494755,-1333.333333333333
2025-07-03 04:40:00,171.81883,0.0,0.0,168.58066400494755,0.0
2025-07-03 04:45:00,200.02,0.0,100.0,159.7965593933687,1666.8333333333333
2025-07-03 04:50:00,175.23349,0.0,0.0,159.79655939336874,0.0
2025-07-03 04:55:00,171.66393,0.0,0.0,159.79655939336874,0.0
2025-07-03 05:00:00,191.07456,0.0,100.0,151.0124547817899,1592.2879999999998
2025-07-03 05:05:00,160.0,100.0,0.0,158.91814893221084,-1333.333333333333
2025-07-03 05:10:00,183.2759,0.0,0.0,158.91814893221084,0.0
2025-07-03 05:15:00,200.02,0.0,100.0,150.134044320632,1666.8333333333333
2025-07-03 05:20:00,163.54916,100.0,0.0,158.03973847105294,-1362.9096666666665
2025-07-03 05:25:00,200.02,0.0,100.0,149.25563385947413,1666.8333333333333
2025-07-03 05:30:00,200.02,0.0,100.0,140.4715292478953,1666.8333333333333
2025-07-03 05:35:00,168.70398,100.0,0.0,148.37722339831623,-1405.8664999999999
2025-07-03 05:40:00,168.61264,100.0,0.0,156.28291754873717,-1405.1053333333332
2025-07-03 05:45:00,168.41285,100.0,0.0,164.18861169915812,-1403.4404166666664
2025-07-03 05:50:00,169.55383,100.0,0.0,172.09430584957906,-1412.948583333333
2025-07-03 05:55:00,169.98197,100.0,0.0,180.0,-1416.5164166666664
2025-07-03 06:00:00,200.02,0.0,89.99999999999993,172.09430584957906,1500.1499999999987
2025-07-03 06:05:00,172.57111,100.0,0.0,180.0,-1438.092583333333
2025-07-03 06:10:00,209.69771,-0.0,0.0,180.0,0.0
2025-07-03 06:15:00,223.00531,0.0,0.0,180.0,0.0
2025-07-03 06:20:00,253.42607,0.0,0.0,180.0,0.0
2025-07-03 06:25:00,243.41936,0.0,0.0,180.0,0.0
2025-07-03 06:30:00,287.53033,0.0,100.0,171.21589538842116,2396.086083333333
2025-07-03 06:35:00,256.72247,0.0,0.0,171.21589538842116,0.0
2025-07-03 06:40:00,258.82397,0.0,0.0,171.21589538842116,0.0
2025-07-03 06:45:00,280.20853,0.0,100.0,162.43179077684232,2335.071083333333
2025-07-03 06:50:00,286.53847,0.0,100.0,153.64768616526348,2387.820583333333
2025-07-03 06:55:00,289.91237,0.0,100.0,144.86358155368464,2415.9364166666664
2025-07-03 07:00:00,303.66077,0.0,100.0,136.0794769421058,2530.5064166666666
2025-07-03 07:05:00,298.89,0.0,100.0,127.29537233052697,2490.7499999999995
2025-07-03 07:10:00,299.29,0.0,100.0,118.51126771894815,2494.083333333333
2025-07-03 07:15:00,305.66574,0.0,100.0,109.72716310736932,2547.2145
2025-07-03 07:20:00,299.29,0.0,100.0,100.9430584957905,2494.083333333333
2025-07-03 07:25:00,333.46596,0.0,100.0,92.15895388421167,2778.8829999999994
2025-07-03 07:30:00,262.64687,0.0,0.0,92.15895388421167,0.0
2025-07-03 07:35:00,300.02045,0.0,100.0,83.37484927263284,2500.1704166666664
2025-07-03 07:40:00,293.11404,0.0,100.0,74.59074466105402,2442.6169999999997
2025-07-03 07:45:00,291.44583,0.0,100.0,65.80664004947519,2428.7152499999997
2025-07-03 07:50:00,294.79519,0.0,100.0,57.02253543789636,2456.6265833333327
2025-07-03 07:55:00,299.29,0.0,100.0,48.238430826317526,2494.083333333333
2025-07-03 08:00:00,264.89042,0.0,0.0,48.238430826317526,0.0
2025-07-03 08:05:00,237.99,100.0,0.0,56.144124976738475,-1983.2499999999998
2025-07-03 08:10:00,238.99267,98.36451971445958,0.0,63.920523057894165,-1959.0332666521942
2025-07-03 08:15:00,294.88789,0.0,100.0,55.13641844631533,2457.3990833333332
2025-07-03 08:20:00,291.69507,0.0,100.0,46.3523138347365,2430.7922499999995
2025-07-03 08:25:00,299.1614,0.0,100.0,37.568209223157666,2493.0116666666663
2025-07-03 08:30:00,273.45704,0.0,100.0,28.784104611578833,2278.8086666666663
2025-07-03 08:35:00,265.83852,0.0,100.0,20.0,2215.321
2025-07-03 08:40:00,237.99,0.0,0.0,20.0,0.0
2025-07-03 08:45:00,248.69203,0.0,0.0,20.0,0.0
2025-07-03 08:50:00,237.99,-0.0,0.0,20.0,0.0
2025-07-03 08:55:00,237.99,-0.0,0.0,20.0,0.0
2025-07-03 09:00:00,235.2,0.0,0.0,20.0,0.0
2025-07-03 09:05:00,235.2,-0.0,0.0,20.0,0.0
2025-07-03 09:10:00,202.9597,0.0,0.0,20.0,0.0
2025-07-03 09:15:00,203.4515,0.0,0.0,20.0,0.0
2025-07-03 09:20:00,180.94,0.0,0.0,20.0,0.0
2025-07-03 09:25:00,180.45133,0.0,0.0,20.0,0.0
2025-07-03 09:30:00,179.98031,0.0,0.0,20.0,0.0
2025-07-03 09:35:00,180.6219,-0.0,0.0,20.0,0.0
2025-07-03 09:40:00,180.94,0.0,0.0,20.0,0.0
2025-07-03 09:45:00,177.43258,0.0,-0.0,20.0,-0.0
2025-07-03 09:50:00,172.06,0.0,0.0,20.0,0.0
2025-07-03 09:55:00,171.60204,0.0,0.0,20.0,0.0
2025-07-03 10:00:00,174.2983,0.0,0.0,20.0,0.0
2025-07-03 10:05:00,175.75126,0.0,0.0,20.0,0.0
2025-07-03 10:10:00,85.88,100.0,0.0,27.90569415042095,-715.6666666666665
2025-07-03 10:15:00,137.96,33.33333333333337,0.0,30.5409255338946,-383.2222222222227
2025-07-03 10:20:00,168.64781,0.0,100.0,21.756820922315768,1405.3984166666664
2025-07-03 10:25:00,128.90099,100.0,0.0,29.662515072736717,-1074.1749166666666
2025-07-03 10:30:00,159.52,0.0,100.0,20.878410461157884,1329.3333333333333
2025-07-03 10:35:00,121.35,100.0,0.0,28.784104611578833,-1011.2499999999998
2025-07-03 10:40:00,153.73529,0.0,100.0,20.0,1281.1274166666665
2025-07-03 10:45:00,116.28638,100.0,0.0,27.90569415042095,-969.0531666666665
2025-07-03 10:50:00,90.0,100.0,0.0,35.8113883008419,-749.9999999999999
2025-07-03 10:55:00,90.99,100.0,0.0,43.71708245126285,-758.2499999999999
2025-07-03 11:00:00,90.0,100.0,0.0,51.622776601683796,-749.9999999999999
2025-07-03 11:05:00,90.0,100.0,0.0,59.528470752104745,-749.9999999999999
2025-07-03 11:10:00,85.88,100.0,0.0,67.4341649025257,-715.6666666666665
2025-07-03 11:15:00,85.88,100.0,0.0,75.33985905294664,-715.6666666666665
2025-07-03 11:20:00,159.22,0.0,100.0,66.55575444136781,1326.833333333333
2025-07-03 11:25:00,132.72,0.0,0.0,66.55575444136781,0.0
2025-07-03 11:30:00,121.35,77.77777777777787,0.0,72.704627669473,-786.5277777777786
2025-07-03 11:35:00,132.72,0.0,0.0,72.704627669473,0.0
2025-07-03 11:40:00,132.72,0.0,0.0,72.704627669473,0.0
2025-07-03 11:45:00,153.39065,0.0,100.0,63.920523057894165,1278.2554166666664
2025-07-03 11:50:00,159.22,0.0,100.0,55.13641844631533,1326.833333333333
2025-07-03 11:55:00,159.22,0.0,100.0,46.3523138347365,1326.833333333333
2025-07-03 12:00:00,153.77347,0.0,100.0,37.568209223157666,1281.4455833333332
2025-07-03 12:05:00,159.22,0.0,100.0,28.784104611578833,1326.833333333333
2025-07-03 12:10:00,159.22,0.0,100.0,20.0,1326.833333333333
2025-07-03 12:15:00,79.03052,100.0,0.0,27.90569415042095,-658.5876666666666
2025-07-03 12:20:00,79.56,100.0,0.0,35.8113883008419,-662.9999999999999
2025-07-03 12:25:00,90.0,22.222222222222246,0.0,37.568209223157666,-166.66666666666686
2025-07-03 12:30:00,90.76,0.0,0.0,37.568209223157666,0.0
2025-07-03 12:35:00,132.72,0.0,100.0,28.784104611578833,1105.9999999999998
2025-07-03 12:40:00,121.35,0.0,100.0,20.0,1011.2499999999998
2025-07-03 12:45:00,79.56,0.0,0.0,20.0,0.0
2025-07-03 12:50:00,79.56,0.0,0.0,20.0,0.0
2025-07-03 12:55:00,66.37678,-0.0,0.0,20.0,0.0
2025-07-03 13:00:00,20.0,100.0,0.0,27.90569415042095,-166.66666666666663
2025-07-03 13:05:00,35.09913,100.0,0.0,35.8113883008419,-292.49275
2025-07-03 13:10:00,33.88985,100.0,0.0,43.71708245126285,-282.41541666666666
2025-07-03 13:15:00,46.01,0.0,58.52806774301334,38.57591575358083,224.40636640467028
2025-07-03 13:20:00,33.89024,100.0,0.0,46.48160990400178,-282.41866666666664
2025-07-03 13:25:00,34.934,100.0,0.0,54.38730405442273,-291.1166666666666
2025-07-03 13:30:00,33.89004,100.0,0.0,62.29299820484368,-282.417
2025-07-03 13:35:00,20.3,100.0,0.0,70.19869235526463,-169.16666666666666
2025-07-03 13:40:00,33.89024,100.0,0.0,78.10438650568557,-282.41866666666664
2025-07-03 13:45:00,33.88985,100.0,0.0,86.01008065610651,-282.41541666666666
2025-07-03 13:50:00,48.42897,0.0,100.0,77.22597604452768,403.57474999999994
2025-07-03 13:55:00,35.43448,100.0,0.0,85.13167019494863,-295.2873333333333
2025-07-03 14:00:00,34.80829,100.0,0.0,93.03736434536958,-290.0690833333333
2025-07-03 14:05:00,23.62913,100.0,0.0,100.94305849579052,-196.90941666666663
2025-07-03 14:10:00,21.76,100.0,0.0,108.84875264621148,-181.33333333333331
2025-07-03 14:15:00,23.32713,100.0,0.0,116.75444679663242,-194.39274999999998
2025-07-03 14:20:00,8.95,100.0,0.0,124.66014094705336,-74.58333333333331
2025-07-03 14:25:00,10.89,100.0,0.0,132.56583509747432,-90.74999999999999
2025-07-03 14:30:00,20.0,100.0,0.0,140.47152924789526,-166.66666666666663
2025-07-03 14:35:00,20.0,100.0,0.0,148.3772233983162,-166.66666666666663
2025-07-03 14:40:00,20.0,100.0,0.0,156.28291754873715,-166.66666666666663
2025-07-03 14:45:00,21.81,100.0,0.0,164.1886116991581,-181.74999999999997
2025-07-03 14:50:00,20.0,100.0,0.0,172.09430584957906,-166.66666666666663
2025-07-03 14:55:00,33.89005,100.0,0.0,180.0,-282.4170833333333
2025-07-03 15:00:00,76.15256,0.0,69.99999999999959,173.85112677189485,444.22326666666396
2025-07-03 15:05:00,79.56,0.0,100.0,165.06702216031601,662.9999999999999
2025-07-03 15:10:00,132.72,0.0,100.0,156.28291754873717,1105.9999999999998
2025-07-03 15:15:00,33.89029,100.0,0.0,164.18861169915812,-282.4190833333333
2025-07-03 15:20:00,33.89029,100.0,0.0,172.09430584957906,-282.4190833333333
2025-07-03 15:25:00,42.58442,100.0,0.0,180.0,-354.87016666666665
2025-07-03 15:30:00,79.56,0.0,0.0,180.0,0.0
2025-07-03 15:35:00,121.35,0.0,0.0,180.0,0.0
2025-07-03 15:40:00,116.9007,0.0,0.0,180.0,0.0
2025-07-03 15:45:00,121.35,0.0,0.0,180.0,0.0
2025-07-03 15:50:00,132.72,0.0,-0.0,180.0,-0.0
2025-07-03 15:55:00,162.80311,-0.0,0.0,180.0,0.0
2025-07-03 16:00:00,176.60899,-0.0,0.0,180.0,0.0
2025-07-03 16:05:00,184.8383,0.0,0.0,180.0,0.0
2025-07-03 16:10:00,198.33479,-0.0,0.0,180.0,0.0
2025-07-03 16:15:00,184.51459,0.0,0.0,180.0,0.0
2025-07-03 16:20:00,307.85374,0.0,100.0,171.21589538842116,2565.447833333333
2025-07-03 16:25:00,134.22496,100.0,0.0,179.1215895388421,-1118.5413333333333
2025-07-03 16:30:00,360.07,0.0,100.0,170.33748492726326,3000.583333333333
2025-07-03 16:35:00,227.97,0.0,0.0,170.33748492726326,0.0
2025-07-03 16:40:00,226.97,22.22222222222261,0.0,172.09430584957906,-420.3148148148221
2025-07-03 16:45:00,200.64081,100.0,0.0,180.0,-1672.0067499999996
2025-07-03 16:50:00,230.72258,0.0,0.0,180.0,0.0
2025-07-03 16:55:00,237.99,0.0,0.0,180.0,0.0
2025-07-03 17:00:00,240.0,0.0,0.0,180.0,0.0
2025-07-03 17:05:00,237.99,0.0,0.0,180.0,0.0
2025-07-03 17:10:00,238.6918,0.0,0.0,180.0,0.0
2025-07-03 17:15:00,240.0,0.0,0.0,180.0,0.0
2025-07-03 17:20:00,254.11027,0.0,0.0,180.0,0.0
2025-07-03 17:25:00,254.1888,0.0,-0.0,180.0,-0.0
2025-07-03 17:30:00,299.5,0.0,100.0,171.21589538842116,2495.833333333333
2025-07-03 17:35:00,270.82,0.0,100.0,162.43179077684232,2256.833333333333
2025-07-03 17:40:00,262.10992,0.0,0.0,162.43179077684232,0.0
2025-07-03 17:45:00,299.29,0.0,100.0,153.64768616526348,2494.083333333333
2025-07-03 17:50:00,299.5,0.0,100.0,144.86358155368464,2495.833333333333
2025-07-03 17:55:00,278.44624,0.0,100.0,136.0794769421058,2320.3853333333327
2025-07-03 18:00:00,298.1,0.0,100.0,127.29537233052697,2484.1666666666665
2025-07-03 18:05:00,264.44018,0.0,0.0,127.29537233052697,0.0
2025-07-03 18:10:00,276.46913,0.0,100.0,118.51126771894815,2303.9094166666664
2025-07-03 18:15:00,237.99,100.0,0.0,126.41696186936909,-1983.2499999999998
2025-07-03 18:20:00,251.07715,0.0,0.0,126.41696186936909,0.0
2025-07-03 18:25:00,260.96172,0.0,0.0,126.41696186936909,0.0
2025-07-03 18:30:00,254.8451,0.0,0.0,126.41696186936909,0.0
2025-07-03 18:35:00,240.0,0.0,0.0,126.41696186936909,0.0
2025-07-03 18:40:00,237.99,100.0,0.0,134.32265601979003,-1983.2499999999998
2025-07-03 18:45:00,252.03093,0.0,0.0,134.32265601979003,0.0
2025-07-03 18:50:00,270.82,0.0,100.0,125.53855140821119,2256.833333333333
2025-07-03 18:55:00,270.82,0.0,100.0,116.75444679663237,2256.833333333333
2025-07-03 19:00:00,240.0,20.586741936682074,0.0,118.3819716496829,-411.7348387336415
2025-07-03 19:05:00,299.29,0.0,100.0,109.59786703810406,2494.083333333333
2025-07-03 19:10:00,277.95162,0.0,100.0,100.81376242652523,2316.2634999999996
2025-07-03 19:15:00,252.81809,0.0,0.0,100.81376242652523,0.0
2025-07-03 19:20:00,270.82,0.0,100.0,92.0296578149464,2256.833333333333
2025-07-03 19:25:00,276.49069,0.0,100.0,83.24555320336758,2304.089083333333
2025-07-03 19:30:00,303.60844,0.0,100.0,74.46144859178875,2530.0703333333327
2025-07-03 19:35:00,234.48286,100.0,0.0,82.3671427422097,-1954.023833333333
2025-07-03 19:40:00,241.17128,0.0,0.0,82.3671427422097,0.0
2025-07-03 19:45:00,254.9669,0.0,0.0,82.3671427422097,0.0
2025-07-03 19:50:00,268.90729,0.0,100.0,73.58303813063087,2240.894083333333
2025-07-03 19:55:00,269.57757,0.0,100.0,64.79893351905204,2246.4797499999995
2025-07-03 20:00:00,254.64221,0.0,0.0,64.79893351905204,0.0
2025-07-03 20:05:00,256.95184,0.0,0.0,64.79893351905204,0.0
2025-07-03 20:10:00,312.65562,0.0,100.0,56.014828907473216,2605.4635
2025-07-03 20:15:00,264.36645,0.0,0.0,56.014828907473216,0.0
2025-07-03 20:20:00,260.02112,0.0,0.0,56.014828907473216,0.0
2025-07-03 20:25:00,312.4123,0.0,100.0,47.23072429589438,2603.435833333333
2025-07-03 20:30:00,198.72947,100.0,0.0,55.13641844631533,-1656.0789166666664
2025-07-03 20:35:00,270.20551,0.0,100.0,46.3523138347365,2251.712583333333
2025-07-03 20:40:00,270.16295,0.0,100.0,37.568209223157666,2251.3579166666664
2025-07-03 20:45:00,314.3918,0.0,100.0,28.784104611578833,2619.9316666666664
2025-07-03 20:50:00,315.81469,0.0,100.0,20.0,2631.7890833333327
2025-07-03 20:55:00,266.27026,0.0,0.0,20.0,0.0
2025-07-03 21:00:00,200.02,100.0,0.0,27.90569415042095,-1666.8333333333333
2025-07-03 21:05:00,240.0,0.0,0.0,27.90569415042095,0.0
2025-07-03 21:10:00,222.93151,0.0,0.0,27.90569415042095,0.0
2025-07-03 21:15:00,235.24712,0.0,0.0,27.90569415042095,0.0
2025-07-03 21:20:00,223.98986,0.0,0.0,27.90569415042095,0.0
2025-07-03 21:25:00,222.55549,0.0,0.0,27.90569415042095,0.0
2025-07-03 21:30:00,218.75009,0.0,0.0,27.90569415042095,0.0
2025-07-03 21:35:00,217.68134,22.222222222222246,0.0,29.662515072736717,-403.113592592593
2025-07-03 21:40:00,226.60493,0.0,0.0,29.662515072736717,0.0
2025-07-03 21:45:00,225.52514,0.0,0.0,29.662515072736717,0.0
2025-07-03 21:50:00,237.98809,0.0,0.0,29.662515072736717,0.0
2025-07-03 21:55:00,226.58376,0.0,0.0,29.662515072736717,0.0
2025-07-03 22:00:00,192.19857,100.0,0.0,37.568209223157666,-1601.6547499999997
2025-07-03 22:05:00,222.91072,0.0,0.0,37.568209223157666,0.0
2025-07-03 22:10:00,257.41312,0.0,100.0,28.784104611578833,2145.109333333333
2025-07-03 22:15:00,225.5473,0.0,0.0,28.784104611578833,0.0
2025-07-03 22:20:00,245.5307,0.0,100.0,20.0,2046.0891666666664
2025-07-03 22:25:00,227.97,0.0,-0.0,20.0,-0.0
2025-07-03 22:30:00,220.77471,0.0,0.0,20.0,0.0
2025-07-03 22:35:00,209.31545,0.0,0.0,20.0,0.0
2025-07-03 22:40:00,210.36327,0.0,0.0,20.0,0.0
2025-07-03 22:45:00,209.8446,0.0,0.0,20.0,0.0
2025-07-03 22:50:00,205.40538,0.0,0.0,20.0,0.0
2025-07-03 22:55:00,191.79309,0.0,0.0,20.0,0.0
2025-07-03 23:00:00,188.46165,100.0,0.0,27.90569415042095,-1570.5137499999996
2025-07-03 23:05:00,203.51173,0.0,0.0,27.90569415042095,0.0
2025-07-03 23:10:00,205.21784,0.0,0.0,27.90569415042095,0.0
2025-07-03 23:15:00,204.95009,0.0,0.0,27.90569415042095,0.0
2025-07-03 23:20:00,205.06829,0.0,0.0,27.90569415042095,0.0
2025-07-03 23:25:00,205.26687,0.0,0.0,27.90569415042095,0.0
2025-07-03 23:30:00,200.09238,0.0,0.0,27.90569415042095,0.0
2025-07-03 23:35:00,206.61145,0.0,0.0,27.90569415042095,0.0
2025-07-03 23:40:00,208.80726,0.0,0.0,27.90569415042095,0.0
2025-07-03 23:45:00,211.46412,0.0,90.00000000000001,20.0,1585.9809000000002
2025-07-03 23:50:00,209.34688,0.0,0.0,20.0,0.0
2025-07-03 23:55:00,206.2139,0.0,0.0,20.0,0.0
2025-07-04 00:00:00,186.65548,0.0,0.0,20.0,0.0
2025-07-04 00:05:00,201.48547,0.0,0.0,20.0,0.0
2025-07-04 00:10:00,195.58516,0.0,0.0,20.0,0.0
2025-07-04 00:15:00,190.46615,0.0,0.0,20.0,0.0
2025-07-04 00:20:00,178.34655,0.0,0.0,20.0,0.0
2025-07-04 00:25:00,186.6534,0.0,0.0,20.0,0.0
2025-07-04 00:30:00,177.36985,0.0,0.0,20.0,0.0
2025-07-04 00:35:00,178.22977,0.0,0.0,20.0,0.0
2025-07-04 00:40:00,193.72855,0.0,0.0,20.0,0.0
2025-07-04 00:45:00,171.02851,0.0,0.0,20.0,0.0
2025-07-04 00:50:00,171.08938,0.0,0.0,20.0,0.0
2025-07-04 00:55:00,166.23561,0.0,0.0,20.0,0.0
2025-07-04 01:00:00,170.22315,0.0,0.0,20.0,0.0
2025-07-04 01:05:00,168.9753,0.0,0.0,20.0,0.0
2025-07-04 01:10:00,160.0,0.0,0.0,20.0,0.0
2025-07-04 01:15:00,160.0,0.0,0.0,20.0,0.0
2025-07-04 01:20:00,148.09569,-0.0,0.0,20.0,0.0
2025-07-04 01:25:00,163.82265,0.0,0.0,20.0,0.0
2025-07-04 01:30:00,141.44609,100.0,0.0,27.90569415042095,-1178.7174166666664
2025-07-04 01:35:00,159.88,0.0,0.0,27.90569415042095,0.0
2025-07-04 01:40:00,160.0,0.0,90.00000000000001,20.0,1200.0000000000002
2025-07-04 01:45:00,123.58445,100.0,0.0,27.90569415042095,-1029.8704166666666
2025-07-04 01:50:00,153.4155,0.0,90.00000000000001,20.0,1150.6162500000003
2025-07-04 01:55:00,122.30617,100.0,0.0,27.90569415042095,-1019.2180833333332
2025-07-04 02:00:00,122.5349,100.0,0.0,35.8113883008419,-1021.1241666666665
2025-07-04 02:05:00,141.80396,0.0,69.99999999999999,29.662515072736717,827.1897666666664
2025-07-04 02:10:00,143.50891,0.0,100.0,20.878410461157884,1195.9075833333332
2025-07-04 02:15:00,125.20082,100.0,0.0,28.784104611578833,-1043.3401666666664
2025-07-04 02:20:00,142.41457,0.0,100.0,20.0,1186.7880833333331
2025-07-04 02:25:00,119.45809,100.0,0.0,27.90569415042095,-995.4840833333332
2025-07-04 02:30:00,124.99414,0.0,0.0,27.90569415042095,0.0
2025-07-04 02:35:00,121.35,100.0,0.0,35.8113883008419,-1011.2499999999998
2025-07-04 02:40:00,121.35,100.0,0.0,43.71708245126285,-1011.2499999999998
2025-07-04 02:45:00,136.95094,0.0,18.528067743012084,42.08955759821247,211.45302448243194
2025-07-04 02:50:00,133.93744,0.0,0.0,42.08955759821247,0.0
2025-07-04 02:55:00,119.23222,100.0,0.0,49.99525174863342,-993.6018333333332
2025-07-04 03:00:00,104.34456,100.0,0.0,57.90094589905437,-869.5379999999999
2025-07-04 03:05:00,121.05384,100.0,0.0,65.80664004947532,-1008.7819999999998
2025-07-04 03:10:00,164.24,0.0,100.0,57.02253543789649,1368.6666666666665
2025-07-04 03:15:00,119.24165,100.0,0.0,64.92822958831744,-993.6804166666666
2025-07-04 03:20:00,118.16934,100.0,0.0,72.83392373873838,-984.7444999999999
2025-07-04 03:25:00,115.45179,100.0,0.0,80.73961788915932,-962.0982499999999
2025-07-04 03:30:00,116.48045,100.0,0.0,88.64531203958026,-970.6704166666666
2025-07-04 03:35:00,116.30138,100.0,0.0,96.5510061900012,-969.1781666666665
2025-07-04 03:40:00,121.35,100.0,0.0,104.45670034042215,-1011.2499999999998
2025-07-04 03:45:00,116.31157,100.0,0.0,112.36239449084309,-969.2630833333333
2025-07-04 03:50:00,135.34177,0.0,0.0,112.36239449084309,0.0
2025-07-04 03:55:00,127.57,0.0,0.0,112.36239449084309,0.0
2025-07-04 04:00:00,116.5713,100.0,0.0,120.26808864126403,-971.4274999999998
2025-07-04 04:05:00,122.32445,100.0,0.0,128.17378279168497,-1019.3704166666665
2025-07-04 04:10:00,115.28497,100.0,0.0,136.0794769421059,-960.7080833333332
2025-07-04 04:15:00,154.55509,0.0,100.0,127.29537233052709,1287.9590833333332
2025-07-04 04:20:00,153.34947,0.0,100.0,118.51126771894826,1277.9122499999999
2025-07-04 04:25:00,117.60636,100.0,0.0,126.4169618693692,-980.0529999999998
2025-07-04 04:30:00,131.75196,0.0,0.0,126.4169618693692,0.0
2025-07-04 04:35:00,113.35806,100.0,0.0,134.32265601979014,-944.6504999999999
2025-07-04 04:40:00,132.5183,0.0,0.0,134.32265601979014,0.0
2025-07-04 04:45:00,112.55219,100.0,0.0,142.2283501702111,-937.9349166666665
2025-07-04 04:50:00,113.13288,100.0,0.0,150.13404432063203,-942.7739999999999
2025-07-04 04:55:00,124.75248,0.0,0.0,150.13404432063203,0.0
2025-07-04 05:00:00,104.09747,100.0,0.0,158.03973847105297,-867.4789166666666
2025-07-04 05:05:00,107.68089,100.0,0.0,165.9454326214739,-897.34075
2025-07-04 05:10:00,110.02499,100.0,0.0,173.85112677189485,-916.8749166666665
2025-07-04 05:15:00,131.49857,0.0,0.0,173.85112677189485,0.0
2025-07-04 05:20:00,127.33655,0.0,0.0,173.85112677189485,0.0
2025-07-04 05:25:00,156.52373,0.0,100.0,165.06702216031601,1304.3644166666666
2025-07-04 05:30:00,156.50635,0.0,100.0,156.28291754873717,1304.219583333333
2025-07-04 05:35:00,121.41979,100.0,0.0,164.18861169915812,-1011.8315833333332
2025-07-04 05:40:00,122.44376,100.0,0.0,172.09430584957906,-1020.3646666666665
2025-07-04 05:45:00,123.05035,100.0,0.0,180.0,-1025.419583333333
2025-07-04 05:50:00,155.16234,0.0,0.0,180.0,0.0
2025-07-04 05:55:00,164.56723,-0.0,0.0,180.0,0.0
2025-07-04 06:00:00,205.13266,0.0,100.0,171.21589538842116,1709.438833333333
2025-07-04 06:05:00,121.68364,100.0,0.0,179.1215895388421,-1014.0303333333331
2025-07-04 06:10:00,180.63985,11.111111111111304,0.0,180.0,-167.25912037037327
2025-07-04 06:15:00,188.22443,0.0,0.0,180.0,0.0
2025-07-04 06:20:00,184.7334,0.0,0.0,180.0,0.0
2025-07-04 06:25:00,184.35068,-0.0,0.0,180.0,0.0
2025-07-04 06:30:00,199.18,0.0,0.0,180.0,0.0
2025-07-04 06:35:00,252.11592,0.0,100.0,171.21589538842116,2100.9659999999994
2025-07-04 06:40:00,276.37809,0.0,100.0,162.43179077684232,2303.1507499999993
2025-07-04 06:45:00,232.61271,0.0,100.0,153.64768616526348,1938.4392499999997
2025-07-04 06:50:00,233.3922,0.0,100.0,144.86358155368464,1944.9349999999997
2025-07-04 06:55:00,233.67652,0.0,100.0,136.0794769421058,1947.304333333333
2025-07-04 07:00:00,226.74037,0.0,100.0,127.29537233052697,1889.5030833333333
2025-07-04 07:05:00,255.74852,0.0,100.0,118.51126771894815,2131.2376666666664
2025-07-04 07:10:00,209.54,0.0,100.0,109.72716310736932,1746.1666666666663
2025-07-04 07:15:00,226.26431,0.0,100.0,100.9430584957905,1885.5359166666663
2025-07-04 07:20:00,225.15399,0.0,100.0,92.15895388421167,1876.2832499999997
2025-07-04 07:25:00,238.88826,0.0,100.0,83.37484927263284,1990.7354999999998
2025-07-04 07:30:00,209.54,0.0,100.0,74.59074466105402,1746.1666666666663
2025-07-04 07:35:00,237.57145,0.0,100.0,65.80664004947519,1979.762083333333
2025-07-04 07:40:00,226.98,0.0,100.0,57.02253543789636,1891.4999999999995
2025-07-04 07:45:00,230.95258,0.0,100.0,48.238430826317526,1924.604833333333
2025-07-04 07:50:00,209.54,0.0,100.0,39.45432621473869,1746.1666666666663
2025-07-04 07:55:00,209.54,0.0,100.0,30.67022160315986,1746.1666666666663
2025-07-04 08:00:00,207.7689,0.0,21.471932256986417,28.784104611578833,371.7666454923821
2025-07-04 08:05:00,209.11,0.0,100.0,20.0,1742.5833333333333
2025-07-04 08:10:00,179.84988,0.0,-0.0,20.0,-0.0
2025-07-04 08:15:00,178.13534,0.0,0.0,20.0,0.0
2025-07-04 08:20:00,167.85909,0.0,0.0,20.0,0.0
2025-07-04 08:25:00,176.23832,0.0,0.0,20.0,0.0
2025-07-04 08:30:00,132.72,0.0,0.0,20.0,0.0
2025-07-04 08:35:00,132.72,0.0,0.0,20.0,0.0
2025-07-04 08:40:00,132.72,0.0,0.0,20.0,0.0
2025-07-04 08:45:00,132.72,-0.0,0.0,20.0,0.0
2025-07-04 08:50:00,112.11792,0.0,0.0,20.0,0.0
2025-07-04 08:55:00,108.74656,11.111111111111123,0.0,20.878410461157884,-100.69125925925937
2025-07-04 09:00:00,106.01442,100.0,0.0,28.784104611578833,-883.4534999999998
2025-07-04 09:05:00,121.35,0.0,100.0,20.0,1011.2499999999998
2025-07-04 09:10:00,111.69922,0.0,-0.0,20.0,-0.0
2025-07-04 09:15:00,107.79782,0.0,-0.0,20.0,-0.0
2025-07-04 09:20:00,85.88,0.0,0.0,20.0,0.0
2025-07-04 09:25:00,77.2784,-0.0,0.0,20.0,0.0
2025-07-04 09:30:00,56.21409,0.0,0.0,20.0,0.0
2025-07-04 09:35:00,51.20661,-0.0,0.0,20.0,0.0
2025-07-04 09:40:00,55.29275,0.0,0.0,20.0,0.0
2025-07-04 09:45:00,46.33,0.0,0.0,20.0,0.0
2025-07-04 09:50:00,34.41193,33.33333333333337,0.0,22.635231383473652,-95.58869444444454
2025-07-04 09:55:00,33.89024,100.0,0.0,30.5409255338946,-282.41866666666664
2025-07-04 10:00:00,33.88995,100.0,0.0,38.44661968431555,-282.41624999999993
2025-07-04 10:05:00,46.22,0.0,100.0,29.662515072736717,385.16666666666663
2025-07-04 10:10:00,52.02969,0.0,100.0,20.878410461157884,433.58074999999997
2025-07-04 10:15:00,33.46275,100.0,0.0,28.784104611578833,-278.85624999999993
2025-07-04 10:20:00,45.41887,0.0,100.0,20.0,378.4905833333333
2025-07-04 10:25:00,20.00007,0.0,0.0,20.0,0.0
2025-07-04 10:30:00,18.73268,100.0,0.0,27.90569415042095,-156.10566666666662
2025-07-04 10:35:00,20.0,11.111111111111123,0.0,28.784104611578833,-18.51851851851854
2025-07-04 10:40:00,20.0,0.0,0.0,28.784104611578833,0.0
2025-07-04 10:45:00,20.0,0.0,0.0,28.784104611578833,0.0
2025-07-04 10:50:00,34.91,0.0,100.0,20.0,290.9166666666666
2025-07-04 10:55:00,18.68562,100.0,0.0,27.90569415042095,-155.71349999999998
2025-07-04 11:00:00,19.18,11.111111111111123,0.0,28.784104611578833,-17.759259259259277
2025-07-04 11:05:00,21.66131,0.0,100.0,20.0,180.51091666666665
2025-07-04 11:10:00,20.0,0.0,0.0,20.0,0.0
2025-07-04 11:15:00,12.42,100.0,0.0,27.90569415042095,-103.49999999999999
2025-07-04 11:20:00,13.77,11.111111111111123,0.0,28.784104611578833,-12.750000000000014
2025-07-04 11:25:00,16.80861,0.0,100.0,20.0,140.07174999999998
2025-07-04 11:30:00,8.95,100.0,0.0,27.90569415042095,-74.58333333333331
2025-07-04 11:35:00,13.53001,0.0,90.00000000000001,20.0,101.47507500000002
2025-07-04 11:40:00,-0.01,100.0,0.0,27.90569415042095,0.08333333333333333
2025-07-04 11:45:00,-0.01,100.0,0.0,35.8113883008419,0.08333333333333333
2025-07-04 11:50:00,-0.01,100.0,0.0,43.71708245126285,0.08333333333333333
2025-07-04 11:55:00,0.01,0.0,59.99999999999998,38.44661968431555,0.04999999999999998
2025-07-04 12:00:00,-0.01,100.0,0.0,46.3523138347365,0.08333333333333333
2025-07-04 12:05:00,19.18,0.0,100.0,37.568209223157666,159.83333333333331
2025-07-04 12:10:00,18.44,0.0,100.0,28.784104611578833,153.66666666666666
2025-07-04 12:15:00,20.00007,0.0,100.0,20.0,166.66725
2025-07-04 12:20:00,-0.02,100.0,0.0,27.90569415042095,0.16666666666666666
2025-07-04 12:25:00,-0.02,100.0,0.0,35.8113883008419,0.16666666666666666
2025-07-04 12:30:00,-2.64946,100.0,0.0,43.71708245126285,22.07883333333333
2025-07-04 12:35:00,8.95,0.0,100.0,34.932977839684014,74.58333333333331
2025-07-04 12:40:00,-14.7729,100.0,0.0,42.83867199010496,123.10749999999999
2025-07-04 12:45:00,-16.49,100.0,0.0,50.74436614052591,137.41666666666663
2025-07-04 12:50:00,0.01,0.0,100.0,41.96026152894708,0.08333333333333333
2025-07-04 12:55:00,-9.96,100.0,0.0,49.86595567936803,83.0
2025-07-04 13:00:00,0.0,68.30214695220835,0.0,55.26571451558068,-0.0
2025-07-04 13:05:00,0.01,0.0,100.0,46.48160990400185,0.08333333333333333
2025-07-04 13:10:00,0.01,0.0,100.0,37.69750529242302,0.08333333333333333
2025-07-04 13:15:00,-16.5,100.0,0.0,45.603199442843966,137.49999999999997
2025-07-04 13:20:00,-19.99,100.0,0.0,53.508893593264915,166.5833333333333
2025-07-04 13:25:00,-16.0,100.0,0.0,61.414587743685864,133.33333333333331
2025-07-04 13:30:00,-16.23065,100.0,0.0,69.32028189410681,135.25541666666666
2025-07-04 13:35:00,-14.81929,100.0,0.0,77.22597604452775,123.49408333333332
2025-07-04 13:40:00,-14.89442,100.0,0.0,85.1316701949487,124.12016666666665
2025-07-04 13:45:00,-15.03,100.0,0.0,93.03736434536964,125.24999999999997
2025-07-04 13:50:00,-14.92231,100.0,0.0,100.94305849579058,124.35258333333331
2025-07-04 13:55:00,-12.70065,100.0,0.0,108.84875264621152,105.83874999999998
2025-07-04 14:00:00,-14.25241,100.0,0.0,116.75444679663246,118.77008333333332
2025-07-04 14:05:00,-5.06,100.0,0.0,124.6601409470534,42.16666666666666
2025-07-04 14:10:00,-15.20825,100.0,0.0,132.56583509747435,126.73541666666665
2025-07-04 14:15:00,-9.96,100.0,0.0,140.4715292478953,83.0
2025-07-04 14:20:00,-14.36705,100.0,0.0,148.37722339831623,119.72541666666666
2025-07-04 14:25:00,-16.49,100.0,0.0,156.28291754873717,137.41666666666663
2025-07-04 14:30:00,-9.96,100.0,0.0,164.18861169915812,83.0
2025-07-04 14:35:00,-13.76852,100.0,0.0,172.09430584957906,114.73766666666666
2025-07-04 14:40:00,-11.61475,100.0,0.0,180.0,96.78958333333333
2025-07-04 14:45:00,0.01,0.0,89.99999999999993,172.09430584957906,0.07499999999999994
2025-07-04 14:50:00,-4.90671,100.0,0.0,180.0,40.88925
2025-07-04 14:55:00,0.01008,0.0,-0.0,180.0,-0.0
2025-07-04 15:00:00,19.63,0.0,0.0,180.0,0.0
2025-07-04 15:05:00,23.50447,0.0,100.0,171.21589538842116,195.87058333333331
2025-07-04 15:10:00,20.0,100.0,0.0,179.1215895388421,-166.66666666666663
2025-07-04 15:15:00,42.50246,0.0,100.0,170.33748492726326,354.1871666666666
2025-07-04 15:20:00,8.95,100.0,0.0,178.2431790776842,-74.58333333333331
2025-07-04 15:25:00,22.58965,0.0,59.99999999999941,172.97271631073696,112.94824999999886
2025-07-04 15:30:00,23.59651,0.0,100.0,164.18861169915812,196.63758333333328
2025-07-04 15:35:00,8.95022,100.0,0.0,172.09430584957906,-74.58516666666665
2025-07-04 15:40:00,8.95,100.0,0.0,180.0,-74.58333333333331
2025-07-04 15:45:00,23.59651,0.0,-0.0,180.0,-0.0
2025-07-04 15:50:00,23.71689,0.0,0.0,180.0,0.0
2025-07-04 15:55:00,57.67482,0.0,-0.0,180.0,-0.0
2025-07-04 16:00:00,102.38758,0.0,100.0,171.21589538842116,853.2298333333332
2025-07-04 16:05:00,82.86175,100.0,0.0,179.1215895388421,-690.5145833333332
2025-07-04 16:10:00,90.41767,11.111111111111304,0.0,180.0,-83.72006481481627
2025-07-04 16:15:00,106.36725,-0.0,0.0,180.0,0.0
2025-07-04 16:20:00,142.72022,0.0,0.0,180.0,0.0
2025-07-04 16:25:00,201.18321,0.0,0.0,180.0,0.0
2025-07-04 16:30:00,223.64,0.0,100.0,171.21589538842116,1863.6666666666663
2025-07-04 16:35:00,192.6382,0.0,0.0,171.21589538842116,0.0
2025-07-04 16:40:00,183.19777,100.0,0.0,179.1215895388421,-1526.648083333333
2025-07-04 16:45:00,222.32557,0.0,100.0,170.33748492726326,1852.713083333333
2025-07-04 16:50:00,223.37,0.0,100.0,161.55338031568442,1861.4166666666665
2025-07-04 16:55:00,192.5326,0.0,0.0,161.55338031568442,0.0
2025-07-04 17:00:00,270.82,0.0,100.0,152.76927570410558,2256.833333333333
2025-07-04 17:05:00,209.11,0.0,1.4719322569859927,152.63997963484036,25.64964618819508
2025-07-04 17:10:00,209.54,0.0,100.0,143.85587502326152,1746.1666666666663
2025-07-04 17:15:00,209.11,0.0,0.0,143.85587502326152,0.0
2025-07-04 17:20:00,205.78318,0.0,0.0,143.85587502326152,0.0
2025-07-04 17:25:00,223.36,0.0,100.0,135.07177041168268,1861.3333333333333
2025-07-04 17:30:00,213.78917,0.0,100.0,126.28766580010384,1781.5764166666665
2025-07-04 17:35:00,209.11,0.0,0.0,126.28766580010384,0.0
2025-07-04 17:40:00,223.11646,0.0,100.0,117.50356118852501,1859.303833333333
2025-07-04 17:45:00,209.54,0.0,100.0,108.71945657694619,1746.1666666666663
2025-07-04 17:50:00,224.47568,0.0,100.0,99.93535196536736,1870.6306666666665
2025-07-04 17:55:00,223.36,0.0,100.0,91.15124735378853,1861.3333333333333
2025-07-04 18:00:00,223.36,0.0,100.0,82.36714274220971,1861.3333333333333
2025-07-04 18:05:00,223.36,0.0,100.0,73.58303813063087,1861.3333333333333
2025-07-04 18:10:00,218.83505,0.0,100.0,64.79893351905204,1823.6254166666663
2025-07-04 18:15:00,209.54,0.0,100.0,56.01482890747321,1746.1666666666663
2025-07-04 18:20:00,209.11,0.0,0.0,56.01482890747321,0.0
2025-07-04 18:25:00,209.54,0.0,100.0,47.230724295894376,1746.1666666666663
2025-07-04 18:30:00,209.11,0.0,0.0,47.230724295894376,0.0
2025-07-04 18:35:00,209.11,0.0,0.0,47.230724295894376,0.0
2025-07-04 18:40:00,203.97666,0.0,0.0,47.230724295894376,0.0
2025-07-04 18:45:00,194.86119,0.0,0.0,47.230724295894376,0.0
2025-07-04 18:50:00,209.54,0.0,100.0,38.44661968431555,1746.1666666666663
2025-07-04 18:55:00,209.54,0.0,100.0,29.662515072736717,1746.1666666666663
2025-07-04 19:00:00,183.35779,100.0,0.0,37.568209223157666,-1527.981583333333
2025-07-04 19:05:00,193.90756,0.0,0.0,37.568209223157666,0.0
2025-07-04 19:10:00,203.99914,0.0,0.0,37.568209223157666,0.0
2025-07-04 19:15:00,197.35651,0.0,0.0,37.568209223157666,0.0
2025-07-04 19:20:00,209.54,0.0,100.0,28.784104611578833,1746.1666666666663
2025-07-04 19:25:00,209.54,0.0,100.0,20.0,1746.1666666666663
2025-07-04 19:30:00,175.58115,0.0,-0.0,20.0,-0.0
2025-07-04 19:35:00,174.50948,0.0,0.0,20.0,0.0
2025-07-04 19:40:00,172.84675,0.0,0.0,20.0,0.0
2025-07-04 19:45:00,170.15436,0.0,0.0,20.0,0.0
2025-07-04 19:50:00,171.44369,0.0,0.0,20.0,0.0
2025-07-04 19:55:00,146.0385,100.0,0.0,27.90569415042095,-1216.9874999999997
2025-07-04 20:00:00,146.0131,100.0,0.0,35.8113883008419,-1216.7758333333331
2025-07-04 20:05:00,174.06102,0.0,59.99999999999998,30.5409255338946,870.3050999999998
2025-07-04 20:10:00,145.43737,100.0,0.0,38.44661968431555,-1211.978083333333
2025-07-04 20:15:00,176.33408,0.0,100.0,29.662515072736717,1469.4506666666664
2025-07-04 20:20:00,172.29317,0.0,0.0,29.662515072736717,0.0
2025-07-04 20:25:00,171.14285,0.0,0.0,29.662515072736717,0.0
2025-07-04 20:30:00,146.55396,100.0,0.0,37.568209223157666,-1221.2829999999997
2025-07-04 20:35:00,216.23833,0.0,100.0,28.784104611578833,1801.986083333333
2025-07-04 20:40:00,217.13761,0.0,100.0,20.0,1809.4800833333331
2025-07-04 20:45:00,162.86615,0.0,-0.0,20.0,-0.0
2025-07-04 20:50:00,162.84649,0.0,0.0,20.0,0.0
2025-07-04 20:55:00,144.29776,0.0,-0.0,20.0,-0.0
2025-07-04 21:00:00,140.39845,0.0,0.0,20.0,0.0
2025-07-04 21:05:00,33.89029,100.0,0.0,27.90569415042095,-282.4190833333333
2025-07-04 21:10:00,99.65592,0.0,69.99999999999999,21.756820922315768,581.3261999999999
2025-07-04 21:15:00,73.49832,100.0,0.0,29.662515072736717,-612.486
2025-07-04 21:20:00,72.16242,100.0,0.0,37.568209223157666,-601.3534999999999
2025-07-04 21:25:00,103.13222,0.0,100.0,28.784104611578833,859.4351666666665
2025-07-04 21:30:00,103.39199,0.0,100.0,20.0,861.5999166666666
2025-07-04 21:35:00,51.93409,0.0,-0.0,20.0,-0.0
2025-07-04 21:40:00,51.51449,0.0,0.0,20.0,0.0
2025-07-04 21:45:00,46.22,0.0,-0.0,20.0,-0.0
2025-07-04 21:50:00,46.22,0.0,0.0,20.0,0.0
2025-07-04 21:55:00,20.0,0.0,0.0,20.0,0.0
2025-07-04 22:00:00,20.0,0.0,0.0,20.0,0.0
2025-07-04 22:05:00,20.0,0.0,0.0,20.0,0.0
2025-07-04 22:10:00,20.0,0.0,0.0,20.0,0.0
2025-07-04 22:15:00,20.0,0.0,0.0,20.0,0.0
2025-07-04 22:20:00,19.18,0.0,0.0,20.0,0.0
2025-07-04 22:25:00,19.18,0.0,0.0,20.0,0.0
2025-07-04 22:30:00,19.18,0.0,0.0,20.0,0.0
2025-07-04 22:35:00,19.18,-0.0,0.0,20.0,0.0
2025-07-04 22:40:00,19.18,0.0,0.0,20.0,0.0
2025-07-04 22:45:00,19.18,0.0,0.0,20.0,0.0
2025-07-04 22:50:00,10.18081,0.0,0.0,20.0,0.0
2025-07-04 22:55:00,10.99833,0.0,-0.0,20.0,-0.0
2025-07-04 23:00:00,8.95,0.0,0.0,20.0,0.0
2025-07-04 23:05:00,8.95,0.0,0.0,20.0,0.0
2025-07-04 23:10:00,8.94979,100.0,0.0,27.90569415042095,-74.58158333333333
2025-07-04 23:15:00,8.95,100.0,0.0,35.8113883008419,-74.58333333333331
2025-07-04 23:20:00,8.95,77.77777777777787,0.0,41.960261528947086,-58.00925925925932
2025-07-04 23:25:00,8.95,100.0,0.0,49.865955679368035,-74.58333333333331
2025-07-04 23:30:00,19.18,0.0,100.0,41.0818510677892,159.83333333333331
2025-07-04 23:35:00,19.18,0.0,100.0,32.29774645621037,159.83333333333331
2025-07-04 23:40:00,8.95,100.0,0.0,40.20344060663132,-74.58333333333331
2025-07-04 23:45:00,19.18,0.0,100.0,31.41933599505249,159.83333333333331
2025-07-04 23:50:00,8.95,100.0,0.0,39.325030145473434,-74.58333333333331
2025-07-04 23:55:00,8.95,100.0,0.0,47.23072429589438,-74.58333333333331
2025-07-05 00:00:00,8.95,100.0,0.0,55.13641844631533,-74.58333333333331
2025-07-05 00:05:00,19.18,0.0,100.0,46.3523138347365,159.83333333333331
2025-07-05 00:10:00,19.18,0.0,100.0,37.568209223157666,159.83333333333331
2025-07-05 00:15:00,19.18,0.0,100.0,28.784104611578833,159.83333333333331
2025-07-05 00:20:00,19.18,0.0,100.0,20.0,159.83333333333331
2025-07-05 00:25:00,8.95,0.0,0.0,20.0,0.0
2025-07-05 00:30:00,8.95,0.0,0.0,20.0,0.0
2025-07-05 00:35:00,8.95,0.0,0.0,20.0,0.0
2025-07-05 00:40:00,8.95,0.0,0.0,20.0,0.0
2025-07-05 00:45:00,8.95,0.0,0.0,20.0,0.0
2025-07-05 00:50:00,8.95,0.0,0.0,20.0,0.0
2025-07-05 00:55:00,8.95,0.0,0.0,20.0,0.0
2025-07-05 01:00:00,8.95,-0.0,0.0,20.0,0.0
2025-07-05 01:05:00,8.63048,100.0,0.0,27.90569415042095,-71.92066666666666
2025-07-05 01:10:00,8.95,0.0,0.0,27.90569415042095,0.0
2025-07-05 01:15:00,8.95,23.85770250776379,0.0,29.79181114200206,-17.793869787040492
2025-07-05 01:20:00,8.95,100.0,0.0,37.69750529242301,-74.58333333333331
2025-07-05 01:25:00,8.95,100.0,0.0,45.60319944284396,-74.58333333333331
2025-07-05 01:30:00,8.95,100.0,0.0,53.5088935932649,-74.58333333333331
2025-07-05 01:35:00,8.95,100.0,0.0,61.41458774368585,-74.58333333333331
2025-07-05 01:40:00,8.95,100.0,0.0,69.3202818941068,-74.58333333333331
2025-07-05 01:45:00,8.95,100.0,0.0,77.22597604452774,-74.58333333333331
2025-07-05 01:50:00,8.95,100.0,0.0,85.13167019494868,-74.58333333333331
2025-07-05 01:55:00,8.95,100.0,0.0,93.03736434536962,-74.58333333333331
2025-07-05 02:00:00,8.95,100.0,0.0,100.94305849579057,-74.58333333333331
2025-07-05 02:05:00,8.95,100.0,0.0,108.84875264621151,-74.58333333333331
2025-07-05 02:10:00,8.94955,100.0,0.0,116.75444679663245,-74.57958333333333
2025-07-05 02:15:00,8.95,100.0,0.0,124.66014094705339,-74.58333333333331
2025-07-05 02:20:00,8.95,100.0,0.0,132.56583509747435,-74.58333333333331
2025-07-05 02:25:00,8.95,100.0,0.0,140.4715292478953,-74.58333333333331
2025-07-05 02:30:00,8.95,100.0,0.0,148.37722339831623,-74.58333333333331
2025-07-05 02:35:00,8.95,100.0,0.0,156.28291754873717,-74.58333333333331
2025-07-05 02:40:00,8.95,100.0,0.0,164.18861169915812,-74.58333333333331
2025-07-05 02:45:00,8.95,100.0,0.0,172.09430584957906,-74.58333333333331
2025-07-05 02:50:00,8.95,100.0,0.0,180.0,-74.58333333333331
2025-07-05 02:55:00,11.41222,0.0,0.0,180.0,0.0
2025-07-05 03:00:00,19.18,0.0,19.999999999999048,178.24317907768432,31.966666666665144
2025-07-05 03:05:00,19.18,0.0,100.0,169.45907446610548,159.83333333333331
2025-07-05 03:10:00,19.18,0.0,100.0,160.67496985452664,159.83333333333331
2025-07-05 03:15:00,19.18,0.0,100.0,151.8908652429478,159.83333333333331
2025-07-05 03:20:00,19.18,0.0,100.0,143.10676063136896,159.83333333333331
2025-07-05 03:25:00,19.18,0.0,0.0,143.10676063136896,0.0
2025-07-05 03:30:00,19.18,0.0,100.0,134.32265601979012,159.83333333333331
2025-07-05 03:35:00,19.18016,0.0,100.0,125.53855140821129,159.83466666666666
2025-07-05 03:40:00,19.18,0.0,0.0,125.53855140821129,0.0
2025-07-05 03:45:00,19.18,0.0,0.0,125.53855140821129,0.0
2025-07-05 03:50:00,20.0,0.0,100.0,116.75444679663246,166.66666666666663
2025-07-05 03:55:00,19.18,0.0,0.0,116.75444679663246,0.0
2025-07-05 04:00:00,19.18,0.0,0.0,116.75444679663246,0.0
2025-07-05 04:05:00,19.18,0.0,0.0,116.75444679663246,0.0
2025-07-05 04:10:00,14.29224,100.0,0.0,124.6601409470534,-119.10199999999998
2025-07-05 04:15:00,14.4716,100.0,0.0,132.56583509747435,-120.59666666666665
2025-07-05 04:20:00,14.49353,100.0,0.0,140.4715292478953,-120.77941666666665
2025-07-05 04:25:00,19.18,0.0,0.0,140.4715292478953,0.0
2025-07-05 04:30:00,14.47776,100.0,0.0,148.37722339831623,-120.64799999999998
2025-07-05 04:35:00,8.95,100.0,0.0,156.28291754873717,-74.58333333333331
2025-07-05 04:40:00,8.95,100.0,0.0,164.18861169915812,-74.58333333333331
2025-07-05 04:45:00,14.6194,100.0,0.0,172.09430584957906,-121.82833333333332
2025-07-05 04:50:00,18.37136,0.0,0.0,172.09430584957906,0.0
2025-07-05 04:55:00,19.18,0.0,0.0,172.09430584957906,0.0
2025-07-05 05:00:00,15.50262,100.0,0.0,180.0,-129.18849999999998
2025-07-05 05:05:00,19.18,0.0,0.0,180.0,0.0
2025-07-05 05:10:00,19.18,0.0,0.0,180.0,0.0
2025-07-05 05:15:00,19.18,0.0,0.0,180.0,0.0
2025-07-05 05:20:00,19.18,0.0,0.0,180.0,0.0
2025-07-05 05:25:00,19.18,0.0,0.0,180.0,0.0
2025-07-05 05:30:00,19.18,0.0,0.0,180.0,0.0
2025-07-05 05:35:00,19.18,0.0,0.0,180.0,0.0
2025-07-05 05:40:00,19.18,0.0,0.0,180.0,0.0
2025-07-05 05:45:00,19.18,0.0,0.0,180.0,0.0
2025-07-05 05:50:00,19.18,0.0,0.0,180.0,0.0
2025-07-05 05:55:00,19.18,0.0,0.0,180.0,0.0
2025-07-05 06:00:00,19.18,0.0,0.0,180.0,0.0
2025-07-05 06:05:00,19.18,0.0,0.0,180.0,0.0
2025-07-05 06:10:00,20.0,0.0,0.0,180.0,0.0
2025-07-05 06:15:00,19.18,0.0,0.0,180.0,0.0
2025-07-05 06:20:00,23.82993,0.0,100.0,171.21589538842116,198.58274999999998
2025-07-05 06:25:00,20.0,0.0,0.0,171.21589538842116,0.0
2025-07-05 06:30:00,20.0,0.0,0.0,171.21589538842116,0.0
2025-07-05 06:35:00,20.0,0.0,0.0,171.21589538842116,0.0
2025-07-05 06:40:00,35.94,0.0,100.0,162.43179077684232,299.49999999999994
2025-07-05 06:45:00,35.94,0.0,100.0,153.64768616526348,299.49999999999994
2025-07-05 06:50:00,32.16317,0.0,100.0,144.86358155368464,268.02641666666665
2025-07-05 06:55:00,19.18,0.0,0.0,144.86358155368464,0.0
2025-07-05 07:00:00,20.0,0.0,0.0,144.86358155368464,0.0
2025-07-05 07:05:00,19.18,0.0,0.0,144.86358155368464,0.0
2025-07-05 07:10:00,20.0,0.0,0.0,144.86358155368464,0.0
2025-07-05 07:15:00,20.86499,0.0,21.471932256986335,142.97746456210362,37.334304318558104
2025-07-05 07:20:00,35.94,0.0,100.0,134.19335995052478,299.49999999999994
2025-07-05 07:25:00,35.94,0.0,100.0,125.40925533894595,299.49999999999994
2025-07-05 07:30:00,35.94,0.0,100.0,116.62515072736713,299.49999999999994
2025-07-05 07:35:00,50.08133,0.0,100.0,107.8410461157883,417.34441666666663
2025-07-05 07:40:00,63.94946,0.0,100.0,99.05694150420948,532.9121666666666
2025-07-05 07:45:00,84.50496,0.0,100.0,90.27283689263065,704.2079999999999
2025-07-05 07:50:00,73.41055,0.0,100.0,81.48873228105182,611.7545833333332
2025-07-05 07:55:00,85.05521,0.0,100.0,72.704627669473,708.7934166666665
2025-07-05 08:00:00,100.16489,0.0,100.0,63.920523057894165,834.7074166666665
2025-07-05 08:05:00,92.46305,0.0,100.0,55.13641844631533,770.5254166666665
2025-07-05 08:10:00,86.04499,0.0,100.0,46.3523138347365,717.0415833333332
2025-07-05 08:15:00,83.64872,0.0,100.0,37.568209223157666,697.0726666666666
2025-07-05 08:20:00,73.14389,0.0,100.0,28.784104611578833,609.5324166666666
2025-07-05 08:25:00,72.18536,0.0,100.0,20.0,601.5446666666666
2025-07-05 08:30:00,20.0,0.0,0.0,20.0,0.0
2025-07-05 08:35:00,19.18,0.0,0.0,20.0,0.0
2025-07-05 08:40:00,20.0,0.0,-0.0,20.0,-0.0
2025-07-05 08:45:00,19.18,0.0,0.0,20.0,0.0
2025-07-05 08:50:00,0.01,100.0,0.0,27.90569415042095,-0.08333333333333333
2025-07-05 08:55:00,0.01,100.0,0.0,35.8113883008419,-0.08333333333333333
2025-07-05 09:00:00,-0.01,100.0,0.0,43.71708245126285,0.08333333333333333
2025-07-05 09:05:00,-2.71124,100.0,0.0,51.622776601683796,22.593666666666664
2025-07-05 09:10:00,-0.01,100.0,0.0,59.528470752104745,0.08333333333333333
2025-07-05 09:15:00,0.56111,0.0,39.99999999999996,56.014828907473216,1.8703666666666645
2025-07-05 09:20:00,2.84249,0.0,100.0,47.23072429589438,23.687416666666664
2025-07-05 09:25:00,7.83901,0.0,100.0,38.44661968431555,65.32508333333332
2025-07-05 09:30:00,8.95015,0.0,100.0,29.662515072736717,74.58458333333333
2025-07-05 09:35:00,0.0,100.0,0.0,37.568209223157666,-0.0
2025-07-05 09:40:00,3.55198,0.0,100.0,28.784104611578833,29.59983333333333
2025-07-05 09:45:00,8.95015,0.0,100.0,20.0,74.58458333333333
2025-07-05 09:50:00,-16.49,100.0,0.0,27.90569415042095,137.41666666666663
2025-07-05 09:55:00,-9.96,0.0,90.00000000000001,20.0,-74.70000000000002
2025-07-05 10:00:00,-19.5,100.0,0.0,27.90569415042095,162.49999999999997
2025-07-05 10:05:00,-18.10827,100.0,0.0,35.8113883008419,150.90224999999998
2025-07-05 10:10:00,-9.83,0.0,100.0,27.027283689263065,-81.91666666666666
2025-07-05 10:15:00,-16.49,100.0,0.0,34.932977839684014,137.41666666666663
2025-07-05 10:20:00,-5.06,0.0,100.0,26.14887322810518,-42.16666666666666
2025-07-05 10:25:00,-16.5,0.0,69.99999999999999,20.0,-96.24999999999999
2025-07-05 10:30:00,-19.5,100.0,-0.0,27.90569415042095,162.49999999999997
2025-07-05 10:35:00,-19.5,100.0,0.0,35.8113883008419,162.49999999999997
2025-07-05 10:40:00,-19.5,100.0,-0.0,43.71708245126285,162.49999999999997
2025-07-05 10:45:00,-16.5,0.0,100.0,34.932977839684014,-137.49999999999997
2025-07-05 10:50:00,-19.99,100.0,0.0,42.83867199010496,166.5833333333333
2025-07-05 10:55:00,-18.99,100.0,0.0,50.74436614052591,158.24999999999997
2025-07-05 11:00:00,-16.49,0.0,100.0,41.96026152894708,-137.41666666666663
2025-07-05 11:05:00,-18.14,100.0,0.0,49.86595567936803,151.16666666666666
2025-07-05 11:10:00,-18.14,100.00000000000026,-0.0,57.771649829789,151.16666666666703
2025-07-05 11:15:00,-16.49,0.0,100.0,48.987545218210165,-137.41666666666663
2025-07-05 11:20:00,-18.0,77.77777777777762,-0.0,55.13641844631533,116.66666666666642
2025-07-05 11:25:00,-18.0,0.0,100.0,46.3523138347365,-149.99999999999997
2025-07-05 11:30:00,-16.0,0.0,100.0,37.568209223157666,-133.33333333333331
2025-07-05 11:35:00,-16.49976,0.0,100.0,28.784104611578844,-137.49799999999996
2025-07-05 11:40:00,-16.14762,0.0,100.0,20.000000000000014,-134.56349999999998
2025-07-05 11:45:00,-19.5,99.99999999999994,4.218847493575595e-14,27.905694150420953,162.49999999999983
2025-07-05 11:50:00,-20.0,0.0,90.00000000000014,19.999999999999996,-150.00000000000023
2025-07-05 11:55:00,-20.8,46.079924729985684,0.0,23.64293791389685,79.87186953197518
2025-07-05 12:00:00,-24.42,100.0,-0.0,31.5486320643178,203.49999999999997
2025-07-05 12:05:00,-24.42,100.0,0.0,39.45432621473875,203.49999999999997
2025-07-05 12:10:00,-32.98961,100.0,0.0,47.3600203651597,274.9134166666666
2025-07-05 12:15:00,-34.03883,100.0,0.0,55.26571451558065,283.6569166666666
2025-07-05 12:20:00,-20.8,0.0,100.0,46.481609904001814,-173.33333333333331
2025-07-05 12:25:00,-24.42,100.0,0.0,54.38730405442276,203.49999999999997
2025-07-05 12:30:00,-33.89726,100.0,0.0,62.29299820484371,282.4771666666667
2025-07-05 12:35:00,-24.42,100.0,0.0,70.19869235526465,203.49999999999997
2025-07-05 12:40:00,-24.42,100.0,-0.0,78.1043865056856,203.49999999999997
2025-07-05 12:45:00,-27.78101,100.0,0.0,86.01008065610654,231.50841666666662
2025-07-05 12:50:00,-29.05083,100.0,0.0,93.91577480652748,242.09024999999997
2025-07-05 12:55:00,-24.42,100.0,-0.0,101.82146895694842,203.49999999999997
2025-07-05 13:00:00,-24.42,100.0,0.0,109.72716310736936,203.49999999999997
2025-07-05 13:05:00,-24.42,100.0,1.617792062320144e-13,117.63285725779029,203.4999999999997
2025-07-05 13:10:00,-22.36443,0.0,99.99999999999991,108.84875264621147,-186.3702499999998
2025-07-05 13:15:00,-24.42,100.0,0.0,116.75444679663241,203.49999999999997
2025-07-05 13:20:00,-27.95925,100.0,0.0,124.66014094705335,232.99374999999998
2025-07-05 13:25:00,-24.42,100.0,0.0,132.5658350974743,203.49999999999997
2025-07-05 13:30:00,-27.92004,100.0,0.0,140.47152924789523,232.66699999999997
2025-07-05 13:35:00,-27.87151,100.0,0.0,148.37722339831618,232.2625833333333
2025-07-05 13:40:00,-24.42,100.0,0.0,156.28291754873712,203.49999999999997
2025-07-05 13:45:00,-27.77292,100.0,0.0,164.18861169915806,231.44099999999997
2025-07-05 13:50:00,-22.99165,100.00000000000087,0.0,172.0943058495791,191.59708333333498
2025-07-05 13:55:00,-20.8,99.99999999999957,-3.235584124640288e-13,180.00000000000003,173.33333333333317
2025-07-05 14:00:00,-20.0,0.0,89.99999999999993,172.0943058495791,-149.9999999999999
2025-07-05 14:05:00,-20.0,100.0,0.0,180.00000000000003,166.66666666666663
2025-07-05 14:10:00,-18.0,0.0,19.999999999999048,178.24317907768435,-29.999999999998572
2025-07-05 14:15:00,-15.03,0.0,100.0,169.4590744661055,-125.24999999999997
2025-07-05 14:20:00,-16.0,0.0,99.99999999999963,160.6749698545267,-133.33333333333283
2025-07-05 14:25:00,-18.0,100.0,0.0,168.58066400494764,149.99999999999997
2025-07-05 14:30:00,-9.96,0.0,100.0,159.7965593933688,-83.0
2025-07-05 14:35:00,-19.5,100.0,0.0,167.70225354378974,162.49999999999997
2025-07-05 14:40:00,-15.03,0.0,100.0,158.9181489322109,-125.24999999999997
2025-07-05 14:45:00,-20.0,100.0,0.0,166.82384308263184,166.66666666666663
2025-07-05 14:50:00,-16.5,100.0,0.0,174.72953723305278,137.49999999999997
2025-07-05 14:55:00,-15.03,0.0,100.0,165.94543262147394,-125.24999999999997
2025-07-05 15:00:00,-18.0,100.0,0.0,173.85112677189488,149.99999999999997
2025-07-05 15:05:00,-15.03,0.0,100.0,165.06702216031604,-125.24999999999997
2025-07-05 15:10:00,-16.49952,100.0,-0.0,172.97271631073698,137.49599999999998
2025-07-05 15:15:00,-16.0,0.0,100.00000000000043,164.18861169915812,-133.33333333333388
2025-07-05 15:20:00,-16.49,100.0,-0.0,172.0943058495791,137.41666666666663
2025-07-05 15:25:00,-16.49976,100.0,0.0,180.00000000000003,137.49799999999996
2025-07-05 15:30:00,-9.96,0.0,90.00000000000026,172.09430584957906,-74.70000000000022
2025-07-05 15:35:00,-9.96,100.0,0.0,180.0,83.0
2025-07-05 15:40:00,0.0,0.0,0.0,180.0,0.0
2025-07-05 15:45:00,4.23765,0.0,0.0,180.0,0.0
2025-07-05 15:50:00,7.34997,0.0,-0.0,180.0,-0.0
2025-07-05 15:55:00,16.41864,0.0,0.0,180.0,0.0
2025-07-05 16:00:00,47.00529,0.0,89.99999999999993,172.09430584957906,352.5396749999997
2025-07-05 16:05:00,33.12321,100.0,0.0,180.0,-276.02674999999994
2025-07-05 16:10:00,98.51857,0.0,100.0,171.21589538842116,820.9880833333332
2025-07-05 16:15:00,160.77988,0.0,100.0,162.43179077684232,1339.832333333333
2025-07-05 16:20:00,73.68879,0.0,0.0,162.43179077684232,0.0
2025-07-05 16:25:00,76.76,0.0,100.0,153.64768616526348,639.6666666666666
2025-07-05 16:30:00,76.56005,0.0,81.47193225698575,146.4911064067352,519.7912672659535
2025-07-05 16:35:00,98.04288,0.0,100.0,137.70700179515637,817.0239999999999
2025-07-05 16:40:00,75.8,0.0,0.0,137.70700179515637,0.0
2025-07-05 16:45:00,67.96764,100.0,0.0,145.61269594557731,-566.3969999999999
2025-07-05 16:50:00,20.0,100.0,0.0,153.51839009599826,-166.66666666666663
2025-07-05 16:55:00,20.0,100.0,0.0,161.4240842464192,-166.66666666666663
2025-07-05 17:00:00,68.52532,100.0,0.0,169.32977839684014,-571.0443333333332
2025-07-05 17:05:00,73.56,0.0,0.0,169.32977839684014,0.0
2025-07-05 17:10:00,73.56,0.0,0.0,169.32977839684014,0.0
2025-07-05 17:15:00,73.56,0.0,0.0,169.32977839684014,0.0
2025-07-05 17:20:00,114.04745,0.0,100.0,160.5456737852613,950.3954166666665
2025-07-05 17:25:00,118.54,0.0,100.0,151.76156917368246,987.8333333333333
2025-07-05 17:30:00,117.42,0.0,100.0,142.97746456210362,978.4999999999999
2025-07-05 17:35:00,117.42,0.0,100.0,134.19335995052478,978.4999999999999
2025-07-05 17:40:00,118.93347,0.0,100.0,125.40925533894595,991.1122499999999
2025-07-05 17:45:00,118.29805,0.0,100.0,116.62515072736713,985.8170833333332
2025-07-05 17:50:00,107.28542,0.0,100.0,107.8410461157883,894.0451666666665
2025-07-05 17:55:00,73.56,0.0,0.0,107.8410461157883,0.0
2025-07-05 18:00:00,114.19769,0.0,100.0,99.05694150420948,951.6474166666665
2025-07-05 18:05:00,118.54,0.0,100.0,90.27283689263065,987.8333333333333
2025-07-05 18:10:00,99.91205,0.0,100.0,81.48873228105182,832.6004166666665
2025-07-05 18:15:00,99.4272,0.0,100.0,72.704627669473,828.5599999999998
2025-07-05 18:20:00,102.22108,0.0,100.0,63.920523057894165,851.8423333333333
2025-07-05 18:25:00,101.01106,0.0,100.0,55.13641844631533,841.7588333333332
2025-07-05 18:30:00,91.70059,0.0,100.0,46.3523138347365,764.1715833333333
2025-07-05 18:35:00,99.6598,0.0,100.0,37.568209223157666,830.4983333333332
2025-07-05 18:40:00,73.56,0.0,0.0,37.568209223157666,0.0
2025-07-05 18:45:00,98.06212,0.0,100.0,28.784104611578833,817.1843333333331
2025-07-05 18:50:00,73.56,0.0,0.0,28.784104611578833,0.0
2025-07-05 18:55:00,85.70154,0.0,100.0,20.0,714.1794999999998
2025-07-05 19:00:00,59.44724,0.0,0.0,20.0,0.0
2025-07-05 19:05:00,56.62132,100.0,0.0,27.90569415042095,-471.8443333333332
2025-07-05 19:10:00,63.75529,0.0,90.00000000000001,20.0,478.16467500000005
2025-07-05 19:15:00,20.0,0.0,0.0,20.0,0.0
2025-07-05 19:20:00,19.18,100.0,0.0,27.90569415042095,-159.83333333333331
2025-07-05 19:25:00,19.18,100.0,0.0,35.8113883008419,-159.83333333333331
2025-07-05 19:30:00,19.18,100.0,0.0,43.71708245126285,-159.83333333333331
2025-07-05 19:35:00,19.18,100.0,0.0,51.622776601683796,-159.83333333333331
2025-07-05 19:40:00,19.18,100.0,0.0,59.528470752104745,-159.83333333333331
2025-07-05 19:45:00,19.18,100.0,0.0,67.4341649025257,-159.83333333333331
2025-07-05 19:50:00,19.18,100.0,0.0,75.33985905294664,-159.83333333333331
2025-07-05 19:55:00,19.18,100.0,0.0,83.24555320336758,-159.83333333333331
2025-07-05 20:00:00,19.18,100.0,0.0,91.15124735378852,-159.83333333333331
2025-07-05 20:05:00,20.76,0.0,0.0,91.15124735378852,0.0
2025-07-05 20:10:00,20.31993,0.0,0.0,91.15124735378852,0.0
2025-07-05 20:15:00,20.0,0.0,0.0,91.15124735378852,0.0
2025-07-05 20:20:00,21.14007,0.0,0.0,91.15124735378852,0.0
2025-07-05 20:25:00,20.0,0.0,0.0,91.15124735378852,0.0
2025-07-05 20:30:00,22.01,0.0,88.52806774301168,83.374849272633,162.3752309186406
2025-07-05 20:35:00,20.0,0.0,0.0,83.374849272633,0.0
2025-07-05 20:40:00,20.94,0.0,0.0,83.374849272633,0.0
2025-07-05 20:45:00,20.0,0.0,0.0,83.374849272633,0.0
2025-07-05 20:50:00,20.0,0.0,0.0,83.374849272633,0.0
2025-07-05 20:55:00,20.0,0.0,0.0,83.374849272633,0.0
2025-07-05 21:00:00,19.18,100.0,0.0,91.28054342305394,-159.83333333333331
2025-07-05 21:05:00,19.18,100.0,0.0,99.18623757347488,-159.83333333333331
2025-07-05 21:10:00,19.18,100.0,0.0,107.09193172389583,-159.83333333333331
2025-07-05 21:15:00,20.0,0.0,0.0,107.09193172389583,0.0
2025-07-05 21:20:00,20.76,0.0,0.0,107.09193172389583,0.0
2025-07-05 21:25:00,20.15,0.0,0.0,107.09193172389583,0.0
2025-07-05 21:30:00,28.45,0.0,100.0,98.307827112317,237.0833333333333
2025-07-05 21:35:00,20.0,0.0,0.0,98.307827112317,0.0
2025-07-05 21:40:00,72.67644,0.0,100.0,89.52372250073817,605.637
2025-07-05 21:45:00,20.0,0.0,0.0,89.52372250073817,0.0
2025-07-05 21:50:00,22.0,0.0,0.0,89.52372250073817,0.0
2025-07-05 21:55:00,20.0,0.0,0.0,89.52372250073817,0.0
2025-07-05 22:00:00,19.18,100.0,0.0,97.42941665115912,-159.83333333333331
2025-07-05 22:05:00,12.6258,100.0,0.0,105.33511080158006,-105.21499999999999
2025-07-05 22:10:00,19.18,100.0,0.0,113.240804952001,-159.83333333333331
2025-07-05 22:15:00,19.18,100.0,0.0,121.14649910242194,-159.83333333333331
2025-07-05 22:20:00,8.95,100.0,0.0,129.0521932528429,-74.58333333333331
2025-07-05 22:25:00,19.18,100.0,0.0,136.95788740326384,-159.83333333333331
2025-07-05 22:30:00,19.18,100.0,0.0,144.86358155368478,-159.83333333333331
2025-07-05 22:35:00,19.18,100.0,0.0,152.76927570410572,-159.83333333333331
2025-07-05 22:40:00,19.18,100.0,0.0,160.67496985452667,-159.83333333333331
2025-07-05 22:45:00,20.53,0.0,0.0,160.67496985452667,0.0
2025-07-05 22:50:00,20.0,0.0,0.0,160.67496985452667,0.0
2025-07-05 22:55:00,19.18,100.0,0.0,168.5806640049476,-159.83333333333331
2025-07-05 23:00:00,20.1,0.0,0.0,168.5806640049476,0.0
2025-07-05 23:05:00,100.94596,0.0,100.0,159.79655939336877,841.2163333333332
2025-07-05 23:10:00,93.77958,0.0,100.0,151.01245478178993,781.4964999999999
2025-07-05 23:15:00,83.6602,0.0,100.0,142.2283501702111,697.1683333333333
2025-07-05 23:20:00,20.0,0.0,0.0,142.2283501702111,0.0
2025-07-05 23:25:00,83.6598,0.0,100.0,133.44424555863225,697.165
2025-07-05 23:30:00,20.0,0.0,0.0,133.44424555863225,0.0
2025-07-05 23:35:00,71.75522,0.0,100.0,124.6601409470534,597.9601666666665
2025-07-05 23:40:00,20.0,0.0,0.0,124.6601409470534,0.0
2025-07-05 23:45:00,20.0,0.0,0.0,124.6601409470534,0.0
2025-07-05 23:50:00,19.18,100.0,0.0,132.56583509747435,-159.83333333333331
2025-07-05 23:55:00,19.18,100.0,0.0,140.4715292478953,-159.83333333333331
2025-07-06 00:00:00,19.18,100.0,0.0,148.37722339831623,-159.83333333333331
2025-07-06 00:05:00,19.18,100.0,0.0,156.28291754873717,-159.83333333333331
2025-07-06 00:10:00,19.18,100.0,0.0,164.18861169915812,-159.83333333333331
2025-07-06 00:15:00,19.18,100.0,0.0,172.09430584957906,-159.83333333333331
2025-07-06 00:20:00,19.18005,100.0,0.0,180.0,-159.83374999999998
2025-07-06 00:25:00,20.0,0.0,0.0,180.0,0.0
2025-07-06 00:30:00,20.0,0.0,0.0,180.0,0.0
2025-07-06 00:35:00,35.94,0.0,100.0,171.21589538842116,299.49999999999994
2025-07-06 00:40:00,35.94,0.0,100.0,162.43179077684232,299.49999999999994
2025-07-06 00:45:00,65.51459,0.0,100.0,153.64768616526348,545.9549166666666
2025-07-06 00:50:00,35.94,0.0,100.0,144.86358155368464,299.49999999999994
2025-07-06 00:55:00,43.99725,0.0,100.0,136.0794769421058,366.64374999999995
2025-07-06 01:00:00,44.61496,0.0,100.0,127.29537233052697,371.7913333333333
2025-07-06 01:05:00,51.71124,0.0,100.0,118.51126771894813,430.9269999999999
2025-07-06 01:10:00,56.20929,0.0,100.0,109.72716310736931,468.41074999999995
2025-07-06 01:15:00,49.95915,0.0,100.0,100.94305849579048,416.32624999999996
2025-07-06 01:20:00,49.28849,0.0,100.0,92.15895388421166,410.73741666666666
2025-07-06 01:25:00,48.86476,0.0,100.0,83.37484927263283,407.20633333333325
2025-07-06 01:30:00,49.22057,0.0,100.0,74.590744661054,410.17141666666663
2025-07-06 01:35:00,46.33,0.0,100.0,65.80664004947518,386.08333333333326
2025-07-06 01:40:00,49.61221,0.0,100.0,57.022535437896344,413.43508333333324
2025-07-06 01:45:00,44.50931,0.0,100.0,48.23843082631751,370.9109166666666
2025-07-06 01:50:00,35.94,0.0,19.999999999998806,46.48160990400185,59.89999999999642
2025-07-06 01:55:00,35.94,0.0,0.0,46.48160990400185,0.0
2025-07-06 02:00:00,20.0,100.0,0.0,54.3873040544228,-166.66666666666663
2025-07-06 02:05:00,33.51911,0.0,0.0,54.3873040544228,0.0
2025-07-06 02:10:00,39.68655,0.0,100.0,45.603199442843966,330.72124999999994
2025-07-06 02:15:00,35.94,0.0,0.0,45.603199442843966,0.0
2025-07-06 02:20:00,35.94,0.0,0.0,45.603199442843966,0.0
2025-07-06 02:25:00,35.94,0.0,0.0,45.603199442843966,0.0
2025-07-06 02:30:00,35.94,0.0,0.0,45.603199442843966,0.0
2025-07-06 02:35:00,20.0,100.0,0.0,53.508893593264915,-166.66666666666663
2025-07-06 02:40:00,20.0,100.0,0.0,61.414587743685864,-166.66666666666663
2025-07-06 02:45:00,35.94,0.0,0.0,61.414587743685864,0.0
2025-07-06 02:50:00,27.63069,100.0,0.0,69.32028189410681,-230.25574999999998
2025-07-06 02:55:00,19.18,100.0,0.0,77.22597604452775,-159.83333333333331
2025-07-06 03:00:00,19.18,100.0,0.0,85.1316701949487,-159.83333333333331
2025-07-06 03:05:00,19.18,100.0,0.0,93.03736434536964,-159.83333333333331
2025-07-06 03:10:00,19.18,100.0,0.0,100.94305849579058,-159.83333333333331
2025-07-06 03:15:00,35.94,0.0,0.0,100.94305849579058,0.0
2025-07-06 03:20:00,35.94,0.0,0.0,100.94305849579058,0.0
2025-07-06 03:25:00,20.0,100.0,0.0,108.84875264621152,-166.66666666666663
2025-07-06 03:30:00,35.94,0.0,0.0,108.84875264621152,0.0
2025-07-06 03:35:00,35.94,0.0,0.0,108.84875264621152,0.0
2025-07-06 03:40:00,35.94,0.0,0.0,108.84875264621152,0.0
2025-07-06 03:45:00,35.94,0.0,0.0,108.84875264621152,0.0
2025-07-06 03:50:00,35.94,0.0,0.0,108.84875264621152,0.0
2025-07-06 03:55:00,20.0,100.0,0.0,116.75444679663246,-166.66666666666663
2025-07-06 04:00:00,20.0,100.0,0.0,124.6601409470534,-166.66666666666663
2025-07-06 04:05:00,20.0,100.0,0.0,132.56583509747435,-166.66666666666663
2025-07-06 04:10:00,20.0,100.0,0.0,140.4715292478953,-166.66666666666663
2025-07-06 04:15:00,20.0,100.0,0.0,148.37722339831623,-166.66666666666663
2025-07-06 04:20:00,20.0,100.0,0.0,156.28291754873717,-166.66666666666663
2025-07-06 04:25:00,19.18,100.0,0.0,164.18861169915812,-159.83333333333331
2025-07-06 04:30:00,20.0,100.0,0.0,172.09430584957906,-166.66666666666663
2025-07-06 04:35:00,20.0,100.0,0.0,180.0,-166.66666666666663
2025-07-06 04:40:00,33.8899,0.0,0.0,180.0,0.0
2025-07-06 04:45:00,35.94,0.0,0.0,180.0,0.0
2025-07-06 04:50:00,33.8899,0.0,0.0,180.0,0.0
2025-07-06 04:55:00,36.71376,0.0,0.0,180.0,0.0
2025-07-06 05:00:00,35.94,0.0,0.0,180.0,0.0
2025-07-06 05:05:00,35.94,0.0,0.0,180.0,0.0
2025-07-06 05:10:00,65.20306,0.0,100.0,171.21589538842116,543.3588333333332
2025-07-06 05:15:00,65.63849,0.0,100.0,162.43179077684232,546.9874166666666
2025-07-06 05:20:00,35.94,0.0,0.0,162.43179077684232,0.0
2025-07-06 05:25:00,35.94,100.0,0.0,170.33748492726326,-299.49999999999994
2025-07-06 05:30:00,35.94,22.22222222222261,0.0,172.09430584957906,-66.55555555555671
2025-07-06 05:35:00,35.94,100.0,0.0,180.0,-299.49999999999994
2025-07-06 05:40:00,65.17933,0.0,0.0,180.0,0.0
2025-07-06 05:45:00,70.5723,0.0,0.0,180.0,0.0
2025-07-06 05:50:00,65.70686,0.0,0.0,180.0,0.0
2025-07-06 05:55:00,69.51277,0.0,0.0,180.0,0.0
2025-07-06 06:00:00,71.20816,0.0,89.99999999999993,172.09430584957906,534.0611999999996
2025-07-06 06:05:00,51.62107,100.0,0.0,180.0,-430.1755833333333
2025-07-06 06:10:00,67.07659,0.0,0.0,180.0,0.0
2025-07-06 06:15:00,72.58505,0.0,0.0,180.0,0.0
2025-07-06 06:20:00,67.70244,0.0,0.0,180.0,0.0
2025-07-06 06:25:00,67.54797,0.0,0.0,180.0,0.0
2025-07-06 06:30:00,74.23134,0.0,100.0,171.21589538842116,618.5944999999999
2025-07-06 06:35:00,76.91923,0.0,100.0,162.43179077684232,640.9935833333333
2025-07-06 06:40:00,72.52659,0.0,0.0,162.43179077684232,0.0
2025-07-06 06:45:00,73.56,0.0,100.0,153.64768616526348,612.9999999999999
2025-07-06 06:50:00,73.56,0.0,100.0,144.86358155368464,612.9999999999999
2025-07-06 06:55:00,75.00944,0.0,100.0,136.0794769421058,625.0786666666665
2025-07-06 07:00:00,73.56,0.0,100.0,127.29537233052697,612.9999999999999
2025-07-06 07:05:00,68.45485,0.0,0.0,127.29537233052697,0.0
2025-07-06 07:10:00,72.41,0.0,0.0,127.29537233052697,0.0
2025-07-06 07:15:00,73.56,0.0,21.471932256986175,125.40925533894597,131.62294473532523
2025-07-06 07:20:00,73.56,0.0,100.0,116.62515072736714,612.9999999999999
2025-07-06 07:25:00,76.15316,0.0,100.0,107.84104611578832,634.6096666666666
2025-07-06 07:30:00,104.62939,0.0,100.0,99.05694150420949,871.9115833333332
2025-07-06 07:35:00,79.74305,0.0,100.0,90.27283689263066,664.5254166666665
2025-07-06 07:40:00,94.28838,0.0,100.0,81.48873228105184,785.7364999999999
2025-07-06 07:45:00,91.11438,0.0,100.0,72.704627669473,759.2864999999998
2025-07-06 07:50:00,91.63342,0.0,100.0,63.920523057894165,763.6118333333333
2025-07-06 07:55:00,88.51625,0.0,100.0,55.13641844631533,737.6354166666665
2025-07-06 08:00:00,94.18625,0.0,100.0,46.3523138347365,784.8854166666665
2025-07-06 08:05:00,95.75492,0.0,100.0,37.568209223157666,797.9576666666666
2025-07-06 08:10:00,80.15727,0.0,100.0,28.784104611578833,667.9772499999999
2025-07-06 08:15:00,73.56,0.0,0.0,28.784104611578833,0.0
2025-07-06 08:20:00,75.82817,0.0,100.0,20.0,631.9014166666666
2025-07-06 08:25:00,63.30379,0.0,-0.0,20.0,-0.0
2025-07-06 08:30:00,62.89169,0.0,0.0,20.0,0.0
2025-07-06 08:35:00,62.89687,0.0,0.0,20.0,0.0
2025-07-06 08:40:00,57.2745,0.0,0.0,20.0,0.0
2025-07-06 08:45:00,57.60134,0.0,0.0,20.0,0.0
2025-07-06 08:50:00,37.22948,100.0,0.0,27.90569415042095,-310.24566666666664
2025-07-06 08:55:00,37.52582,79.41325806331956,0.0,34.183863447791495,-248.33730230813987
2025-07-06 09:00:00,37.26285,100.0,0.0,42.089557598212444,-310.52374999999995
2025-07-06 09:05:00,36.62595,100.0,0.0,49.99525174863339,-305.21625
2025-07-06 09:10:00,46.33,0.0,100.0,41.21114713705456,386.08333333333326
2025-07-06 09:15:00,44.17628,0.0,100.0,32.42704252547573,368.1356666666666
2025-07-06 09:20:00,8.95,100.0,0.0,40.332736675896676,-74.58333333333331
2025-07-06 09:25:00,40.86097,0.0,0.0,40.332736675896676,0.0
2025-07-06 09:30:00,20.0,100.0,0.0,48.238430826317625,-166.66666666666663
2025-07-06 09:35:00,19.6301,100.0,0.0,56.144124976738574,-163.58416666666665
2025-07-06 09:40:00,20.0,100.0,0.0,64.04981912715952,-166.66666666666663
2025-07-06 09:45:00,48.97121,0.0,100.0,55.2657145155807,408.0934166666666
2025-07-06 09:50:00,35.7486,100.0,0.0,63.171408666001646,-297.905
2025-07-06 09:55:00,20.0,100.0,0.0,71.0771028164226,-166.66666666666663
2025-07-06 10:00:00,23.74722,100.0,0.0,78.98279696684354,-197.89349999999996
2025-07-06 10:05:00,34.83051,100.0,0.0,86.88849111726448,-290.25424999999996
2025-07-06 10:10:00,41.13591,0.0,0.0,86.88849111726448,0.0
2025-07-06 10:15:00,20.0,100.0,0.0,94.79418526768542,-166.66666666666663
2025-07-06 10:20:00,41.0302,0.0,0.0,94.79418526768542,0.0
2025-07-06 10:25:00,20.0,100.0,0.0,102.69987941810636,-166.66666666666663
2025-07-06 10:30:00,20.0,100.0,0.0,110.6055735685273,-166.66666666666663
2025-07-06 10:35:00,31.13445,100.0,0.0,118.51126771894825,-259.45374999999996
2025-07-06 10:40:00,56.07943,0.0,100.0,109.72716310736942,467.32858333333326
2025-07-06 10:45:00,27.3115,100.0,0.0,117.63285725779036,-227.5958333333333
2025-07-06 10:50:00,16.76997,100.0,0.0,125.5385514082113,-139.74974999999998
2025-07-06 10:55:00,20.0,100.0,0.0,133.44424555863225,-166.66666666666663
2025-07-06 11:00:00,37.3622,100.0,0.0,141.3499397090532,-311.35166666666663
2025-07-06 11:05:00,20.0001,100.0,0.0,149.25563385947413,-166.66749999999996
2025-07-06 11:10:00,40.20171,0.0,0.0,149.25563385947413,0.0
2025-07-06 11:15:00,46.33,0.0,100.0,140.4715292478953,386.08333333333326
2025-07-06 11:20:00,17.52419,100.0,0.0,148.37722339831623,-146.03491666666665
2025-07-06 11:25:00,27.43679,100.0,0.0,156.28291754873717,-228.6399166666666
2025-07-06 11:30:00,36.92875,100.0,0.0,164.18861169915812,-307.7395833333333
2025-07-06 11:35:00,34.56697,100.0,0.0,172.09430584957906,-288.0580833333333
2025-07-06 11:40:00,34.83211,100.0,0.0,180.0,-290.2675833333333
2025-07-06 11:45:00,49.82358,0.0,100.0,171.21589538842116,415.19649999999996
2025-07-06 11:50:00,48.71296,0.0,100.0,162.43179077684232,405.9413333333333
2025-07-06 11:55:00,46.22,0.0,0.0,162.43179077684232,0.0
2025-07-06 12:00:00,46.22,0.0,0.0,162.43179077684232,0.0
2025-07-06 12:05:00,38.8667,100.0,0.0,170.33748492726326,-323.88916666666665
2025-07-06 12:10:00,46.33,0.0,69.99999999999959,164.18861169915812,270.2583333333317
2025-07-06 12:15:00,37.89324,100.0,0.0,172.09430584957906,-315.77699999999993
2025-07-06 12:20:00,39.65497,100.0,0.0,180.0,-330.45808333333326
2025-07-06 12:25:00,54.33125,0.0,89.99999999999993,172.09430584957906,407.48437499999966
2025-07-06 12:30:00,49.39479,0.0,0.0,172.09430584957906,0.0
2025-07-06 12:35:00,46.22,100.0,0.0,180.0,-385.16666666666663
2025-07-06 12:40:00,71.85272,0.0,100.0,171.21589538842116,598.7726666666666
2025-07-06 12:45:00,76.92684,0.0,100.0,162.43179077684232,641.0569999999999
2025-07-06 12:50:00,46.22,100.0,0.0,170.33748492726326,-385.16666666666663
2025-07-06 12:55:00,46.22,100.0,0.0,178.2431790776842,-385.16666666666663
2025-07-06 13:00:00,56.06165,0.0,29.9999999999989,175.60794769421065,140.15412499999485
2025-07-06 13:05:00,56.3125,0.0,100.0,166.8238430826318,469.27083333333326
2025-07-06 13:10:00,61.25135,0.0,100.0,158.03973847105297,510.4279166666666
2025-07-06 13:15:00,58.57146,0.0,100.0,149.25563385947413,488.09549999999996
2025-07-06 13:20:00,54.66242,0.0,0.0,149.25563385947413,0.0
2025-07-06 13:25:00,47.67044,100.0,0.0,157.16132800989507,-397.2536666666666
2025-07-06 13:30:00,60.87998,0.0,100.0,148.37722339831623,507.3331666666666
2025-07-06 13:35:00,20.0,100.0,0.0,156.28291754873717,-166.66666666666663
2025-07-06 13:40:00,52.38364,0.0,0.0,156.28291754873717,0.0
2025-07-06 13:45:00,38.43762,100.0,0.0,164.18861169915812,-320.3135
2025-07-06 13:50:00,37.8306,100.0,0.0,172.09430584957906,-315.25499999999994
2025-07-06 13:55:00,49.46742,100.0,0.0,180.0,-412.22849999999994
2025-07-06 14:00:00,65.08517,0.0,100.0,171.21589538842116,542.3764166666666
2025-07-06 14:05:00,70.37527,0.0,100.0,162.43179077684232,586.4605833333333
2025-07-06 14:10:00,50.12777,100.0,0.0,170.33748492726326,-417.7314166666666
2025-07-06 14:15:00,59.47211,0.0,0.0,170.33748492726326,0.0
2025-07-06 14:20:00,58.16159,55.555555555556516,0.0,174.72953723305275,-269.266620370375
2025-07-06 14:25:00,79.53753,0.0,100.0,165.9454326214739,662.8127499999999
2025-07-06 14:30:00,76.38284,0.0,100.0,157.16132800989507,636.5236666666666
2025-07-06 14:35:00,63.92203,0.0,0.0,157.16132800989507,0.0
2025-07-06 14:40:00,79.94962,0.0,100.0,148.37722339831623,666.2468333333333
2025-07-06 14:45:00,20.0,100.0,0.0,156.28291754873717,-166.66666666666663
2025-07-06 14:50:00,50.68022,100.0,0.0,164.18861169915812,-422.33516666666657
2025-07-06 14:55:00,61.72376,0.0,0.0,164.18861169915812,0.0
2025-07-06 15:00:00,61.77912,0.0,0.0,164.18861169915812,0.0
2025-07-06 15:05:00,59.74232,0.0,0.0,164.18861169915812,0.0
2025-07-06 15:10:00,59.01988,0.0,0.0,164.18861169915812,0.0
2025-07-06 15:15:00,33.58731,100.0,0.0,172.09430584957906,-279.89425
2025-07-06 15:20:00,56.92974,100.0,0.0,180.0,-474.4145
2025-07-06 15:25:00,63.49019,0.0,0.0,180.0,0.0
2025-07-06 15:30:00,68.60047,0.0,-0.0,180.0,-0.0
2025-07-06 15:35:00,80.366,0.0,0.0,180.0,0.0
2025-07-06 15:40:00,79.94962,0.0,0.0,180.0,0.0
2025-07-06 15:45:00,97.15182,0.0,0.0,180.0,0.0
2025-07-06 15:50:00,159.88704,0.0,100.0,171.21589538842116,1332.3919999999998
2025-07-06 15:55:00,146.24393,0.0,79.99999999999976,164.18861169915812,974.9595333333305
2025-07-06 16:00:00,124.56564,100.0,0.0,172.09430584957906,-1038.0469999999998
2025-07-06 16:05:00,127.37556,100.0,0.0,180.0,-1061.4629999999997
2025-07-06 16:10:00,164.33893,0.0,89.99999999999993,172.09430584957906,1232.541974999999
2025-07-06 16:15:00,160.00009,0.0,0.0,172.09430584957906,0.0
2025-07-06 16:20:00,144.32088,100.0,0.0,180.0,-1202.6739999999998
2025-07-06 16:25:00,154.24477,0.0,0.0,180.0,0.0
2025-07-06 16:30:00,151.88853,0.0,0.0,180.0,0.0
2025-07-06 16:35:00,155.99155,0.0,0.0,180.0,0.0
2025-07-06 16:40:00,155.59876,0.0,0.0,180.0,0.0
2025-07-06 16:45:00,158.97684,0.0,0.0,180.0,0.0
2025-07-06 16:50:00,181.28352,0.0,0.0,180.0,0.0
2025-07-06 16:55:00,209.11,0.0,100.0,171.21589538842116,1742.5833333333333
2025-07-06 17:00:00,209.54,0.0,100.0,162.43179077684232,1746.1666666666663
2025-07-06 17:05:00,196.16299,0.0,0.0,162.43179077684232,0.0
2025-07-06 17:10:00,177.8768,100.0,0.0,170.33748492726326,-1482.3066666666664
2025-07-06 17:15:00,191.78984,0.0,0.0,170.33748492726326,0.0
2025-07-06 17:20:00,178.37051,100.0,0.0,178.2431790776842,-1486.4209166666665
2025-07-06 17:25:00,209.11,0.0,81.47193225698607,171.0865993191559,1419.716312854863
2025-07-06 17:30:00,209.11,0.0,100.0,162.30249470757707,1742.5833333333333
2025-07-06 17:35:00,196.3001,0.0,0.0,162.30249470757707,0.0
2025-07-06 17:40:00,222.44575,0.0,100.0,153.51839009599823,1853.7145833333332
2025-07-06 17:45:00,209.54,0.0,100.0,144.7342854844194,1746.1666666666663
2025-07-06 17:50:00,209.54,0.0,100.0,135.95018087284055,1746.1666666666663
2025-07-06 17:55:00,223.38,0.0,100.0,127.16607626126171,1861.4999999999998
2025-07-06 18:00:00,209.54,0.0,100.0,118.38197164968288,1746.1666666666663
2025-07-06 18:05:00,209.54,0.0,100.0,109.59786703810406,1746.1666666666663
2025-07-06 18:10:00,227.69307,0.0,100.0,100.81376242652523,1897.4422499999998
2025-07-06 18:15:00,231.68833,0.0,100.0,92.0296578149464,1930.7360833333332
2025-07-06 18:20:00,209.54,0.0,100.0,83.24555320336758,1746.1666666666663
2025-07-06 18:25:00,232.27212,0.0,100.0,74.46144859178875,1935.6009999999997
2025-07-06 18:30:00,250.50095,0.0,100.0,65.67734398020993,2087.5079166666665
2025-07-06 18:35:00,235.52,0.0,100.0,56.8932393686311,1962.6666666666665
2025-07-06 18:40:00,209.54,0.0,100.0,48.10913475705227,1746.1666666666663
2025-07-06 18:45:00,209.11,0.0,0.0,48.10913475705227,0.0
2025-07-06 18:50:00,200.02,0.0,0.0,48.10913475705227,0.0
2025-07-06 18:55:00,209.54,0.0,100.0,39.325030145473434,1746.1666666666663
2025-07-06 19:00:00,209.54,0.0,100.0,30.5409255338946,1746.1666666666663
2025-07-06 19:05:00,179.93863,100.0,0.0,38.44661968431555,-1499.488583333333
2025-07-06 19:10:00,202.4444,0.0,0.0,38.44661968431555,0.0
2025-07-06 19:15:00,171.71209,100.0,0.0,46.3523138347365,-1430.934083333333
2025-07-06 19:20:00,200.02,0.0,0.0,46.3523138347365,0.0
2025-07-06 19:25:00,200.02,0.0,0.0,46.3523138347365,0.0
2025-07-06 19:30:00,200.02,0.0,0.0,46.3523138347365,0.0
2025-07-06 19:35:00,209.54,0.0,100.0,37.568209223157666,1746.1666666666663
2025-07-06 19:40:00,200.02,0.0,0.0,37.568209223157666,0.0
2025-07-06 19:45:00,252.5765,0.0,100.0,28.784104611578833,2104.8041666666663
2025-07-06 19:50:00,202.48499,0.0,0.0,28.784104611578833,0.0
2025-07-06 19:55:00,250.50095,0.0,100.0,20.0,2087.5079166666665
2025-07-06 20:00:00,200.02,0.0,0.0,20.0,0.0
2025-07-06 20:05:00,200.02,0.0,0.0,20.0,0.0
2025-07-06 20:10:00,166.46046,0.0,0.0,20.0,0.0
2025-07-06 20:15:00,160.0,22.222222222222246,0.0,21.756820922315768,-296.29629629629665
2025-07-06 20:20:00,160.0,100.0,0.0,29.662515072736717,-1333.333333333333
2025-07-06 20:25:00,164.25276,0.0,0.0,29.662515072736717,0.0
2025-07-06 20:30:00,137.96,100.0,0.0,37.568209223157666,-1149.6666666666665
2025-07-06 20:35:00,200.02,0.0,100.0,28.784104611578833,1666.8333333333333
2025-07-06 20:40:00,196.84172,0.0,100.0,20.0,1640.3476666666666
2025-07-06 20:45:00,166.41733,0.0,0.0,20.0,0.0
2025-07-06 20:50:00,175.88133,0.0,0.0,20.0,0.0
2025-07-06 20:55:00,161.71155,0.0,0.0,20.0,0.0
2025-07-06 21:00:00,160.3585,0.0,0.0,20.0,0.0
2025-07-06 21:05:00,160.0,44.44444444444449,0.0,23.513641844631536,-592.5925925925933
2025-07-06 21:10:00,157.24335,100.0,0.0,31.419335995052485,-1310.3612499999997
2025-07-06 21:15:00,160.0,100.0,0.0,39.325030145473434,-1333.333333333333
2025-07-06 21:20:00,250.50095,0.0,100.0,30.5409255338946,2087.5079166666665
2025-07-06 21:25:00,227.97,0.0,100.0,21.756820922315768,1899.7499999999998
2025-07-06 21:30:00,132.72,100.0,0.0,29.662515072736717,-1105.9999999999998
2025-07-06 21:35:00,132.72,100.0,0.0,37.568209223157666,-1105.9999999999998
2025-07-06 21:40:00,270.82,0.0,100.0,28.784104611578833,2256.833333333333
2025-07-06 21:45:00,200.17,0.0,100.0,20.0,1668.083333333333
2025-07-06 21:50:00,132.72,100.0,0.0,27.90569415042095,-1105.9999999999998
2025-07-06 21:55:00,159.4988,0.0,0.0,27.90569415042095,0.0
2025-07-06 22:00:00,166.42706,0.0,90.00000000000001,20.0,1248.2029500000003
2025-07-06 22:05:00,158.8274,0.0,0.0,20.0,0.0
2025-07-06 22:10:00,130.50104,100.0,0.0,27.90569415042095,-1087.5086666666664
2025-07-06 22:15:00,160.67558,0.0,90.00000000000001,20.0,1205.0668500000002
2025-07-06 22:20:00,141.58187,-0.0,0.0,20.0,0.0
2025-07-06 22:25:00,141.80577,0.0,0.0,20.0,0.0
2025-07-06 22:30:00,127.22502,0.0,0.0,20.0,0.0
2025-07-06 22:35:00,128.80664,0.0,0.0,20.0,0.0
2025-07-06 22:40:00,140.36677,0.0,0.0,20.0,0.0
2025-07-06 22:45:00,122.02,100.0,0.0,27.90569415042095,-1016.8333333333331
2025-07-06 22:50:00,126.07365,100.0,0.0,35.8113883008419,-1050.6137499999998
2025-07-06 22:55:00,122.02,100.0,0.0,43.71708245126285,-1016.8333333333331
2025-07-06 23:00:00,122.02,100.0,0.0,51.622776601683796,-1016.8333333333331
2025-07-06 23:05:00,124.41109,100.0,0.0,59.528470752104745,-1036.7590833333331
2025-07-06 23:10:00,127.6178,0.0,0.0,59.528470752104745,0.0
2025-07-06 23:15:00,122.02,100.0,0.0,67.4341649025257,-1016.8333333333331
2025-07-06 23:20:00,134.40308,0.0,0.0,67.4341649025257,0.0
2025-07-06 23:25:00,135.42263,0.0,0.0,67.4341649025257,0.0
2025-07-06 23:30:00,122.02,100.0,0.0,75.33985905294664,-1016.8333333333331
2025-07-06 23:35:00,227.97,0.0,100.0,66.55575444136781,1899.7499999999998
2025-07-06 23:40:00,137.55331,0.0,0.0,66.55575444136781,0.0
2025-07-06 23:45:00,129.93314,0.0,0.0,66.55575444136781,0.0
2025-07-06 23:50:00,131.47757,0.0,0.0,66.55575444136781,0.0
2025-07-06 23:55:00,140.48784,0.0,0.0,66.55575444136781,0.0
2025-07-07 00:00:00,144.6249,0.0,100.0,57.77164982978898,1205.2074999999998
2025-07-07 00:05:00,129.8674,0.0,0.0,57.77164982978898,0.0
2025-07-07 00:10:00,129.07169,0.0,0.0,57.77164982978898,0.0
2025-07-07 00:15:00,129.07416,0.0,0.0,57.77164982978898,0.0
2025-07-07 00:20:00,129.81505,0.0,0.0,57.77164982978898,0.0
2025-07-07 00:25:00,127.75379,0.0,0.0,57.77164982978898,0.0
2025-07-07 00:30:00,128.13288,0.0,0.0,57.77164982978898,0.0
2025-07-07 00:35:00,133.69897,0.0,0.0,57.77164982978898,0.0
2025-07-07 00:40:00,137.80593,0.0,0.0,57.77164982978898,0.0
2025-07-07 00:45:00,134.99155,0.0,0.0,57.77164982978898,0.0
2025-07-07 00:50:00,139.70525,0.0,0.0,57.77164982978898,0.0
2025-07-07 00:55:00,135.9792,0.0,0.0,57.77164982978898,0.0
2025-07-07 01:00:00,138.98563,0.0,0.0,57.77164982978898,0.0
2025-07-07 01:05:00,134.27199,0.0,0.0,57.77164982978898,0.0
2025-07-07 01:10:00,130.25353,0.0,0.0,57.77164982978898,0.0
2025-07-07 01:15:00,120.55948,100.0,0.0,65.67734398020993,-1004.6623333333331
2025-07-07 01:20:00,128.2469,0.0,0.0,65.67734398020993,0.0
2025-07-07 01:25:00,114.35474,100.0,0.0,73.58303813063087,-952.9561666666666
2025-07-07 01:30:00,110.5047,100.0,0.0,81.48873228105181,-920.8724999999998
2025-07-07 01:35:00,109.70847,100.0,0.0,89.39442643147275,-914.2372499999999
2025-07-07 01:40:00,117.0995,100.0,0.0,97.3001205818937,-975.8291666666665
2025-07-07 01:45:00,112.49939,100.0,0.0,105.20581473231464,-937.4949166666665
2025-07-07 01:50:00,138.03043,0.0,0.0,105.20581473231464,0.0
2025-07-07 01:55:00,98.5355,100.0,0.0,113.11150888273558,-821.1291666666665
2025-07-07 02:00:00,93.43037,100.0,0.0,121.01720303315652,-778.5864166666665
2025-07-07 02:05:00,132.72,0.0,0.0,121.01720303315652,0.0
2025-07-07 02:10:00,122.98699,100.0,0.0,128.92289718357748,-1024.8915833333333
2025-07-07 02:15:00,147.20317,0.0,100.0,120.13879257199865,1226.693083333333
2025-07-07 02:20:00,132.72,0.0,0.0,120.13879257199865,0.0
2025-07-07 02:25:00,146.18736,0.0,100.0,111.35468796041982,1218.2279999999998
2025-07-07 02:30:00,113.09054,100.0,0.0,119.26038211084077,-942.4211666666665
2025-07-07 02:35:00,92.01444,100.0,0.0,127.16607626126171,-766.7869999999998
2025-07-07 02:40:00,164.00678,0.0,100.0,118.38197164968288,1366.7231666666664
2025-07-07 02:45:00,98.39809,100.0,0.0,126.28766580010382,-819.9840833333332
2025-07-07 02:50:00,114.04732,100.0,0.0,134.19335995052478,-950.3943333333332
2025-07-07 02:55:00,150.78484,0.0,100.0,125.40925533894595,1256.5403333333331
2025-07-07 03:00:00,118.55523,100.0,0.0,133.3149494893669,-987.9602499999999
2025-07-07 03:05:00,165.31939,0.0,100.0,124.53084487778808,1377.661583333333
2025-07-07 03:10:00,136.86104,0.0,0.0,124.53084487778808,0.0
2025-07-07 03:15:00,138.87713,0.0,0.0,124.53084487778808,0.0
2025-07-07 03:20:00,166.76354,0.0,100.0,115.74674026620926,1389.6961666666666
2025-07-07 03:25:00,136.22005,0.0,0.0,115.74674026620926,0.0
2025-07-07 03:30:00,158.94412,0.0,100.0,106.96263565463043,1324.534333333333
2025-07-07 03:35:00,128.66688,0.0,0.0,106.96263565463043,0.0
2025-07-07 03:40:00,140.50116,0.0,48.52806774301276,102.69987941810635,568.1874842043229
2025-07-07 03:45:00,138.85762,0.0,0.0,102.69987941810635,0.0
2025-07-07 03:50:00,150.53517,0.0,100.0,93.91577480652752,1254.4597499999998
2025-07-07 03:55:00,139.69713,0.0,0.0,93.91577480652752,0.0
2025-07-07 04:00:00,139.83378,0.0,0.0,93.91577480652752,0.0
2025-07-07 04:05:00,132.18202,0.0,0.0,93.91577480652752,0.0
2025-07-07 04:10:00,116.85689,100.0,0.0,101.82146895694846,-973.8074166666665
2025-07-07 04:15:00,137.63029,0.0,0.0,101.82146895694846,0.0
2025-07-07 04:20:00,117.43812,100.0,0.0,109.72716310736942,-978.6509999999998
2025-07-07 04:25:00,117.29938,100.0,0.0,117.63285725779036,-977.4948333333332
2025-07-07 04:30:00,138.24928,0.0,0.0,117.63285725779036,0.0
2025-07-07 04:35:00,116.273,100.0,0.0,125.5385514082113,-968.9416666666665
2025-07-07 04:40:00,137.05329,0.0,0.0,125.5385514082113,0.0
2025-07-07 04:45:00,116.56535,100.0,0.0,133.44424555863225,-971.3779166666665
2025-07-07 04:50:00,110.27387,100.0,0.0,141.3499397090532,-918.9489166666666
2025-07-07 04:55:00,113.01797,100.0,0.0,149.25563385947413,-941.8164166666666
2025-07-07 05:00:00,114.7848,100.0,0.0,157.16132800989507,-956.5399999999998
2025-07-07 05:05:00,112.97737,100.0,0.0,165.06702216031601,-941.4780833333332
2025-07-07 05:10:00,128.17778,0.0,0.0,165.06702216031601,0.0
2025-07-07 05:15:00,126.12286,100.0,0.0,172.97271631073696,-1051.0238333333332
2025-07-07 05:20:00,127.97429,0.0,0.0,172.97271631073696,0.0
2025-07-07 05:25:00,146.50736,0.0,100.0,164.18861169915812,1220.8946666666666
2025-07-07 05:30:00,125.58997,100.0,0.0,172.09430584957906,-1046.5830833333332
2025-07-07 05:35:00,137.96,0.0,0.0,172.09430584957906,0.0
2025-07-07 05:40:00,121.94886,100.0,0.0,180.0,-1016.2404999999998
2025-07-07 05:45:00,146.99724,0.0,0.0,180.0,0.0
2025-07-07 05:50:00,137.96,0.0,0.0,180.0,0.0
2025-07-07 05:55:00,137.96,-0.0,0.0,180.0,0.0
2025-07-07 06:00:00,160.00009,0.0,89.99999999999993,172.09430584957906,1200.000674999999
2025-07-07 06:05:00,137.96,100.0,0.0,180.0,-1149.6666666666665
2025-07-07 06:10:00,145.22522,0.0,0.0,180.0,0.0
2025-07-07 06:15:00,172.82944,0.0,-0.0,180.0,-0.0
2025-07-07 06:20:00,155.86611,0.0,0.0,180.0,0.0
2025-07-07 06:25:00,158.50851,-0.0,0.0,180.0,0.0
2025-07-07 06:30:00,179.13703,0.0,100.0,171.21589538842116,1492.8085833333332
2025-07-07 06:35:00,157.60695,100.0,0.0,179.1215895388421,-1313.39125
2025-07-07 06:40:00,160.0,11.111111111111304,0.0,180.0,-148.1481481481507
2025-07-07 06:45:00,209.11,0.0,100.0,171.21589538842116,1742.5833333333333
2025-07-07 06:50:00,223.36,0.0,100.0,162.43179077684232,1861.3333333333333
2025-07-07 06:55:00,223.36,0.0,100.0,153.64768616526348,1861.3333333333333
2025-07-07 07:00:00,226.58,0.0,100.0,144.86358155368464,1888.1666666666665
2025-07-07 07:05:00,209.11,0.0,21.471932256986012,142.97746456210365,374.1663128548621
2025-07-07 07:10:00,270.82,0.0,100.0,134.1933599505248,2256.833333333333
2025-07-07 07:15:00,270.83,0.0,100.0,125.40925533894597,2256.916666666666
2025-07-07 07:20:00,228.87989,0.0,100.0,116.62515072736714,1907.3324166666664
2025-07-07 07:25:00,234.09053,0.0,100.0,107.84104611578832,1950.7544166666664
2025-07-07 07:30:00,209.54,0.0,100.0,99.05694150420949,1746.1666666666663
2025-07-07 07:35:00,224.15939,0.0,100.0,90.27283689263065,1867.9949166666663
2025-07-07 07:40:00,200.02,0.0,0.0,90.27283689263065,0.0
2025-07-07 07:45:00,209.54,0.0,100.0,81.48873228105182,1746.1666666666663
2025-07-07 07:50:00,200.02,0.0,0.0,81.48873228105182,0.0
2025-07-07 07:55:00,209.54,0.0,100.0,72.704627669473,1746.1666666666663
2025-07-07 08:00:00,200.02,0.0,0.0,72.704627669473,0.0
2025-07-07 08:05:00,237.17681,0.0,100.0,63.920523057894165,1976.4734166666663
2025-07-07 08:10:00,286.20194,0.0,100.0,55.13641844631533,2385.0161666666663
2025-07-07 08:15:00,270.82,0.0,100.0,46.3523138347365,2256.833333333333
2025-07-07 08:20:00,263.84261,0.0,100.0,37.568209223157666,2198.6884166666664
2025-07-07 08:25:00,209.54,0.0,100.0,28.784104611578833,1746.1666666666663
2025-07-07 08:30:00,225.72963,0.0,100.0,20.0,1881.0802499999995
2025-07-07 08:35:00,177.85157,100.0,0.0,27.90569415042095,-1482.0964166666665
2025-07-07 08:40:00,180.94,22.222222222222246,0.0,29.662515072736717,-335.0740740740744
2025-07-07 08:45:00,240.28802,0.0,100.0,20.878410461157884,2002.4001666666663
2025-07-07 08:50:00,191.08264,0.0,0.0,20.878410461157884,0.0
2025-07-07 08:55:00,180.44196,100.0,0.0,28.784104611578833,-1503.6829999999998
2025-07-07 09:00:00,237.47247,0.0,100.0,20.0,1978.9372499999997
2025-07-07 09:05:00,146.22572,100.0,0.0,27.90569415042095,-1218.5476666666664
2025-07-07 09:10:00,151.08454,11.111111111111123,0.0,28.784104611578833,-139.89309259259275
2025-07-07 09:15:00,227.97,0.0,100.0,20.0,1899.7499999999998
2025-07-07 09:20:00,165.01466,0.0,0.0,20.0,0.0
2025-07-07 09:25:00,132.72,0.0,0.0,20.0,0.0
2025-07-07 09:30:00,132.72,0.0,0.0,20.0,0.0
2025-07-07 09:35:00,122.02,-0.0,0.0,20.0,0.0
2025-07-07 09:40:00,92.55693,100.0,0.0,27.90569415042095,-771.3077499999998
2025-07-07 09:45:00,117.49675,0.0,90.00000000000001,20.0,881.2256250000002
2025-07-07 09:50:00,85.88,0.0,0.0,20.0,0.0
2025-07-07 09:55:00,85.22,0.0,0.0,20.0,0.0
2025-07-07 10:00:00,46.33,100.0,0.0,27.90569415042095,-386.08333333333326
2025-07-07 10:05:00,88.81067,0.0,0.0,27.90569415042095,0.0
2025-07-07 10:10:00,94.58923,0.0,90.00000000000001,20.0,709.4192250000001
2025-07-07 10:15:00,80.0,100.0,0.0,27.90569415042095,-666.6666666666665
2025-07-07 10:20:00,80.0,100.0,0.0,35.8113883008419,-666.6666666666665
2025-07-07 10:25:00,89.83737,0.0,69.99999999999999,29.662515072736717,524.0513249999999
2025-07-07 10:30:00,77.21921,100.0,0.0,37.568209223157666,-643.4934166666666
2025-07-07 10:35:00,115.09292,0.0,100.0,28.784104611578833,959.1076666666665
2025-07-07 10:40:00,93.40383,0.0,100.0,20.0,778.3652499999998
2025-07-07 10:45:00,46.22,100.0,0.0,27.90569415042095,-385.16666666666663
2025-07-07 10:50:00,62.51404,100.0,0.0,35.8113883008419,-520.9503333333332
2025-07-07 10:55:00,85.3,0.0,100.0,27.027283689263065,710.8333333333333
2025-07-07 11:00:00,46.22,100.0,0.0,34.93297783968401,-385.16666666666663
2025-07-07 11:05:00,46.33,100.0,0.0,42.838671990104956,-386.08333333333326
2025-07-07 11:10:00,67.56588,0.0,0.0,42.838671990104956,0.0
2025-07-07 11:15:00,34.91,100.0,0.0,50.744366140525905,-290.9166666666666
2025-07-07 11:20:00,56.46661,100.0,0.0,58.650060290946854,-470.5550833333333
2025-07-07 11:25:00,56.36552,100.0,0.0,66.5557544413678,-469.71266666666656
2025-07-07 11:30:00,52.14329,100.0,0.0,74.46144859178874,-434.5274166666666
2025-07-07 11:35:00,57.10432,100.0,0.0,82.36714274220968,-475.86933333333326
2025-07-07 11:40:00,61.43894,100.0,0.0,90.27283689263062,-511.99116666666663
2025-07-07 11:45:00,61.43894,100.0,0.0,98.17853104305156,-511.99116666666663
2025-07-07 11:50:00,53.14994,100.0,0.0,106.0842251934725,-442.9161666666666
2025-07-07 11:55:00,70.21768,0.0,0.0,106.0842251934725,0.0
2025-07-07 12:00:00,60.48711,100.0,0.0,113.98991934389345,-504.05924999999996
2025-07-07 12:05:00,101.0559,0.0,100.0,105.20581473231462,842.1324999999998
2025-07-07 12:10:00,70.62736,0.0,29.999999999999545,102.57058334884101,176.5683999999973
2025-07-07 12:15:00,105.48573,0.0,100.0,93.78647873726219,879.04775
2025-07-07 12:20:00,101.8138,0.0,100.0,85.00237412568336,848.4483333333333
2025-07-07 12:25:00,63.61698,0.0,0.0,85.00237412568336,0.0
2025-07-07 12:30:00,62.09835,100.0,0.0,92.9080682761043,-517.4862499999999
2025-07-07 12:35:00,72.80903,0.0,100.0,84.12396366452548,606.7419166666666
2025-07-07 12:40:00,75.25002,0.0,100.0,75.33985905294664,627.0835
2025-07-07 12:45:00,76.66,0.0,100.0,66.55575444136781,638.8333333333333
2025-07-07 12:50:00,51.32022,100.0,0.0,74.46144859178875,-427.66849999999994
2025-07-07 12:55:00,77.96607,0.0,100.0,65.67734398020993,649.7172499999999
2025-07-07 13:00:00,48.7243,100.0,0.0,73.58303813063087,-406.03583333333324
2025-07-07 13:05:00,84.25626,0.0,100.0,64.79893351905204,702.1354999999999
2025-07-07 13:10:00,85.22,0.0,100.0,56.01482890747321,710.1666666666665
2025-07-07 13:15:00,79.64,0.0,100.0,47.230724295894376,663.6666666666666
2025-07-07 13:20:00,46.33,100.0,0.0,55.136418446315325,-386.08333333333326
2025-07-07 13:25:00,85.22,0.0,100.0,46.35231383473649,710.1666666666665
2025-07-07 13:30:00,78.28225,0.0,100.0,37.568209223157666,652.3520833333333
2025-07-07 13:35:00,76.14026,0.0,100.0,28.784104611578833,634.5021666666665
2025-07-07 13:40:00,72.54348,0.0,100.0,20.0,604.5289999999999
2025-07-07 13:45:00,60.04058,100.0,0.0,27.90569415042095,-500.3381666666666
2025-07-07 13:50:00,56.31652,100.0,0.0,35.8113883008419,-469.30433333333326
2025-07-07 13:55:00,56.40077,100.0,0.0,43.71708245126285,-470.0064166666666
2025-07-07 14:00:00,64.40733,0.0,0.0,43.71708245126285,0.0
2025-07-07 14:05:00,66.02256,0.0,0.0,43.71708245126285,0.0
2025-07-07 14:10:00,62.57375,0.0,0.0,43.71708245126285,0.0
2025-07-07 14:15:00,35.94,100.0,0.0,51.622776601683796,-299.49999999999994
2025-07-07 14:20:00,63.22001,0.0,0.0,51.622776601683796,0.0
2025-07-07 14:25:00,35.94,100.0,0.0,59.528470752104745,-299.49999999999994
2025-07-07 14:30:00,35.94,100.0,0.0,67.4341649025257,-299.49999999999994
2025-07-07 14:35:00,30.50216,100.0,0.0,75.33985905294664,-254.18466666666663
2025-07-07 14:40:00,20.0,100.0,0.0,83.24555320336758,-166.66666666666663
2025-07-07 14:45:00,19.18,100.0,0.0,91.15124735378852,-159.83333333333331
2025-07-07 14:50:00,20.0,100.0,0.0,99.05694150420946,-166.66666666666663
2025-07-07 14:55:00,26.01,100.0,0.0,106.9626356546304,-216.74999999999997
2025-07-07 15:00:00,20.01,100.0,0.0,114.86832980505135,-166.75
2025-07-07 15:05:00,20.33,100.0,0.0,122.77402395547229,-169.41666666666663
2025-07-07 15:10:00,19.18,100.0,0.0,130.67971810589324,-159.83333333333331
2025-07-07 15:15:00,35.94,100.0,0.0,138.58541225631419,-299.49999999999994
2025-07-07 15:20:00,35.94,100.0,0.0,146.49110640673513,-299.49999999999994
2025-07-07 15:25:00,36.98996,100.0,0.0,154.39680055715607,-308.24966666666666
2025-07-07 15:30:00,60.88758,23.857702507763676,0.0,156.28291754873717,-121.05314750480511
2025-07-07 15:35:00,20.36,100.0,0.0,164.18861169915812,-169.66666666666663
2025-07-07 15:40:00,40.60259,100.0,0.0,172.09430584957906,-338.3549166666666
2025-07-07 15:45:00,60.81205,100.0,0.0,180.0,-506.76708333333323
2025-07-07 15:50:00,61.28101,0.0,0.0,180.0,0.0
2025-07-07 15:55:00,65.77522,0.0,0.0,180.0,0.0
2025-07-07 16:00:00,76.1,0.0,0.0,180.0,0.0
2025-07-07 16:05:00,88.13104,0.0,-0.0,180.0,-0.0
2025-07-07 16:10:00,91.04283,0.0,0.0,180.0,0.0
2025-07-07 16:15:00,95.35208,0.0,-0.0,180.0,-0.0
2025-07-07 16:20:00,123.2997,0.0,0.0,180.0,0.0
2025-07-07 16:25:00,151.24866,0.0,100.0,171.21589538842116,1260.4054999999998
2025-07-07 16:30:00,129.53482,0.0,0.0,171.21589538842116,0.0
2025-07-07 16:35:00,113.84387,100.0,0.0,179.1215895388421,-948.6989166666665
2025-07-07 16:40:00,142.25348,0.0,100.0,170.33748492726326,1185.4456666666665
2025-07-07 16:45:00,122.63059,100.0,0.0,178.2431790776842,-1021.9215833333332
2025-07-07 16:50:00,146.27468,0.0,100.0,169.45907446610536,1218.9556666666665
2025-07-07 16:55:00,140.28812,0.0,100.0,160.67496985452655,1169.0676666666664
2025-07-07 17:00:00,153.00458,0.0,100.0,151.8908652429477,1275.0381666666665
2025-07-07 17:05:00,139.84481,0.0,0.0,151.8908652429477,0.0
2025-07-07 17:10:00,142.07968,0.0,100.0,143.10676063136887,1183.9973333333332
2025-07-07 17:15:00,152.26784,0.0,100.0,134.32265601979003,1268.8986666666665
2025-07-07 17:20:00,153.62692,0.0,100.0,125.5385514082112,1280.2243333333333
2025-07-07 17:25:00,172.08595,0.0,100.0,116.75444679663238,1434.0495833333332
2025-07-07 17:30:00,190.90035,0.0,100.0,107.97034218505355,1590.8362499999998
2025-07-07 17:35:00,154.34693,0.0,100.0,99.18623757347473,1286.2244166666665
2025-07-07 17:40:00,148.5924,0.0,100.0,90.40213296189589,1238.2699999999998
2025-07-07 17:45:00,157.41516,0.0,100.0,81.61802835031706,1311.7929999999997
2025-07-07 17:50:00,151.06484,0.0,100.0,72.83392373873824,1258.8736666666666
2025-07-07 17:55:00,150.08696,0.0,100.0,64.04981912715941,1250.7246666666665
2025-07-07 18:00:00,150.75994,0.0,100.0,55.26571451558058,1256.3328333333332
2025-07-07 18:05:00,148.23584,0.0,100.0,46.48160990400174,1235.2986666666663
2025-07-07 18:10:00,146.61489,0.0,100.0,37.69750529242291,1221.79075
2025-07-07 18:15:00,140.27964,0.0,1.4719322569862354,37.568209223157666,17.206843926201383
2025-07-07 18:20:00,149.86315,0.0,100.0,28.784104611578833,1248.8595833333331
2025-07-07 18:25:00,138.97393,0.0,0.0,28.784104611578833,0.0
2025-07-07 18:30:00,148.72676,0.0,100.0,20.0,1239.3896666666667
2025-07-07 18:35:00,132.72,0.0,0.0,20.0,0.0
2025-07-07 18:40:00,130.51178,0.0,0.0,20.0,0.0
2025-07-07 18:45:00,125.49,0.0,0.0,20.0,0.0
2025-07-07 18:50:00,132.0,0.0,-0.0,20.0,-0.0
2025-07-07 18:55:00,124.59,0.0,0.0,20.0,0.0
2025-07-07 19:00:00,117.42,0.0,0.0,20.0,0.0
2025-07-07 19:05:00,120.96757,0.0,-0.0,20.0,-0.0
2025-07-07 19:10:00,117.42,0.0,0.0,20.0,0.0
2025-07-07 19:15:00,117.42,0.0,-0.0,20.0,-0.0
2025-07-07 19:20:00,109.24345,0.0,0.0,20.0,0.0
2025-07-07 19:25:00,107.83131,0.0,0.0,20.0,0.0
2025-07-07 19:30:00,106.19466,0.0,0.0,20.0,0.0
2025-07-07 19:35:00,111.11008,0.0,0.0,20.0,0.0
2025-07-07 19:40:00,105.98573,0.0,-0.0,20.0,-0.0
2025-07-07 19:45:00,104.65657,0.0,0.0,20.0,0.0
2025-07-07 19:50:00,102.44677,0.0,-0.0,20.0,-0.0
2025-07-07 19:55:00,92.70758,0.0,0.0,20.0,0.0
2025-07-07 20:00:00,91.13312,0.0,0.0,20.0,0.0
2025-07-07 20:05:00,92.16377,0.0,0.0,20.0,0.0
2025-07-07 20:10:00,92.01201,0.0,0.0,20.0,0.0
2025-07-07 20:15:00,91.85956,0.0,0.0,20.0,0.0
2025-07-07 20:20:00,87.92186,100.0,0.0,27.90569415042095,-732.6821666666665
2025-07-07 20:25:00,88.81067,100.0,0.0,35.8113883008419,-740.0889166666666
2025-07-07 20:30:00,93.21498,0.0,0.0,35.8113883008419,0.0
2025-07-07 20:35:00,100.34052,0.0,80.0,28.784104611578833,668.9368
2025-07-07 20:40:00,100.1248,0.0,0.0,28.784104611578833,0.0
2025-07-07 20:45:00,100.49787,0.0,100.0,20.0,837.4822499999999
2025-07-07 20:50:00,92.73003,0.0,-0.0,20.0,-0.0
2025-07-07 20:55:00,77.36696,0.0,-0.0,20.0,-0.0
2025-07-07 21:00:00,19.99993,0.0,0.0,20.0,0.0
2025-07-07 21:05:00,10.18472,100.0,0.0,27.90569415042095,-84.87266666666666
2025-07-07 21:10:00,20.76,0.0,90.00000000000001,20.0,155.70000000000002
2025-07-07 21:15:00,8.95,0.0,0.0,20.0,0.0
2025-07-07 21:20:00,8.95,0.0,-0.0,20.0,-0.0
2025-07-07 21:25:00,0.01,100.0,0.0,27.90569415042095,-0.08333333333333333
2025-07-07 21:30:00,4.37279,100.0,0.0,35.8113883008419,-36.43991666666666
2025-07-07 21:35:00,8.02066,100.0,0.0,43.71708245126285,-66.83883333333331
2025-07-07 21:40:00,6.9502,100.0,0.0,51.622776601683796,-57.91833333333332
2025-07-07 21:45:00,8.95,0.0,100.0,42.83867199010496,74.58333333333331
2025-07-07 21:50:00,8.95,0.0,100.0,34.05456737852613,74.58333333333331
2025-07-07 21:55:00,8.95,0.0,100.0,25.270462766947297,74.58333333333331
2025-07-07 22:00:00,8.95,0.0,59.99999999999998,20.0,44.74999999999998
2025-07-07 22:05:00,1.12003,11.111111111111123,0.0,20.878410461157884,-1.037064814814816
2025-07-07 22:10:00,0.74003,100.0,0.0,28.784104611578833,-6.1669166666666655
2025-07-07 22:15:00,3.62148,0.0,100.0,20.0,30.178999999999995
2025-07-07 22:20:00,1.14003,0.0,0.0,20.0,0.0
2025-07-07 22:25:00,1.13003,0.0,0.0,20.0,0.0
2025-07-07 22:30:00,0.68003,0.0,-0.0,20.0,-0.0
2025-07-07 22:35:00,0.25003,0.0,0.0,20.0,0.0
2025-07-07 22:40:00,0.01,100.0,0.0,27.90569415042095,-0.08333333333333333
2025-07-07 22:45:00,0.01,100.0,0.0,35.8113883008419,-0.08333333333333333
2025-07-07 22:50:00,0.01008,100.0,0.0,43.71708245126285,-0.08399999999999999
2025-07-07 22:55:00,3e-05,100.0,0.0,51.622776601683796,-0.00024999999999999995
2025-07-07 23:00:00,3e-05,100.0,0.0,59.528470752104745,-0.00024999999999999995
2025-07-07 23:05:00,0.20003,0.0,49.99999999999997,55.13641844631533,0.833458333333333
2025-07-07 23:10:00,0.20003,0.0,100.0,46.3523138347365,1.6669166666666666
2025-07-07 23:15:00,0.30003,0.0,100.0,37.568209223157666,2.50025
2025-07-07 23:20:00,0.25003,0.0,100.0,28.784104611578833,2.083583333333333
2025-07-07 23:25:00,0.34003,0.0,100.0,20.0,2.833583333333333
2025-07-07 23:30:00,0.20003,0.0,0.0,20.0,0.0
2025-07-07 23:35:00,0.20003,0.0,0.0,20.0,0.0
2025-07-07 23:40:00,0.20003,0.0,0.0,20.0,0.0
2025-07-07 23:45:00,0.01,0.0,0.0,20.0,0.0
2025-07-07 23:50:00,-0.02992,100.0,0.0,27.90569415042095,0.2493333333333333
2025-07-07 23:55:00,0.01,0.0,90.00000000000001,20.0,0.07500000000000001
2025-07-08 00:00:00,-0.01,-0.0,-0.0,20.0,-0.0
2025-07-08 00:05:00,-5.06,0.0,0.0,20.0,-0.0
2025-07-08 00:10:00,-9.83,33.333333333333336,4.04448015580036e-14,22.635231383473652,27.30555555555552
2025-07-08 00:15:00,-9.83,100.0,0.0,30.540925533894598,81.91666666666666
2025-07-08 00:20:00,-9.83,-0.0,100.0,21.756820922315768,-81.91666666666666
2025-07-08 00:25:00,-9.96,100.00000000000003,-0.0,29.662515072736714,83.00000000000003
2025-07-08 00:30:00,-9.96,100.0,0.0,37.56820922315766,83.0
2025-07-08 00:35:00,-9.83,0.0,99.99999999999997,28.784104611578833,-81.91666666666664
2025-07-08 00:40:00,-9.96,0.0,100.0,20.0,-83.0
2025-07-08 00:45:00,-16.49976,55.55555555555653,0.0,24.39205230578949,76.3877777777791
2025-07-08 00:50:00,-16.49976,100.0000000000006,-5.400124791776757e-13,32.29774645621053,137.49800000000155
2025-07-08 00:55:00,-16.49976,0.0,99.99999999999994,23.51364184463171,-137.4979999999999
2025-07-08 01:00:00,-16.49976,100.0,-1.106910358429572e-12,31.419335995052755,137.4980000000015
2025-07-08 01:05:00,-16.49976,0.0,100.0,22.635231383473922,-137.49799999999996
2025-07-08 01:10:00,-16.49976,100.0,-4.887080188258756e-13,30.540925533894914,137.49800000000064
2025-07-08 01:15:00,-16.49976,100.0,1.0111200389500889e-12,38.44661968431577,137.4979999999986
2025-07-08 01:20:00,-16.49976,0.0,99.99999999999967,29.662515072736966,-137.49799999999954
2025-07-08 01:25:00,-16.49976,100.00000000000001,-0.0,37.568209223157915,137.498
2025-07-08 01:30:00,-16.49976,4.3654706443559235e-13,100.0,28.784104611579078,-137.4979999999994
2025-07-08 01:35:00,-16.49976,-3.3254614614358514e-12,100.0,20.0,-137.49800000000454
2025-07-08 01:40:00,-16.49976,55.555555555556374,-0.0,24.39205230578917,76.38777777777888
2025-07-08 01:45:00,-16.49976,100.0,-0.0,32.29774645621012,137.49799999999996
2025-07-08 01:50:00,-16.49976,100.0,-0.0,40.20344060663107,137.49799999999996
2025-07-08 01:55:00,-16.49976,100.0,0.0,48.10913475705202,137.49799999999996
2025-07-08 02:00:00,-16.49976,0.0,100.0,39.325030145473185,-137.49799999999996
2025-07-08 02:05:00,-16.49976,-0.0,100.0,30.540925533894352,-137.49799999999996
2025-07-08 02:10:00,-16.49976,0.0,100.0,21.756820922315523,-137.49799999999996
2025-07-08 02:15:00,-16.49976,99.99999999999476,-0.0,29.662515072735587,137.49799999999277
2025-07-08 02:20:00,-16.49976,-5.66227221812044e-13,100.0,20.87841046115703,-137.49800000000076
2025-07-08 02:25:00,-16.49976,100.00000000000414,-0.0,28.784104611578304,137.49800000000565
2025-07-08 02:30:00,-16.49976,3.187573661812672e-12,100.0,20.000000000000014,-137.4979999999956
2025-07-08 02:35:00,-16.5,100.0,0.0,27.90569415042096,137.49999999999997
2025-07-08 02:40:00,-16.5,100.0,8.268133652481174e-14,35.8113883008419,137.49999999999986
2025-07-08 02:45:00,-16.5,0.0,100.0,27.027283689263065,-137.49999999999997
2025-07-08 02:50:00,-18.14,100.0,-0.0,34.932977839684014,151.16666666666666
2025-07-08 02:55:00,-16.5,-0.0,100.0,26.14887322810516,-137.49999999999997
2025-07-08 03:00:00,-16.5,100.0,0.0,34.05456737852611,137.49999999999997
2025-07-08 03:05:00,-16.5,100.00000000000044,-4.3635683301973213e-13,41.96026152894713,137.50000000000122
2025-07-08 03:10:00,-16.5,-0.0,100.0,33.17615691736832,-137.49999999999997
2025-07-08 03:15:00,-16.5,100.00000000000347,-0.0,41.081851067789536,137.50000000000475
2025-07-08 03:20:00,-16.5,-1.4551915228366894e-11,100.0,32.29774645621018,-137.50000000002
2025-07-08 03:25:00,-16.5,99.9999999999984,-0.0,40.203440606631,137.49999999999778
2025-07-08 03:30:00,-16.5,-8.628224332374102e-12,99.99999999999636,31.419335995051803,-137.50000000000685
2025-07-08 03:35:00,-16.5,100.00000000000605,-3.637978807091713e-12,39.3250301454733,137.50000000001333
2025-07-08 03:40:00,-16.5,4.583744176573742e-12,99.99999999999636,30.540925533895148,-137.49999999998866
2025-07-08 03:45:00,-18.14,100.0,-0.0,38.4466196843161,151.16666666666666
2025-07-08 03:50:00,-18.14,100.0,0.0,46.352313834737046,151.16666666666666
2025-07-08 03:55:00,-18.14,100.0,1.4210854715202004e-14,54.258007985157995,151.16666666666666
2025-07-08 04:00:00,-18.14,100.0,0.0,62.163702135578944,151.16666666666666
2025-07-08 04:05:00,-16.5,99.99999999999999,1.4210854715202004e-14,70.06939628599989,137.49999999999994
2025-07-08 04:10:00,-16.5,100.0,0.0,77.97509043642083,137.49999999999997
2025-07-08 04:15:00,-16.5,99.99999999999994,5.6843418860808e-14,85.88078458684177,137.49999999999983
2025-07-08 04:20:00,-16.5,100.0,0.0,93.78647873726271,137.49999999999997
2025-07-08 04:25:00,-16.5,99.99999999999999,1.4210854715202004e-14,101.69217288768365,137.49999999999994
2025-07-08 04:30:00,-16.5,100.00000000000001,-1.4210854715202004e-14,109.59786703810461,137.50000000000003
2025-07-08 04:35:00,-16.5,99.99999999999999,1.4210854715202004e-14,117.50356118852555,137.49999999999994
2025-07-08 04:40:00,-16.5,100.0,0.0,125.4092553389465,137.49999999999997
2025-07-08 04:45:00,-16.5,100.00000000000001,-1.4210854715202004e-14,133.31494948936745,137.50000000000003
2025-07-08 04:50:00,-16.5,100.0,0.0,141.2206436397884,137.49999999999997
2025-07-08 04:55:00,-16.5,99.99999999999999,1.4210854715202004e-14,149.12633779020933,137.49999999999994
2025-07-08 05:00:00,-16.5,100.0,0.0,157.03203194063028,137.49999999999997
2025-07-08 05:05:00,-16.5,100.00000000000001,-1.4210854715202004e-14,164.93772609105122,137.50000000000003
2025-07-08 05:10:00,-16.5,100.0,0.0,172.8434202414722,137.49999999999997
2025-07-08 05:15:00,-16.49976,-4.973799150320701e-13,100.0000000000005,164.0593156298933,-137.49800000000135
2025-07-08 05:20:00,-16.49976,0.0,100.0,155.27521101831445,-137.49799999999996
2025-07-08 05:25:00,-16.49976,100.0,-0.0,163.1809051687354,137.49799999999996
2025-07-08 05:30:00,-16.49976,100.0,0.0,171.08659931915633,137.49799999999996
2025-07-08 05:35:00,-16.49976,12.746591396646267,-0.0,172.09430584957906,17.52630823856068
2025-07-08 05:40:00,-16.49976,100.0,0.0,180.0,137.49799999999996
2025-07-08 05:45:00,-9.96,-0.0,100.0000000000001,171.21589538842116,-83.00000000000009
2025-07-08 05:50:00,-9.96,0.0,100.0,162.43179077684232,-83.0
2025-07-08 05:55:00,-9.96,100.00000000000063,-2.4158453015843406e-13,170.33748492726335,83.00000000000072
2025-07-08 06:00:00,-9.87161,100.0,0.0,178.2431790776843,82.26341666666666
2025-07-08 06:05:00,-9.80733,22.2222222222217,-0.0,180.0,18.161722222221794
2025-07-08 06:10:00,2e-05,0.0,0.0,180.0,0.0
2025-07-08 06:15:00,2e-05,0.0,89.99999999999993,172.09430584957906,0.00014999999999999988
2025-07-08 06:20:00,-14.58791,100.0,0.0,180.0,121.56591666666665
2025-07-08 06:25:00,0.00025,0.0,-0.0,180.0,-0.0
2025-07-08 06:30:00,2.99878,0.0,89.99999999999993,172.09430584957906,22.49084999999998
2025-07-08 06:35:00,2.17273,100.0,0.0,180.0,-18.10608333333333
2025-07-08 06:40:00,3.40841,0.0,89.99999999999993,172.09430584957906,25.56307499999998
2025-07-08 06:45:00,2.25227,100.0,0.0,180.0,-18.768916666666666
2025-07-08 06:50:00,8.24023,0.0,0.0,180.0,0.0
2025-07-08 06:55:00,8.95,-0.0,0.0,180.0,0.0
2025-07-08 07:00:00,79.74157,0.0,100.0,171.21589538842116,664.5130833333332
2025-07-08 07:05:00,32.75978,0.0,100.0,162.43179077684232,272.99816666666663
2025-07-08 07:10:00,31.59227,0.0,49.99999999999924,158.03973847105297,131.6344583333313
2025-07-08 07:15:00,20.0,100.0,0.0,165.9454326214739,-166.66666666666663
2025-07-08 07:20:00,16.89619,100.0,0.0,173.85112677189485,-140.80158333333333
2025-07-08 07:25:00,35.4823,0.0,100.0,165.06702216031601,295.68583333333333
2025-07-08 07:30:00,8.95026,100.0,0.0,172.97271631073696,-74.5855
2025-07-08 07:35:00,35.62941,0.0,100.0,164.18861169915812,296.91175
2025-07-08 07:40:00,20.9741,100.0,0.0,172.09430584957906,-174.78416666666664
2025-07-08 07:45:00,24.21735,100.0,0.0,180.0,-201.81124999999997
2025-07-08 07:50:00,81.32856,0.0,100.0,171.21589538842116,677.7379999999998
2025-07-08 07:55:00,82.08761,0.0,100.0,162.43179077684232,684.0634166666665
2025-07-08 08:00:00,18.19614,100.0,0.0,170.33748492726326,-151.63449999999997
2025-07-08 08:05:00,54.97822,0.0,100.0,161.55338031568442,458.1518333333333
2025-07-08 08:10:00,80.79551,0.0,100.0,152.76927570410558,673.2959166666665
2025-07-08 08:15:00,33.11083,0.0,0.0,152.76927570410558,0.0
2025-07-08 08:20:00,84.831,0.0,100.0,143.98517109252674,706.925
2025-07-08 08:25:00,53.01239,0.0,100.0,135.2010664809479,441.76991666666663
2025-07-08 08:30:00,87.06699,0.0,100.0,126.41696186936908,725.5582499999999
2025-07-08 08:35:00,205.00724,0.0,100.0,117.63285725779025,1708.3936666666664
2025-07-08 08:40:00,55.10101,0.0,100.0,108.84875264621142,459.1750833333333
2025-07-08 08:45:00,33.24513,0.0,0.0,108.84875264621142,0.0
2025-07-08 08:50:00,161.21888,0.0,100.0,100.0646480346326,1343.4906666666666
2025-07-08 08:55:00,144.44762,0.0,100.0,91.28054342305377,1203.7301666666665
2025-07-08 09:00:00,154.78399,0.0,100.0,82.49643881147495,1289.866583333333
2025-07-08 09:05:00,125.89973,0.0,100.0,73.71233419989612,1049.1644166666665
2025-07-08 09:10:00,129.41261,0.0,100.0,64.9282295883173,1078.4384166666666
2025-07-08 09:15:00,132.15096,0.0,100.0,56.14412497673846,1101.2579999999998
2025-07-08 09:20:00,132.56939,0.0,100.0,47.36002036515963,1104.7449166666665
2025-07-08 09:25:00,116.06372,0.0,100.0,38.575915753580794,967.1976666666666
2025-07-08 09:30:00,121.6394,0.0,100.0,29.79181114200196,1013.6616666666665
2025-07-08 09:35:00,135.76311,0.0,100.0,21.00770653042313,1131.35925
2025-07-08 09:40:00,14.50339,100.0,0.0,28.913400680844077,-120.86158333333331
2025-07-08 09:45:00,14.56099,100.0,0.0,36.819094831265026,-121.34158333333332
2025-07-08 09:50:00,32.26827,9.475630825570862,0.0,37.568209223157666,-25.480184491653624
2025-07-08 09:55:00,103.52877,0.0,100.0,28.784104611578833,862.7397499999998
2025-07-08 10:00:00,63.63823,0.0,100.0,20.0,530.3185833333332
2025-07-08 10:05:00,32.02936,11.111111111111123,0.0,20.878410461157884,-29.656814814814844
2025-07-08 10:10:00,-50.57844,100.0,0.0,28.784104611578833,421.48699999999997
2025-07-08 10:15:00,36.19394,0.0,100.0,20.0,301.61616666666663
2025-07-08 10:20:00,13.56574,6.291413575689449e-13,0.0,20.00000000000005,-7.112306733356115e-13
2025-07-08 10:25:00,-0.01,100.0,0.0,27.905694150421,0.08333333333333333
2025-07-08 10:30:00,9.48092,100.0,0.0,35.81138830084195,-79.00766666666665
2025-07-08 10:35:00,10.12131,34.96881361887435,0.0,38.5759157535809,-29.494183580737428
2025-07-08 10:40:00,8.95,100.0,0.0,46.48160990400185,-74.58333333333331
2025-07-08 10:45:00,-0.01,100.0,0.0,54.3873040544228,0.08333333333333333
2025-07-08 10:50:00,9.33,100.0,0.0,62.29299820484375,-77.74999999999999
2025-07-08 10:55:00,8.95,100.0,0.0,70.1986923552647,-74.58333333333331
2025-07-08 11:00:00,0.01112,100.0,0.0,78.10438650568564,-0.09266666666666665
2025-07-08 11:05:00,9.90124,100.0,0.0,86.01008065610658,-82.51033333333332
2025-07-08 11:10:00,3e-05,100.0,0.0,93.91577480652752,-0.00024999999999999995
2025-07-08 11:15:00,9.33,100.0,0.0,101.82146895694846,-77.74999999999999
2025-07-08 11:20:00,8.94947,100.0,0.0,109.7271631073694,-74.57891666666666
2025-07-08 11:25:00,19.96146,0.0,100.0,100.94305849579058,166.34549999999996
2025-07-08 11:30:00,9.33,100.0,0.0,108.84875264621152,-77.74999999999999
2025-07-08 11:35:00,8.95,100.0,0.0,116.75444679663246,-74.58333333333331
2025-07-08 11:40:00,3e-05,100.0,0.0,124.6601409470534,-0.00024999999999999995
2025-07-08 11:45:00,-0.13403,100.0,0.0,132.56583509747435,1.1169166666666666
2025-07-08 11:50:00,8.94921,100.0,0.0,140.4715292478953,-74.57674999999999
2025-07-08 11:55:00,8.94921,100.0,0.0,148.37722339831623,-74.57674999999999
2025-07-08 12:00:00,-19.3023,100.0,0.0,156.28291754873717,160.85249999999996
2025-07-08 12:05:00,-11.79693,100.0,0.0,164.18861169915812,98.30774999999998
2025-07-08 12:10:00,-15.83456,100.0,0.0,172.09430584957906,131.95466666666664
2025-07-08 12:15:00,-10.07497,100.0,0.0,180.0,83.95808333333332
2025-07-08 12:20:00,28.37838,0.0,100.0,171.21589538842116,236.48649999999998
2025-07-08 12:25:00,30.88241,0.0,100.0,162.43179077684232,257.35341666666665
2025-07-08 12:30:00,20.0,100.0,0.0,170.33748492726326,-166.66666666666663
2025-07-08 12:35:00,-19.02757,100.0,0.0,178.2431790776842,158.5630833333333
2025-07-08 12:40:00,29.30715,0.0,100.0,169.45907446610536,244.22624999999996
2025-07-08 12:45:00,8.95,100.0,0.0,177.3647686165263,-74.58333333333331
2025-07-08 12:50:00,70.89658,0.0,100.0,168.58066400494747,590.8048333333332
2025-07-08 12:55:00,70.63296,0.0,100.0,159.79655939336865,588.608
2025-07-08 13:00:00,70.63296,0.0,100.0,151.0124547817898,588.608
2025-07-08 13:05:00,41.10572,0.0,100.0,142.22835017021097,342.5476666666666
2025-07-08 13:10:00,46.22,0.0,100.0,133.44424555863213,385.16666666666663
2025-07-08 13:15:00,12.56559,100.0,0.0,141.34993970905307,-104.71324999999999
2025-07-08 13:20:00,12.75623,100.0,0.0,149.25563385947402,-106.30191666666666
2025-07-08 13:25:00,13.0058,100.0,0.0,157.16132800989496,-108.38166666666666
2025-07-08 13:30:00,18.4056,100.0,0.0,165.0670221603159,-153.37999999999997
2025-07-08 13:35:00,18.4056,100.0,0.0,172.97271631073684,-153.37999999999997
2025-07-08 13:40:00,38.44672,0.0,100.0,164.18861169915803,320.3893333333333
2025-07-08 13:45:00,132.02061,0.0,100.0,155.4045070875792,1100.17175
2025-07-08 13:50:00,111.26641,0.0,100.0,146.62040247600035,927.2200833333332
2025-07-08 13:55:00,9.95551,100.0,0.0,154.5260966264213,-82.96258333333333
2025-07-08 14:00:00,45.57023,0.0,100.0,145.74199201484245,379.75191666666666
2025-07-08 14:05:00,-0.01,100.0,0.0,153.6476861652634,0.08333333333333333
2025-07-08 14:10:00,33.53865,0.0,100.0,144.86358155368455,279.4887499999999
2025-07-08 14:15:00,38.44672,0.0,100.0,136.0794769421057,320.3893333333333
2025-07-08 14:20:00,-4.7985,100.0,0.0,143.98517109252666,39.98749999999999
2025-07-08 14:25:00,24.6956,0.0,0.0,143.98517109252666,0.0
2025-07-08 14:30:00,38.44672,0.0,100.0,135.20106648094782,320.3893333333333
2025-07-08 14:35:00,112.80958,0.0,100.0,126.41696186936899,940.0798333333332
2025-07-08 14:40:00,26.77534,0.0,19.99999999999824,124.66014094705338,44.62556666666274
2025-07-08 14:45:00,-0.55612,100.0,0.0,132.56583509747432,4.634333333333332
2025-07-08 14:50:00,0.01112,100.0,0.0,140.47152924789526,-0.09266666666666665
2025-07-08 14:55:00,8.95,100.0,0.0,148.3772233983162,-74.58333333333331
2025-07-08 15:00:00,23.29776,100.0,0.0,156.28291754873715,-194.14799999999997
2025-07-08 15:05:00,26.45604,0.0,0.0,156.28291754873715,0.0
2025-07-08 15:10:00,1.74743,100.0,0.0,164.1886116991581,-14.561916666666665
2025-07-08 15:15:00,-20.54651,100.0,0.0,172.09430584957906,171.22091666666665
2025-07-08 15:20:00,0.80437,100.0,0.0,180.0,-6.703083333333333
2025-07-08 15:25:00,35.78548,0.0,100.0,171.21589538842116,298.2123333333333
2025-07-08 15:30:00,32.47738,0.0,100.0,162.43179077684232,270.6448333333333
2025-07-08 15:35:00,-20.43816,100.0,0.0,170.33748492726326,170.31799999999998
2025-07-08 15:40:00,29.99349,0.0,0.0,170.33748492726326,0.0
2025-07-08 15:45:00,-21.10603,100.0,0.0,178.2431790776842,175.88358333333332
2025-07-08 15:50:00,36.40222,0.0,100.0,169.45907446610536,303.3518333333333
2025-07-08 15:55:00,53.64296,0.0,100.0,160.67496985452652,447.02466666666663
2025-07-08 16:00:00,70.20986,0.0,100.0,151.89086524294768,585.0821666666666
2025-07-08 16:05:00,69.74691,0.0,100.0,143.10676063136884,581.2242499999999
2025-07-08 16:10:00,67.63708,0.0,100.0,134.32265601979,563.6423333333332
2025-07-08 16:15:00,18.19684,100.0,0.0,142.22835017021094,-151.64033333333333
2025-07-08 16:20:00,30.11486,0.0,0.0,142.22835017021094,0.0
2025-07-08 16:25:00,97.29877,0.0,100.0,133.4442455586321,810.8230833333332
2025-07-08 16:30:00,74.08503,0.0,100.0,124.66014094705328,617.3752499999999
2025-07-08 16:35:00,97.57249,0.0,100.0,115.87603633547445,813.1040833333333
2025-07-08 16:40:00,48.49692,0.0,100.0,107.09193172389563,404.14099999999996
2025-07-08 16:45:00,60.6315,0.0,100.0,98.3078271123168,505.26249999999993
2025-07-08 16:50:00,97.31209,0.0,100.0,89.52372250073797,810.9340833333332
2025-07-08 16:55:00,68.984,0.0,100.0,80.73961788915915,574.8666666666666
2025-07-08 17:00:00,94.49325,0.0,100.0,71.95551327758032,787.4437499999999
2025-07-08 17:05:00,-24.42,100.0,0.0,79.86120742800128,203.49999999999997
2025-07-08 17:10:00,-16.5,100.0,0.0,87.76690157842222,137.49999999999997
2025-07-08 17:15:00,-9.96,100.0,0.0,95.67259572884316,83.0
2025-07-08 17:20:00,0.0,100.0,0.0,103.5782898792641,-0.0
2025-07-08 17:25:00,-0.01,100.0,0.0,111.48398402968505,0.08333333333333333
2025-07-08 17:30:00,0.01,100.0,0.0,119.38967818010599,-0.08333333333333333
2025-07-08 17:35:00,8.95,100.0,0.0,127.29537233052693,-74.58333333333331
2025-07-08 17:40:00,32.32752,0.0,100.0,118.5112677189481,269.39599999999996
2025-07-08 17:45:00,32.49372,0.0,100.0,109.72716310736928,270.781
2025-07-08 17:50:00,32.32752,0.0,100.0,100.94305849579045,269.39599999999996
2025-07-08 17:55:00,35.68298,0.0,100.0,92.15895388421163,297.35816666666665
2025-07-08 18:00:00,35.33737,0.0,100.0,83.3748492726328,294.4780833333333
2025-07-08 18:05:00,22.24693,100.0,0.0,91.28054342305374,-185.39108333333328
2025-07-08 18:10:00,22.69744,100.0,0.0,99.18623757347468,-189.1453333333333
2025-07-08 18:15:00,23.65966,100.0,0.0,107.09193172389563,-197.1638333333333
2025-07-08 18:20:00,8.95,100.0,0.0,114.99762587431657,-74.58333333333331
2025-07-08 18:25:00,20.0,100.0,0.0,122.90332002473751,-166.66666666666663
2025-07-08 18:30:00,30.70579,0.0,69.99999999999845,116.75444679663246,179.11710833332938
2025-07-08 18:35:00,0.00013,100.0,0.0,124.6601409470534,-0.001083333333333333
2025-07-08 18:40:00,0.01,100.0,0.0,132.56583509747435,-0.08333333333333333
2025-07-08 18:45:00,8.95,100.0,0.0,140.4715292478953,-74.58333333333331
2025-07-08 18:50:00,0.46216,100.0,0.0,148.37722339831623,-3.851333333333333
2025-07-08 18:55:00,20.77,100.0,0.0,156.28291754873717,-173.08333333333331
2025-07-08 19:00:00,0.00013,100.0,0.0,164.18861169915812,-0.001083333333333333
2025-07-08 19:05:00,8.95,100.0,0.0,172.09430584957906,-74.58333333333331
2025-07-08 19:10:00,20.74,100.0,0.0,180.0,-172.8333333333333
2025-07-08 19:15:00,35.14064,-0.0,0.0,180.0,0.0
2025-07-08 19:20:00,106.54,0.0,100.0,171.21589538842116,887.8333333333333
2025-07-08 19:25:00,137.49007,0.0,100.0,162.43179077684232,1145.7505833333332
2025-07-08 19:30:00,106.54,0.0,100.0,153.64768616526348,887.8333333333333
2025-07-08 19:35:00,128.22156,0.0,100.0,144.86358155368464,1068.513
2025-07-08 19:40:00,103.79607,0.0,100.0,136.0794769421058,864.9672499999999
2025-07-08 19:45:00,106.54,0.0,100.0,127.29537233052697,887.8333333333333
2025-07-08 19:50:00,113.93049,0.0,100.0,118.51126771894815,949.4207499999999
2025-07-08 19:55:00,112.38452,0.0,100.0,109.72716310736932,936.5376666666665
2025-07-08 20:00:00,106.54,0.0,100.0,100.9430584957905,887.8333333333333
2025-07-08 20:05:00,104.80702,0.0,100.0,92.15895388421167,873.3918333333331
2025-07-08 20:10:00,78.88,0.0,0.0,92.15895388421167,0.0
2025-07-08 20:15:00,106.54,0.0,100.0,83.37484927263284,887.8333333333333
2025-07-08 20:20:00,100.90031,0.0,100.0,74.59074466105402,840.8359166666665
2025-07-08 20:25:00,84.81187,0.0,91.47193225698624,66.55575444136782,646.4921356023602
2025-07-08 20:30:00,96.4914,0.0,100.0,57.77164982978899,804.0949999999999
2025-07-08 20:35:00,80.63843,0.0,0.0,57.77164982978899,0.0
2025-07-08 20:40:00,102.40915,0.0,100.0,48.98754521821016,853.4095833333332
2025-07-08 20:45:00,101.61364,0.0,100.0,40.203440606631325,846.7803333333333
2025-07-08 20:50:00,103.10643,0.0,100.0,31.419335995052492,859.2202499999999
2025-07-08 20:55:00,102.34164,0.0,100.0,22.63523138347366,852.8469999999999
2025-07-08 21:00:00,39.91413,100.0,0.0,30.540925533894605,-332.61774999999994
2025-07-08 21:05:00,80.79041,0.0,0.0,30.540925533894605,0.0
2025-07-08 21:10:00,73.01769,100.0,0.0,38.44661968431555,-608.48075
2025-07-08 21:15:00,49.83345,100.0,0.0,46.3523138347365,-415.27874999999995
2025-07-08 21:20:00,83.56723,0.0,0.0,46.3523138347365,0.0
2025-07-08 21:25:00,80.81208,0.0,0.0,46.3523138347365,0.0
2025-07-08 21:30:00,101.53155,0.0,100.0,37.568209223157666,846.0962499999998
2025-07-08 21:35:00,103.14908,0.0,100.0,28.784104611578833,859.5756666666665
2025-07-08 21:40:00,105.42,0.0,100.0,20.0,878.4999999999999
2025-07-08 21:45:00,20.00007,100.0,0.0,27.90569415042095,-166.66725
2025-07-08 21:50:00,50.17634,22.222222222222246,0.0,29.662515072736717,-92.91914814814825
2025-07-08 21:55:00,62.44209,0.0,100.0,20.878410461157884,520.35075
2025-07-08 22:00:00,17.08474,100.0,0.0,28.784104611578833,-142.37283333333332
2025-07-08 22:05:00,65.39807,0.0,100.0,20.0,544.9839166666666
2025-07-08 22:10:00,20.0,-0.0,0.0,20.0,0.0
2025-07-08 22:15:00,20.0,0.0,0.0,20.0,0.0
2025-07-08 22:20:00,8.94951,100.0,0.0,27.90569415042095,-74.57924999999999
2025-07-08 22:25:00,8.95,88.88888888888908,0.0,34.93297783968403,-66.29629629629643
2025-07-08 22:30:00,11.64237,0.0,100.0,26.148873228105195,97.01974999999999
2025-07-08 22:35:00,8.95,100.0,0.0,34.054567378526144,-74.58333333333331
2025-07-08 22:40:00,0.01,100.0,0.0,41.96026152894709,-0.08333333333333333
2025-07-08 22:45:00,0.01,100.0,0.0,49.86595567936804,-0.08333333333333333
2025-07-08 22:50:00,8.94951,100.0,0.0,57.77164982978899,-74.57924999999999
2025-07-08 22:55:00,8.95,100.0,0.0,65.67734398020994,-74.58333333333331
2025-07-08 23:00:00,8.95,100.0,0.0,73.58303813063088,-74.58333333333331
2025-07-08 23:05:00,8.95,100.0,0.0,81.48873228105182,-74.58333333333331
2025-07-08 23:10:00,8.95,100.0,0.0,89.39442643147277,-74.58333333333331
2025-07-08 23:15:00,0.01,100.0,0.0,97.30012058189371,-0.08333333333333333
2025-07-08 23:20:00,15.20247,0.0,100.0,88.51601597031488,126.68724999999998
2025-07-08 23:25:00,8.95,100.0,0.0,96.42171012073582,-74.58333333333331
2025-07-08 23:30:00,20.0,0.0,100.0,87.637605509157,166.66666666666663
2025-07-08 23:35:00,17.198,0.0,100.0,78.85350089757817,143.31666666666666
2025-07-08 23:40:00,15.62347,0.0,100.0,70.06939628599935,130.1955833333333
2025-07-08 23:45:00,8.95,100.0,0.0,77.97509043642029,-74.58333333333331
2025-07-08 23:50:00,17.23653,0.0,100.0,69.19098582484146,143.63774999999995
2025-07-08 23:55:00,8.95,100.0,0.0,77.0966799752624,-74.58333333333331
2025-07-09 00:00:00,8.95,100.0,0.0,85.00237412568335,-74.58333333333331
2025-07-09 00:05:00,17.6075,0.0,100.0,76.21826951410452,146.72916666666666
2025-07-09 00:10:00,16.45282,0.0,100.0,67.4341649025257,137.1068333333333
2025-07-09 00:15:00,17.63126,0.0,100.0,58.65006029094686,146.92716666666666
2025-07-09 00:20:00,14.73931,0.0,100.0,49.86595567936803,122.82758333333331
2025-07-09 00:25:00,8.95,100.0,0.0,57.77164982978898,-74.58333333333331
2025-07-09 00:30:00,8.95,100.0,0.0,65.67734398020993,-74.58333333333331
2025-07-09 00:35:00,16.70358,0.0,100.0,56.89323936863109,139.19649999999996
2025-07-09 00:40:00,8.95,100.0,0.0,64.79893351905204,-74.58333333333331
2025-07-09 00:45:00,22.56235,0.0,100.0,56.014828907473216,188.0195833333333
2025-07-09 00:50:00,20.0,0.0,100.0,47.23072429589438,166.66666666666663
2025-07-09 00:55:00,20.46,0.0,100.0,38.44661968431555,170.49999999999997
2025-07-09 01:00:00,24.21728,0.0,100.0,29.662515072736717,201.81066666666663
2025-07-09 01:05:00,20.0,0.0,100.0,20.878410461157884,166.66666666666663
2025-07-09 01:10:00,8.94979,100.0,0.0,28.784104611578833,-74.58158333333333
2025-07-09 01:15:00,19.18,0.0,100.0,20.0,159.83333333333331
2025-07-09 01:20:00,8.95,0.0,0.0,20.0,0.0
2025-07-09 01:25:00,8.95,0.0,0.0,20.0,0.0
2025-07-09 01:30:00,8.95,0.0,0.0,20.0,0.0
2025-07-09 01:35:00,8.95,0.0,0.0,20.0,0.0
2025-07-09 01:40:00,8.42734,100.0,0.0,27.90569415042095,-70.22783333333332
2025-07-09 01:45:00,8.95,0.0,0.0,27.90569415042095,0.0
2025-07-09 01:50:00,8.95,0.0,0.0,27.90569415042095,0.0
2025-07-09 01:55:00,8.95,0.0,0.0,27.90569415042095,0.0
2025-07-09 02:00:00,8.95,0.0,0.0,27.90569415042095,0.0
2025-07-09 02:05:00,8.1498,100.0,0.0,35.8113883008419,-67.91499999999999
2025-07-09 02:10:00,8.95,0.0,0.0,35.8113883008419,0.0
2025-07-09 02:15:00,8.95,0.0,0.0,35.8113883008419,0.0
2025-07-09 02:20:00,8.95,0.0,0.0,35.8113883008419,0.0
2025-07-09 02:25:00,8.95,0.0,0.0,35.8113883008419,0.0
2025-07-09 02:30:00,8.95,0.0,0.0,35.8113883008419,0.0
2025-07-09 02:35:00,8.95,0.0,0.0,35.8113883008419,0.0
2025-07-09 02:40:00,8.95,0.0,0.0,35.8113883008419,0.0
2025-07-09 02:45:00,0.01,100.0,0.0,43.71708245126285,-0.08333333333333333
2025-07-09 02:50:00,8.95,0.0,0.0,43.71708245126285,0.0
2025-07-09 02:55:00,0.01,100.0,0.0,51.622776601683796,-0.08333333333333333
2025-07-09 03:00:00,20.0,0.0,100.0,42.83867199010496,166.66666666666663
2025-07-09 03:05:00,2.94961,100.0,0.0,50.74436614052591,-24.580083333333327
2025-07-09 03:10:00,0.01,100.0,0.0,58.65006029094686,-0.08333333333333333
2025-07-09 03:15:00,8.95,0.0,0.0,58.65006029094686,0.0
2025-07-09 03:20:00,8.95,0.0,0.0,58.65006029094686,0.0
2025-07-09 03:25:00,7.94982,100.0,0.0,66.55575444136781,-66.24849999999999
2025-07-09 03:30:00,8.94982,100.0,0.0,74.46144859178875,-74.58183333333334
2025-07-09 03:35:00,1.15365,100.0,0.0,82.3671427422097,-9.61375
2025-07-09 03:40:00,8.95,0.0,0.0,82.3671427422097,0.0
2025-07-09 03:45:00,8.95,0.0,0.0,82.3671427422097,0.0
2025-07-09 03:50:00,0.01,100.0,0.0,90.27283689263064,-0.08333333333333333
2025-07-09 03:55:00,8.95,0.0,0.0,90.27283689263064,0.0
2025-07-09 04:00:00,8.95,0.0,0.0,90.27283689263064,0.0
2025-07-09 04:05:00,0.01,100.0,0.0,98.17853104305158,-0.08333333333333333
2025-07-09 04:10:00,0.48,100.0,0.0,106.08422519347252,-3.999999999999999
2025-07-09 04:15:00,8.95,0.0,0.0,106.08422519347252,0.0
2025-07-09 04:20:00,8.95,0.0,0.0,106.08422519347252,0.0
2025-07-09 04:25:00,8.95,99.99999999999963,0.0,113.98991934389343,-74.58333333333304
2025-07-09 04:30:00,7.94962,100.0,0.0,121.89561349431438,-66.24683333333333
2025-07-09 04:35:00,8.94982,100.0,0.0,129.80130764473532,-74.58183333333334
2025-07-09 04:40:00,8.95,46.079924729986644,0.0,133.44424555863225,-34.36794386111503
2025-07-09 04:45:00,0.01,100.0,0.0,141.3499397090532,-0.08333333333333333
2025-07-09 04:50:00,8.95,100.0,0.0,149.25563385947413,-74.58333333333331
2025-07-09 04:55:00,0.01,100.0,0.0,157.16132800989507,-0.08333333333333333
2025-07-09 05:00:00,20.0,0.0,100.0,148.37722339831623,166.66666666666663
2025-07-09 05:05:00,8.95,100.0,0.0,156.28291754873717,-74.58333333333331
2025-07-09 05:10:00,8.95,100.0,0.0,164.18861169915812,-74.58333333333331
2025-07-09 05:15:00,6.70043,100.0,0.0,172.09430584957906,-55.83691666666666
2025-07-09 05:20:00,8.95019,0.0,0.0,172.09430584957906,0.0
2025-07-09 05:25:00,8.95,100.0,0.0,180.0,-74.58333333333331
2025-07-09 05:30:00,8.95019,0.0,0.0,180.0,0.0
2025-07-09 05:35:00,42.01,0.0,100.0,171.21589538842116,350.08333333333326
2025-07-09 05:40:00,20.0,0.0,0.0,171.21589538842116,0.0
2025-07-09 05:45:00,20.0,0.0,0.0,171.21589538842116,0.0
2025-07-09 05:50:00,20.0,0.0,0.0,171.21589538842116,0.0
2025-07-09 05:55:00,20.0,0.0,0.0,171.21589538842116,0.0
2025-07-09 06:00:00,20.0,0.0,0.0,171.21589538842116,0.0
2025-07-09 06:05:00,19.17986,100.0,0.0,179.1215895388421,-159.83216666666667
2025-07-09 06:10:00,19.18006,11.111111111111304,0.0,180.0,-17.759314814815124
2025-07-09 06:15:00,20.0,0.0,0.0,180.0,0.0
2025-07-09 06:20:00,62.16341,0.0,0.0,180.0,0.0
2025-07-09 06:25:00,74.71836,0.0,0.0,180.0,0.0
2025-07-09 06:30:00,74.84966,-0.0,0.0,180.0,0.0
2025-07-09 06:35:00,92.46071,0.0,100.0,171.21589538842116,770.5059166666666
2025-07-09 06:40:00,95.90428,0.0,100.0,162.43179077684232,799.2023333333332
2025-07-09 06:45:00,84.55584,0.0,0.0,162.43179077684232,0.0
2025-07-09 06:50:00,81.66253,87.25340860334863,0.0,169.32977839684014,-593.7778414727679
2025-07-09 06:55:00,151.43915,0.0,100.0,160.5456737852613,1261.9929166666666
2025-07-09 07:00:00,128.22607,0.0,100.0,151.76156917368246,1068.5505833333332
2025-07-09 07:05:00,167.7866,0.0,100.0,142.97746456210362,1398.2216666666664
2025-07-09 07:10:00,209.11,0.0,100.0,134.19335995052478,1742.5833333333333
2025-07-09 07:15:00,251.8134,0.0,100.0,125.40925533894595,2098.4449999999997
2025-07-09 07:20:00,145.20685,0.0,100.0,116.62515072736713,1210.0570833333331
2025-07-09 07:25:00,184.02009,0.0,100.0,107.8410461157883,1533.50075
2025-07-09 07:30:00,181.72314,0.0,100.0,99.05694150420948,1514.3594999999998
2025-07-09 07:35:00,139.23,0.0,100.0,90.27283689263065,1160.2499999999998
2025-07-09 07:40:00,139.23,0.0,100.0,81.48873228105182,1160.2499999999998
2025-07-09 07:45:00,139.23,0.0,100.0,72.704627669473,1160.2499999999998
2025-07-09 07:50:00,113.83009,0.0,100.0,63.920523057894165,948.5840833333332
2025-07-09 07:55:00,98.40181,0.0,100.0,55.13641844631533,820.0150833333332
2025-07-09 08:00:00,97.17311,0.0,100.0,46.3523138347365,809.7759166666665
2025-07-09 08:05:00,100.40635,0.0,100.0,37.568209223157666,836.7195833333333
2025-07-09 08:10:00,99.08424,0.0,100.0,28.784104611578833,825.7019999999999
2025-07-09 08:15:00,98.59115,0.0,100.0,20.0,821.5929166666665
2025-07-09 08:20:00,67.64954,0.0,0.0,20.0,0.0
2025-07-09 08:25:00,68.934,0.0,0.0,20.0,0.0
2025-07-09 08:30:00,63.0175,0.0,0.0,20.0,0.0
2025-07-09 08:35:00,69.02913,0.0,-0.0,20.0,-0.0
2025-07-09 08:40:00,64.56851,0.0,0.0,20.0,0.0
2025-07-09 08:45:00,45.41843,0.0,-0.0,20.0,-0.0
2025-07-09 08:50:00,8.95,0.0,0.0,20.0,0.0
2025-07-09 08:55:00,8.95,0.0,-0.0,20.0,-0.0
2025-07-09 09:00:00,0.0,100.0,0.0,27.90569415042095,-0.0
2025-07-09 09:05:00,-5.06,100.0,0.0,35.8113883008419,42.16666666666666
2025-07-09 09:10:00,-9.96,100.0,0.0,43.71708245126285,83.0
2025-07-09 09:15:00,4.19951,0.0,100.0,34.932977839684014,34.99591666666666
2025-07-09 09:20:00,2.8342,0.0,100.0,26.14887322810518,23.61833333333333
2025-07-09 09:25:00,0.41681,0.0,69.99999999999999,20.0,2.4313916666666664
2025-07-09 09:30:00,-9.96,99.99999999999929,0.0,27.905694150420892,82.99999999999942
2025-07-09 09:35:00,-9.83,33.33333333333404,0.0,30.540925533894598,27.305555555556133
2025-07-09 09:40:00,-9.83,100.0,0.0,38.44661968431554,81.91666666666666
2025-07-09 09:45:00,-0.01,0.0,100.0,29.662515072736714,-0.08333333333333333
2025-07-09 09:50:00,-9.96,100.00000000000001,-0.0,37.56820922315765,83.00000000000001
2025-07-09 09:55:00,-9.96,0.0,99.9999999999999,28.784104611578833,-82.99999999999993
2025-07-09 10:00:00,-9.96,0.0,100.0,20.0,-83.0
2025-07-09 10:05:00,-16.5,100.00000000000006,-5.684341886080802e-14,27.905694150420956,137.50000000000017
2025-07-09 10:10:00,-18.14,100.0,0.0,35.811388300841905,151.16666666666666
2025-07-09 10:15:00,-16.49976,0.0,100.0,27.027283689263076,-137.49799999999996
2025-07-09 10:20:00,-16.49976,79.41325806331865,0.0,33.305452986633554,109.19164157190187
2025-07-09 10:25:00,-16.49976,0.0,100.0,24.521348375054718,-137.49799999999996
2025-07-09 10:30:00,-16.5,100.0,0.0,32.42704252547566,137.49999999999997
2025-07-09 10:35:00,-16.49,0.0,100.0,23.64293791389683,-137.41666666666663
2025-07-09 10:40:00,-16.49976,100.0,-0.0,31.54863206431778,137.49799999999996
2025-07-09 10:45:00,-16.49976,0.0,100.0,22.764527452738953,-137.49799999999996
2025-07-09 10:50:00,-16.5,100.00000000000001,-0.0,30.670221603159902,137.5
2025-07-09 10:55:00,-16.5,99.99999999999983,1.7053025658242404e-13,38.57591575358082,137.49999999999952
2025-07-09 11:00:00,-16.5,100.0,0.0,46.48160990400177,137.49999999999997
2025-07-09 11:05:00,-18.0,100.0,-0.0,54.38730405442272,149.99999999999997
2025-07-09 11:10:00,-16.5,100.0,0.0,62.29299820484367,137.49999999999997
2025-07-09 11:15:00,-19.1,100.0,0.0,70.19869235526461,159.16666666666666
2025-07-09 11:20:00,-24.42,100.0,0.0,78.10438650568557,203.49999999999997
2025-07-09 11:25:00,-23.06,100.0,0.0,86.01008065610651,192.16666666666663
2025-07-09 11:30:00,-24.42,100.0,0.0,93.91577480652745,203.49999999999997
2025-07-09 11:35:00,-19.99,100.0,0.0,101.8214689569484,166.5833333333333
2025-07-09 11:40:00,-16.49976,0.0,100.0,93.03736434536957,-137.49799999999996
2025-07-09 11:45:00,-16.5,100.0,0.0,100.94305849579051,137.49999999999997
2025-07-09 11:50:00,-16.49976,-0.0,100.0,92.15895388421168,-137.49799999999996
2025-07-09 11:55:00,-16.49976,0.0,100.0,83.37484927263286,-137.49799999999996
2025-07-09 12:00:00,-16.49976,0.0,100.0,74.59074466105403,-137.49799999999996
2025-07-09 12:05:00,-16.5,100.00000000000009,-8.526512829121202e-14,82.49643881147499,137.50000000000023
2025-07-09 12:10:00,-16.5,100.0,0.0,90.40213296189593,137.49999999999997
2025-07-09 12:15:00,-20.0,100.0,0.0,98.30782711231689,166.66666666666663
2025-07-09 12:20:00,-16.5,99.99999999999994,5.684341886080802e-14,106.21352126273783,137.49999999999983
2025-07-09 12:25:00,-16.5,100.0,0.0,114.11921541315877,137.49999999999997
2025-07-09 12:30:00,-19.99,100.0,0.0,122.02490956357971,166.5833333333333
2025-07-09 12:35:00,-19.99,100.0,0.0,129.93060371400065,166.5833333333333
2025-07-09 12:40:00,-16.49976,100.0,-0.0,137.83629786442162,137.49799999999996
2025-07-09 12:45:00,-16.49976,0.0,100.0,129.05219325284278,-137.49799999999996
2025-07-09 12:50:00,-16.49976,100.0,0.0,136.95788740326373,137.49799999999996
2025-07-09 12:55:00,-16.5,100.00000000000001,-1.4210854715202004e-14,144.86358155368467,137.50000000000003
2025-07-09 13:00:00,-20.0,100.0,0.0,152.7692757041056,166.66666666666663
2025-07-09 13:05:00,-16.49976,100.0,0.0,160.67496985452655,137.49799999999996
2025-07-09 13:10:00,-16.49976,100.0,-0.0,168.5806640049475,137.49799999999996
2025-07-09 13:15:00,-15.03,0.0,100.0,159.79655939336865,-125.24999999999997
2025-07-09 13:20:00,-9.96,0.0,100.0,151.0124547817898,-83.0
2025-07-09 13:25:00,-3.49219,0.0,100.0,142.22835017021097,-29.101583333333327
2025-07-09 13:30:00,-13.12799,0.0,100.0,133.44424555863213,-109.39991666666666
2025-07-09 13:35:00,-9.83,0.0,100.0,124.6601409470533,-81.91666666666666
2025-07-09 13:40:00,-20.0,100.0,0.0,132.56583509747426,166.66666666666663
2025-07-09 13:45:00,-19.27341,100.0,0.0,140.4715292478952,160.61174999999997
2025-07-09 13:50:00,-19.99,100.0,0.0,148.37722339831615,166.5833333333333
2025-07-09 13:55:00,-18.0,100.0,0.0,156.2829175487371,149.99999999999997
2025-07-09 14:00:00,-19.5,100.0,0.0,164.18861169915812,162.49999999999997
2025-07-09 14:05:00,-16.49976,100.0,0.0,172.09430584957906,137.49799999999996
2025-07-09 14:10:00,-16.49976,100.00000000000011,-1.1368683772161603e-13,180.0,137.4980000000003
2025-07-09 14:15:00,-0.00975,0.0,0.0,180.0,-0.0
2025-07-09 14:20:00,12.31976,0.0,100.0,171.21589538842116,102.66466666666666
2025-07-09 14:25:00,33.42644,0.0,100.0,162.43179077684232,278.55366666666663
2025-07-09 14:30:00,8.95,0.0,69.99999999999959,156.28291754873717,52.208333333333016
2025-07-09 14:35:00,-4.56217,100.0,0.0,164.18861169915812,38.01808333333333
2025-07-09 14:40:00,8.95,0.0,0.0,164.18861169915812,0.0
2025-07-09 14:45:00,-3.78732,100.0,0.0,172.09430584957906,31.560999999999993
2025-07-09 14:50:00,5.87402,100.0,0.0,180.0,-48.95016666666666
2025-07-09 14:55:00,8.95,0.0,0.0,180.0,0.0
2025-07-09 15:00:00,20.0,0.0,0.0,180.0,0.0
2025-07-09 15:05:00,34.73996,0.0,100.0,171.21589538842116,289.49966666666666
2025-07-09 15:10:00,41.17239,0.0,100.0,162.43179077684232,343.10324999999995
2025-07-09 15:15:00,40.38737,0.0,100.0,153.64768616526348,336.5614166666666
2025-07-09 15:20:00,14.01558,100.0,0.0,161.55338031568442,-116.79649999999998
2025-07-09 15:25:00,20.0,33.33333333333391,0.0,164.18861169915812,-55.55555555555651
2025-07-09 15:30:00,19.99583,100.0,0.0,172.09430584957906,-166.63191666666665
2025-07-09 15:35:00,19.99583,100.0,0.0,180.0,-166.63191666666665
2025-07-09 15:40:00,39.11353,0.0,100.0,171.21589538842116,325.94608333333326
2025-07-09 15:45:00,40.13999,0.0,100.0,162.43179077684232,334.4999166666666
2025-07-09 15:50:00,67.56129,0.0,100.0,153.64768616526348,563.0107499999999
2025-07-09 15:55:00,54.32554,0.0,100.0,144.86358155368464,452.71283333333326
2025-07-09 16:00:00,36.76,0.0,100.0,136.0794769421058,306.33333333333326
2025-07-09 16:05:00,20.04,100.0,0.0,143.98517109252674,-166.99999999999997
2025-07-09 16:10:00,20.76,66.66666666666782,0.0,149.25563385947413,-115.33333333333533
2025-07-09 16:15:00,19.18,100.0,0.0,157.16132800989507,-159.83333333333331
2025-07-09 16:20:00,27.50288,0.0,100.0,148.37722339831623,229.19066666666663
2025-07-09 16:25:00,18.61049,100.0,0.0,156.28291754873717,-155.08741666666663
2025-07-09 16:30:00,6.00815,100.0,0.0,164.18861169915812,-50.067916666666655
2025-07-09 16:35:00,12.75371,100.0,0.0,172.09430584957906,-106.28091666666666
2025-07-09 16:40:00,18.19614,100.0,0.0,180.0,-151.63449999999997
2025-07-09 16:45:00,33.2607,0.0,-0.0,180.0,-0.0
2025-07-09 16:50:00,142.59703,0.0,0.0,180.0,0.0
2025-07-09 16:55:00,182.03561,0.0,100.0,171.21589538842116,1516.9634166666665
2025-07-09 17:00:00,200.68185,0.0,100.0,162.43179077684232,1672.3487499999997
2025-07-09 17:05:00,132.29688,0.0,0.0,162.43179077684232,0.0
2025-07-09 17:10:00,133.15153,0.0,0.0,162.43179077684232,0.0
2025-07-09 17:15:00,144.39702,0.0,100.0,153.64768616526348,1203.3084999999999
2025-07-09 17:20:00,292.05035,0.0,100.0,144.86358155368464,2433.7529166666664
2025-07-09 17:25:00,308.2456,0.0,100.0,136.0794769421058,2568.713333333333
2025-07-09 17:30:00,363.78741,0.0,100.0,127.29537233052697,3031.56175
2025-07-09 17:35:00,315.50163,0.0,100.0,118.51126771894815,2629.1802499999994
2025-07-09 17:40:00,204.2993,0.0,100.0,109.72716310736932,1702.4941666666664
2025-07-09 17:45:00,327.12518,0.0,100.0,100.9430584957905,2726.0431666666664
2025-07-09 17:50:00,150.63786,0.0,100.0,92.15895388421167,1255.3154999999997
2025-07-09 17:55:00,219.04595,0.0,100.0,83.37484927263284,1825.3829166666665
2025-07-09 18:00:00,131.5787,0.0,0.0,83.37484927263284,0.0
2025-07-09 18:05:00,121.55213,100.0,0.0,91.28054342305379,-1012.9344166666666
2025-07-09 18:10:00,135.47042,0.0,0.0,91.28054342305379,0.0
2025-07-09 18:15:00,106.54,100.0,0.0,99.18623757347473,-887.8333333333333
2025-07-09 18:20:00,131.5785,0.0,0.0,99.18623757347473,0.0
2025-07-09 18:25:00,131.57884,0.0,0.0,99.18623757347473,0.0
2025-07-09 18:30:00,106.54,100.0,0.0,107.09193172389567,-887.8333333333333
2025-07-09 18:35:00,318.36452,0.0,100.0,98.30782711231684,2653.0376666666666
2025-07-09 18:40:00,304.69283,0.0,100.0,89.52372250073802,2539.1069166666666
2025-07-09 18:45:00,211.5571,0.0,100.0,80.73961788915919,1762.975833333333
2025-07-09 18:50:00,275.96648,0.0,100.0,71.95551327758037,2299.720666666666
2025-07-09 18:55:00,284.96891,0.0,100.0,63.171408666001525,2374.740916666666
2025-07-09 19:00:00,301.29309,0.0,100.0,54.38730405442269,2510.77575
2025-07-09 19:05:00,282.75,0.0,100.0,45.60319944284386,2356.2499999999995
2025-07-09 19:10:00,295.50745,0.0,100.0,36.819094831265026,2462.5620833333332
2025-07-09 19:15:00,263.02034,0.0,100.0,28.034990219686193,2191.836166666666
2025-07-09 19:20:00,143.97189,0.0,91.47193225698624,20.0,1097.4489140825228
2025-07-09 19:25:00,100.84034,100.0,0.0,27.90569415042095,-840.3361666666665
2025-07-09 19:30:00,99.77181,100.0,0.0,35.8113883008419,-831.4317499999999
2025-07-09 19:35:00,121.55227,0.0,100.0,27.027283689263065,1012.9355833333332
2025-07-09 19:40:00,88.52766,100.0,0.0,34.932977839684014,-737.7304999999999
2025-07-09 19:45:00,121.55213,0.0,100.0,26.14887322810518,1012.9344166666666
2025-07-09 19:50:00,105.00611,0.0,0.0,26.14887322810518,0.0
2025-07-09 19:55:00,103.35086,44.44444444444449,0.0,29.662515072736717,-382.7809629629634
2025-07-09 20:00:00,99.15471,100.0,0.0,37.568209223157666,-826.2892499999998
2025-07-09 20:05:00,121.55165,0.0,100.0,28.784104611578833,1012.9304166666665
2025-07-09 20:10:00,121.55165,0.0,100.0,20.0,1012.9304166666665
2025-07-09 20:15:00,31.80596,100.0,0.0,27.90569415042095,-265.0496666666666
2025-07-09 20:20:00,-39.51,100.0,0.0,35.81138830084189,329.24999999999994
2025-07-09 20:25:00,-16.49951,100.0,0.0,43.71708245126284,137.49591666666666
2025-07-09 20:30:00,-9.83,100.0,0.0,51.62277660168379,81.91666666666666
2025-07-09 20:35:00,110.64723,0.0,100.0,42.838671990104956,922.0602499999998
2025-07-09 20:40:00,110.64725,0.0,100.0,34.05456737852612,922.0604166666666
2025-07-09 20:45:00,98.98871,0.0,0.0,34.05456737852612,0.0
2025-07-09 20:50:00,100.40635,0.0,0.0,34.05456737852612,0.0
2025-07-09 20:55:00,100.66713,0.0,59.9999999999999,28.784104611578833,503.33564999999913
2025-07-09 21:00:00,95.31708,0.0,0.0,28.784104611578833,0.0
2025-07-09 21:05:00,100.93879,0.0,100.0,20.0,841.1565833333332
2025-07-09 21:10:00,99.75405,0.0,0.0,20.0,0.0
2025-07-09 21:15:00,88.49559,0.0,0.0,20.0,0.0
2025-07-09 21:20:00,85.79795,0.0,0.0,20.0,0.0
2025-07-09 21:25:00,72.14384,100.0,0.0,27.90569415042095,-601.1986666666666
2025-07-09 21:30:00,85.19474,0.0,0.0,27.90569415042095,0.0
2025-07-09 21:35:00,72.98846,100.0,0.0,35.8113883008419,-608.2371666666666
2025-07-09 21:40:00,73.79987,100.0,0.0,43.71708245126285,-614.9989166666666
2025-07-09 21:45:00,73.62401,100.0,0.0,51.622776601683796,-613.5334166666665
2025-07-09 21:50:00,65.48546,100.0,0.0,59.528470752104745,-545.7121666666666
2025-07-09 21:55:00,68.29575,100.0,0.0,67.4341649025257,-569.1312499999999
2025-07-09 22:00:00,69.86993,100.0,0.0,75.33985905294664,-582.2494166666665
2025-07-09 22:05:00,85.25812,0.0,0.0,75.33985905294664,0.0
2025-07-09 22:10:00,84.43211,0.0,0.0,75.33985905294664,0.0
2025-07-09 22:15:00,102.29634,0.0,100.0,66.55575444136781,852.4694999999999
2025-07-09 22:20:00,99.63205,0.0,100.0,57.77164982978898,830.2670833333333
2025-07-09 22:25:00,94.53653,0.0,100.0,48.987545218210144,787.8044166666665
2025-07-09 22:30:00,99.40864,0.0,100.0,40.20344060663131,828.4053333333333
2025-07-09 22:35:00,83.3969,100.0,0.0,48.10913475705226,-694.9741666666666
2025-07-09 22:40:00,83.20272,100.0,0.0,56.01482890747321,-693.3559999999999
2025-07-09 22:45:00,85.62594,0.0,0.0,56.01482890747321,0.0
2025-07-09 22:50:00,81.20996,100.0,0.0,63.92052305789416,-676.7496666666665
2025-07-09 22:55:00,72.80003,100.0,0.0,71.8262172083151,-606.6669166666667
2025-07-09 23:00:00,72.2576,100.0,0.0,79.73191135873604,-602.1466666666665
2025-07-09 23:05:00,83.11007,100.0,0.0,87.63760550915698,-692.5839166666665
2025-07-09 23:10:00,97.4639,0.0,100.0,78.85350089757816,812.1991666666665
2025-07-09 23:15:00,100.62459,0.0,100.0,70.06939628599933,838.5382499999998
2025-07-09 23:20:00,95.00024,0.0,100.0,61.2852916744205,791.6686666666666
2025-07-09 23:25:00,99.3766,0.0,100.0,52.501187062841666,828.1383333333332
2025-07-09 23:30:00,78.85243,100.0,0.0,60.406881213262615,-657.1035833333332
2025-07-09 23:35:00,90.56303,0.0,0.0,60.406881213262615,0.0
2025-07-09 23:40:00,93.30443,0.0,0.0,60.406881213262615,0.0
2025-07-09 23:45:00,93.94379,0.0,100.0,51.62277660168378,782.8649166666667
2025-07-09 23:50:00,98.31251,0.0,100.0,42.83867199010495,819.2709166666666
2025-07-09 23:55:00,87.12286,0.0,0.0,42.83867199010495,0.0
2025-07-10 00:00:00,88.75966,0.0,0.0,42.83867199010495,0.0
2025-07-10 00:05:00,88.77158,0.0,0.0,42.83867199010495,0.0
2025-07-10 00:10:00,94.98706,0.0,100.0,34.054567378526116,791.5588333333333
2025-07-10 00:15:00,93.47312,0.0,59.999999999999815,28.784104611578833,467.3655999999985
2025-07-10 00:20:00,99.50655,0.0,100.0,20.0,829.2212499999999
2025-07-10 00:25:00,92.02139,0.0,0.0,20.0,0.0
2025-07-10 00:30:00,80.07106,100.0,0.0,27.90569415042095,-667.2588333333333
2025-07-10 00:35:00,81.95595,0.0,0.0,27.90569415042095,0.0
2025-07-10 00:40:00,81.49316,33.33333333333337,0.0,30.5409255338946,-226.36988888888914
2025-07-10 00:45:00,75.29494,100.0,0.0,38.44661968431555,-627.4578333333333
2025-07-10 00:50:00,74.64037,100.0,0.0,46.3523138347365,-622.0030833333333
2025-07-10 00:55:00,82.3177,0.0,0.0,46.3523138347365,0.0
2025-07-10 01:00:00,81.59299,0.0,0.0,46.3523138347365,0.0
2025-07-10 01:05:00,94.63376,0.0,100.0,37.568209223157666,788.6146666666665
2025-07-10 01:10:00,98.92613,0.0,100.0,28.784104611578833,824.3844166666665
2025-07-10 01:15:00,97.57966,0.0,100.0,20.0,813.1638333333333
2025-07-10 01:20:00,84.13815,0.0,0.0,20.0,0.0
2025-07-10 01:25:00,73.04104,0.0,0.0,20.0,0.0
2025-07-10 01:30:00,72.745,0.0,0.0,20.0,0.0
2025-07-10 01:35:00,72.47666,11.111111111111123,0.0,20.878410461157884,-67.10801851851859
2025-07-10 01:40:00,72.71397,0.0,0.0,20.878410461157884,0.0
2025-07-10 01:45:00,72.00051,100.0,0.0,28.784104611578833,-600.00425
2025-07-10 01:50:00,72.71872,0.0,0.0,28.784104611578833,0.0
2025-07-10 01:55:00,73.86186,0.0,0.0,28.784104611578833,0.0
2025-07-10 02:00:00,72.6464,0.0,0.0,28.784104611578833,0.0
2025-07-10 02:05:00,80.26601,0.0,0.0,28.784104611578833,0.0
2025-07-10 02:10:00,81.29752,0.0,100.0,20.0,677.4793333333333
2025-07-10 02:15:00,73.14161,0.0,0.0,20.0,0.0
2025-07-10 02:20:00,71.93507,0.0,0.0,20.0,0.0
2025-07-10 02:25:00,69.64734,0.0,0.0,20.0,0.0
2025-07-10 02:30:00,68.98886,-0.0,0.0,20.0,0.0
2025-07-10 02:35:00,70.97803,0.0,0.0,20.0,0.0
2025-07-10 02:40:00,71.46942,0.0,0.0,20.0,0.0
2025-07-10 02:45:00,70.72638,0.0,0.0,20.0,0.0
2025-07-10 02:50:00,70.81126,0.0,0.0,20.0,0.0
2025-07-10 02:55:00,70.70661,0.0,0.0,20.0,0.0
2025-07-10 03:00:00,70.19266,0.0,0.0,20.0,0.0
2025-07-10 03:05:00,69.17023,0.0,0.0,20.0,0.0
2025-07-10 03:10:00,66.10627,0.0,0.0,20.0,0.0
2025-07-10 03:15:00,50.11863,100.0,0.0,27.90569415042095,-417.65524999999997
2025-07-10 03:20:00,49.38808,100.0,0.0,35.8113883008419,-411.5673333333333
2025-07-10 03:25:00,49.31425,100.0,0.0,43.71708245126285,-410.9520833333333
2025-07-10 03:30:00,54.65115,100.0,0.0,51.622776601683796,-455.4262499999999
2025-07-10 03:35:00,49.2862,100.0,0.0,59.528470752104745,-410.7183333333333
2025-07-10 03:40:00,64.16083,0.0,100.0,50.74436614052591,534.6735833333333
2025-07-10 03:45:00,66.83427,0.0,100.0,41.96026152894708,556.9522499999999
2025-07-10 03:50:00,64.22536,0.0,100.0,33.176156917368246,535.2113333333332
2025-07-10 03:55:00,60.6386,0.0,0.0,33.176156917368246,0.0
2025-07-10 04:00:00,48.24887,100.0,0.0,41.081851067789195,-402.0739166666666
2025-07-10 04:05:00,61.27477,0.0,0.0,41.081851067789195,0.0
2025-07-10 04:10:00,64.291,0.0,100.0,32.29774645621036,535.7583333333332
2025-07-10 04:15:00,62.1136,0.0,0.0,32.29774645621036,0.0
2025-07-10 04:20:00,59.87634,0.0,0.0,32.29774645621036,0.0
2025-07-10 04:25:00,65.16763,0.0,100.0,23.51364184463153,543.0635833333333
2025-07-10 04:30:00,63.99327,0.0,39.99999999999996,20.0,213.31089999999978
2025-07-10 04:35:00,19.18,100.0,0.0,27.90569415042095,-159.83333333333331
2025-07-10 04:40:00,19.76731,100.0,0.0,35.8113883008419,-164.72758333333329
2025-07-10 04:45:00,19.18,100.0,0.0,43.71708245126285,-159.83333333333331
2025-07-10 04:50:00,19.18,100.0,0.0,51.622776601683796,-159.83333333333331
2025-07-10 04:55:00,19.18,100.0,0.0,59.528470752104745,-159.83333333333331
2025-07-10 05:00:00,19.18,100.0,0.0,67.4341649025257,-159.83333333333331
2025-07-10 05:05:00,20.0,100.0,0.0,75.33985905294664,-166.66666666666663
2025-07-10 05:10:00,19.28495,100.0,0.0,83.24555320336758,-160.70791666666662
2025-07-10 05:15:00,20.0,100.0,0.0,91.15124735378852,-166.66666666666663
2025-07-10 05:20:00,19.18,100.0,0.0,99.05694150420946,-159.83333333333331
2025-07-10 05:25:00,20.0,100.0,0.0,106.9626356546304,-166.66666666666663
2025-07-10 05:30:00,19.18,100.0,0.0,114.86832980505135,-159.83333333333331
2025-07-10 05:35:00,8.95,100.0,0.0,122.77402395547229,-74.58333333333331
2025-07-10 05:40:00,20.53,100.0,0.0,130.67971810589324,-171.08333333333331
2025-07-10 05:45:00,26.26213,100.0,0.0,138.58541225631419,-218.8510833333333
2025-07-10 05:50:00,28.17274,100.0,0.0,146.49110640673513,-234.7728333333333
2025-07-10 05:55:00,19.18,100.0,0.0,154.39680055715607,-159.83333333333331
2025-07-10 06:00:00,19.18,100.0,0.0,162.302494707577,-159.83333333333331
2025-07-10 06:05:00,33.65155,100.0,0.0,170.20818885799795,-280.4295833333333
2025-07-10 06:10:00,33.68063,100.0,0.0,178.1138830084189,-280.6719166666666
2025-07-10 06:15:00,35.94,0.0,0.0,178.1138830084189,0.0
2025-07-10 06:20:00,35.94,23.857702507763676,0.0,180.0,-71.4538190107522
2025-07-10 06:25:00,68.02507,0.0,100.0,171.21589538842116,566.8755833333332
2025-07-10 06:30:00,44.3941,0.0,71.4719322569859,164.93772609105076,264.4110089841548
2025-07-10 06:35:00,65.64382,0.0,100.0,156.15362147947192,547.0318333333333
2025-07-10 06:40:00,66.5375,0.0,100.0,147.36951686789308,554.4791666666665
2025-07-10 06:45:00,57.48252,0.0,100.0,138.58541225631424,479.02099999999996
2025-07-10 06:50:00,20.00007,100.0,0.0,146.49110640673518,-166.66725
2025-07-10 06:55:00,44.94817,0.0,100.0,137.70700179515634,374.5680833333333
2025-07-10 07:00:00,19.18,100.0,0.0,145.6126959455773,-159.83333333333331
2025-07-10 07:05:00,20.0,100.0,0.0,153.51839009599823,-166.66666666666663
2025-07-10 07:10:00,23.23,100.0,0.0,161.42408424641917,-193.58333333333331
2025-07-10 07:15:00,98.95831,0.0,100.0,152.63997963484033,824.6525833333332
2025-07-10 07:20:00,104.58688,0.0,100.0,143.8558750232615,871.5573333333332
2025-07-10 07:25:00,107.60013,0.0,100.0,135.07177041168265,896.6677499999998
2025-07-10 07:30:00,95.34224,0.0,100.0,126.28766580010382,794.5186666666666
2025-07-10 07:35:00,102.32026,0.0,100.0,117.503561188525,852.6688333333333
2025-07-10 07:40:00,105.42096,0.0,100.0,108.71945657694617,878.5079999999998
2025-07-10 07:45:00,104.78,0.0,100.0,99.93535196536735,873.1666666666665
2025-07-10 07:50:00,99.20622,0.0,100.0,91.15124735378852,826.7185
2025-07-10 07:55:00,72.47525,0.0,100.0,82.3671427422097,603.9604166666666
2025-07-10 08:00:00,70.06163,0.0,100.0,73.58303813063087,583.8469166666665
2025-07-10 08:05:00,42.19288,0.0,0.0,73.58303813063087,0.0
2025-07-10 08:10:00,55.2394,0.0,100.0,64.79893351905204,460.3283333333333
2025-07-10 08:15:00,67.41016,0.0,100.0,56.014828907473216,561.7513333333333
2025-07-10 08:20:00,56.97561,0.0,100.0,47.23072429589438,474.79675
2025-07-10 08:25:00,69.45,0.0,100.0,38.44661968431555,578.7499999999999
2025-07-10 08:30:00,68.33473,0.0,100.0,29.662515072736717,569.4560833333331
2025-07-10 08:35:00,47.97161,0.0,100.0,20.878410461157884,399.7634166666666
2025-07-10 08:40:00,33.93844,100.0,0.0,28.784104611578833,-282.8203333333333
2025-07-10 08:45:00,46.04691,0.0,100.0,20.0,383.7242499999999
2025-07-10 08:50:00,43.91973,0.0,0.0,20.0,0.0
2025-07-10 08:55:00,35.31951,0.0,0.0,20.0,0.0
2025-07-10 09:00:00,34.56835,100.0,0.0,27.90569415042095,-288.0695833333333
2025-07-10 09:05:00,35.04164,11.111111111111123,0.0,28.784104611578833,-32.445962962963
2025-07-10 09:10:00,61.75016,0.0,100.0,20.0,514.5846666666666
2025-07-10 09:15:00,5.80713,100.0,0.0,27.90569415042095,-48.39274999999999
2025-07-10 09:20:00,-0.01,100.0,0.0,35.8113883008419,0.08333333333333333
2025-07-10 09:25:00,0.00992,100.0,0.0,43.71708245126285,-0.08266666666666665
2025-07-10 09:30:00,43.12332,0.0,100.0,34.932977839684014,359.36099999999993
2025-07-10 09:35:00,23.61007,0.0,100.0,26.14887322810518,196.7505833333333
2025-07-10 09:40:00,8.95052,100.0,0.0,34.05456737852613,-74.58766666666665
2025-07-10 09:45:00,8.95,100.0,0.0,41.96026152894708,-74.58333333333331
2025-07-10 09:50:00,19.53658,0.0,29.99999999999995,39.325030145473434,48.84144999999992
2025-07-10 09:55:00,20.57578,0.0,100.0,30.5409255338946,171.46483333333333
2025-07-10 10:00:00,-0.01,100.0,0.0,38.44661968431555,0.08333333333333333
2025-07-10 10:05:00,2.43127,100.0,0.0,46.3523138347365,-20.26058333333333
2025-07-10 10:10:00,41.43323,0.0,100.0,37.568209223157666,345.27691666666664
2025-07-10 10:15:00,20.04,0.0,100.0,28.784104611578833,166.99999999999997
2025-07-10 10:20:00,20.04,0.0,100.0,20.0,166.99999999999997
2025-07-10 10:25:00,4.93179,100.0,0.0,27.90569415042095,-41.09825
2025-07-10 10:30:00,19.18,0.0,90.00000000000001,20.0,143.85000000000002
2025-07-10 10:35:00,-9.83,100.0,0.0,27.90569415042095,81.91666666666666
2025-07-10 10:40:00,-16.49976,100.0,0.0,35.8113883008419,137.49799999999996
2025-07-10 10:45:00,-9.96,100.0,0.0,43.71708245126285,83.0
2025-07-10 10:50:00,-15.03,100.0,0.0,51.622776601683796,125.24999999999997
2025-07-10 10:55:00,-15.03,100.0,0.0,59.528470752104745,125.24999999999997
2025-07-10 11:00:00,-0.01,100.0,0.0,67.4341649025257,0.08333333333333333
2025-07-10 11:05:00,7.62958,0.0,100.0,58.65006029094686,63.579833333333326
2025-07-10 11:10:00,8.9498,0.0,100.0,49.86595567936803,74.58166666666665
2025-07-10 11:15:00,-0.01,100.0,0.0,57.77164982978898,0.08333333333333333
2025-07-10 11:20:00,-9.83,100.0,0.0,65.67734398020993,81.91666666666666
2025-07-10 11:25:00,-5.06,100.0,0.0,73.58303813063087,42.16666666666666
2025-07-10 11:30:00,8.95,0.0,100.0,64.79893351905204,74.58333333333331
2025-07-10 11:35:00,8.95,0.0,100.0,56.01482890747321,74.58333333333331
2025-07-10 11:40:00,-9.83,100.0,0.0,63.92052305789416,81.91666666666666
2025-07-10 11:45:00,-16.49976,100.0,0.0,71.8262172083151,137.49799999999996
2025-07-10 11:50:00,-16.49976,100.0,0.0,79.73191135873604,137.49799999999996
2025-07-10 11:55:00,-16.49976,100.0,0.0,87.63760550915698,137.49799999999996
2025-07-10 12:00:00,-16.49952,100.0,0.0,95.54329965957793,137.49599999999998
2025-07-10 12:05:00,-11.53325,100.0,0.0,103.44899380999887,96.11041666666665
2025-07-10 12:10:00,-9.96,100.0,0.0,111.35468796041981,83.0
2025-07-10 12:15:00,-5.06,100.0,0.0,119.26038211084075,42.16666666666666
2025-07-10 12:20:00,-15.18724,100.0,0.0,127.1660762612617,126.5603333333333
2025-07-10 12:25:00,-9.96,100.0,0.0,135.07177041168265,83.0
2025-07-10 12:30:00,0.0,0.0,78.52806774300925,128.17378279168523,0.0
2025-07-10 12:35:00,4.61778,0.0,100.0,119.38967818010639,38.48149999999999
2025-07-10 12:40:00,8.52018,0.0,100.0,110.60557356852756,71.0015
2025-07-10 12:45:00,0.0,0.0,2.7502465059442446e-12,110.60557356852732,0.0
2025-07-10 12:50:00,-16.5,100.0,0.0,118.51126771894826,137.49999999999997
2025-07-10 12:55:00,-9.96,100.0,0.0,126.4169618693692,83.0
2025-07-10 13:00:00,-12.95767,100.0,0.0,134.32265601979014,107.98058333333331
2025-07-10 13:05:00,11.68402,0.0,100.0,125.53855140821132,97.36683333333332
2025-07-10 13:10:00,8.36781,0.0,100.0,116.7544467966325,69.73174999999999
2025-07-10 13:15:00,8.95,0.0,100.0,107.97034218505367,74.58333333333331
2025-07-10 13:20:00,-9.96,100.0,0.0,115.87603633547461,83.0
2025-07-10 13:25:00,-9.96,100.0,0.0,123.78173048589555,83.0
2025-07-10 13:30:00,6.41619,0.0,100.0,114.99762587431673,53.46825
2025-07-10 13:35:00,0.0,100.0,0.0,122.90332002473767,-0.0
2025-07-10 13:40:00,-9.96,100.0,0.0,130.8090141751586,83.0
2025-07-10 13:45:00,10.90001,0.0,100.0,122.02490956357977,90.83341666666665
2025-07-10 13:50:00,16.54977,0.0,100.0,113.24080495200094,137.91474999999997
2025-07-10 13:55:00,8.95,0.0,100.0,104.45670034042212,74.58333333333331
2025-07-10 14:00:00,20.04,0.0,100.0,95.67259572884329,166.99999999999997
2025-07-10 14:05:00,10.17796,0.0,100.0,86.88849111726446,84.81633333333333
2025-07-10 14:10:00,-16.49976,100.0,0.0,94.7941852676854,137.49799999999996
2025-07-10 14:15:00,-16.49976,100.0,0.0,102.69987941810635,137.49799999999996
2025-07-10 14:20:00,-16.49976,100.0,0.0,110.60557356852729,137.49799999999996
2025-07-10 14:25:00,13.13322,0.0,100.0,101.82146895694846,109.44349999999999
2025-07-10 14:30:00,8.9502,0.0,100.0,93.03736434536964,74.585
2025-07-10 14:35:00,-16.49976,100.0,0.0,100.94305849579058,137.49799999999996
2025-07-10 14:40:00,-16.49976,100.0,0.0,108.84875264621152,137.49799999999996
2025-07-10 14:45:00,0.0,100.0,0.0,116.75444679663246,-0.0
2025-07-10 14:50:00,-16.49976,100.0,0.0,124.6601409470534,137.49799999999996
2025-07-10 14:55:00,-16.0,100.0,0.0,132.56583509747435,133.33333333333331
2025-07-10 15:00:00,0.0,100.0,0.0,140.4715292478953,-0.0
2025-07-10 15:05:00,-9.96,100.0,0.0,148.37722339831623,83.0
2025-07-10 15:10:00,-9.96,100.0,0.0,156.28291754873717,83.0
2025-07-10 15:15:00,-9.83,100.0,0.0,164.18861169915812,81.91666666666666
2025-07-10 15:20:00,-9.83,100.0,0.0,172.09430584957906,81.91666666666666
2025-07-10 15:25:00,-9.83,100.0,0.0,180.0,81.91666666666666
2025-07-10 15:30:00,8.95,-0.0,0.0,180.0,0.0
2025-07-10 15:35:00,20.04,0.0,59.99999999999941,174.72953723305275,100.199999999999
2025-07-10 15:40:00,20.04,0.0,0.0,174.72953723305275,0.0
2025-07-10 15:45:00,22.86792,0.0,100.0,165.9454326214739,190.56599999999997
2025-07-10 15:50:00,8.95,100.0,0.0,173.85112677189485,-74.58333333333331
2025-07-10 15:55:00,25.66925,0.0,100.0,165.06702216031601,213.91041666666666
2025-07-10 16:00:00,24.98768,0.0,100.0,156.28291754873717,208.23066666666665
2025-07-10 16:05:00,-9.83,100.0,0.0,164.18861169915812,81.91666666666666
2025-07-10 16:10:00,-9.96,100.0,0.0,172.09430584957906,83.0
2025-07-10 16:15:00,8.95,100.0,0.0,180.0,-74.58333333333331
2025-07-10 16:20:00,34.72335,0.0,0.0,180.0,0.0
2025-07-10 16:25:00,72.30152,-0.0,0.0,180.0,0.0
2025-07-10 16:30:00,85.3066,-0.0,0.0,180.0,0.0
2025-07-10 16:35:00,110.90704,0.0,-0.0,180.0,-0.0
2025-07-10 16:40:00,137.7846,0.0,100.0,171.21589538842116,1148.205
2025-07-10 16:45:00,140.55,0.0,100.0,162.43179077684232,1171.25
2025-07-10 16:50:00,163.70109,0.0,100.0,153.64768616526348,1364.1757499999997
2025-07-10 16:55:00,134.25,0.0,100.0,144.86358155368464,1118.7499999999998
2025-07-10 17:00:00,119.98661,0.0,100.0,136.0794769421058,999.8884166666666
2025-07-10 17:05:00,107.34013,100.0,0.0,143.98517109252674,-894.5010833333332
2025-07-10 17:10:00,105.8831,100.0,0.0,151.89086524294768,-882.3591666666665
2025-07-10 17:15:00,105.06,100.0,0.0,159.79655939336863,-875.4999999999999
2025-07-10 17:20:00,112.5971,0.0,0.0,159.79655939336863,0.0
2025-07-10 17:25:00,123.2558,0.0,100.0,151.01245478178978,1027.1316666666664
2025-07-10 17:30:00,120.60724,0.0,100.0,142.22835017021094,1005.0603333333332
2025-07-10 17:35:00,120.66094,0.0,100.0,133.4442455586321,1005.5078333333331
2025-07-10 17:40:00,125.42,0.0,100.0,124.66014094705328,1045.1666666666665
2025-07-10 17:45:00,121.86197,0.0,100.0,115.87603633547445,1015.5164166666665
2025-07-10 17:50:00,122.02,0.0,100.0,107.09193172389563,1016.8333333333331
2025-07-10 17:55:00,115.46726,0.0,0.0,107.09193172389563,0.0
2025-07-10 18:00:00,119.5,0.0,100.0,98.3078271123168,995.8333333333331
2025-07-10 18:05:00,121.49816,0.0,100.0,89.52372250073797,1012.4846666666665
2025-07-10 18:10:00,119.5,0.0,100.0,80.73961788915915,995.8333333333331
2025-07-10 18:15:00,116.85503,0.0,0.0,80.73961788915915,0.0
2025-07-10 18:20:00,119.5,0.0,91.47193225698575,72.704627669473,910.9079920591497
2025-07-10 18:25:00,119.5,0.0,0.0,72.704627669473,0.0
2025-07-10 18:30:00,119.5,0.0,0.0,72.704627669473,0.0
2025-07-10 18:35:00,121.65657,0.0,100.0,63.920523057894165,1013.8047499999999
2025-07-10 18:40:00,107.91867,0.0,0.0,63.920523057894165,0.0
2025-07-10 18:45:00,114.09043,0.0,0.0,63.920523057894165,0.0
2025-07-10 18:50:00,110.1984,0.0,0.0,63.920523057894165,0.0
2025-07-10 18:55:00,121.03237,0.0,100.0,55.13641844631533,1008.6030833333332
2025-07-10 19:00:00,111.32053,0.0,0.0,55.13641844631533,0.0
2025-07-10 19:05:00,122.02,0.0,100.0,46.3523138347365,1016.8333333333331
2025-07-10 19:10:00,125.83215,0.0,100.0,37.568209223157666,1048.60125
2025-07-10 19:15:00,113.61545,0.0,0.0,37.568209223157666,0.0
2025-07-10 19:20:00,122.02,0.0,100.0,28.784104611578833,1016.8333333333331
2025-07-10 19:25:00,122.02,0.0,100.0,20.0,1016.8333333333331
2025-07-10 19:30:00,111.96962,0.0,0.0,20.0,0.0
2025-07-10 19:35:00,112.62546,0.0,0.0,20.0,0.0
2025-07-10 19:40:00,118.22968,0.0,0.0,20.0,0.0
2025-07-10 19:45:00,108.91838,0.0,0.0,20.0,0.0
2025-07-10 19:50:00,109.37046,0.0,0.0,20.0,0.0
2025-07-10 19:55:00,105.42,0.0,-0.0,20.0,-0.0
2025-07-10 20:00:00,99.74731,0.0,0.0,20.0,0.0
2025-07-10 20:05:00,105.03643,0.0,0.0,20.0,0.0
2025-07-10 20:10:00,105.42,0.0,-0.0,20.0,-0.0
2025-07-10 20:15:00,102.06684,0.0,0.0,20.0,0.0
2025-07-10 20:20:00,90.43694,-0.0,0.0,20.0,0.0
2025-07-10 20:25:00,91.39593,0.0,0.0,20.0,0.0
2025-07-10 20:30:00,89.93158,-0.0,0.0,20.0,0.0
2025-07-10 20:35:00,90.87358,0.0,0.0,20.0,0.0
2025-07-10 20:40:00,90.06973,0.0,0.0,20.0,0.0
2025-07-10 20:45:00,90.0786,0.0,0.0,20.0,0.0
2025-07-10 20:50:00,90.1029,0.0,0.0,20.0,0.0
2025-07-10 20:55:00,82.7836,0.0,0.0,20.0,0.0
2025-07-10 21:00:00,81.45935,0.0,0.0,20.0,0.0
2025-07-10 21:05:00,89.37817,0.0,0.0,20.0,0.0
2025-07-10 21:10:00,80.85344,0.0,-0.0,20.0,-0.0
2025-07-10 21:15:00,76.05413,0.0,0.0,20.0,0.0
2025-07-10 21:20:00,70.94842,0.0,-0.0,20.0,-0.0
2025-07-10 21:25:00,70.92224,0.0,0.0,20.0,0.0
2025-07-10 21:30:00,69.53164,0.0,0.0,20.0,0.0
2025-07-10 21:35:00,67.41604,0.0,0.0,20.0,0.0
2025-07-10 21:40:00,67.86679,0.0,0.0,20.0,0.0
2025-07-10 21:45:00,48.70442,0.0,0.0,20.0,0.0
2025-07-10 21:50:00,46.44494,22.222222222222246,0.0,21.756820922315768,-86.00914814814824
2025-07-10 21:55:00,45.15641,100.0,0.0,29.662515072736717,-376.30341666666664
2025-07-10 22:00:00,35.97367,100.0,0.0,37.568209223157666,-299.78058333333325
2025-07-10 22:05:00,48.19448,0.0,0.0,37.568209223157666,0.0
2025-07-10 22:10:00,60.40925,0.0,100.0,28.784104611578833,503.4104166666666
2025-07-10 22:15:00,60.59036,0.0,100.0,20.0,504.91966666666656
2025-07-10 22:20:00,46.99267,0.0,-0.0,20.0,-0.0
2025-07-10 22:25:00,8.94977,100.0,0.0,27.90569415042095,-74.58141666666666
2025-07-10 22:30:00,8.95,0.0,0.0,27.90569415042095,0.0
2025-07-10 22:35:00,8.85,100.0,0.0,35.8113883008419,-73.74999999999999
2025-07-10 22:40:00,7.95021,100.0,0.0,43.71708245126285,-66.25174999999999
2025-07-10 22:45:00,0.01,100.0,0.0,51.622776601683796,-0.08333333333333333
2025-07-10 22:50:00,0.01,100.0,0.0,59.528470752104745,-0.08333333333333333
2025-07-10 22:55:00,8.95,0.0,0.0,59.528470752104745,0.0
2025-07-10 23:00:00,8.95,0.0,0.0,59.528470752104745,0.0
2025-07-10 23:05:00,6.94979,100.0,0.0,67.4341649025257,-57.91491666666666
2025-07-10 23:10:00,0.01,100.0,0.0,75.33985905294664,-0.08333333333333333
2025-07-10 23:15:00,20.0,0.0,100.0,66.55575444136781,166.66666666666663
2025-07-10 23:20:00,8.94979,100.0,0.0,74.46144859178875,-74.58158333333333
2025-07-10 23:25:00,8.95,0.0,0.0,74.46144859178875,0.0
2025-07-10 23:30:00,20.0,0.0,100.0,65.67734398020993,166.66666666666663
2025-07-10 23:35:00,8.95,0.0,0.0,65.67734398020993,0.0
2025-07-10 23:40:00,8.95,0.0,0.0,65.67734398020993,0.0
2025-07-10 23:45:00,8.95,0.0,0.0,65.67734398020993,0.0
2025-07-10 23:50:00,8.95,0.0,0.0,65.67734398020993,0.0
2025-07-10 23:55:00,8.95,0.0,0.0,65.67734398020993,0.0
2025-07-11 00:00:00,8.95,0.0,0.0,65.67734398020993,0.0
2025-07-11 00:05:00,8.95,0.0,0.0,65.67734398020993,0.0
2025-07-11 00:10:00,8.95,0.0,0.0,65.67734398020993,0.0
2025-07-11 00:15:00,8.95,0.0,0.0,65.67734398020993,0.0
2025-07-11 00:20:00,8.95,0.0,0.0,65.67734398020993,0.0
2025-07-11 00:25:00,8.94983,100.0,0.0,73.58303813063087,-74.58191666666666
2025-07-11 00:30:00,8.95,0.0,0.0,73.58303813063087,0.0
2025-07-11 00:35:00,8.95,0.0,0.0,73.58303813063087,0.0
2025-07-11 00:40:00,21.76,0.0,100.0,64.79893351905204,181.33333333333331
2025-07-11 00:45:00,8.95,0.0,0.0,64.79893351905204,0.0
2025-07-11 00:50:00,8.95,0.0,0.0,64.79893351905204,0.0
2025-07-11 00:55:00,8.95,0.0,0.0,64.79893351905204,0.0
2025-07-11 01:00:00,8.95023,0.0,0.0,64.79893351905204,0.0
2025-07-11 01:05:00,8.95,0.0,0.0,64.79893351905204,0.0
2025-07-11 01:10:00,8.95,0.0,0.0,64.79893351905204,0.0
2025-07-11 01:15:00,8.95,0.0,0.0,64.79893351905204,0.0
2025-07-11 01:20:00,8.94953,100.0,0.0,72.70462766947298,-74.57941666666665
2025-07-11 01:25:00,8.9505,0.0,0.0,72.70462766947298,0.0
2025-07-11 01:30:00,3e-05,100.0,0.0,80.61032181989393,-0.00024999999999999995
2025-07-11 01:35:00,20.04,0.0,100.0,71.8262172083151,166.99999999999997
2025-07-11 01:40:00,8.95,0.0,0.0,71.8262172083151,0.0
2025-07-11 01:45:00,5.26,100.0,0.0,79.73191135873604,-43.83333333333333
2025-07-11 01:50:00,8.95,0.0,0.0,79.73191135873604,0.0
2025-07-11 01:55:00,12.42,0.0,100.0,70.94780674715722,103.49999999999999
2025-07-11 02:00:00,8.95,0.0,0.0,70.94780674715722,0.0
2025-07-11 02:05:00,8.95,0.0,0.0,70.94780674715722,0.0
2025-07-11 02:10:00,8.95,0.0,0.0,70.94780674715722,0.0
2025-07-11 02:15:00,8.95,0.0,0.0,70.94780674715722,0.0
2025-07-11 02:20:00,5.26,100.0,0.0,78.85350089757816,-43.83333333333333
2025-07-11 02:25:00,8.15,100.0,0.0,86.7591950479991,-67.91666666666666
2025-07-11 02:30:00,8.95,0.0,0.0,86.7591950479991,0.0
2025-07-11 02:35:00,5.26,100.0,0.0,94.66488919842004,-43.83333333333333
2025-07-11 02:40:00,8.95,0.0,0.0,94.66488919842004,0.0
2025-07-11 02:45:00,12.42,0.0,100.0,85.88078458684122,103.49999999999999
2025-07-11 02:50:00,8.95,0.0,0.0,85.88078458684122,0.0
2025-07-11 02:55:00,12.42,0.0,100.0,77.09667997526239,103.49999999999999
2025-07-11 03:00:00,8.95,0.0,0.0,77.09667997526239,0.0
2025-07-11 03:05:00,11.57,0.0,100.0,68.31257536368356,96.41666666666666
2025-07-11 03:10:00,12.42,0.0,100.0,59.52847075210473,103.49999999999999
2025-07-11 03:15:00,8.95,0.0,0.0,59.52847075210473,0.0
2025-07-11 03:20:00,8.95,0.0,0.0,59.52847075210473,0.0
2025-07-11 03:25:00,5.26,100.0,0.0,67.43416490252568,-43.83333333333333
2025-07-11 03:30:00,8.95,0.0,0.0,67.43416490252568,0.0
2025-07-11 03:35:00,8.95,-0.0,0.0,67.43416490252568,0.0
2025-07-11 03:40:00,3e-05,100.0,0.0,75.33985905294662,-0.00024999999999999995
2025-07-11 03:45:00,8.95,0.0,0.0,75.33985905294662,0.0
2025-07-11 03:50:00,8.64042,100.0,0.0,83.24555320336756,-72.00349999999999
2025-07-11 03:55:00,8.95,68.30214695220926,0.0,88.64531203958029,-50.94201793518939
2025-07-11 04:00:00,3e-05,100.0,0.0,96.55100619000123,-0.00024999999999999995
2025-07-11 04:05:00,3e-05,100.0,0.0,104.45670034042217,-0.00024999999999999995
2025-07-11 04:10:00,5.26,100.0,0.0,112.36239449084312,-43.83333333333333
2025-07-11 04:15:00,7.95027,100.0,0.0,120.26808864126406,-66.25224999999999
2025-07-11 04:20:00,8.95012,0.0,0.0,120.26808864126406,0.0
2025-07-11 04:25:00,8.95012,0.0,0.0,120.26808864126406,0.0
2025-07-11 04:30:00,5.26,100.0,0.0,128.173782791685,-43.83333333333333
2025-07-11 04:35:00,8.94954,100.0,0.0,136.07947694210594,-74.5795
2025-07-11 04:40:00,5.26,100.0,0.0,143.98517109252688,-43.83333333333333
2025-07-11 04:45:00,20.0,0.0,100.0,135.20106648094804,166.66666666666663
2025-07-11 04:50:00,8.95,100.0,0.0,143.10676063136899,-74.58333333333331
2025-07-11 04:55:00,8.95,100.0,0.0,151.01245478178993,-74.58333333333331
2025-07-11 05:00:00,8.95014,0.0,0.0,151.01245478178993,0.0
2025-07-11 05:05:00,5.26,100.0,0.0,158.91814893221087,-43.83333333333333
2025-07-11 05:10:00,8.95,100.0,0.0,166.8238430826318,-74.58333333333331
2025-07-11 05:15:00,32.76318,0.0,100.0,158.03973847105297,273.02649999999994
2025-07-11 05:20:00,32.07644,0.0,100.0,149.25563385947413,267.30366666666663
2025-07-11 05:25:00,20.0,0.0,100.0,140.4715292478953,166.66666666666663
2025-07-11 05:30:00,8.95,100.0,0.0,148.37722339831623,-74.58333333333331
2025-07-11 05:35:00,8.95,100.0,0.0,156.28291754873717,-74.58333333333331
2025-07-11 05:40:00,8.95,100.0,0.0,164.18861169915812,-74.58333333333331
2025-07-11 05:45:00,8.95,100.0,0.0,172.09430584957906,-74.58333333333331
2025-07-11 05:50:00,8.95,100.0,0.0,180.0,-74.58333333333331
2025-07-11 05:55:00,20.0,0.0,0.0,180.0,0.0
2025-07-11 06:00:00,20.38,0.0,89.99999999999993,172.09430584957906,152.84999999999985
2025-07-11 06:05:00,8.95,100.0,0.0,180.0,-74.58333333333331
2025-07-11 06:10:00,55.77919,0.0,0.0,180.0,0.0
2025-07-11 06:15:00,55.51454,0.0,0.0,180.0,0.0
2025-07-11 06:20:00,52.53745,0.0,0.0,180.0,0.0
2025-07-11 06:25:00,84.48687,0.0,100.0,171.21589538842116,704.0572499999998
2025-07-11 06:30:00,20.0,100.0,0.0,179.1215895388421,-166.66666666666663
2025-07-11 06:35:00,65.56,11.111111111111304,0.0,180.0,-60.70370370370476
2025-07-11 06:40:00,86.05124,0.0,0.0,180.0,0.0
2025-07-11 06:45:00,88.55791,0.0,100.0,171.21589538842116,737.9825833333333
2025-07-11 06:50:00,86.10011,0.0,0.0,171.21589538842116,0.0
2025-07-11 06:55:00,89.07343,0.0,100.0,162.43179077684232,742.2785833333332
2025-07-11 07:00:00,90.66738,0.0,100.0,153.64768616526348,755.5614999999998
2025-07-11 07:05:00,90.20662,0.0,100.0,144.86358155368464,751.7218333333333
2025-07-11 07:10:00,89.8766,0.0,100.0,136.0794769421058,748.9716666666666
2025-07-11 07:15:00,90.51105,0.0,100.0,127.29537233052697,754.2587499999998
2025-07-11 07:20:00,94.75207,0.0,100.0,118.51126771894815,789.6005833333332
2025-07-11 07:25:00,89.99664,0.0,100.0,109.72716310736932,749.9719999999999
2025-07-11 07:30:00,93.26576,0.0,100.0,100.9430584957905,777.2146666666665
2025-07-11 07:35:00,88.8502,0.0,100.0,92.15895388421167,740.4183333333332
2025-07-11 07:40:00,89.4404,0.0,100.0,83.37484927263284,745.3366666666666
2025-07-11 07:45:00,84.77756,0.0,0.0,83.37484927263284,0.0
2025-07-11 07:50:00,83.86673,0.0,0.0,83.37484927263284,0.0
2025-07-11 07:55:00,88.40708,0.0,100.0,74.59074466105402,736.7256666666665
2025-07-11 08:00:00,89.07343,0.0,100.0,65.80664004947519,742.2785833333332
2025-07-11 08:05:00,89.29778,0.0,100.0,57.02253543789636,744.1481666666666
2025-07-11 08:10:00,92.09352,0.0,100.0,48.238430826317526,767.4459999999999
2025-07-11 08:15:00,89.54214,0.0,100.0,39.45432621473869,746.1845
2025-07-11 08:20:00,88.60007,0.0,100.0,30.67022160315986,738.3339166666666
2025-07-11 08:25:00,88.85956,0.0,100.0,21.88611699158103,740.4963333333333
2025-07-11 08:30:00,83.06686,0.0,0.0,21.88611699158103,0.0
2025-07-11 08:35:00,65.56,100.0,0.0,29.791811142001976,-546.3333333333333
2025-07-11 08:40:00,88.22655,0.0,0.0,29.791811142001976,0.0
2025-07-11 08:45:00,75.8,100.0,0.0,37.697505292422925,-631.6666666666665
2025-07-11 08:50:00,87.93277,0.0,0.0,37.697505292422925,0.0
2025-07-11 08:55:00,89.54214,0.0,100.0,28.91340068084409,746.1845
2025-07-11 09:00:00,89.3166,0.0,100.0,20.12929606926526,744.3049999999998
2025-07-11 09:05:00,88.37573,0.0,1.4719322569863973,20.0,10.840257310143372
2025-07-11 09:10:00,75.8,0.0,0.0,20.0,0.0
2025-07-11 09:15:00,60.61373,0.0,0.0,20.0,0.0
2025-07-11 09:20:00,60.1914,0.0,0.0,20.0,0.0
2025-07-11 09:25:00,60.34293,0.0,0.0,20.0,0.0
2025-07-11 09:30:00,42.19,0.0,-0.0,20.0,-0.0
2025-07-11 09:35:00,42.19,0.0,0.0,20.0,0.0
2025-07-11 09:40:00,41.45,0.0,0.0,20.0,0.0
2025-07-11 09:45:00,42.19,0.0,-0.0,20.0,-0.0
2025-07-11 09:50:00,33.012,100.0,0.0,27.90569415042095,-275.09999999999997
2025-07-11 09:55:00,33.09578,11.111111111111123,0.0,28.784104611578833,-30.644240740740774
2025-07-11 10:00:00,33.17999,0.0,0.0,28.784104611578833,0.0
2025-07-11 10:05:00,41.45,0.0,100.0,20.0,345.41666666666663
2025-07-11 10:10:00,20.0,100.0,0.0,27.90569415042095,-166.66666666666663
2025-07-11 10:15:00,31.99645,0.0,90.00000000000001,20.0,239.97337500000003
2025-07-11 10:20:00,20.0,22.222222222222246,0.0,21.756820922315768,-37.03703703703708
2025-07-11 10:25:00,5.26,100.0,0.0,29.662515072736717,-43.83333333333333
2025-07-11 10:30:00,0.05,100.0,0.0,37.568209223157666,-0.41666666666666663
2025-07-11 10:35:00,31.57,0.0,100.0,28.784104611578833,263.0833333333333
2025-07-11 10:40:00,35.94,0.0,100.0,20.0,299.49999999999994
2025-07-11 10:45:00,-5.06,100.0,0.0,27.90569415042095,42.16666666666666
2025-07-11 10:50:00,0.04,100.0,0.0,35.81138830084189,-0.3333333333333333
2025-07-11 10:55:00,0.0,100.0,0.0,43.71708245126284,-0.0
2025-07-11 11:00:00,19.18,0.0,0.0,43.71708245126284,0.0
2025-07-11 11:05:00,19.18,0.0,0.0,43.71708245126284,0.0
2025-07-11 11:10:00,19.18,0.0,0.0,43.71708245126284,0.0
2025-07-11 11:15:00,19.99896,0.0,0.0,43.71708245126284,0.0
2025-07-11 11:20:00,19.99896,0.0,0.0,43.71708245126284,0.0
2025-07-11 11:25:00,19.18,-0.0,0.0,43.71708245126284,0.0
2025-07-11 11:30:00,5.26,100.0,0.0,51.62277660168379,-43.83333333333333
2025-07-11 11:35:00,19.18,68.30214695220826,0.0,57.02253543789644,-109.1695982119462
2025-07-11 11:40:00,20.0,0.0,0.0,57.02253543789644,0.0
2025-07-11 11:45:00,31.57,0.0,100.0,48.238430826317604,263.0833333333333
2025-07-11 11:50:00,27.09214,0.0,100.0,39.45432621473877,225.7678333333333
2025-07-11 11:55:00,19.18,0.0,0.0,39.45432621473877,0.0
2025-07-11 12:00:00,5.26,100.0,0.0,47.36002036515972,-43.83333333333333
2025-07-11 12:05:00,19.18,0.0,0.0,47.36002036515972,0.0
2025-07-11 12:10:00,19.18,100.0,0.0,55.26571451558067,-159.83333333333331
2025-07-11 12:15:00,0.05,100.0,0.0,63.17140866600162,-0.41666666666666663
2025-07-11 12:20:00,0.05,100.0,0.0,71.07710281642257,-0.41666666666666663
2025-07-11 12:25:00,0.04,100.0,0.0,78.98279696684351,-0.3333333333333333
2025-07-11 12:30:00,8.94998,100.0,0.0,86.88849111726446,-74.58316666666666
2025-07-11 12:35:00,8.94998,100.0,0.0,94.7941852676854,-74.58316666666666
2025-07-11 12:40:00,9.17592,100.0,0.0,102.69987941810635,-76.46599999999998
2025-07-11 12:45:00,9.2734,100.0,0.0,110.60557356852729,-77.27833333333332
2025-07-11 12:50:00,13.0827,100.0,0.0,118.51126771894823,-109.0225
2025-07-11 12:55:00,42.19,0.0,100.0,109.7271631073694,351.58333333333326
2025-07-11 13:00:00,20.0,0.0,0.0,109.7271631073694,0.0
2025-07-11 13:05:00,19.99583,0.0,0.0,109.7271631073694,0.0
2025-07-11 13:10:00,19.99583,0.0,0.0,109.7271631073694,0.0
2025-07-11 13:15:00,13.09195,100.0,0.0,117.63285725779035,-109.09958333333333
2025-07-11 13:20:00,14.93016,100.0,0.0,125.5385514082113,-124.41799999999999
2025-07-11 13:25:00,13.61436,100.0,0.0,133.44424555863225,-113.45299999999997
2025-07-11 13:30:00,19.18,100.0,0.0,141.3499397090532,-159.83333333333331
2025-07-11 13:35:00,19.18005,0.0,0.0,141.3499397090532,0.0
2025-07-11 13:40:00,41.45,0.0,100.0,132.56583509747435,345.41666666666663
2025-07-11 13:45:00,0.04,100.0,0.0,140.4715292478953,-0.3333333333333333
2025-07-11 13:50:00,0.00583,100.0,0.0,148.37722339831623,-0.048583333333333326
2025-07-11 13:55:00,7.13503,100.0,0.0,156.28291754873717,-59.45858333333333
2025-07-11 14:00:00,9.66782,100.0,0.0,164.18861169915812,-80.56516666666666
2025-07-11 14:05:00,16.84544,100.0,0.0,172.09430584957906,-140.37866666666665
2025-07-11 14:10:00,20.0,0.0,0.0,172.09430584957906,0.0
2025-07-11 14:15:00,20.0,0.0,0.0,172.09430584957906,0.0
2025-07-11 14:20:00,19.18,100.0,0.0,180.0,-159.83333333333331
2025-07-11 14:25:00,23.33802,0.0,0.0,180.0,0.0
2025-07-11 14:30:00,34.73305,0.0,-0.0,180.0,-0.0
2025-07-11 14:35:00,67.50446,0.0,100.0,171.21589538842116,562.5371666666665
2025-07-11 14:40:00,62.16784,0.0,100.0,162.43179077684232,518.0653333333332
2025-07-11 14:45:00,42.19,100.0,0.0,170.33748492726326,-351.58333333333326
2025-07-11 14:50:00,50.94367,44.44444444444522,0.0,173.85112677189485,-188.68025925926253
2025-07-11 14:55:00,62.48828,0.0,100.0,165.06702216031601,520.7356666666666
2025-07-11 15:00:00,60.57907,0.0,100.0,156.28291754873717,504.82558333333327
2025-07-11 15:05:00,41.45,100.0,0.0,164.18861169915812,-345.41666666666663
2025-07-11 15:10:00,41.45,100.0,0.0,172.09430584957906,-345.41666666666663
2025-07-11 15:15:00,20.0,100.0,0.0,180.0,-166.66666666666663
2025-07-11 15:20:00,62.00885,0.0,89.99999999999993,172.09430584957906,465.06637499999965
2025-07-11 15:25:00,20.0,100.0,0.0,180.0,-166.66666666666663
2025-07-11 15:30:00,60.03544,0.0,0.0,180.0,0.0
2025-07-11 15:35:00,61.07174,0.0,0.0,180.0,0.0
2025-07-11 15:40:00,72.48882,0.0,89.99999999999993,172.09430584957906,543.6661499999996
2025-07-11 15:45:00,61.85068,100.0,0.0,180.0,-515.4223333333332
2025-07-11 15:50:00,89.23,0.0,100.0,171.21589538842116,743.5833333333333
2025-07-11 15:55:00,75.8,0.0,69.99999999999959,165.06702216031601,442.166666666664
2025-07-11 16:00:00,85.2808,0.0,100.0,156.28291754873717,710.6733333333332
2025-07-11 16:05:00,60.89778,100.0,0.0,164.18861169915812,-507.4814999999999
2025-07-11 16:10:00,61.31211,100.0,0.0,172.09430584957906,-510.9342499999999
2025-07-11 16:15:00,61.99942,100.0,0.0,180.0,-516.6618333333332
2025-07-11 16:20:00,88.71578,0.0,-0.0,180.0,-0.0
2025-07-11 16:25:00,101.25687,0.0,89.99999999999993,172.09430584957906,759.4265249999994
2025-07-11 16:30:00,100.0,0.0,0.0,172.09430584957906,0.0
2025-07-11 16:35:00,91.11643,100.0,0.0,180.0,-759.3035833333332
2025-07-11 16:40:00,100.91425,0.0,0.0,180.0,0.0
2025-07-11 16:45:00,101.93117,0.0,-0.0,180.0,-0.0
2025-07-11 16:50:00,135.46166,0.0,89.99999999999993,172.09430584957906,1015.9624499999991
2025-07-11 16:55:00,107.89228,100.0,0.0,180.0,-899.1023333333331
2025-07-11 17:00:00,160.14284,0.0,100.0,171.21589538842116,1334.5236666666665
2025-07-11 17:05:00,143.76964,0.0,100.0,162.43179077684232,1198.0803333333333
2025-07-11 17:10:00,133.66138,0.0,0.0,162.43179077684232,0.0
2025-07-11 17:15:00,134.17416,0.0,0.0,162.43179077684232,0.0
2025-07-11 17:20:00,140.0,0.0,0.0,162.43179077684232,0.0
2025-07-11 17:25:00,140.0,0.0,0.0,162.43179077684232,0.0
2025-07-11 17:30:00,152.96715,0.0,100.0,153.64768616526348,1274.72625
2025-07-11 17:35:00,136.06741,0.0,0.0,153.64768616526348,0.0
2025-07-11 17:40:00,176.17934,0.0,100.0,144.86358155368464,1468.1611666666665
2025-07-11 17:45:00,170.25,0.0,100.0,136.0794769421058,1418.7499999999998
2025-07-11 17:50:00,145.94164,0.0,100.0,127.29537233052697,1216.1803333333332
2025-07-11 17:55:00,147.56441,0.0,100.0,118.51126771894815,1229.7034166666665
2025-07-11 18:00:00,175.64,0.0,100.0,109.72716310736932,1463.6666666666663
2025-07-11 18:05:00,139.25908,0.0,0.0,109.72716310736932,0.0
2025-07-11 18:10:00,144.02526,0.0,100.0,100.9430584957905,1200.2105
2025-07-11 18:15:00,136.5057,0.0,0.0,100.9430584957905,0.0
2025-07-11 18:20:00,140.55,0.0,100.0,92.15895388421167,1171.25
2025-07-11 18:25:00,147.0255,0.0,100.0,83.37484927263284,1225.2124999999999
2025-07-11 18:30:00,139.20776,0.0,0.0,83.37484927263284,0.0
2025-07-11 18:35:00,140.55,0.0,100.0,74.59074466105402,1171.25
2025-07-11 18:40:00,134.25,0.0,0.0,74.59074466105402,0.0
2025-07-11 18:45:00,140.55,0.0,100.0,65.80664004947519,1171.25
2025-07-11 18:50:00,136.38854,0.0,0.0,65.80664004947519,0.0
2025-07-11 18:55:00,140.0,0.0,0.0,65.80664004947519,0.0
2025-07-11 19:00:00,134.25,0.0,0.0,65.80664004947519,0.0
2025-07-11 19:05:00,134.25,0.0,0.0,65.80664004947519,0.0
2025-07-11 19:10:00,130.39969,0.0,0.0,65.80664004947519,0.0
2025-07-11 19:15:00,140.55,0.0,100.0,57.02253543789636,1171.25
2025-07-11 19:20:00,152.09466,0.0,100.0,48.238430826317526,1267.4554999999998
2025-07-11 19:25:00,140.55,0.0,100.0,39.45432621473869,1171.25
2025-07-11 19:30:00,133.11,0.0,0.0,39.45432621473869,0.0
2025-07-11 19:35:00,137.73584,0.0,0.0,39.45432621473869,0.0
2025-07-11 19:40:00,134.25,0.0,0.0,39.45432621473869,0.0
2025-07-11 19:45:00,156.05477,0.0,100.0,30.67022160315986,1300.4564166666664
2025-07-11 19:50:00,155.3157,0.0,100.0,21.886116991581027,1294.2974999999997
2025-07-11 19:55:00,140.55,0.0,11.471932256986406,20.878410461157884,134.3650065599533
2025-07-11 20:00:00,138.87674,0.0,0.0,20.878410461157884,0.0
2025-07-11 20:05:00,125.80926,100.0,0.0,28.784104611578833,-1048.4104999999997
2025-07-11 20:10:00,129.16293,0.0,0.0,28.784104611578833,0.0
2025-07-11 20:15:00,132.35199,0.0,0.0,28.784104611578833,0.0
2025-07-11 20:20:00,160.75006,0.0,100.0,20.0,1339.5838333333331
2025-07-11 20:25:00,105.37839,100.0,0.0,27.90569415042095,-878.1532499999998
2025-07-11 20:30:00,125.49,33.33333333333337,0.0,30.5409255338946,-348.5833333333337
2025-07-11 20:35:00,125.10706,100.0,0.0,38.44661968431555,-1042.5588333333333
2025-07-11 20:40:00,106.57491,100.0,0.0,46.3523138347365,-888.1242499999998
2025-07-11 20:45:00,135.12508,0.0,0.0,46.3523138347365,0.0
2025-07-11 20:50:00,165.9775,0.0,100.0,37.568209223157666,1383.145833333333
2025-07-11 20:55:00,169.9073,0.0,100.0,28.784104611578833,1415.8941666666665
2025-07-11 21:00:00,140.37409,0.0,100.0,20.0,1169.7840833333332
2025-07-11 21:05:00,132.72,0.0,0.0,20.0,0.0
2025-07-11 21:10:00,116.85503,0.0,0.0,20.0,0.0
2025-07-11 21:15:00,111.88905,11.111111111111123,0.0,20.878410461157884,-103.60097222222234
2025-07-11 21:20:00,111.55278,100.0,0.0,28.784104611578833,-929.6064999999999
2025-07-11 21:25:00,128.66718,0.0,100.0,20.0,1072.2264999999998
2025-07-11 21:30:00,110.28571,0.0,0.0,20.0,0.0
2025-07-11 21:35:00,106.1432,0.0,0.0,20.0,0.0
2025-07-11 21:40:00,102.79727,100.0,0.0,27.90569415042095,-856.6439166666665
2025-07-11 21:45:00,104.51933,0.0,0.0,27.90569415042095,0.0
2025-07-11 21:50:00,100.0,100.0,0.0,35.8113883008419,-833.3333333333333
2025-07-11 21:55:00,100.0,100.0,0.0,43.71708245126285,-833.3333333333333
2025-07-11 22:00:00,92.18775,100.0,0.0,51.622776601683796,-768.2312499999998
2025-07-11 22:05:00,100.0,100.0,0.0,59.528470752104745,-833.3333333333333
2025-07-11 22:10:00,101.68316,100.0,0.0,67.4341649025257,-847.3596666666665
2025-07-11 22:15:00,102.52888,100.0,0.0,75.33985905294664,-854.4073333333332
2025-07-11 22:20:00,100.0,100.0,0.0,83.24555320336758,-833.3333333333333
2025-07-11 22:25:00,101.23954,100.0,0.0,91.15124735378852,-843.6628333333333
2025-07-11 22:30:00,100.0,100.0,0.0,99.05694150420946,-833.3333333333333
2025-07-11 22:35:00,101.87273,100.0,0.0,106.9626356546304,-848.9394166666666
2025-07-11 22:40:00,100.20678,100.0,0.0,114.86832980505135,-835.0564999999998
2025-07-11 22:45:00,101.80361,100.0,0.0,122.77402395547229,-848.3634166666666
2025-07-11 22:50:00,101.04508,100.0,0.0,130.67971810589324,-842.0423333333332
2025-07-11 22:55:00,101.0054,100.0,0.0,138.58541225631419,-841.7116666666665
2025-07-11 23:00:00,90.51516,100.0,0.0,146.49110640673513,-754.2929999999999
2025-07-11 23:05:00,100.0,100.0,0.0,154.39680055715607,-833.3333333333333
2025-07-11 23:10:00,103.13569,100.0,0.0,162.302494707577,-859.4640833333332
2025-07-11 23:15:00,100.0,100.0,0.0,170.20818885799795,-833.3333333333333
2025-07-11 23:20:00,103.37486,0.0,0.0,170.20818885799795,0.0
2025-07-11 23:25:00,101.89928,100.0,0.0,178.1138830084189,-849.1606666666665
2025-07-11 23:30:00,103.25262,23.857702507763676,0.0,180.0,-205.28085759226414
2025-07-11 23:35:00,104.59361,0.0,0.0,180.0,0.0
2025-07-11 23:40:00,104.08447,0.0,0.0,180.0,0.0
2025-07-11 23:45:00,111.95927,0.0,0.0,180.0,0.0
2025-07-11 23:50:00,130.37239,0.0,100.0,171.21589538842116,1086.4365833333331
2025-07-11 23:55:00,103.89,100.0,0.0,179.1215895388421,-865.7499999999999
2025-07-12 00:00:00,170.22,0.0,100.0,170.33748492726326,1418.4999999999998
2025-07-12 00:05:00,130.64608,0.0,100.0,161.55338031568442,1088.7173333333333
2025-07-12 00:10:00,120.95629,0.0,0.0,161.55338031568442,0.0
2025-07-12 00:15:00,132.72,0.0,100.0,152.76927570410558,1105.9999999999998
2025-07-12 00:20:00,135.20824,0.0,100.0,143.98517109252674,1126.735333333333
2025-07-12 00:25:00,136.51175,0.0,100.0,135.2010664809479,1137.5979166666666
2025-07-12 00:30:00,117.48411,0.0,0.0,135.2010664809479,0.0
2025-07-12 00:35:00,120.0664,0.0,0.0,135.2010664809479,0.0
2025-07-12 00:40:00,136.01136,0.0,100.0,126.41696186936908,1133.4279999999999
2025-07-12 00:45:00,170.22,0.0,100.0,117.63285725779025,1418.4999999999998
2025-07-12 00:50:00,136.22442,0.0,100.0,108.84875264621142,1135.2034999999998
2025-07-12 00:55:00,175.64,0.0,100.0,100.0646480346326,1463.6666666666663
2025-07-12 01:00:00,130.64749,0.0,100.0,91.28054342305377,1088.7290833333332
2025-07-12 01:05:00,175.64,0.0,100.0,82.49643881147495,1463.6666666666663
2025-07-12 01:10:00,162.52191,0.0,100.0,73.71233419989612,1354.3492499999998
2025-07-12 01:15:00,178.34774,0.0,100.0,64.9282295883173,1486.2311666666662
2025-07-12 01:20:00,164.12951,0.0,100.0,56.14412497673846,1367.7459166666665
2025-07-12 01:25:00,127.32015,0.0,100.0,47.36002036515963,1061.0012499999998
2025-07-12 01:30:00,140.81173,0.0,100.0,38.575915753580794,1173.4310833333332
2025-07-12 01:35:00,124.27715,0.0,1.4719322569862354,38.44661968431555,15.243962157609744
2025-07-12 01:40:00,113.86118,0.0,0.0,38.44661968431555,0.0
2025-07-12 01:45:00,116.97579,0.0,0.0,38.44661968431555,0.0
2025-07-12 01:50:00,113.27787,0.0,0.0,38.44661968431555,0.0
2025-07-12 01:55:00,114.55767,0.0,0.0,38.44661968431555,0.0
2025-07-12 02:00:00,102.52888,100.0,0.0,46.3523138347365,-854.4073333333332
2025-07-12 02:05:00,130.64488,0.0,100.0,37.568209223157666,1088.7073333333333
2025-07-12 02:10:00,135.7796,0.0,100.0,28.784104611578833,1131.4966666666664
2025-07-12 02:15:00,166.19078,0.0,100.0,20.0,1384.9231666666665
2025-07-12 02:20:00,115.44712,0.0,0.0,20.0,0.0
2025-07-12 02:25:00,102.26189,100.0,0.0,27.90569415042095,-852.1824166666665
2025-07-12 02:30:00,116.49823,0.0,0.0,27.90569415042095,0.0
2025-07-12 02:35:00,116.91669,0.0,90.00000000000001,20.0,876.8751750000001
2025-07-12 02:40:00,114.51036,0.0,0.0,20.0,0.0
2025-07-12 02:45:00,101.46921,0.0,0.0,20.0,0.0
2025-07-12 02:50:00,90.32238,100.0,0.0,27.90569415042095,-752.6864999999999
2025-07-12 02:55:00,101.46921,0.0,90.00000000000001,20.0,761.0190750000002
2025-07-12 03:00:00,91.07653,-0.0,0.0,20.0,0.0
2025-07-12 03:05:00,90.0,0.0,0.0,20.0,0.0
2025-07-12 03:10:00,89.86392,0.0,0.0,20.0,0.0
2025-07-12 03:15:00,90.0,0.0,0.0,20.0,0.0
2025-07-12 03:20:00,90.0,0.0,0.0,20.0,0.0
2025-07-12 03:25:00,89.86392,0.0,0.0,20.0,0.0
2025-07-12 03:30:00,78.94898,100.0,0.0,27.90569415042095,-657.9081666666666
2025-07-12 03:35:00,83.82691,100.0,0.0,35.8113883008419,-698.5575833333332
2025-07-12 03:40:00,83.46047,100.0,0.0,43.71708245126285,-695.5039166666666
2025-07-12 03:45:00,86.57727,100.0,0.0,51.622776601683796,-721.4772499999999
2025-07-12 03:50:00,82.97516,100.0,0.0,59.528470752104745,-691.4596666666666
2025-07-12 03:55:00,81.75839,100.0,0.0,67.4341649025257,-681.3199166666666
2025-07-12 04:00:00,83.58276,100.0,0.0,75.33985905294664,-696.5229999999998
2025-07-12 04:05:00,91.0,0.0,0.0,75.33985905294664,0.0
2025-07-12 04:10:00,90.13152,0.0,0.0,75.33985905294664,0.0
2025-07-12 04:15:00,84.46828,100.0,0.0,83.24555320336758,-703.9023333333332
2025-07-12 04:20:00,83.01669,100.0,0.0,91.15124735378852,-691.8057499999999
2025-07-12 04:25:00,82.64486,100.0,0.0,99.05694150420946,-688.7071666666665
2025-07-12 04:30:00,81.88202,100.0,0.0,106.9626356546304,-682.3501666666665
2025-07-12 04:35:00,83.06958,100.0,0.0,114.86832980505135,-692.2465
2025-07-12 04:40:00,86.51416,100.0,0.0,122.77402395547229,-720.9513333333333
2025-07-12 04:45:00,80.82337,100.0,0.0,130.67971810589324,-673.5280833333333
2025-07-12 04:50:00,86.56398,100.0,0.0,138.58541225631419,-721.3664999999999
2025-07-12 04:55:00,95.35105,0.0,0.0,138.58541225631419,0.0
2025-07-12 05:00:00,94.64478,0.0,0.0,138.58541225631419,0.0
2025-07-12 05:05:00,86.06941,100.0,0.0,146.49110640673513,-717.2450833333332
2025-07-12 05:10:00,94.14914,0.0,0.0,146.49110640673513,0.0
2025-07-12 05:15:00,86.56663,100.0,0.0,154.39680055715607,-721.3885833333333
2025-07-12 05:20:00,95.81816,0.0,0.0,154.39680055715607,0.0
2025-07-12 05:25:00,86.64626,100.0,0.0,162.302494707577,-722.0521666666665
2025-07-12 05:30:00,86.05977,100.0,0.0,170.20818885799795,-717.1647499999999
2025-07-12 05:35:00,87.47857,23.857702507763676,0.0,172.09430584957906,-173.91980823871504
2025-07-12 05:40:00,87.21848,100.0,0.0,180.0,-726.8206666666665
2025-07-12 05:45:00,93.12071,0.0,0.0,180.0,0.0
2025-07-12 05:50:00,95.6148,0.0,0.0,180.0,0.0
2025-07-12 05:55:00,96.12821,0.0,0.0,180.0,0.0
2025-07-12 06:00:00,99.45799,0.0,-0.0,180.0,-0.0
2025-07-12 06:05:00,99.71105,0.0,-0.0,180.0,-0.0
2025-07-12 06:10:00,109.56379,0.0,0.0,180.0,0.0
2025-07-12 06:15:00,104.44061,0.0,0.0,180.0,0.0
2025-07-12 06:20:00,105.16208,0.0,0.0,180.0,0.0
2025-07-12 06:25:00,105.29484,0.0,0.0,180.0,0.0
2025-07-12 06:30:00,105.43736,0.0,0.0,180.0,0.0
2025-07-12 06:35:00,104.53846,0.0,0.0,180.0,0.0
2025-07-12 06:40:00,134.25,0.0,0.0,180.0,0.0
2025-07-12 06:45:00,131.90103,0.0,0.0,180.0,0.0
2025-07-12 06:50:00,134.25,0.0,0.0,180.0,0.0
2025-07-12 06:55:00,140.0,0.0,100.0,171.21589538842116,1166.6666666666665
2025-07-12 07:00:00,135.02284,0.0,100.0,162.43179077684232,1125.1903333333332
2025-07-12 07:05:00,136.6312,0.0,100.0,153.64768616526348,1138.5933333333332
2025-07-12 07:10:00,134.32014,0.0,21.471932256986335,151.76156917368246,240.3427455690767
2025-07-12 07:15:00,139.50339,0.0,100.0,142.97746456210362,1162.5282499999998
2025-07-12 07:20:00,138.03231,0.0,100.0,134.19335995052478,1150.2692499999998
2025-07-12 07:25:00,140.55,0.0,100.0,125.40925533894595,1171.25
2025-07-12 07:30:00,185.0,0.0,100.0,116.62515072736713,1541.6666666666665
2025-07-12 07:35:00,153.28308,0.0,100.0,107.8410461157883,1277.359
2025-07-12 07:40:00,185.0,0.0,100.0,99.05694150420948,1541.6666666666665
2025-07-12 07:45:00,185.0,0.0,100.0,90.27283689263065,1541.6666666666665
2025-07-12 07:50:00,159.6992,0.0,100.0,81.48873228105182,1330.8266666666664
2025-07-12 07:55:00,208.08281,0.0,100.0,72.704627669473,1734.0234166666664
2025-07-12 08:00:00,255.45704,0.0,100.0,63.920523057894165,2128.8086666666663
2025-07-12 08:05:00,192.77759,0.0,100.0,55.13641844631533,1606.4799166666664
2025-07-12 08:10:00,150.60025,0.0,100.0,46.3523138347365,1255.002083333333
2025-07-12 08:15:00,138.73145,0.0,100.0,37.568209223157666,1156.0954166666666
2025-07-12 08:20:00,172.8979,0.0,100.0,28.784104611578833,1440.815833333333
2025-07-12 08:25:00,131.26405,0.0,0.0,28.784104611578833,0.0
2025-07-12 08:30:00,140.13698,0.0,100.0,20.0,1167.8081666666665
2025-07-12 08:35:00,121.08425,0.0,0.0,20.0,0.0
2025-07-12 08:40:00,107.41797,100.0,0.0,27.90569415042095,-895.1497499999998
2025-07-12 08:45:00,109.04192,100.0,0.0,35.8113883008419,-908.6826666666666
2025-07-12 08:50:00,124.5361,0.0,80.0,28.784104611578833,830.2406666666666
2025-07-12 08:55:00,138.52188,0.0,100.0,20.0,1154.349
2025-07-12 09:00:00,101.19896,0.0,0.0,20.0,0.0
2025-07-12 09:05:00,106.59462,0.0,0.0,20.0,0.0
2025-07-12 09:10:00,103.89,0.0,0.0,20.0,0.0
2025-07-12 09:15:00,108.77584,0.0,-0.0,20.0,-0.0
2025-07-12 09:20:00,102.85593,0.0,0.0,20.0,0.0
2025-07-12 09:25:00,103.12588,0.0,-0.0,20.0,-0.0
2025-07-12 09:30:00,99.88918,0.0,0.0,20.0,0.0
2025-07-12 09:35:00,101.51918,0.0,-0.0,20.0,-0.0
2025-07-12 09:40:00,75.8,100.0,0.0,27.90569415042095,-631.6666666666665
2025-07-12 09:45:00,99.87012,0.0,90.00000000000001,20.0,749.0259000000001
2025-07-12 09:50:00,97.81017,0.0,0.0,20.0,0.0
2025-07-12 09:55:00,68.75436,0.0,-0.0,20.0,-0.0
2025-07-12 10:00:00,42.19,0.0,0.0,20.0,0.0
2025-07-12 10:05:00,42.19,0.0,-0.0,20.0,-0.0
2025-07-12 10:10:00,41.45,0.0,0.0,20.0,0.0
2025-07-12 10:15:00,8.71,11.111111111111123,0.0,20.878410461157884,-8.064814814814824
2025-07-12 10:20:00,8.95,0.0,0.0,20.878410461157884,0.0
2025-07-12 10:25:00,8.95,0.0,0.0,20.878410461157884,0.0
2025-07-12 10:30:00,0.05,100.0,0.0,28.784104611578833,-0.41666666666666663
2025-07-12 10:35:00,8.95,0.0,0.0,28.784104611578833,0.0
2025-07-12 10:40:00,20.04,0.0,100.0,20.0,166.99999999999997
2025-07-12 10:45:00,5.26,-0.0,0.0,20.0,0.0
2025-07-12 10:50:00,0.01,100.0,0.0,27.90569415042095,-0.08333333333333333
2025-07-12 10:55:00,5.26,22.222222222222246,0.0,29.662515072736717,-9.740740740740751
2025-07-12 11:00:00,0.05,100.0,0.0,37.568209223157666,-0.41666666666666663
2025-07-12 11:05:00,8.95,0.0,100.0,28.784104611578833,74.58333333333331
2025-07-12 11:10:00,8.95,0.0,100.0,20.0,74.58333333333331
2025-07-12 11:15:00,-3.85484,100.0,0.0,27.90569415042095,32.12366666666666
2025-07-12 11:20:00,0.04,11.111111111111123,0.0,28.784104611578833,-0.03703703703703708
2025-07-12 11:25:00,8.9496,0.0,100.0,20.0,74.58
2025-07-12 11:30:00,0.04,11.111111111111123,0.0,20.878410461157884,-0.03703703703703708
2025-07-12 11:35:00,-0.36,100.0,0.0,28.784104611578833,2.9999999999999996
2025-07-12 11:40:00,5.26,0.0,100.0,20.0,43.83333333333333
2025-07-12 11:45:00,-5.06,100.0,0.0,27.90569415042095,42.16666666666666
2025-07-12 11:50:00,-8.38586,100.0,0.0,35.8113883008419,69.88216666666665
2025-07-12 11:55:00,-9.83,100.0,0.0,43.71708245126285,81.91666666666666
2025-07-12 12:00:00,-5.06417,100.0,0.0,51.622776601683796,42.20141666666666
2025-07-12 12:05:00,0.0,0.0,100.0,42.83867199010496,0.0
2025-07-12 12:10:00,-3.44354,-0.0,59.99999999999998,37.568209223157666,-17.217699999999994
2025-07-12 12:15:00,0.01,0.0,100.0,28.784104611578833,0.08333333333333333
2025-07-12 12:20:00,-2.71129,0.0,100.0,20.0,-22.59408333333333
2025-07-12 12:25:00,-8.29814,100.00000000000185,0.0,27.90569415042109,69.15116666666793
2025-07-12 12:30:00,-8.44921,-0.0,58.52806774301354,22.764527452739056,-41.20966127124562
2025-07-12 12:35:00,-13.99976,100.0,0.0,30.67022160316,116.66466666666665
2025-07-12 12:40:00,-13.99927,100.0,0.0,38.57591575358095,116.6605833333333
2025-07-12 12:45:00,-16.0,100.0,0.0,46.4816099040019,133.33333333333331
2025-07-12 12:50:00,-17.19,100.0,0.0,54.38730405442285,143.25
2025-07-12 12:55:00,-14.0,100.0,0.0,62.2929982048438,116.66666666666666
2025-07-12 13:00:00,-14.42366,100.0,0.0,70.19869235526474,120.19716666666665
2025-07-12 13:05:00,-14.0,100.0,0.0,78.10438650568568,116.66666666666666
2025-07-12 13:10:00,-14.11504,100.0,0.0,86.01008065610662,117.62533333333332
2025-07-12 13:15:00,-14.22013,100.0,0.0,93.91577480652757,118.50108333333331
2025-07-12 13:20:00,-15.11816,100.0,0.0,101.82146895694851,125.98466666666664
2025-07-12 13:25:00,-13.99976,100.0,0.0,109.72716310736945,116.66466666666665
2025-07-12 13:30:00,-14.0,100.0,0.0,117.63285725779039,116.66666666666666
2025-07-12 13:35:00,-8.94571,100.0,0.0,125.53855140821133,74.54758333333332
2025-07-12 13:40:00,-8.67963,99.99999999999949,0.0,133.44424555863225,72.33024999999961
2025-07-12 13:45:00,-13.99976,100.0,0.0,141.3499397090532,116.66466666666665
2025-07-12 13:50:00,-9.83,100.0,0.0,149.25563385947413,81.91666666666666
2025-07-12 13:55:00,-14.0,100.0,0.0,157.16132800989507,116.66666666666666
2025-07-12 14:00:00,-13.99927,100.0,0.0,165.06702216031601,116.6605833333333
2025-07-12 14:05:00,-13.99976,100.0,0.0,172.97271631073696,116.66466666666665
2025-07-12 14:10:00,0.0,0.0,100.0,164.18861169915812,0.0
2025-07-12 14:15:00,-8.99096,100.0,0.0,172.09430584957906,74.92466666666665
2025-07-12 14:20:00,-9.96,100.0,0.0,180.0,83.0
2025-07-12 14:25:00,0.01,0.0,100.0,171.21589538842116,0.08333333333333333
2025-07-12 14:30:00,0.0,11.111111111111304,0.0,172.09430584957906,-0.0
2025-07-12 14:35:00,-8.83262,100.0,0.0,180.0,73.60516666666666
2025-07-12 14:40:00,8.94957,0.0,0.0,180.0,0.0
2025-07-12 14:45:00,8.95043,0.0,-0.0,180.0,-0.0
2025-07-12 14:50:00,8.95022,0.0,0.0,180.0,0.0
2025-07-12 14:55:00,55.46124,0.0,100.0,171.21589538842116,462.1769999999999
2025-07-12 15:00:00,54.85485,0.0,100.0,162.43179077684232,457.1237499999999
2025-07-12 15:05:00,8.95026,100.0,0.0,170.33748492726326,-74.5855
2025-07-12 15:10:00,8.95,100.0,0.0,178.2431790776842,-74.58333333333331
2025-07-12 15:15:00,34.97816,22.22222222222261,0.0,180.0,-64.7743703703715
2025-07-12 15:20:00,45.43134,0.0,79.99999999999976,172.97271631073696,302.87559999999905
2025-07-12 15:25:00,46.6465,0.0,100.0,164.18861169915812,388.7208333333333
2025-07-12 15:30:00,35.62036,100.0,0.0,172.09430584957906,-296.8363333333333
2025-07-12 15:35:00,8.95,100.0,0.0,180.0,-74.58333333333331
2025-07-12 15:40:00,44.55762,0.0,0.0,180.0,0.0
2025-07-12 15:45:00,50.62118,0.0,-0.0,180.0,-0.0
2025-07-12 15:50:00,62.48828,0.0,0.0,180.0,0.0
2025-07-12 15:55:00,80.9007,0.0,-0.0,180.0,-0.0
2025-07-12 16:00:00,106.92957,0.0,100.0,171.21589538842116,891.0797499999999
2025-07-12 16:05:00,81.53197,11.111111111111304,0.0,172.09430584957906,-75.49256481481613
2025-07-12 16:10:00,81.53197,100.0,0.0,180.0,-679.4330833333332
2025-07-12 16:15:00,133.11,0.0,89.99999999999993,172.09430584957906,998.3249999999992
2025-07-12 16:20:00,132.72,0.0,0.0,172.09430584957906,0.0
2025-07-12 16:25:00,91.45442,100.0,0.0,180.0,-762.1201666666666
2025-07-12 16:30:00,133.11,0.0,0.0,180.0,0.0
2025-07-12 16:35:00,125.89635,0.0,0.0,180.0,0.0
2025-07-12 16:40:00,125.6,0.0,0.0,180.0,0.0
2025-07-12 16:45:00,175.28906,0.0,100.0,171.21589538842116,1460.7421666666664
2025-07-12 16:50:00,185.0,0.0,100.0,162.43179077684232,1541.6666666666665
2025-07-12 16:55:00,179.03434,0.0,100.0,153.64768616526348,1491.952833333333
2025-07-12 17:00:00,235.15811,0.0,100.0,144.86358155368464,1959.6509166666663
2025-07-12 17:05:00,157.39961,0.0,100.0,136.0794769421058,1311.6634166666665
2025-07-12 17:10:00,143.8132,0.0,0.0,136.0794769421058,0.0
2025-07-12 17:15:00,180.18542,0.0,100.0,127.29537233052697,1501.5451666666663
2025-07-12 17:20:00,202.38614,0.0,100.0,118.51126771894815,1686.5511666666666
2025-07-12 17:25:00,198.96161,0.0,100.0,109.72716310736932,1658.0134166666664
2025-07-12 17:30:00,259.10978,0.0,100.0,100.9430584957905,2159.2481666666663
2025-07-12 17:35:00,175.18286,0.0,100.0,92.15895388421167,1459.8571666666664
2025-07-12 17:40:00,227.70744,0.0,100.0,83.37484927263284,1897.5619999999997
2025-07-12 17:45:00,283.23577,0.0,100.0,74.590744661054,2360.298083333333
2025-07-12 17:50:00,170.22,0.0,100.0,65.80664004947518,1418.4999999999998
2025-07-12 17:55:00,163.25528,0.0,100.0,57.022535437896344,1360.4606666666664
2025-07-12 18:00:00,169.15,0.0,100.0,48.23843082631751,1409.5833333333333
2025-07-12 18:05:00,163.40875,0.0,100.0,39.45432621473868,1361.739583333333
2025-07-12 18:10:00,163.46458,0.0,100.0,30.670221603159845,1362.2048333333332
2025-07-12 18:15:00,141.47062,0.0,0.0,30.670221603159845,0.0
2025-07-12 18:20:00,140.55,0.0,0.0,30.670221603159845,0.0
2025-07-12 18:25:00,135.88647,0.0,0.0,30.670221603159845,0.0
2025-07-12 18:30:00,170.22,0.0,100.0,21.886116991581012,1418.4999999999998
2025-07-12 18:35:00,135.11361,0.0,0.0,21.886116991581012,0.0
2025-07-12 18:40:00,133.6248,98.36451971445976,0.0,29.662515072736717,-1095.328272828395
2025-07-12 18:45:00,234.92771,0.0,100.0,20.878410461157884,1957.7309166666664
2025-07-12 18:50:00,131.94854,100.0,0.0,28.784104611578833,-1099.5711666666666
2025-07-12 18:55:00,175.32625,0.0,100.0,20.0,1461.052083333333
2025-07-12 19:00:00,132.72,0.0,0.0,20.0,0.0
2025-07-12 19:05:00,133.13335,0.0,-0.0,20.0,-0.0
2025-07-12 19:10:00,132.21852,0.0,0.0,20.0,0.0
2025-07-12 19:15:00,129.48881,0.0,0.0,20.0,0.0
2025-07-12 19:20:00,100.90281,0.0,0.0,20.0,0.0
2025-07-12 19:25:00,102.24244,0.0,0.0,20.0,0.0
2025-07-12 19:30:00,101.06092,0.0,0.0,20.0,0.0
2025-07-12 19:35:00,101.19896,0.0,0.0,20.0,0.0
2025-07-12 19:40:00,102.67767,0.0,-0.0,20.0,-0.0
2025-07-12 19:45:00,101.46112,0.0,0.0,20.0,0.0
2025-07-12 19:50:00,98.82148,0.0,0.0,20.0,0.0
2025-07-12 19:55:00,98.84252,0.0,0.0,20.0,0.0
2025-07-12 20:00:00,98.2044,0.0,-0.0,20.0,-0.0
2025-07-12 20:05:00,97.40895,0.0,0.0,20.0,0.0
2025-07-12 20:10:00,88.97544,0.0,0.0,20.0,0.0
2025-07-12 20:15:00,83.43972,-0.0,0.0,20.0,0.0
2025-07-12 20:20:00,74.75465,100.0,0.0,27.90569415042095,-622.9554166666666
2025-07-12 20:25:00,81.09142,0.0,0.0,27.90569415042095,0.0
2025-07-12 20:30:00,78.94206,0.0,0.0,27.90569415042095,0.0
2025-07-12 20:35:00,82.16572,0.0,0.0,27.90569415042095,0.0
2025-07-12 20:40:00,83.64827,0.0,90.00000000000001,20.0,627.362025
2025-07-12 20:45:00,18.6,0.0,0.0,20.0,0.0
2025-07-12 20:50:00,20.0,0.0,-0.0,20.0,-0.0
2025-07-12 20:55:00,8.95,22.222222222222246,0.0,21.756820922315768,-16.57407407407409
2025-07-12 21:00:00,8.95,100.0,0.0,29.662515072736717,-74.58333333333331
2025-07-12 21:05:00,8.95,100.0,0.0,37.568209223157666,-74.58333333333331
2025-07-12 21:10:00,19.18,0.0,100.0,28.784104611578833,159.83333333333331
2025-07-12 21:15:00,19.18,0.0,100.0,20.0,159.83333333333331
2025-07-12 21:20:00,0.01,100.0,0.0,27.90569415042095,-0.08333333333333333
2025-07-12 21:25:00,8.95,0.0,90.00000000000001,20.0,67.125
2025-07-12 21:30:00,5.26,100.0,0.0,27.90569415042095,-43.83333333333333
2025-07-12 21:35:00,8.94929,0.0,0.0,27.90569415042095,0.0
2025-07-12 21:40:00,8.95,0.0,80.0,20.878410461157884,59.66666666666666
2025-07-12 21:45:00,0.01,100.0,0.0,28.784104611578833,-0.08333333333333333
2025-07-12 21:50:00,8.95,0.0,100.0,20.0,74.58333333333331
2025-07-12 21:55:00,8.95,0.0,0.0,20.0,0.0
2025-07-12 22:00:00,8.95,0.0,0.0,20.0,0.0
2025-07-12 22:05:00,8.95,0.0,0.0,20.0,0.0
2025-07-12 22:10:00,8.95,0.0,0.0,20.0,0.0
2025-07-12 22:15:00,8.95,0.0,0.0,20.0,0.0
2025-07-12 22:20:00,7.72128,100.0,0.0,27.90569415042095,-64.344
2025-07-12 22:25:00,7.85874,100.0,0.0,35.8113883008419,-65.48949999999999
2025-07-12 22:30:00,8.84979,0.0,0.0,35.8113883008419,0.0
2025-07-12 22:35:00,8.95,0.0,69.99999999999999,29.662515072736717,52.20833333333332
2025-07-12 22:40:00,8.95,0.0,0.0,29.662515072736717,0.0
2025-07-12 22:45:00,8.01981,100.0,0.0,37.568209223157666,-66.83174999999999
2025-07-12 22:50:00,8.95,0.0,0.0,37.568209223157666,0.0
2025-07-12 22:55:00,8.95,0.0,0.0,37.568209223157666,0.0
2025-07-12 23:00:00,8.95,0.0,0.0,37.568209223157666,0.0
2025-07-12 23:05:00,8.95,0.0,0.0,37.568209223157666,0.0
2025-07-12 23:10:00,20.0,0.0,100.0,28.784104611578833,166.66666666666663
2025-07-12 23:15:00,20.0,0.0,100.0,20.0,166.66666666666663
2025-07-12 23:20:00,8.95,0.0,0.0,20.0,0.0
2025-07-12 23:25:00,8.95,0.0,0.0,20.0,0.0
2025-07-12 23:30:00,8.95,0.0,0.0,20.0,0.0
2025-07-12 23:35:00,8.95,0.0,0.0,20.0,0.0
2025-07-12 23:40:00,8.95,0.0,0.0,20.0,0.0
2025-07-12 23:45:00,8.95,0.0,0.0,20.0,0.0
2025-07-12 23:50:00,8.95,0.0,0.0,20.0,0.0
2025-07-12 23:55:00,0.76002,0.0,-0.0,20.0,-0.0
2025-07-13 00:00:00,0.53002,0.0,0.0,20.0,0.0
2025-07-13 00:05:00,0.53002,-0.0,0.0,20.0,0.0
2025-07-13 00:10:00,0.53002,11.111111111111123,0.0,20.878410461157884,-0.49075925925925984
2025-07-13 00:15:00,0.53002,100.0,0.0,28.784104611578833,-4.416833333333333
2025-07-13 00:20:00,0.62002,0.0,100.0,20.0,5.166833333333333
2025-07-13 00:25:00,2e-05,0.0,-0.0,20.0,-0.0
2025-07-13 00:30:00,-5.06,11.111111111111123,0.0,20.878410461157884,4.68518518518519
2025-07-13 00:35:00,-7.41,100.0,0.0,28.784104611578833,61.74999999999999
2025-07-13 00:40:00,-5.06,0.0,100.0,20.0,-42.16666666666666
2025-07-13 00:45:00,-9.96,100.0,-0.0,27.90569415042095,83.0
2025-07-13 00:50:00,-9.96,77.77777777777816,0.0,34.05456737852616,64.55555555555587
2025-07-13 00:55:00,-9.96,-0.0,99.99999999999997,25.270462766947325,-82.99999999999997
2025-07-13 01:00:00,-13.99967,100.0,0.0,33.176156917368274,116.66391666666665
2025-07-13 01:05:00,-9.96,-0.0,99.99999999999977,24.392052305789463,-82.99999999999982
2025-07-13 01:10:00,-9.96,100.00000000000016,0.0,32.297746456210454,83.00000000000014
2025-07-13 01:15:00,-9.96,0.0,100.0,23.51364184463162,-83.0
2025-07-13 01:20:00,-9.96,100.00000000000004,0.0,31.41933599505257,83.00000000000003
2025-07-13 01:25:00,-9.96,-0.0,100.0,22.635231383473744,-83.0
2025-07-13 01:30:00,-13.99967,100.0,0.0,30.540925533894693,116.66391666666665
2025-07-13 01:35:00,-9.96,-2.460994371252432e-13,100.00000000000024,21.756820922315825,-83.0000000000004
2025-07-13 01:40:00,-9.96,99.99999999999973,2.7000623958883807e-13,29.662515072736717,82.99999999999956
2025-07-13 01:45:00,-9.96,-0.0,100.0,20.878410461157884,-83.0
2025-07-13 01:50:00,-13.99942,100.0,0.0,28.784104611578833,116.66183333333332
2025-07-13 01:55:00,-9.96,0.0,99.99999999999999,20.0,-83.0
2025-07-13 02:00:00,-13.99942,100.0,0.0,27.90569415042095,116.66183333333332
2025-07-13 02:05:00,-13.99942,100.0,0.0,35.8113883008419,116.66183333333332
2025-07-13 02:10:00,-13.99942,-0.0,100.00000000000001,27.027283689263065,-116.66183333333335
2025-07-13 02:15:00,-13.99967,100.0,0.0,34.932977839684014,116.66391666666665
2025-07-13 02:20:00,-13.99967,-0.0,100.0,26.14887322810518,-116.66391666666665
2025-07-13 02:25:00,-13.99967,100.0,0.0,34.054567378526116,116.66391666666665
2025-07-13 02:30:00,-13.99967,0.0,100.0,25.270462766947283,-116.66391666666665
2025-07-13 02:35:00,-13.99967,100.00000000000001,0.0,33.17615691736824,116.66391666666668
2025-07-13 02:40:00,-13.99967,0.0,100.0,24.392052305789406,-116.66391666666665
2025-07-13 02:45:00,-13.99967,100.0,-0.0,32.297746456210355,116.66391666666665
2025-07-13 02:50:00,-13.99967,0.0,100.0,23.513641844631522,-116.66391666666665
2025-07-13 02:55:00,-13.99967,100.0,0.0,31.41933599505247,116.66391666666665
2025-07-13 03:00:00,-13.99967,-0.0,100.00000000000001,22.635231383473638,-116.66391666666668
2025-07-13 03:05:00,-13.99991,100.0,0.0,30.540925533894583,116.66591666666665
2025-07-13 03:10:00,-13.99991,100.0,-0.0,38.446619684315536,116.66591666666665
2025-07-13 03:15:00,-13.99991,7.105427357601011e-14,99.99999999999982,29.66251507273672,-116.66591666666635
2025-07-13 03:20:00,-13.99991,100.0,0.0,37.568209223157666,116.66591666666665
2025-07-13 03:25:00,-13.99991,-0.0,100.00000000000016,28.78410461157882,-116.66591666666685
2025-07-13 03:30:00,-13.99991,99.99999999999208,0.0,36.68979876199914,116.66591666665742
2025-07-13 03:35:00,-13.99991,-9.947598300641403e-14,100.0000000000001,27.905694150420295,-116.6659166666669
2025-07-13 03:40:00,-13.99991,100.0,0.0,35.81138830084102,116.66591666666665
2025-07-13 03:45:00,-13.99991,-0.0,100.0,27.027283689262184,-116.66591666666665
2025-07-13 03:50:00,-13.99991,100.00000000000142,0.0,34.93297783968325,116.66591666666831
2025-07-13 03:55:00,-13.99991,-0.0,100.0,26.148873228104534,-116.66591666666665
2025-07-13 04:00:00,-17.19,100.0,0.0,34.05456737852548,143.25
2025-07-13 04:05:00,-13.99991,100.00000000003071,0.0,41.960261528948855,116.66591666670249
2025-07-13 04:10:00,-13.99991,-4.166938399268866e-12,98.52806774301041,33.30545298663358,-114.94867340634225
2025-07-13 04:15:00,-17.19,100.0,0.0,41.21114713705453,143.25
2025-07-13 04:20:00,-17.19,100.0,0.0,49.11684128747548,143.25
2025-07-13 04:25:00,-13.99991,0.0,100.0,40.33273667589665,-116.66591666666665
2025-07-13 04:30:00,-13.99991,-0.0,100.00000000000071,31.548632064317697,-116.6659166666675
2025-07-13 04:35:00,-18.98,100.0,0.0,39.45432621473864,158.16666666666666
2025-07-13 04:40:00,-18.37,100.0,0.0,47.36002036515959,153.08333333333331
2025-07-13 04:45:00,-13.99991,100.0,-6.097492383488585e-12,55.265714515581074,116.66591666667377
2025-07-13 04:50:00,-13.99991,1.7053025658242404e-13,99.99999999999983,46.48160990400227,-116.66591666666625
2025-07-13 04:55:00,-13.99991,2.4696995760132038e-12,100.0,37.697505292423315,-116.66591666666376
2025-07-13 05:00:00,-18.14,100.0,0.0,45.603199442844264,151.16666666666666
2025-07-13 05:05:00,-18.98,100.0,0.0,53.50889359326521,158.16666666666666
2025-07-13 05:10:00,-18.14,100.0,0.0,61.41458774368616,151.16666666666666
2025-07-13 05:15:00,-19.96,100.0,0.0,69.32028189410711,166.33333333333331
2025-07-13 05:20:00,-19.96,100.0,0.0,77.22597604452805,166.33333333333331
2025-07-13 05:25:00,-19.96,100.0,0.0,85.131670194949,166.33333333333331
2025-07-13 05:30:00,-13.99991,99.99999999999623,0.0,93.03736434536964,116.66591666666227
2025-07-13 05:35:00,-18.14,100.0,0.0,100.94305849579058,151.16666666666666
2025-07-13 05:40:00,-13.99991,100.0,0.0,108.84875264621152,116.66591666666665
2025-07-13 05:45:00,-13.99991,100.0,-0.0,116.75444679663246,116.66591666666665
2025-07-13 05:50:00,-13.99991,100.0,0.0,124.6601409470534,116.66591666666665
2025-07-13 05:55:00,-19.96,100.0,0.0,132.56583509747435,166.33333333333331
2025-07-13 06:00:00,-13.99991,100.0,0.0,140.4715292478953,116.66591666666665
2025-07-13 06:05:00,-13.99991,100.0,-0.0,148.37722339831623,116.66591666666665
2025-07-13 06:10:00,-13.99991,100.0,0.0,156.28291754873717,116.66591666666665
2025-07-13 06:15:00,-13.99991,100.0,-0.0,164.18861169915812,116.66591666666665
2025-07-13 06:20:00,-13.99991,100.0,0.0,172.09430584957906,116.66591666666665
2025-07-13 06:25:00,-13.99991,100.0,-0.0,180.0,116.66591666666665
2025-07-13 06:30:00,-13.99967,0.0,100.0,171.21589538842116,-116.66391666666665
2025-07-13 06:35:00,-13.99967,-0.0,100.0,162.43179077684232,-116.66391666666665
2025-07-13 06:40:00,-13.99967,100.00000000000003,0.0,170.33748492726326,116.6639166666667
2025-07-13 06:45:00,-13.99967,-0.0,100.0,161.55338031568442,-116.66391666666665
2025-07-13 06:50:00,-13.99967,100.0,0.0,169.45907446610536,116.66391666666665
2025-07-13 06:55:00,-9.96,0.0,100.0,160.67496985452652,-83.0
2025-07-13 07:00:00,-13.99967,100.0,-0.0,168.58066400494747,116.66391666666665
2025-07-13 07:05:00,-9.96,0.0,100.0,159.79655939336863,-83.0
2025-07-13 07:10:00,-13.99967,100.0,0.0,167.70225354378957,116.66391666666665
2025-07-13 07:15:00,-9.96,0.0,100.0,158.91814893221073,-83.0
2025-07-13 07:20:00,-9.83,0.0,100.0,150.1340443206319,-81.91666666666666
2025-07-13 07:25:00,-9.83,0.0,100.0,141.34993970905305,-81.91666666666666
2025-07-13 07:30:00,-9.96,0.0,100.0,132.5658350974742,-83.0
2025-07-13 07:35:00,-9.83,0.0,100.0,123.78173048589538,-81.91666666666666
2025-07-13 07:40:00,0.01,0.0,100.0,114.99762587431655,0.08333333333333333
2025-07-13 07:45:00,0.01,0.0,100.0,106.21352126273773,0.08333333333333333
2025-07-13 07:50:00,-7.41,0.0,100.0,97.4294166511589,-61.74999999999999
2025-07-13 07:55:00,-9.96,0.0,100.0,88.64531203958006,-83.0
2025-07-13 08:00:00,-13.99976,100.0,0.0,96.551006190001,116.66466666666665
2025-07-13 08:05:00,-13.99976,100.0,0.0,104.45670034042195,116.66466666666665
2025-07-13 08:10:00,-9.96,0.0,100.0,95.67259572884312,-83.0
2025-07-13 08:15:00,-12.28585,0.0,100.0,86.8884911172643,-102.38208333333331
2025-07-13 08:20:00,-11.49118,0.0,100.0,78.10438650568547,-95.75983333333332
2025-07-13 08:25:00,-9.96,0.0,100.0,69.32028189410664,-83.0
2025-07-13 08:30:00,-0.17269,0.0,100.0,60.53617728252781,-1.4390833333333333
2025-07-13 08:35:00,0.80992,0.0,100.0,51.75207267094898,6.7493333333333325
2025-07-13 08:40:00,-13.99967,100.0,0.0,59.657766821369925,116.66391666666665
2025-07-13 08:45:00,-0.43188,0.0,100.0,50.87366220979109,-3.5989999999999993
2025-07-13 08:50:00,0.01,0.0,100.0,42.089557598212316,0.08333333333333333
2025-07-13 08:55:00,-13.99967,0.0,100.0,33.30545298663348,-116.66391666666665
2025-07-13 09:00:00,-13.99991,100.0,0.0,41.21114713705443,116.66591666666665
2025-07-13 09:05:00,-13.99991,100.0,0.0,49.11684128747538,116.66591666666665
2025-07-13 09:10:00,-13.99967,0.0,100.0,40.33273667589655,-116.66391666666665
2025-07-13 09:15:00,-14.0,100.0,0.0,48.2384308263175,116.66666666666666
2025-07-13 09:20:00,-13.99976,100.0,0.0,56.144124976738446,116.66466666666665
2025-07-13 09:25:00,-13.99976,100.0,0.0,64.0498191271594,116.66466666666665
2025-07-13 09:30:00,-13.99967,0.0,100.0,55.26571451558056,-116.66391666666665
2025-07-13 09:35:00,-13.99967,0.0,100.0,46.48160990400173,-116.66391666666665
2025-07-13 09:40:00,-20.37,100.0,0.0,54.38730405442268,169.74999999999997
2025-07-13 09:45:00,-19.5,100.0,0.0,62.29299820484363,162.49999999999997
2025-07-13 09:50:00,-15.99,100.0,0.0,70.19869235526457,133.24999999999997
2025-07-13 09:55:00,-18.0,100.0,0.0,78.10438650568551,149.99999999999997
2025-07-13 10:00:00,-20.99,100.0,0.0,86.01008065610645,174.91666666666663
2025-07-13 10:05:00,-13.99991,100.0,0.0,93.9157748065274,116.66591666666665
2025-07-13 10:10:00,-13.99967,0.0,100.0,85.13167019494857,-116.66391666666665
2025-07-13 10:15:00,-13.99967,100.0,-0.0,93.03736434536951,116.66391666666665
2025-07-13 10:20:00,-13.99967,-5.684341886080802e-14,100.00000000000006,84.25325973379067,-116.6639166666668
2025-07-13 10:25:00,-12.44567,0.0,100.0,75.46915512221184,-103.71391666666665
2025-07-13 10:30:00,-9.96,0.0,100.0,66.68505051063302,-83.0
2025-07-13 10:35:00,-9.96,0.0,100.0,57.900945899054186,-83.0
2025-07-13 10:40:00,-5.17194,0.0,100.0,49.11684128747535,-43.0995
2025-07-13 10:45:00,-13.99967,0.0,100.0,40.33273667589652,-116.66391666666665
2025-07-13 10:50:00,-13.99967,1.9973464117214522e-13,99.9999999999998,31.548632064317722,-116.6639166666662
2025-07-13 10:55:00,-13.99967,-0.0,100.0,22.764527452738736,-116.66391666666665
2025-07-13 11:00:00,-13.99967,100.0000000000002,-1.9406981392751716e-13,30.670221603159717,116.66391666666712
2025-07-13 11:05:00,-13.99991,99.9999999999994,5.968558980384842e-13,38.57591575358057,116.66591666666525
2025-07-13 11:10:00,-5.89022,0.0,100.0,29.791811142001734,-49.08516666666666
2025-07-13 11:15:00,-13.99991,100.0,0.0,37.69750529242268,116.66591666666665
2025-07-13 11:20:00,-13.99967,-0.0,100.0,28.913400680843207,-116.66391666666665
2025-07-13 11:25:00,-13.99967,0.0,100.0,20.129296069264377,-116.66391666666665
2025-07-13 11:30:00,-13.99991,100.00000000000007,-7.105427357601002e-14,28.03499021968534,116.66591666666682
2025-07-13 11:35:00,-13.99967,0.0,81.47193225698463,20.878410461157173,-95.04834715501165
2025-07-13 11:40:00,-13.99991,100.00000000000003,-2.842170943040401e-14,28.784104611578126,116.66591666666672
2025-07-13 11:45:00,-13.99967,0.0,100.0,19.999999999999297,-116.66391666666665
2025-07-13 11:50:00,-13.99991,100.0,-6.136505445200878e-13,27.905694150420295,116.66591666666737
2025-07-13 11:55:00,-13.99991,100.0,0.0,35.811388300841244,116.66591666666665
2025-07-13 12:00:00,-13.99991,0.0,100.0,27.02728368926241,-116.66591666666665
2025-07-13 12:05:00,-15.99,100.0,0.0,34.93297783968336,133.24999999999997
2025-07-13 12:10:00,-13.99991,0.0,100.0,26.148873228104527,-116.66591666666665
2025-07-13 12:15:00,-13.99991,100.0000000000038,-3.798371885753493e-12,34.05456737852611,116.6659166666755
2025-07-13 12:20:00,-15.99,100.0,0.0,41.96026152894706,133.24999999999997
2025-07-13 12:25:00,-13.99991,100.0,-0.0,49.865955679368,116.66591666666665
2025-07-13 12:30:00,-14.387,100.0,0.0,57.77164982978895,119.89166666666665
2025-07-13 12:35:00,-13.99991,100.0,1.2713541004101418e-12,65.67734398021024,116.66591666666518
2025-07-13 12:40:00,-13.99991,100.0,0.0,73.58303813063118,116.66591666666665
2025-07-13 12:45:00,-14.3729,100.0,-0.0,81.48873228105212,119.77416666666664
2025-07-13 12:50:00,-15.99,100.0,0.0,89.39442643147306,133.24999999999997
2025-07-13 12:55:00,-13.99991,100.0,-0.0,97.300120581894,116.66591666666665
2025-07-13 13:00:00,-14.08908,100.0,0.0,105.20581473231495,117.40899999999998
2025-07-13 13:05:00,-13.99991,100.0,-0.0,113.11150888273589,116.66591666666665
2025-07-13 13:10:00,-13.99991,100.0,0.0,121.01720303315683,116.66591666666665
2025-07-13 13:15:00,-13.99967,-0.0,100.0,112.233098421578,-116.66391666666665
2025-07-13 13:20:00,-13.99991,100.0,0.0,120.13879257199895,116.66591666666665
2025-07-13 13:25:00,-15.99,100.0,0.0,128.0444867224199,133.24999999999997
2025-07-13 13:30:00,-17.74523,100.0,0.0,135.95018087284083,147.87691666666663
2025-07-13 13:35:00,-15.0,100.0,3.1814863880073795e-12,143.8558750232615,124.999999999996
2025-07-13 13:40:00,-13.99991,100.0,0.0,151.76156917368243,116.66591666666665
2025-07-13 13:45:00,-15.99,100.0,0.0,159.66726332410337,133.24999999999997
2025-07-13 13:50:00,-15.99,100.0,0.0,167.57295747452432,133.24999999999997
2025-07-13 13:55:00,-13.99991,100.0,-0.0,175.47865162494531,116.66591666666665
2025-07-13 14:00:00,-13.99967,0.0,100.00000000000024,166.69454701336647,-116.66391666666695
2025-07-13 14:05:00,-13.99967,99.99999999999325,-0.0,174.60024116378688,116.66391666665879
2025-07-13 14:10:00,-13.99967,68.30214695221446,0.0,180.0,79.68395980187567
2025-07-13 14:15:00,0.04,0.0,100.0,171.21589538842116,0.3333333333333333
2025-07-13 14:20:00,0.04,0.0,100.0,162.43179077684232,0.3333333333333333
2025-07-13 14:25:00,0.04,0.0,19.999999999999048,160.67496985452664,0.06666666666666349
2025-07-13 14:30:00,1.475,0.0,100.0,151.8908652429478,12.291666666666666
2025-07-13 14:35:00,0.04,0.0,0.0,151.8908652429478,0.0
2025-07-13 14:40:00,16.5,0.0,100.0,143.10676063136896,137.49999999999997
2025-07-13 14:45:00,8.95,0.0,100.0,134.32265601979012,74.58333333333331
2025-07-13 14:50:00,8.95,0.0,100.0,125.53855140821129,74.58333333333331
2025-07-13 14:55:00,12.42,0.0,100.0,116.75444679663246,103.49999999999999
2025-07-13 15:00:00,0.00583,100.0,0.0,124.6601409470534,-0.048583333333333326
2025-07-13 15:05:00,-13.99967,100.0,0.0,132.56583509747435,116.66391666666665
2025-07-13 15:10:00,-13.99942,100.0,0.0,140.4715292478953,116.66183333333332
2025-07-13 15:15:00,-0.02119,100.0,0.0,148.37722339831623,0.17658333333333331
2025-07-13 15:20:00,-11.74387,100.0,0.0,156.28291754873717,97.86558333333332
2025-07-13 15:25:00,2e-05,100.0,0.0,164.18861169915812,-0.00016666666666666666
2025-07-13 15:30:00,-0.0275,100.0,0.0,172.09430584957906,0.22916666666666663
2025-07-13 15:35:00,-12.94651,100.0,0.0,180.0,107.88758333333332
2025-07-13 15:40:00,12.4,0.0,79.99999999999976,172.97271631073696,82.66666666666642
2025-07-13 15:45:00,20.04,0.0,100.0,164.18861169915812,166.99999999999997
2025-07-13 15:50:00,8.95,100.0,0.0,172.09430584957906,-74.58333333333331
2025-07-13 15:55:00,8.95,100.0,0.0,180.0,-74.58333333333331
2025-07-13 16:00:00,22.6723,0.0,100.0,171.21589538842116,188.9358333333333
2025-07-13 16:05:00,20.0,11.111111111111304,0.0,172.09430584957906,-18.51851851851884
2025-07-13 16:10:00,20.0,100.0,0.0,180.0,-166.66666666666663
2025-07-13 16:15:00,28.53128,0.0,0.0,180.0,0.0
2025-07-13 16:20:00,44.82501,0.0,100.0,171.21589538842116,373.5417499999999
2025-07-13 16:25:00,38.82804,0.0,100.0,162.43179077684232,323.56699999999995
2025-07-13 16:30:00,8.95,100.0,0.0,170.33748492726326,-74.58333333333331
2025-07-13 16:35:00,8.95,100.0,0.0,178.2431790776842,-74.58333333333331
2025-07-13 16:40:00,36.39494,0.0,69.99999999999959,172.09430584957906,212.3038166666654
2025-07-13 16:45:00,20.0,100.0,0.0,180.0,-166.66666666666663
2025-07-13 16:50:00,53.08229,0.0,1.4719322569863162,179.87070393073475,6.51112791047518
2025-07-13 16:55:00,53.13091,0.0,100.0,171.0865993191559,442.7575833333333
2025-07-13 17:00:00,73.35457,0.0,100.0,162.30249470757707,611.2880833333332
2025-07-13 17:05:00,53.30998,0.0,100.0,153.51839009599826,444.2498333333333
2025-07-13 17:10:00,43.32499,100.0,0.0,161.4240842464192,-361.0415833333333
2025-07-13 17:15:00,58.28615,0.0,100.0,152.63997963484036,485.7179166666666
2025-07-13 17:20:00,71.71907,0.0,100.0,143.85587502326152,597.6589166666666
2025-07-13 17:25:00,82.90727,0.0,100.0,135.07177041168268,690.8939166666665
2025-07-13 17:30:00,97.41312,0.0,100.0,126.28766580010385,811.776
2025-07-13 17:35:00,64.69024,0.0,100.0,117.50356118852501,539.0853333333333
2025-07-13 17:40:00,59.20868,0.0,100.0,108.71945657694619,493.4056666666666
2025-07-13 17:45:00,61.39711,0.0,100.0,99.93535196536736,511.6425833333332
2025-07-13 17:50:00,62.47712,0.0,100.0,91.15124735378852,520.6426666666666
2025-07-13 17:55:00,72.60614,0.0,100.0,82.3671427422097,605.0511666666665
2025-07-13 18:00:00,95.58531,0.0,100.0,73.58303813063087,796.5442499999999
2025-07-13 18:05:00,106.61608,0.0,100.0,64.79893351905204,888.4673333333332
2025-07-13 18:10:00,70.57346,0.0,100.0,56.014828907473216,588.1121666666666
2025-07-13 18:15:00,83.83475,0.0,100.0,47.23072429589438,698.6229166666666
2025-07-13 18:20:00,65.79404,0.0,100.0,38.44661968431555,548.2836666666666
2025-07-13 18:25:00,41.85176,100.0,0.0,46.3523138347365,-348.7646666666666
2025-07-13 18:30:00,64.58965,0.0,100.0,37.568209223157666,538.2470833333333
2025-07-13 18:35:00,54.91903,0.0,100.0,28.784104611578833,457.65858333333324
2025-07-13 18:40:00,53.62984,0.0,100.0,20.0,446.9153333333333
2025-07-13 18:45:00,45.48526,100.0,0.0,27.90569415042095,-379.0438333333332
2025-07-13 18:50:00,45.84468,66.66666666666674,0.0,33.17615691736825,-254.69266666666692
2025-07-13 18:55:00,62.23964,0.0,100.0,24.39205230578942,518.6636666666666
2025-07-13 19:00:00,49.60041,0.0,0.0,24.39205230578942,0.0
2025-07-13 19:05:00,46.21615,0.0,0.0,24.39205230578942,0.0
2025-07-13 19:10:00,47.06594,0.0,0.0,24.39205230578942,0.0
2025-07-13 19:15:00,45.56143,100.0,0.0,32.29774645621037,-379.6785833333333
2025-07-13 19:20:00,43.16153,100.0,0.0,40.20344060663132,-359.6794166666666
2025-07-13 19:25:00,39.0647,100.0,0.0,48.10913475705227,-325.53916666666663
2025-07-13 19:30:00,34.13301,100.0,0.0,56.014828907473216,-284.44174999999996
2025-07-13 19:35:00,49.6463,0.0,0.0,56.014828907473216,0.0
2025-07-13 19:40:00,50.92737,0.0,0.0,56.014828907473216,0.0
2025-07-13 19:45:00,50.46929,0.0,0.0,56.014828907473216,0.0
2025-07-13 19:50:00,54.53709,0.0,100.0,47.23072429589438,454.47574999999995
2025-07-13 19:55:00,58.69385,0.0,100.0,38.44661968431555,489.1154166666666
2025-07-13 20:00:00,45.72704,100.0,0.0,46.3523138347365,-381.0586666666666
2025-07-13 20:05:00,54.74946,0.0,100.0,37.568209223157666,456.24549999999994
2025-07-13 20:10:00,53.68054,0.0,100.0,28.784104611578833,447.33783333333326
2025-07-13 20:15:00,55.02361,0.0,100.0,20.0,458.53008333333327
2025-07-13 20:20:00,45.86046,0.0,-0.0,20.0,-0.0
2025-07-13 20:25:00,39.07811,11.111111111111123,0.0,20.878410461157884,-36.183435185185225
2025-07-13 20:30:00,35.27979,100.0,0.0,28.784104611578833,-293.9982499999999
2025-07-13 20:35:00,39.36718,0.0,0.0,28.784104611578833,0.0
2025-07-13 20:40:00,45.97476,0.0,100.0,20.0,383.123
2025-07-13 20:45:00,31.40326,-0.0,0.0,20.0,0.0
2025-07-13 20:50:00,-13.99976,100.0,0.0,27.90569415042095,116.66466666666665
2025-07-13 20:55:00,-13.99976,100.0,0.0,35.8113883008419,116.66466666666665
2025-07-13 21:00:00,-13.99976,100.0,0.0,43.71708245126285,116.66466666666665
2025-07-13 21:05:00,-13.99967,100.0,0.0,51.622776601683796,116.66391666666665
2025-07-13 21:10:00,0.01,100.0,0.0,59.528470752104745,-0.08333333333333333
2025-07-13 21:15:00,0.01,100.0,0.0,67.4341649025257,-0.08333333333333333
2025-07-13 21:20:00,0.01,100.0,0.0,75.33985905294664,-0.08333333333333333
2025-07-13 21:25:00,0.01,100.0,0.0,83.24555320336758,-0.08333333333333333
2025-07-13 21:30:00,0.01,100.0,0.0,91.15124735378852,-0.08333333333333333
2025-07-13 21:35:00,0.01,100.0,0.0,99.05694150420946,-0.08333333333333333
2025-07-13 21:40:00,0.01,100.0,0.0,106.9626356546304,-0.08333333333333333
2025-07-13 21:45:00,0.53,100.0,0.0,114.86832980505135,-4.416666666666666
2025-07-13 21:50:00,8.95,100.0,0.0,122.77402395547229,-74.58333333333331
2025-07-13 21:55:00,8.95,23.857702507764756,0.0,124.66014094705348,-17.793869787041213
2025-07-13 22:00:00,1.14004,100.0,0.0,132.56583509747443,-9.500333333333332
2025-07-13 22:05:00,8.4973,100.0,0.0,140.47152924789538,-70.81083333333332
2025-07-13 22:10:00,7.81022,100.0,0.0,148.37722339831632,-65.08516666666665
2025-07-13 22:15:00,8.24022,100.0,0.0,156.28291754873726,-68.6685
2025-07-13 22:20:00,7.81022,100.0,0.0,164.1886116991582,-65.08516666666665
2025-07-13 22:25:00,53.81443,0.0,100.0,155.40450708757936,448.45358333333326
2025-07-13 22:30:00,36.94791,0.0,100.0,146.62040247600052,307.89924999999994
2025-07-13 22:35:00,39.90847,0.0,100.0,137.83629786442168,332.5705833333333
2025-07-13 22:40:00,54.13093,0.0,100.0,129.05219325284284,451.09108333333324
2025-07-13 22:45:00,46.11661,0.0,100.0,120.26808864126401,384.3050833333333
2025-07-13 22:50:00,29.71581,0.0,100.0,111.48398402968517,247.63174999999998
2025-07-13 22:55:00,20.0,0.0,100.0,102.69987941810635,166.66666666666663
2025-07-13 23:00:00,8.95021,0.0,0.0,102.69987941810635,0.0
2025-07-13 23:05:00,8.95,100.0,0.0,110.60557356852729,-74.58333333333331
2025-07-13 23:10:00,31.59147,0.0,100.0,101.82146895694846,263.26225
2025-07-13 23:15:00,8.95,100.0,0.0,109.7271631073694,-74.58333333333331
2025-07-13 23:20:00,8.95,100.0,0.0,117.63285725779036,-74.58333333333331
2025-07-13 23:25:00,8.95,100.0,0.0,125.5385514082113,-74.58333333333331
2025-07-13 23:30:00,8.95,100.0,0.0,133.44424555863225,-74.58333333333331
2025-07-13 23:35:00,8.95,100.0,0.0,141.3499397090532,-74.58333333333331
2025-07-13 23:40:00,20.2,0.0,100.0,132.56583509747435,168.33333333333331
2025-07-13 23:45:00,8.95,100.0,0.0,140.4715292478953,-74.58333333333331
2025-07-13 23:50:00,6.95046,100.0,0.0,148.37722339831623,-57.92049999999999
2025-07-13 23:55:00,8.9502,8.326672684688674e-14,0.0,148.37722339831623,-6.210448821875048e-14
2025-07-14 00:00:00,8.95,100.0,0.0,156.28291754873717,-74.58333333333331
2025-07-14 00:05:00,8.95,100.0,0.0,164.18861169915812,-74.58333333333331
2025-07-14 00:10:00,8.95,100.0,0.0,172.09430584957906,-74.58333333333331
2025-07-14 00:15:00,8.95,100.0,0.0,180.0,-74.58333333333331
2025-07-14 00:20:00,19.18,0.0,100.0,171.21589538842116,159.83333333333331
2025-07-14 00:25:00,19.18,0.0,100.0,162.43179077684232,159.83333333333331
2025-07-14 00:30:00,8.94981,100.0,0.0,170.33748492726326,-74.58174999999999
2025-07-14 00:35:00,19.18,0.0,100.0,161.55338031568442,159.83333333333331
2025-07-14 00:40:00,0.01,100.0,0.0,169.45907446610536,-0.08333333333333333
2025-07-14 00:45:00,19.18,0.0,100.0,160.67496985452652,159.83333333333331
2025-07-14 00:50:00,19.18,0.0,49.99999999999924,156.28291754873717,79.91666666666545
2025-07-14 00:55:00,19.18,0.0,0.0,156.28291754873717,0.0
2025-07-14 01:00:00,19.18,0.0,0.0,156.28291754873717,0.0
2025-07-14 01:05:00,19.18,0.0,0.0,156.28291754873717,0.0
2025-07-14 01:10:00,19.18,0.0,0.0,156.28291754873717,0.0
2025-07-14 01:15:00,18.17995,0.0,0.0,156.28291754873717,0.0
2025-07-14 01:20:00,16.78011,100.0,0.0,164.18861169915812,-139.83425
2025-07-14 01:25:00,19.18,0.0,0.0,164.18861169915812,0.0
2025-07-14 01:30:00,19.18,0.0,0.0,164.18861169915812,0.0
2025-07-14 01:35:00,19.18,0.0,0.0,164.18861169915812,0.0
2025-07-14 01:40:00,18.17995,0.0,0.0,164.18861169915812,0.0
2025-07-14 01:45:00,8.94982,100.0,0.0,172.09430584957906,-74.58183333333334
2025-07-14 01:50:00,8.95,100.0,0.0,180.0,-74.58333333333331
2025-07-14 01:55:00,19.18,0.0,0.0,180.0,0.0
2025-07-14 02:00:00,23.60993,0.0,100.0,171.21589538842116,196.74941666666663
2025-07-14 02:05:00,19.18,0.0,0.0,171.21589538842116,0.0
2025-07-14 02:10:00,19.17995,11.111111111111304,0.0,172.09430584957906,-17.75921296296327
2025-07-14 02:15:00,19.18,0.0,0.0,172.09430584957906,0.0
2025-07-14 02:20:00,19.18,0.0,0.0,172.09430584957906,0.0
2025-07-14 02:25:00,0.01,100.0,0.0,180.0,-0.08333333333333333
2025-07-14 02:30:00,19.18,0.0,0.0,180.0,0.0
2025-07-14 02:35:00,19.18,0.0,0.0,180.0,0.0
2025-07-14 02:40:00,19.18,0.0,0.0,180.0,0.0
2025-07-14 02:45:00,19.18,0.0,0.0,180.0,0.0
2025-07-14 02:50:00,19.18,0.0,0.0,180.0,0.0
2025-07-14 02:55:00,19.17995,0.0,0.0,180.0,0.0
2025-07-14 03:00:00,19.18,0.0,0.0,180.0,0.0
2025-07-14 03:05:00,19.18,0.0,0.0,180.0,0.0
2025-07-14 03:10:00,19.18,0.0,0.0,180.0,0.0
2025-07-14 03:15:00,19.18,0.0,0.0,180.0,0.0
2025-07-14 03:20:00,19.18,0.0,0.0,180.0,0.0
2025-07-14 03:25:00,19.18,0.0,0.0,180.0,0.0
2025-07-14 03:30:00,19.18,0.0,0.0,180.0,0.0
2025-07-14 03:35:00,21.66374,0.0,0.0,180.0,0.0
2025-07-14 03:40:00,35.94,0.0,100.0,171.21589538842116,299.49999999999994
2025-07-14 03:45:00,35.94,0.0,100.0,162.43179077684232,299.49999999999994
2025-07-14 03:50:00,20.0,100.0,0.0,170.33748492726326,-166.66666666666663
2025-07-14 03:55:00,20.0,100.0,0.0,178.2431790776842,-166.66666666666663
2025-07-14 04:00:00,35.94,0.0,69.99999999999959,172.09430584957906,209.64999999999873
2025-07-14 04:05:00,32.1485,100.0,0.0,180.0,-267.90416666666664
2025-07-14 04:10:00,50.96283,0.0,-0.0,180.0,-0.0
2025-07-14 04:15:00,64.91799,0.0,79.99999999999976,172.97271631073696,432.7865999999987
2025-07-14 04:20:00,58.79749,0.0,0.0,172.97271631073696,0.0
2025-07-14 04:25:00,58.93249,0.0,0.0,172.97271631073696,0.0
2025-07-14 04:30:00,66.22442,0.0,100.0,164.18861169915812,551.8701666666666
2025-07-14 04:35:00,52.1216,100.0,0.0,172.09430584957906,-434.34666666666664
2025-07-14 04:40:00,51.7367,100.0,0.0,180.0,-431.1391666666666
2025-07-14 04:45:00,64.55471,0.0,0.0,180.0,0.0
2025-07-14 04:50:00,64.18405,0.0,0.0,180.0,0.0
2025-07-14 04:55:00,60.09715,0.0,0.0,180.0,0.0
2025-07-14 05:00:00,70.22126,0.0,-0.0,180.0,-0.0
2025-07-14 05:05:00,66.65846,0.0,0.0,180.0,0.0
2025-07-14 05:10:00,73.19057,0.0,0.0,180.0,0.0
2025-07-14 05:15:00,73.83114,0.0,-0.0,180.0,-0.0
2025-07-14 05:20:00,72.5303,0.0,0.0,180.0,0.0
2025-07-14 05:25:00,81.76135,0.0,0.0,180.0,0.0
2025-07-14 05:30:00,90.0,0.0,89.99999999999993,172.09430584957906,674.9999999999994
2025-07-14 05:35:00,79.95517,100.0,0.0,180.0,-666.2930833333332
2025-07-14 05:40:00,100.9017,0.0,-0.0,180.0,-0.0
2025-07-14 05:45:00,155.00505,0.0,100.0,171.21589538842116,1291.70875
2025-07-14 05:50:00,175.64,0.0,100.0,162.43179077684232,1463.6666666666663
2025-07-14 05:55:00,176.50235,0.0,100.0,153.6476861652635,1470.8529166666665
2025-07-14 06:00:00,160.6866,0.0,100.0,144.86358155368467,1339.0549999999998
2025-07-14 06:05:00,125.42,100.0,0.0,152.7692757041056,-1045.1666666666665
2025-07-14 06:10:00,178.04479,0.0,100.0,143.98517109252677,1483.7065833333331
2025-07-14 06:15:00,175.64,0.0,100.0,135.20106648094793,1463.6666666666663
2025-07-14 06:20:00,175.64,0.0,100.0,126.4169618693691,1463.6666666666663
2025-07-14 06:25:00,164.36925,0.0,100.0,117.63285725779026,1369.7437499999999
2025-07-14 06:30:00,198.11,0.0,100.0,108.84875264621144,1650.9166666666665
2025-07-14 06:35:00,140.55,0.0,0.0,108.84875264621144,0.0
2025-07-14 06:40:00,168.047,0.0,100.0,100.06464803463261,1400.3916666666664
2025-07-14 06:45:00,137.47755,100.0,0.0,107.97034218505355,-1145.64625
2025-07-14 06:50:00,140.55,0.0,0.0,107.97034218505355,0.0
2025-07-14 06:55:00,157.39952,0.0,100.0,99.18623757347473,1311.6626666666664
2025-07-14 07:00:00,140.75257,0.0,0.0,99.18623757347473,0.0
2025-07-14 07:05:00,170.22,0.0,100.0,90.4021329618959,1418.4999999999998
2025-07-14 07:10:00,165.00031,0.0,100.0,81.61802835031708,1375.0025833333332
2025-07-14 07:15:00,146.5,0.0,0.0,81.61802835031708,0.0
2025-07-14 07:20:00,154.81816,0.0,91.4719322569864,73.58303813063087,1180.1263536392735
2025-07-14 07:25:00,147.18225,0.0,0.0,73.58303813063087,0.0
2025-07-14 07:30:00,138.51069,100.0,0.0,81.48873228105181,-1154.25575
2025-07-14 07:35:00,153.749,0.0,0.0,81.48873228105181,0.0
2025-07-14 07:40:00,151.50355,0.0,0.0,81.48873228105181,0.0
2025-07-14 07:45:00,192.19582,0.0,100.0,72.70462766947298,1601.6318333333331
2025-07-14 07:50:00,151.26038,0.0,0.0,72.70462766947298,0.0
2025-07-14 07:55:00,175.64,0.0,100.0,63.92052305789416,1463.6666666666663
2025-07-14 08:00:00,205.87481,0.0,100.0,55.13641844631533,1715.6234166666663
2025-07-14 08:05:00,164.5565,0.0,100.0,46.3523138347365,1371.3041666666666
2025-07-14 08:10:00,170.22,0.0,100.0,37.568209223157666,1418.4999999999998
2025-07-14 08:15:00,206.86532,0.0,100.0,28.784104611578833,1723.8776666666663
2025-07-14 08:20:00,170.22,0.0,100.0,20.0,1418.4999999999998
2025-07-14 08:25:00,132.23,100.0,0.0,27.90569415042095,-1101.9166666666665
2025-07-14 08:30:00,150.82751,0.0,0.0,27.90569415042095,0.0
2025-07-14 08:35:00,151.83256,0.0,90.00000000000001,20.0,1138.7442
2025-07-14 08:40:00,140.55,0.0,0.0,20.0,0.0
2025-07-14 08:45:00,132.72,0.0,0.0,20.0,0.0
2025-07-14 08:50:00,124.52437,0.0,0.0,20.0,0.0
2025-07-14 08:55:00,124.56263,0.0,0.0,20.0,0.0
2025-07-14 09:00:00,124.8013,0.0,0.0,20.0,0.0
2025-07-14 09:05:00,131.23,0.0,0.0,20.0,0.0
2025-07-14 09:10:00,89.11817,44.44444444444449,0.0,23.513641844631536,-330.06729629629666
2025-07-14 09:15:00,82.7409,100.0,0.0,31.419335995052485,-689.5074999999998
2025-07-14 09:20:00,122.02,0.0,100.0,22.635231383473652,1016.8333333333331
2025-07-14 09:25:00,82.28199,100.0,0.0,30.5409255338946,-685.6832499999998
2025-07-14 09:30:00,75.8,100.0,0.0,38.44661968431555,-631.6666666666665
2025-07-14 09:35:00,83.89991,100.0,0.0,46.3523138347365,-699.1659166666666
2025-07-14 09:40:00,137.96,0.0,100.0,37.568209223157666,1149.6666666666665
2025-07-14 09:45:00,122.02,0.0,100.0,28.784104611578833,1016.8333333333331
2025-07-14 09:50:00,98.25236,0.0,0.0,28.784104611578833,0.0
2025-07-14 09:55:00,121.56991,0.0,100.0,20.0,1013.0825833333331
2025-07-14 10:00:00,82.51571,0.0,0.0,20.0,0.0
2025-07-14 10:05:00,89.23,0.0,0.0,20.0,0.0
2025-07-14 10:10:00,88.95,0.0,0.0,20.0,0.0
2025-07-14 10:15:00,61.94198,0.0,0.0,20.0,0.0
2025-07-14 10:20:00,60.97766,0.0,0.0,20.0,0.0
2025-07-14 10:25:00,42.19,0.0,0.0,20.0,0.0
2025-07-14 10:30:00,42.19,22.222222222222246,0.0,21.756820922315768,-78.1296296296297
2025-07-14 10:35:00,42.19,100.0,0.0,29.662515072736717,-351.58333333333326
2025-07-14 10:40:00,61.13163,0.0,100.0,20.878410461157884,509.43024999999994
2025-07-14 10:45:00,42.19,100.0,0.0,28.784104611578833,-351.58333333333326
2025-07-14 10:50:00,78.05055,0.0,100.0,20.0,650.4212499999999
2025-07-14 10:55:00,41.45,0.0,0.0,20.0,0.0
2025-07-14 11:00:00,41.45,0.0,-0.0,20.0,-0.0
2025-07-14 11:05:00,20.04,11.111111111111123,0.0,20.878410461157884,-18.555555555555575
2025-07-14 11:10:00,19.62,100.0,0.0,28.784104611578833,-163.49999999999997
2025-07-14 11:15:00,23.86,0.0,100.0,20.0,198.83333333333331
2025-07-14 11:20:00,20.0,0.0,-0.0,20.0,-0.0
2025-07-14 11:25:00,12.42,0.0,-0.0,20.0,-0.0
2025-07-14 11:30:00,11.37,0.0,0.0,20.0,0.0
2025-07-14 11:35:00,0.05,100.0,0.0,27.90569415042095,-0.41666666666666663
2025-07-14 11:40:00,11.35,0.0,90.00000000000001,20.0,85.12500000000001
2025-07-14 11:45:00,0.05,100.0,0.0,27.90569415042095,-0.41666666666666663
2025-07-14 11:50:00,0.05,100.0,0.0,35.8113883008419,-0.41666666666666663
2025-07-14 11:55:00,8.95,0.0,0.0,35.8113883008419,0.0
2025-07-14 12:00:00,8.95,100.0,0.0,43.71708245126285,-74.58333333333331
2025-07-14 12:05:00,0.05,100.0,0.0,51.622776601683796,-0.41666666666666663
2025-07-14 12:10:00,8.95,0.0,0.0,51.622776601683796,0.0
2025-07-14 12:15:00,8.95,100.0,0.0,59.528470752104745,-74.58333333333331
2025-07-14 12:20:00,8.95,23.857702507763857,0.0,61.414587743685864,-17.793869787040542
2025-07-14 12:25:00,8.95,100.0,0.0,69.32028189410681,-74.58333333333331
2025-07-14 12:30:00,0.05,100.0,0.0,77.22597604452775,-0.41666666666666663
2025-07-14 12:35:00,8.95,100.0,0.0,85.1316701949487,-74.58333333333331
2025-07-14 12:40:00,8.95,100.0,0.0,93.03736434536964,-74.58333333333331
2025-07-14 12:45:00,0.01,100.0,0.0,100.94305849579058,-0.08333333333333333
2025-07-14 12:50:00,8.95,100.0,0.0,108.84875264621152,-74.58333333333331
2025-07-14 12:55:00,8.95,100.0,0.0,116.75444679663246,-74.58333333333331
2025-07-14 13:00:00,8.95,100.0,0.0,124.6601409470534,-74.58333333333331
2025-07-14 13:05:00,8.95,100.0,0.0,132.56583509747435,-74.58333333333331
2025-07-14 13:10:00,8.95,100.0,0.0,140.4715292478953,-74.58333333333331
2025-07-14 13:15:00,5.26,100.0,0.0,148.37722339831623,-43.83333333333333
2025-07-14 13:20:00,0.01,100.0,0.0,156.28291754873717,-0.08333333333333333
2025-07-14 13:25:00,8.95,100.0,0.0,164.18861169915812,-74.58333333333331
2025-07-14 13:30:00,5.26,100.0,0.0,172.09430584957906,-43.83333333333333
2025-07-14 13:35:00,8.95,100.0,0.0,180.0,-74.58333333333331
2025-07-14 13:40:00,31.57,0.0,100.0,171.21589538842116,263.0833333333333
2025-07-14 13:45:00,29.12905,0.0,100.0,162.43179077684232,242.74208333333328
2025-07-14 13:50:00,8.95023,100.0,0.0,170.33748492726326,-74.58524999999999
2025-07-14 13:55:00,20.0,22.22222222222261,0.0,172.09430584957906,-37.03703703703768
2025-07-14 14:00:00,8.95,100.0,0.0,180.0,-74.58333333333331
2025-07-14 14:05:00,21.0,0.0,0.0,180.0,0.0
2025-07-14 14:10:00,39.98203,0.0,-0.0,180.0,-0.0
2025-07-14 14:15:00,51.01,0.0,0.0,180.0,0.0
2025-07-14 14:20:00,75.8,0.0,0.0,180.0,0.0
2025-07-14 14:25:00,76.44989,0.0,0.0,180.0,0.0
2025-07-14 14:30:00,75.8,0.0,0.0,180.0,0.0
2025-07-14 14:35:00,79.29,0.0,-0.0,180.0,-0.0
2025-07-14 14:40:00,83.45951,0.0,0.0,180.0,0.0
2025-07-14 14:45:00,115.63269,0.0,0.0,180.0,0.0
2025-07-14 14:50:00,122.02,0.0,0.0,180.0,0.0
2025-07-14 14:55:00,222.32318,0.0,100.0,171.21589538842116,1852.6931666666665
2025-07-14 15:00:00,163.14819,0.0,100.0,162.43179077684232,1359.5682499999998
2025-07-14 15:05:00,110.50566,100.0,0.0,170.33748492726326,-920.8804999999999
2025-07-14 15:10:00,122.02,0.0,0.0,170.33748492726326,0.0
2025-07-14 15:15:00,122.02,0.0,0.0,170.33748492726326,0.0
2025-07-14 15:20:00,223.36,0.0,100.0,161.55338031568442,1861.3333333333333
2025-07-14 15:25:00,126.20326,0.0,0.0,161.55338031568442,0.0
2025-07-14 15:30:00,122.02,33.33333333333391,0.0,164.18861169915812,-338.94444444445026
2025-07-14 15:35:00,90.4751,100.0,0.0,172.09430584957906,-753.9591666666665
2025-07-14 15:40:00,122.02,0.0,0.0,172.09430584957906,0.0
2025-07-14 15:45:00,122.02,100.0,0.0,180.0,-1016.8333333333331
2025-07-14 15:50:00,147.24233,0.0,0.0,180.0,0.0
2025-07-14 15:55:00,223.36,0.0,100.0,171.21589538842116,1861.3333333333333
2025-07-14 16:00:00,137.96,0.0,0.0,171.21589538842116,0.0
2025-07-14 16:05:00,137.96,0.0,0.0,171.21589538842116,0.0
2025-07-14 16:10:00,122.02,100.0,0.0,179.1215895388421,-1016.8333333333331
2025-07-14 16:15:00,137.96,11.111111111111304,0.0,180.0,-127.74074074074296
2025-07-14 16:20:00,183.70585,0.0,100.0,171.21589538842116,1530.8820833333332
2025-07-14 16:25:00,163.49255,0.0,0.0,171.21589538842116,0.0
2025-07-14 16:30:00,185.0,0.0,100.0,162.43179077684232,1541.6666666666665
2025-07-14 16:35:00,170.63709,0.0,1.4719322569859927,162.3024947075771,20.930519750768497
2025-07-14 16:40:00,185.0,0.0,100.0,153.51839009599826,1541.6666666666665
2025-07-14 16:45:00,175.64,0.0,100.0,144.73428548441942,1463.6666666666663
2025-07-14 16:50:00,174.24976,0.0,100.0,135.95018087284058,1452.0813333333333
2025-07-14 16:55:00,149.85597,100.0,0.0,143.85587502326152,-1248.79975
2025-07-14 17:00:00,166.06156,0.0,0.0,143.85587502326152,0.0
2025-07-14 17:05:00,152.98469,100.0,0.0,151.76156917368246,-1274.8724166666666
2025-07-14 17:10:00,166.14748,0.0,0.0,151.76156917368246,0.0
2025-07-14 17:15:00,170.56,0.0,0.0,151.76156917368246,0.0
2025-07-14 17:20:00,169.17004,0.0,0.0,151.76156917368246,0.0
2025-07-14 17:25:00,175.64,0.0,100.0,142.97746456210362,1463.6666666666663
2025-07-14 17:30:00,180.94,0.0,100.0,134.19335995052478,1507.833333333333
2025-07-14 17:35:00,185.0,0.0,100.0,125.40925533894595,1541.6666666666665
2025-07-14 17:40:00,198.11,0.0,100.0,116.62515072736713,1650.9166666666665
2025-07-14 17:45:00,195.13518,0.0,100.0,107.8410461157883,1626.1264999999996
2025-07-14 17:50:00,199.11,0.0,100.0,99.05694150420948,1659.2499999999998
2025-07-14 17:55:00,200.88999,0.0,100.0,90.27283689263065,1674.08325
2025-07-14 18:00:00,218.45,0.0,100.0,81.48873228105182,1820.4166666666663
2025-07-14 18:05:00,199.11,0.0,100.0,72.704627669473,1659.2499999999998
2025-07-14 18:10:00,198.11,0.0,100.0,63.920523057894165,1650.9166666666665
2025-07-14 18:15:00,201.41894,0.0,100.0,55.13641844631533,1678.4911666666665
2025-07-14 18:20:00,185.0,0.0,100.0,46.3523138347365,1541.6666666666665
2025-07-14 18:25:00,198.11,0.0,100.0,37.568209223157666,1650.9166666666665
2025-07-14 18:30:00,196.9,0.0,100.0,28.784104611578833,1640.8333333333333
2025-07-14 18:35:00,170.22,0.0,0.0,28.784104611578833,0.0
2025-07-14 18:40:00,172.61173,0.0,100.0,20.0,1438.4310833333332
2025-07-14 18:45:00,139.57,0.0,0.0,20.0,0.0
2025-07-14 18:50:00,140.0,0.0,0.0,20.0,0.0
2025-07-14 18:55:00,140.0,0.0,0.0,20.0,0.0
2025-07-14 19:00:00,145.01774,0.0,0.0,20.0,0.0
2025-07-14 19:05:00,140.15281,0.0,0.0,20.0,0.0
2025-07-14 19:10:00,136.76611,0.0,0.0,20.0,0.0
2025-07-14 19:15:00,138.86353,0.0,0.0,20.0,0.0
2025-07-14 19:20:00,140.0,0.0,0.0,20.0,0.0
2025-07-14 19:25:00,140.0,0.0,0.0,20.0,0.0
2025-07-14 19:30:00,140.0,0.0,0.0,20.0,0.0
2025-07-14 19:35:00,122.02,100.0,0.0,27.90569415042095,-1016.8333333333331
2025-07-14 19:40:00,122.02,100.0,0.0,35.8113883008419,-1016.8333333333331
2025-07-14 19:45:00,136.40991,0.0,80.0,28.784104611578833,909.3993999999999
2025-07-14 19:50:00,140.0,0.0,100.0,20.0,1166.6666666666665
2025-07-14 19:55:00,122.02,0.0,0.0,20.0,0.0
2025-07-14 20:00:00,122.02,0.0,0.0,20.0,0.0
2025-07-14 20:05:00,129.55042,0.0,0.0,20.0,0.0
2025-07-14 20:10:00,122.22,0.0,0.0,20.0,0.0
2025-07-14 20:15:00,122.02,11.111111111111123,0.0,20.878410461157884,-112.9814814814816
2025-07-14 20:20:00,131.23079,0.0,0.0,20.878410461157884,0.0
2025-07-14 20:25:00,131.28007,0.0,0.0,20.878410461157884,0.0
2025-07-14 20:30:00,131.24806,0.0,0.0,20.878410461157884,0.0
2025-07-14 20:35:00,122.63581,0.0,0.0,20.878410461157884,0.0
2025-07-14 20:40:00,130.39841,0.0,0.0,20.878410461157884,0.0
2025-07-14 20:45:00,130.36029,0.0,0.0,20.878410461157884,0.0
2025-07-14 20:50:00,131.11388,0.0,0.0,20.878410461157884,0.0
2025-07-14 20:55:00,129.32641,0.0,0.0,20.878410461157884,0.0
2025-07-14 21:00:00,107.31487,100.0,0.0,28.784104611578833,-894.2905833333332
2025-07-14 21:05:00,140.0,0.0,100.0,20.0,1166.6666666666665
2025-07-14 21:10:00,114.97995,0.0,0.0,20.0,0.0
2025-07-14 21:15:00,110.77401,0.0,0.0,20.0,0.0
2025-07-14 21:20:00,109.40816,-0.0,0.0,20.0,0.0
2025-07-14 21:25:00,102.92421,100.0,0.0,27.90569415042095,-857.70175
2025-07-14 21:30:00,109.85116,0.0,0.0,27.90569415042095,0.0
2025-07-14 21:35:00,116.65715,0.0,90.00000000000001,20.0,874.9286250000001
2025-07-14 21:40:00,105.71408,0.0,0.0,20.0,0.0
2025-07-14 21:45:00,90.88491,100.0,0.0,27.90569415042095,-757.37425
2025-07-14 21:50:00,84.11584,100.0,0.0,35.8113883008419,-700.9653333333333
2025-07-14 21:55:00,91.54222,0.0,0.0,35.8113883008419,0.0
2025-07-14 22:00:00,85.50847,100.0,0.0,43.71708245126285,-712.5705833333333
2025-07-14 22:05:00,101.73806,0.0,100.0,34.932977839684014,847.8171666666666
2025-07-14 22:10:00,91.26365,33.33333333333337,0.0,37.568209223157666,-253.51013888888914
2025-07-14 22:15:00,101.78285,0.0,100.0,28.784104611578833,848.1904166666665
2025-07-14 22:20:00,100.45468,0.0,0.0,28.784104611578833,0.0
2025-07-14 22:25:00,101.57911,0.0,100.0,20.0,846.4925833333332
2025-07-14 22:30:00,92.29732,0.0,0.0,20.0,0.0
2025-07-14 22:35:00,91.97718,0.0,0.0,20.0,0.0
2025-07-14 22:40:00,98.14606,0.0,0.0,20.0,0.0
2025-07-14 22:45:00,87.14929,0.0,0.0,20.0,0.0
2025-07-14 22:50:00,43.36241,100.0,0.0,27.90569415042095,-361.3534166666666
2025-07-14 22:55:00,89.39917,0.0,0.0,27.90569415042095,0.0
2025-07-14 23:00:00,80.53966,100.0,0.0,35.8113883008419,-671.1638333333332
2025-07-14 23:05:00,90.56951,0.0,0.0,35.8113883008419,0.0
2025-07-14 23:10:00,90.0,0.0,0.0,35.8113883008419,0.0
2025-07-14 23:15:00,92.3181,0.0,100.0,27.027283689263065,769.3174999999999
2025-07-14 23:20:00,90.85563,0.0,80.0,20.0,605.7042
2025-07-14 23:25:00,88.82968,0.0,0.0,20.0,0.0
2025-07-14 23:30:00,46.38819,0.0,0.0,20.0,0.0
2025-07-14 23:35:00,20.00007,100.0,0.0,27.90569415042095,-166.66725
2025-07-14 23:40:00,49.78675,0.0,90.00000000000001,20.0,373.40062500000005
2025-07-14 23:45:00,20.85668,0.0,0.0,20.0,0.0
2025-07-14 23:50:00,20.0,0.0,0.0,20.0,0.0
2025-07-14 23:55:00,20.0,-0.0,0.0,20.0,0.0
2025-07-15 00:00:00,20.0,0.0,0.0,20.0,0.0
2025-07-15 00:05:00,19.61294,100.0,0.0,27.90569415042095,-163.44116666666662
2025-07-15 00:10:00,5.26,100.0,0.0,35.8113883008419,-43.83333333333333
2025-07-15 00:15:00,19.18,100.0,0.0,43.71708245126285,-159.83333333333331
2025-07-15 00:20:00,22.85163,0.0,100.0,34.932977839684014,190.43024999999997
2025-07-15 00:25:00,20.2,0.0,0.0,34.932977839684014,0.0
2025-07-15 00:30:00,20.14,0.0,0.0,34.932977839684014,0.0
2025-07-15 00:35:00,18.17989,100.0,0.0,42.83867199010496,-151.49908333333332
2025-07-15 00:40:00,5.26,100.0,0.0,50.74436614052591,-43.83333333333333
2025-07-15 00:45:00,8.95,100.0,0.0,58.650060290946854,-74.58333333333331
2025-07-15 00:50:00,20.2,0.0,0.0,58.650060290946854,0.0
2025-07-15 00:55:00,19.18,100.0,0.0,66.5557544413678,-159.83333333333331
2025-07-15 01:00:00,18.18,100.0,0.0,74.46144859178874,-151.49999999999997
2025-07-15 01:05:00,19.18,100.0,0.0,82.36714274220968,-159.83333333333331
2025-07-15 01:10:00,19.18,100.0,0.0,90.27283689263062,-159.83333333333331
2025-07-15 01:15:00,19.18,100.0,0.0,98.17853104305156,-159.83333333333331
2025-07-15 01:20:00,19.14453,100.0,0.0,106.0842251934725,-159.53774999999996
2025-07-15 01:25:00,19.18,100.0,0.0,113.98991934389345,-159.83333333333331
2025-07-15 01:30:00,19.18,100.0,0.0,121.8956134943144,-159.83333333333331
2025-07-15 01:35:00,15.68759,100.0,0.0,129.80130764473535,-130.72991666666664
2025-07-15 01:40:00,18.36937,100.0,0.0,137.7070017951563,-153.07808333333332
2025-07-15 01:45:00,20.0,0.0,0.0,137.7070017951563,0.0
2025-07-15 01:50:00,19.18,100.0,0.0,145.61269594557723,-159.83333333333331
2025-07-15 01:55:00,19.18,100.0,0.0,153.51839009599817,-159.83333333333331
2025-07-15 02:00:00,5.26,100.0,0.0,161.4240842464191,-43.83333333333333
2025-07-15 02:05:00,19.18,100.0,0.0,169.32977839684006,-159.83333333333331
2025-07-15 02:10:00,20.14,0.0,0.0,169.32977839684006,0.0
2025-07-15 02:15:00,19.18,100.0,0.0,177.235472547261,-159.83333333333331
2025-07-15 02:20:00,20.0,34.96881361887498,0.0,180.0,-58.2813560314583
2025-07-15 02:25:00,20.00007,0.0,0.0,180.0,0.0
2025-07-15 02:30:00,31.57,0.0,100.0,171.21589538842116,263.0833333333333
2025-07-15 02:35:00,35.94,0.0,100.0,162.43179077684232,299.49999999999994
2025-07-15 02:40:00,26.55723,22.22222222222261,0.0,164.18861169915812,-49.180055555556415
2025-07-15 02:45:00,20.00007,100.0,0.0,172.09430584957906,-166.66725
2025-07-15 02:50:00,22.72906,100.0,0.0,180.0,-189.40883333333332
2025-07-15 02:55:00,35.94,0.0,100.0,171.21589538842116,299.49999999999994
2025-07-15 03:00:00,25.8934,100.0,0.0,179.1215895388421,-215.7783333333333
2025-07-15 03:05:00,31.57,0.0,0.0,179.1215895388421,0.0
2025-07-15 03:10:00,31.57,11.111111111111304,0.0,180.0,-29.23148148148199
2025-07-15 03:15:00,35.94,0.0,100.0,171.21589538842116,299.49999999999994
2025-07-15 03:20:00,35.94,0.0,100.0,162.43179077684232,299.49999999999994
2025-07-15 03:25:00,35.94,0.0,100.0,153.64768616526348,299.49999999999994
2025-07-15 03:30:00,31.57,100.0,0.0,161.55338031568442,-263.0833333333333
2025-07-15 03:35:00,31.57,100.0,0.0,169.45907446610536,-263.0833333333333
2025-07-15 03:40:00,35.94,0.0,59.99999999999941,164.18861169915812,179.6999999999982
2025-07-15 03:45:00,35.94,0.0,0.0,164.18861169915812,0.0
2025-07-15 03:50:00,31.57,100.0,0.0,172.09430584957906,-263.0833333333333
2025-07-15 03:55:00,35.94,0.0,0.0,172.09430584957906,0.0
2025-07-15 04:00:00,35.94,0.0,0.0,172.09430584957906,0.0
2025-07-15 04:05:00,31.57,100.0,0.0,180.0,-263.0833333333333
2025-07-15 04:10:00,35.94,0.0,0.0,180.0,0.0
2025-07-15 04:15:00,53.69392,0.0,100.0,171.21589538842116,447.44933333333324
2025-07-15 04:20:00,31.57,100.0,0.0,179.1215895388421,-263.0833333333333
2025-07-15 04:25:00,35.94,0.0,0.0,179.1215895388421,0.0
2025-07-15 04:30:00,35.94,11.111111111111304,0.0,180.0,-33.277777777778354
2025-07-15 04:35:00,58.69265,0.0,89.99999999999993,172.09430584957906,440.1948749999996
2025-07-15 04:40:00,51.01,100.0,0.0,180.0,-425.08333333333326
2025-07-15 04:45:00,56.59478,0.0,0.0,180.0,0.0
2025-07-15 04:50:00,64.37,0.0,-0.0,180.0,-0.0
2025-07-15 04:55:00,70.7916,0.0,0.0,180.0,0.0
2025-07-15 05:00:00,71.29152,0.0,-0.0,180.0,-0.0
2025-07-15 05:05:00,72.8776,0.0,0.0,180.0,0.0
2025-07-15 05:10:00,73.29604,0.0,0.0,180.0,0.0
2025-07-15 05:15:00,79.332,0.0,0.0,180.0,0.0
2025-07-15 05:20:00,80.81348,0.0,100.0,171.21589538842116,673.4456666666665
2025-07-15 05:25:00,72.06438,100.0,0.0,179.1215895388421,-600.5364999999999
2025-07-15 05:30:00,80.17145,0.0,79.99999999999976,172.09430584957906,534.4763333333317
2025-07-15 05:35:00,71.42883,100.0,0.0,180.0,-595.24025
2025-07-15 05:40:00,73.73574,0.0,0.0,180.0,0.0
2025-07-15 05:45:00,86.33223,0.0,-0.0,180.0,-0.0
2025-07-15 05:50:00,97.32592,0.0,0.0,180.0,0.0
2025-07-15 05:55:00,97.26384,-0.0,0.0,180.0,0.0
2025-07-15 06:00:00,98.60824,0.0,0.0,180.0,0.0
2025-07-15 06:05:00,99.13074,0.0,0.0,180.0,0.0
2025-07-15 06:10:00,104.95744,0.0,0.0,180.0,0.0
2025-07-15 06:15:00,132.02464,0.0,0.0,180.0,0.0
2025-07-15 06:20:00,144.26032,0.0,100.0,171.21589538842116,1202.1693333333333
2025-07-15 06:25:00,132.12441,0.0,0.0,171.21589538842116,0.0
2025-07-15 06:30:00,144.09296,0.0,100.0,162.43179077684232,1200.7746666666665
2025-07-15 06:35:00,131.23,0.0,0.0,162.43179077684232,0.0
2025-07-15 06:40:00,140.0,0.0,0.0,162.43179077684232,0.0
2025-07-15 06:45:00,143.52334,0.0,100.0,153.64768616526348,1196.027833333333
2025-07-15 06:50:00,134.56273,0.0,0.0,153.64768616526348,0.0
2025-07-15 06:55:00,131.23,0.0,0.0,153.64768616526348,0.0
2025-07-15 07:00:00,140.0,0.0,0.0,153.64768616526348,0.0
2025-07-15 07:05:00,138.23295,0.0,0.0,153.64768616526348,0.0
2025-07-15 07:10:00,132.72,0.0,0.0,153.64768616526348,0.0
2025-07-15 07:15:00,132.72,0.0,0.0,153.64768616526348,0.0
2025-07-15 07:20:00,154.20071,0.0,100.0,144.86358155368464,1285.0059166666663
2025-07-15 07:25:00,145.15616,0.0,100.0,136.07947694210583,1209.6346666666666
2025-07-15 07:30:00,170.50211,0.0,100.0,127.295372330527,1420.8509166666663
2025-07-15 07:35:00,136.90931,0.0,0.0,127.295372330527,0.0
2025-07-15 07:40:00,132.72,0.0,0.0,127.295372330527,0.0
2025-07-15 07:45:00,140.0,0.0,0.0,127.295372330527,0.0
2025-07-15 07:50:00,132.72,0.0,0.0,127.295372330527,0.0
2025-07-15 07:55:00,132.735,0.0,0.0,127.295372330527,0.0
2025-07-15 08:00:00,132.72,0.0,0.0,127.295372330527,0.0
2025-07-15 08:05:00,147.20116,0.0,100.0,118.51126771894818,1226.676333333333
2025-07-15 08:10:00,134.93618,0.0,0.0,118.51126771894818,0.0
2025-07-15 08:15:00,131.23,0.0,0.0,118.51126771894818,0.0
2025-07-15 08:20:00,133.91035,0.0,0.0,118.51126771894818,0.0
2025-07-15 08:25:00,136.09213,0.0,0.0,118.51126771894818,0.0
2025-07-15 08:30:00,131.97931,0.0,0.0,118.51126771894818,0.0
2025-07-15 08:35:00,143.9116,0.0,100.0,109.72716310736935,1199.263333333333
2025-07-15 08:40:00,140.0,0.0,0.0,109.72716310736935,0.0
2025-07-15 08:45:00,132.72,0.0,0.0,109.72716310736935,0.0
2025-07-15 08:50:00,144.31939,0.0,100.0,100.94305849579052,1202.661583333333
2025-07-15 08:55:00,132.72,0.0,0.0,100.94305849579052,0.0
2025-07-15 09:00:00,132.72,0.0,0.0,100.94305849579052,0.0
2025-07-15 09:05:00,140.55,0.0,21.471932256986822,99.05694150420946,251.49000655995815
2025-07-15 09:10:00,173.50516,0.0,100.0,90.27283689263064,1445.8763333333332
2025-07-15 09:15:00,132.72,0.0,0.0,90.27283689263064,0.0
2025-07-15 09:20:00,140.55,0.0,0.0,90.27283689263064,0.0
2025-07-15 09:25:00,180.01174,0.0,100.0,81.48873228105181,1500.0978333333333
2025-07-15 09:30:00,175.64,0.0,100.0,72.70462766947298,1463.6666666666663
2025-07-15 09:35:00,143.67708,0.0,100.0,63.92052305789416,1197.3089999999997
2025-07-15 09:40:00,144.62266,0.0,100.0,55.136418446315325,1205.1888333333332
2025-07-15 09:45:00,181.85017,0.0,100.0,46.35231383473649,1515.418083333333
2025-07-15 09:50:00,152.72584,0.0,100.0,37.56820922315766,1272.715333333333
2025-07-15 09:55:00,146.69898,0.0,100.0,28.784104611578833,1222.4914999999999
2025-07-15 10:00:00,140.55,0.0,0.0,28.784104611578833,0.0
2025-07-15 10:05:00,132.72,0.0,0.0,28.784104611578833,0.0
2025-07-15 10:10:00,185.0,0.0,100.0,20.0,1541.6666666666665
2025-07-15 10:15:00,132.72,0.0,0.0,20.0,0.0
2025-07-15 10:20:00,128.98918,0.0,0.0,20.0,0.0
2025-07-15 10:25:00,130.32987,0.0,0.0,20.0,0.0
2025-07-15 10:30:00,122.02,-0.0,0.0,20.0,0.0
2025-07-15 10:35:00,126.24686,0.0,0.0,20.0,0.0
2025-07-15 10:40:00,101.78023,0.0,0.0,20.0,0.0
2025-07-15 10:45:00,100.0,0.0,0.0,20.0,0.0
2025-07-15 10:50:00,99.67142,0.0,0.0,20.0,0.0
2025-07-15 10:55:00,91.0,100.0,0.0,27.90569415042095,-758.3333333333333
2025-07-15 11:00:00,88.95,100.0,0.0,35.8113883008419,-741.2499999999999
2025-07-15 11:05:00,106.81489,0.0,0.0,35.8113883008419,0.0
2025-07-15 11:10:00,99.61626,0.0,0.0,35.8113883008419,0.0
2025-07-15 11:15:00,95.85977,100.0,0.0,43.71708245126285,-798.8314166666665
2025-07-15 11:20:00,100.0,0.0,0.0,43.71708245126285,0.0
2025-07-15 11:25:00,97.52107,0.0,0.0,43.71708245126285,0.0
2025-07-15 11:30:00,99.04848,0.0,0.0,43.71708245126285,0.0
2025-07-15 11:35:00,101.96127,0.0,0.0,43.71708245126285,0.0
2025-07-15 11:40:00,97.16728,100.0,0.0,51.622776601683796,-809.7273333333333
2025-07-15 11:45:00,95.70661,100.0,0.0,59.528470752104745,-797.5550833333332
2025-07-15 11:50:00,91.58147,100.0,0.0,67.4341649025257,-763.1789166666665
2025-07-15 11:55:00,136.64597,0.0,100.0,58.65006029094686,1138.7164166666666
2025-07-15 12:00:00,142.39195,0.0,100.0,49.86595567936803,1186.5995833333332
2025-07-15 12:05:00,130.19031,0.0,100.0,41.081851067789195,1084.91925
2025-07-15 12:10:00,148.93544,0.0,100.0,32.29774645621036,1241.1286666666665
2025-07-15 12:15:00,97.19514,77.77777777777787,0.0,38.44661968431555,-629.9685000000007
2025-07-15 12:20:00,112.76327,0.0,100.0,29.662515072736717,939.6939166666666
2025-07-15 12:25:00,116.3273,0.0,100.0,20.878410461157884,969.3941666666665
2025-07-15 12:30:00,91.0,100.0,0.0,28.784104611578833,-758.3333333333333
2025-07-15 12:35:00,114.77059,0.0,100.0,20.0,956.4215833333332
2025-07-15 12:40:00,91.41563,0.0,0.0,20.0,0.0
2025-07-15 12:45:00,91.44325,0.0,0.0,20.0,0.0
2025-07-15 12:50:00,89.24569,0.0,0.0,20.0,0.0
2025-07-15 12:55:00,90.0,0.0,0.0,20.0,0.0
2025-07-15 13:00:00,90.0,0.0,0.0,20.0,0.0
2025-07-15 13:05:00,89.23,0.0,0.0,20.0,0.0
2025-07-15 13:10:00,89.23,0.0,0.0,20.0,0.0
2025-07-15 13:15:00,89.23,34.968813618874805,0.0,22.76452745273899,-260.0222699343499
2025-07-15 13:20:00,89.23,100.0,0.0,30.670221603159938,-743.5833333333333
2025-07-15 13:25:00,91.0,0.0,0.0,30.670221603159938,0.0
2025-07-15 13:30:00,90.0,0.0,0.0,30.670221603159938,0.0
2025-07-15 13:35:00,89.23,100.0,0.0,38.57591575358089,-743.5833333333333
2025-07-15 13:40:00,90.0,0.0,0.0,38.57591575358089,0.0
2025-07-15 13:45:00,84.24315,100.0,0.0,46.481609904001836,-702.0262499999999
2025-07-15 13:50:00,88.59329,100.0,0.0,54.387304054422785,-738.2774166666666
2025-07-15 13:55:00,80.49351,100.0,0.0,62.292998204843734,-670.7792499999999
2025-07-15 14:00:00,81.29157,100.0,0.0,70.19869235526468,-677.4297499999999
2025-07-15 14:05:00,86.31818,100.0,0.0,78.10438650568562,-719.3181666666666
2025-07-15 14:10:00,79.42148,100.0,0.0,86.01008065610657,-661.8456666666666
2025-07-15 14:15:00,80.0,100.0,0.0,93.91577480652751,-666.6666666666665
2025-07-15 14:20:00,82.06012,100.0,0.0,101.82146895694845,-683.8343333333332
2025-07-15 14:25:00,92.65802,0.0,0.0,101.82146895694845,0.0
2025-07-15 14:30:00,83.74294,100.0,0.0,109.72716310736939,-697.8578333333332
2025-07-15 14:35:00,90.0,0.0,0.0,109.72716310736939,0.0
2025-07-15 14:40:00,111.03653,0.0,100.0,100.94305849579057,925.3044166666665
2025-07-15 14:45:00,87.70801,100.0,0.0,108.84875264621151,-730.9000833333332
2025-07-15 14:50:00,86.13517,100.0,0.0,116.75444679663246,-717.7930833333332
2025-07-15 14:55:00,69.70782,100.0,0.0,124.6601409470534,-580.8984999999999
2025-07-15 15:00:00,80.0,100.0,0.0,132.56583509747435,-666.6666666666665
2025-07-15 15:05:00,86.15502,100.0,0.0,140.4715292478953,-717.9584999999998
2025-07-15 15:10:00,77.41002,100.0,0.0,148.37722339831623,-645.0835
2025-07-15 15:15:00,80.0,100.0,0.0,156.28291754873717,-666.6666666666665
2025-07-15 15:20:00,80.0,100.0,0.0,164.18861169915812,-666.6666666666665
2025-07-15 15:25:00,80.0,100.0,0.0,172.09430584957906,-666.6666666666665
2025-07-15 15:30:00,83.12544,100.0,0.0,180.0,-692.7119999999999
2025-07-15 15:35:00,115.09129,0.0,-0.0,180.0,-0.0
2025-07-15 15:40:00,122.02,0.0,0.0,180.0,0.0
2025-07-15 15:45:00,115.41992,0.0,0.0,180.0,0.0
2025-07-15 15:50:00,130.80602,0.0,-0.0,180.0,-0.0
2025-07-15 15:55:00,124.60503,0.0,0.0,180.0,0.0
2025-07-15 16:00:00,165.64904,0.0,100.0,171.21589538842116,1380.4086666666665
2025-07-15 16:05:00,125.77699,100.0,0.0,179.1215895388421,-1048.141583333333
2025-07-15 16:10:00,181.33208,0.0,100.0,170.33748492726326,1511.1006666666665
2025-07-15 16:15:00,132.72,22.22222222222261,0.0,172.09430584957906,-245.77777777778206
2025-07-15 16:20:00,137.33505,0.0,0.0,172.09430584957906,0.0
2025-07-15 16:25:00,120.10102,100.0,0.0,180.0,-1000.8418333333333
2025-07-15 16:30:00,188.51576,0.0,100.0,171.21589538842116,1570.9646666666665
2025-07-15 16:35:00,136.48669,100.0,0.0,179.1215895388421,-1137.3890833333332
2025-07-15 16:40:00,138.82662,11.111111111111304,0.0,180.0,-128.5431666666689
2025-07-15 16:45:00,170.37,0.0,0.0,180.0,0.0
2025-07-15 16:50:00,173.44,0.0,0.0,180.0,0.0
2025-07-15 16:55:00,188.65106,0.0,100.0,171.21589538842116,1572.0921666666663
2025-07-15 17:00:00,195.90609,0.0,100.0,162.43179077684232,1632.5507499999999
2025-07-15 17:05:00,197.11,0.0,100.0,153.6476861652635,1642.5833333333333
2025-07-15 17:10:00,180.10118,0.0,100.0,144.86358155368467,1500.8431666666665
2025-07-15 17:15:00,189.55145,0.0,100.0,136.07947694210583,1579.5954166666663
2025-07-15 17:20:00,194.50523,0.0,100.0,127.29537233052699,1620.8769166666666
2025-07-15 17:25:00,184.81352,0.0,100.0,118.51126771894816,1540.1126666666664
2025-07-15 17:30:00,175.64,0.0,100.0,109.72716310736934,1463.6666666666663
2025-07-15 17:35:00,174.42712,0.0,0.0,109.72716310736934,0.0
2025-07-15 17:40:00,178.08361,0.0,100.0,100.94305849579051,1484.030083333333
2025-07-15 17:45:00,233.54,0.0,100.0,92.15895388421168,1946.1666666666663
2025-07-15 17:50:00,223.36,0.0,100.0,83.37484927263286,1861.3333333333333
2025-07-15 17:55:00,248.8893,0.0,100.0,74.59074466105403,2074.0774999999994
2025-07-15 18:00:00,188.78382,0.0,100.0,65.8066400494752,1573.1984999999997
2025-07-15 18:05:00,208.74665,0.0,100.0,57.02253543789637,1739.5554166666664
2025-07-15 18:10:00,165.84725,0.0,0.0,57.02253543789637,0.0
2025-07-15 18:15:00,185.95242,0.0,100.0,48.23843082631754,1549.6034999999997
2025-07-15 18:20:00,172.6426,0.0,0.0,48.23843082631754,0.0
2025-07-15 18:25:00,226.46542,0.0,100.0,39.45432621473871,1887.211833333333
2025-07-15 18:30:00,215.06244,0.0,100.0,30.670221603159874,1792.187
2025-07-15 18:35:00,175.64,0.0,11.47193225698657,29.662515072736717,167.9108484680934
2025-07-15 18:40:00,196.17558,0.0,100.0,20.878410461157884,1634.7964999999997
2025-07-15 18:45:00,144.06834,100.0,0.0,28.784104611578833,-1200.5694999999998
2025-07-15 18:50:00,188.07708,0.0,100.0,20.0,1567.3089999999997
2025-07-15 18:55:00,131.15508,100.0,0.0,27.90569415042095,-1092.9589999999998
2025-07-15 19:00:00,147.94753,11.111111111111123,0.0,28.784104611578833,-136.98845370370384
2025-07-15 19:05:00,159.94125,0.0,0.0,28.784104611578833,0.0
2025-07-15 19:10:00,155.13654,0.0,0.0,28.784104611578833,0.0
2025-07-15 19:15:00,175.64,0.0,100.0,20.0,1463.6666666666663
2025-07-15 19:20:00,131.23,100.0,0.0,27.90569415042095,-1093.583333333333
2025-07-15 19:25:00,145.72428,11.111111111111123,0.0,28.784104611578833,-134.92988888888902
2025-07-15 19:30:00,154.85424,0.0,0.0,28.784104611578833,0.0
2025-07-15 19:35:00,163.30089,0.0,100.0,20.0,1360.8407499999998
2025-07-15 19:40:00,134.08353,0.0,0.0,20.0,0.0
2025-07-15 19:45:00,129.06946,11.111111111111123,0.0,20.878410461157884,-119.50875925925938
2025-07-15 19:50:00,123.89716,100.0,0.0,28.784104611578833,-1032.4763333333333
2025-07-15 19:55:00,136.6268,0.0,0.0,28.784104611578833,0.0
2025-07-15 20:00:00,132.72,0.0,0.0,28.784104611578833,0.0
2025-07-15 20:05:00,141.72888,0.0,0.0,28.784104611578833,0.0
2025-07-15 20:10:00,143.51731,0.0,100.0,20.0,1195.9775833333333
2025-07-15 20:15:00,114.15538,100.0,0.0,27.90569415042095,-951.2948333333331
2025-07-15 20:20:00,123.85027,0.0,0.0,27.90569415042095,0.0
2025-07-15 20:25:00,124.76903,0.0,0.0,27.90569415042095,0.0
2025-07-15 20:30:00,110.96143,100.0,0.0,35.8113883008419,-924.6785833333331
2025-07-15 20:35:00,132.72,0.0,0.0,35.8113883008419,0.0
2025-07-15 20:40:00,130.96706,0.0,0.0,35.8113883008419,0.0
2025-07-15 20:45:00,134.18065,0.0,69.99999999999999,29.662515072736717,782.7204583333332
2025-07-15 20:50:00,125.61472,0.0,0.0,29.662515072736717,0.0
2025-07-15 20:55:00,124.86355,0.0,0.0,29.662515072736717,0.0
2025-07-15 21:00:00,106.89976,100.0,0.0,37.568209223157666,-890.8313333333332
2025-07-15 21:05:00,125.17858,0.0,0.0,37.568209223157666,0.0
2025-07-15 21:10:00,134.37047,0.0,100.0,28.784104611578833,1119.7539166666666
2025-07-15 21:15:00,144.22114,0.0,100.0,20.0,1201.8428333333331
2025-07-15 21:20:00,123.83593,0.0,-0.0,20.0,-0.0
2025-07-15 21:25:00,122.82358,0.0,0.0,20.0,0.0
2025-07-15 21:30:00,123.80585,0.0,-0.0,20.0,-0.0
2025-07-15 21:35:00,123.37665,0.0,0.0,20.0,0.0
2025-07-15 21:40:00,108.32216,0.0,0.0,20.0,0.0
2025-07-15 21:45:00,106.79875,0.0,0.0,20.0,0.0
2025-07-15 21:50:00,87.69875,100.0,0.0,27.90569415042095,-730.8229166666666
2025-07-15 21:55:00,69.43127,100.0,0.0,35.8113883008419,-578.5939166666666
2025-07-15 22:00:00,78.35477,100.0,0.0,43.71708245126285,-652.9564166666665
2025-07-15 22:05:00,93.52059,33.33333333333337,0.0,46.3523138347365,-259.7794166666669
2025-07-15 22:10:00,120.77693,0.0,100.0,37.568209223157666,1006.4744166666665
2025-07-15 22:15:00,137.73584,0.0,100.0,28.784104611578833,1147.7986666666666
2025-07-15 22:20:00,121.39835,0.0,100.0,20.0,1011.6529166666664
2025-07-15 22:25:00,96.59868,0.0,0.0,20.0,0.0
2025-07-15 22:30:00,39.60604,0.0,-0.0,20.0,-0.0
2025-07-15 22:35:00,36.6346,0.0,0.0,20.0,0.0
2025-07-15 22:40:00,20.00007,100.0,0.0,27.90569415042095,-166.66725
2025-07-15 22:45:00,20.97396,11.111111111111123,0.0,28.784104611578833,-19.420333333333357
2025-07-15 22:50:00,35.63793,0.0,100.0,20.0,296.98274999999995
2025-07-15 22:55:00,20.0,11.111111111111123,0.0,20.878410461157884,-18.51851851851854
2025-07-15 23:00:00,21.11071,0.0,0.0,20.878410461157884,0.0
2025-07-15 23:05:00,20.00007,-0.0,0.0,20.878410461157884,0.0
2025-07-15 23:10:00,8.95,100.0,0.0,28.784104611578833,-74.58333333333331
2025-07-15 23:15:00,57.50152,0.0,100.0,20.0,479.17933333333326
2025-07-15 23:20:00,13.69937,22.222222222222246,0.0,21.756820922315768,-25.369203703703732
2025-07-15 23:25:00,8.95,100.0,0.0,29.662515072736717,-74.58333333333331
2025-07-15 23:30:00,8.95,100.0,0.0,37.568209223157666,-74.58333333333331
2025-07-15 23:35:00,25.39289,0.0,100.0,28.784104611578833,211.60741666666664
2025-07-15 23:40:00,20.0,0.0,100.0,20.0,166.66666666666663
2025-07-15 23:45:00,0.01,100.0,0.0,27.90569415042095,-0.08333333333333333
2025-07-15 23:50:00,8.95,11.111111111111123,0.0,28.784104611578833,-8.287037037037045
2025-07-15 23:55:00,8.95,-0.0,0.0,28.784104611578833,0.0
2025-07-16 00:00:00,25.26,0.0,100.0,20.0,210.49999999999997
2025-07-16 00:05:00,8.95,0.0,0.0,20.0,0.0
2025-07-16 00:10:00,5.26,100.0,0.0,27.90569415042095,-43.83333333333333
2025-07-16 00:15:00,8.95,0.0,0.0,27.90569415042095,0.0
2025-07-16 00:20:00,8.95,11.111111111111123,0.0,28.784104611578833,-8.287037037037045
2025-07-16 00:25:00,20.0,0.0,100.0,20.0,166.66666666666663
2025-07-16 00:30:00,8.95,0.0,0.0,20.0,0.0
2025-07-16 00:35:00,5.26,100.0,0.0,27.90569415042095,-43.83333333333333
2025-07-16 00:40:00,8.95,68.30214695220826,0.0,33.3054529866336,-50.94201793518865
2025-07-16 00:45:00,0.01,100.0,0.0,41.211147137054546,-0.08333333333333333
2025-07-16 00:50:00,8.95,100.0,0.0,49.116841287475495,-74.58333333333331
2025-07-16 00:55:00,8.95,0.0,0.0,49.116841287475495,0.0
2025-07-16 01:00:00,0.01,100.0,0.0,57.022535437896444,-0.08333333333333333
2025-07-16 01:05:00,8.95,0.0,0.0,57.022535437896444,0.0
2025-07-16 01:10:00,20.0,0.0,100.0,48.23843082631761,166.66666666666663
2025-07-16 01:15:00,5.26,100.0,0.0,56.14412497673856,-43.83333333333333
2025-07-16 01:20:00,8.95,0.0,0.0,56.14412497673856,0.0
2025-07-16 01:25:00,8.95,0.0,0.0,56.14412497673856,0.0
2025-07-16 01:30:00,5.26,100.0,0.0,64.04981912715951,-43.83333333333333
2025-07-16 01:35:00,28.84388,0.0,100.0,55.26571451558068,240.3656666666666
2025-07-16 01:40:00,8.95023,0.0,0.0,55.26571451558068,0.0
2025-07-16 01:45:00,0.01,100.0,0.0,63.17140866600163,-0.08333333333333333
2025-07-16 01:50:00,5.26,100.0,0.0,71.07710281642258,-43.83333333333333
2025-07-16 01:55:00,8.95,0.0,0.0,71.07710281642258,0.0
2025-07-16 02:00:00,8.95,0.0,0.0,71.07710281642258,0.0
2025-07-16 02:05:00,5.26,100.0,0.0,78.98279696684352,-43.83333333333333
2025-07-16 02:10:00,8.95,0.0,0.0,78.98279696684352,0.0
2025-07-16 02:15:00,8.95049,0.0,0.0,78.98279696684352,0.0
2025-07-16 02:20:00,8.95,0.0,0.0,78.98279696684352,0.0
2025-07-16 02:25:00,8.885,100.0,0.0,86.88849111726446,-74.04166666666666
2025-07-16 02:30:00,8.95,0.0,0.0,86.88849111726446,0.0
2025-07-16 02:35:00,8.95,0.0,0.0,86.88849111726446,0.0
2025-07-16 02:40:00,8.37937,100.0,0.0,94.7941852676854,-69.82808333333332
2025-07-16 02:45:00,7.50557,100.0,0.0,102.69987941810635,-62.54641666666665
2025-07-16 02:50:00,11.60092,0.0,100.0,93.91577480652752,96.67433333333332
2025-07-16 02:55:00,8.95,0.0,0.0,93.91577480652752,0.0
2025-07-16 03:00:00,8.95,0.0,0.0,93.91577480652752,0.0
2025-07-16 03:05:00,20.0,0.0,100.0,85.1316701949487,166.66666666666663
2025-07-16 03:10:00,8.95,0.0,0.0,85.1316701949487,0.0
2025-07-16 03:15:00,8.95,0.0,0.0,85.1316701949487,0.0
2025-07-16 03:20:00,5.26,100.0,0.0,93.03736434536964,-43.83333333333333
2025-07-16 03:25:00,8.95,0.0,0.0,93.03736434536964,0.0
2025-07-16 03:30:00,5.26,100.0,0.0,100.94305849579058,-43.83333333333333
2025-07-16 03:35:00,0.01,100.0,0.0,108.84875264621152,-0.08333333333333333
2025-07-16 03:40:00,0.01,100.0,0.0,116.75444679663246,-0.08333333333333333
2025-07-16 03:45:00,8.95,100.0,0.0,124.6601409470534,-74.58333333333331
2025-07-16 03:50:00,8.93922,100.0,0.0,132.56583509747435,-74.4935
2025-07-16 03:55:00,8.94023,100.0,0.0,140.4715292478953,-74.50191666666666
2025-07-16 04:00:00,8.88023,100.0,0.0,148.37722339831623,-74.00191666666665
2025-07-16 04:05:00,8.95,100.0,0.0,156.28291754873717,-74.58333333333331
2025-07-16 04:10:00,8.95017,0.0,0.0,156.28291754873717,0.0
2025-07-16 04:15:00,8.95017,0.0,0.0,156.28291754873717,0.0
2025-07-16 04:20:00,8.95017,0.0,0.0,156.28291754873717,0.0
2025-07-16 04:25:00,8.95,100.0,0.0,164.18861169915812,-74.58333333333331
2025-07-16 04:30:00,8.93985,100.0,0.0,172.09430584957906,-74.49874999999999
2025-07-16 04:35:00,8.95,100.0,0.0,180.0,-74.58333333333331
2025-07-16 04:40:00,20.00007,0.0,100.0,171.21589538842116,166.66725
2025-07-16 04:45:00,20.0,0.0,39.99999999999907,167.7022535437897,66.66666666666512
2025-07-16 04:50:00,8.95,100.0,0.0,175.60794769421065,-74.58333333333331
2025-07-16 04:55:00,20.0,0.0,0.0,175.60794769421065,0.0
2025-07-16 05:00:00,20.0,0.0,0.0,175.60794769421065,0.0
2025-07-16 05:05:00,20.35049,0.0,100.0,166.8238430826318,169.58741666666666
2025-07-16 05:10:00,24.71457,0.0,100.0,158.03973847105297,205.95474999999996
2025-07-16 05:15:00,27.06007,0.0,100.0,149.25563385947413,225.5005833333333
2025-07-16 05:20:00,19.18006,0.0,0.0,149.25563385947413,0.0
2025-07-16 05:25:00,23.61,0.0,100.0,140.4715292478953,196.74999999999997
2025-07-16 05:30:00,19.18,0.0,0.0,140.4715292478953,0.0
2025-07-16 05:35:00,8.95,100.0,0.0,148.37722339831623,-74.58333333333331
2025-07-16 05:40:00,8.57003,100.0,0.0,156.28291754873717,-71.41691666666665
2025-07-16 05:45:00,8.95,100.0,0.0,164.18861169915812,-74.58333333333331
2025-07-16 05:50:00,2.94519,100.0,0.0,172.09430584957906,-24.543249999999997
2025-07-16 05:55:00,8.95,100.0,0.0,180.0,-74.58333333333331
2025-07-16 06:00:00,20.64,0.0,0.0,180.0,0.0
2025-07-16 06:05:00,40.99993,0.0,-0.0,180.0,-0.0
2025-07-16 06:10:00,110.33727,0.0,100.0,171.21589538842116,919.4772499999999
2025-07-16 06:15:00,38.42142,11.111111111111304,0.0,172.09430584957906,-35.575388888889506
2025-07-16 06:20:00,20.0,100.0,0.0,180.0,-166.66666666666663
2025-07-16 06:25:00,126.1582,0.0,89.99999999999993,172.09430584957906,946.1864999999991
2025-07-16 06:30:00,122.59327,0.0,0.0,172.09430584957906,0.0
2025-07-16 06:35:00,122.02,0.0,0.0,172.09430584957906,0.0
2025-07-16 06:40:00,105.21708,100.0,0.0,180.0,-876.8089999999999
2025-07-16 06:45:00,122.02,0.0,0.0,180.0,0.0
2025-07-16 06:50:00,124.35844,-0.0,0.0,180.0,0.0
2025-07-16 06:55:00,164.5353,0.0,100.0,171.21589538842116,1371.1274999999998
2025-07-16 07:00:00,125.41882,100.0,0.0,179.1215895388421,-1045.1568333333332
2025-07-16 07:05:00,132.72,0.0,0.0,179.1215895388421,0.0
2025-07-16 07:10:00,181.09117,0.0,100.0,170.33748492726326,1509.0930833333332
2025-07-16 07:15:00,158.0,0.0,100.0,161.55338031568442,1316.6666666666665
2025-07-16 07:20:00,166.02,0.0,100.0,152.76927570410558,1383.5
2025-07-16 07:25:00,219.09599,0.0,100.0,143.98517109252674,1825.7999166666664
2025-07-16 07:30:00,177.88431,0.0,100.0,135.2010664809479,1482.3692499999997
2025-07-16 07:35:00,142.84131,0.0,0.0,135.2010664809479,0.0
2025-07-16 07:40:00,132.72,0.0,0.0,135.2010664809479,0.0
2025-07-16 07:45:00,136.94204,0.0,0.0,135.2010664809479,0.0
2025-07-16 07:50:00,139.0548,0.0,0.0,135.2010664809479,0.0
2025-07-16 07:55:00,133.69938,0.0,0.0,135.2010664809479,0.0
2025-07-16 08:00:00,132.72,0.0,0.0,135.2010664809479,0.0
2025-07-16 08:05:00,132.14,0.0,0.0,135.2010664809479,0.0
2025-07-16 08:10:00,131.23,100.0,0.0,143.10676063136884,-1093.583333333333
2025-07-16 08:15:00,134.98654,0.0,0.0,143.10676063136884,0.0
2025-07-16 08:20:00,140.55,0.0,0.0,143.10676063136884,0.0
2025-07-16 08:25:00,140.55,0.0,0.0,143.10676063136884,0.0
2025-07-16 08:30:00,137.62258,0.0,0.0,143.10676063136884,0.0
2025-07-16 08:35:00,166.02,0.0,100.0,134.32265601979,1383.5
2025-07-16 08:40:00,144.08963,0.0,0.0,134.32265601979,0.0
2025-07-16 08:45:00,223.36,0.0,100.0,125.53855140821118,1861.3333333333333
2025-07-16 08:50:00,227.97,0.0,100.0,116.75444679663235,1899.7499999999998
2025-07-16 08:55:00,221.55379,0.0,100.0,107.97034218505352,1846.281583333333
2025-07-16 09:00:00,223.36,0.0,100.0,99.1862375734747,1861.3333333333333
2025-07-16 09:05:00,146.20646,0.0,1.4719322569859927,99.05694150420948,17.933833721144353
2025-07-16 09:10:00,151.48921,0.0,100.0,90.27283689263065,1262.4100833333332
2025-07-16 09:15:00,174.05729,0.0,100.0,81.48873228105182,1450.4774166666664
2025-07-16 09:20:00,145.1231,0.0,0.0,81.48873228105182,0.0
2025-07-16 09:25:00,161.94729,0.0,100.0,72.704627669473,1349.5607499999999
2025-07-16 09:30:00,140.55,0.0,0.0,72.704627669473,0.0
2025-07-16 09:35:00,143.59748,0.0,0.0,72.704627669473,0.0
2025-07-16 09:40:00,132.72,0.0,0.0,72.704627669473,0.0
2025-07-16 09:45:00,179.80325,0.0,100.0,63.920523057894165,1498.3604166666664
2025-07-16 09:50:00,134.4,0.0,0.0,63.920523057894165,0.0
2025-07-16 09:55:00,176.70116,0.0,100.0,55.13641844631533,1472.5096666666664
2025-07-16 10:00:00,177.16195,0.0,100.0,46.3523138347365,1476.349583333333
2025-07-16 10:05:00,176.73096,0.0,100.0,37.568209223157666,1472.7579999999998
2025-07-16 10:10:00,178.50682,0.0,100.0,28.784104611578833,1487.556833333333
2025-07-16 10:15:00,135.89,0.0,0.0,28.784104611578833,0.0
2025-07-16 10:20:00,155.85974,0.0,100.0,20.0,1298.8311666666664
2025-07-16 10:25:00,118.65314,0.0,0.0,20.0,0.0
2025-07-16 10:30:00,100.25817,0.0,-0.0,20.0,-0.0
2025-07-16 10:35:00,81.37216,0.0,0.0,20.0,0.0
2025-07-16 10:40:00,80.00012,0.0,-0.0,20.0,-0.0
2025-07-16 10:45:00,79.5328,0.0,0.0,20.0,0.0
2025-07-16 10:50:00,43.15,100.0,0.0,27.90569415042095,-359.58333333333326
2025-07-16 10:55:00,47.11333,100.0,0.0,35.8113883008419,-392.6110833333333
2025-07-16 11:00:00,46.68429,100.0,0.0,43.71708245126285,-389.0357499999999
2025-07-16 11:05:00,31.57,100.0,0.0,51.622776601683796,-263.0833333333333
2025-07-16 11:10:00,19.18,100.0,0.0,59.528470752104745,-159.83333333333331
2025-07-16 11:15:00,42.19,100.0,0.0,67.4341649025257,-351.58333333333326
2025-07-16 11:20:00,63.92169,100.0,0.0,75.33985905294664,-532.6807499999999
2025-07-16 11:25:00,43.15,100.0,0.0,83.24555320336759,-359.58333333333326
2025-07-16 11:30:00,20.0,100.0,0.0,91.15124735378853,-166.66666666666663
2025-07-16 11:35:00,43.15,100.0,0.0,99.05694150420948,-359.58333333333326
2025-07-16 11:40:00,51.01,100.0,0.0,106.96263565463042,-425.08333333333326
2025-07-16 11:45:00,42.19,100.0,0.0,114.86832980505136,-351.58333333333326
2025-07-16 11:50:00,46.6324,100.0,0.0,122.7740239554723,-388.60333333333324
2025-07-16 11:55:00,43.15,100.0,0.0,130.67971810589324,-359.58333333333326
2025-07-16 12:00:00,43.15,100.0,0.0,138.58541225631419,-359.58333333333326
2025-07-16 12:05:00,49.9561,100.0,0.0,146.49110640673513,-416.3008333333333
2025-07-16 12:10:00,51.7,100.0,0.0,154.39680055715607,-430.8333333333333
2025-07-16 12:15:00,60.68934,100.0,0.0,162.302494707577,-505.74449999999996
2025-07-16 12:20:00,82.31388,0.0,100.0,153.51839009599817,685.9489999999998
2025-07-16 12:25:00,34.91,100.0,0.0,161.4240842464191,-290.9166666666666
2025-07-16 12:30:00,34.50973,100.0,0.0,169.32977839684006,-287.58108333333325
2025-07-16 12:35:00,53.52086,100.0,0.0,177.235472547261,-446.0071666666666
2025-07-16 12:40:00,90.01,0.0,100.0,168.45136793568216,750.0833333333333
2025-07-16 12:45:00,89.23,0.0,100.0,159.66726332410332,743.5833333333333
2025-07-16 12:50:00,90.01,0.0,100.0,150.88315871252448,750.0833333333333
2025-07-16 12:55:00,54.90254,100.0,0.0,158.78885286294542,-457.5211666666666
2025-07-16 13:00:00,43.15,100.0,0.0,166.69454701336636,-359.58333333333326
2025-07-16 13:05:00,74.26717,0.0,18.52806774301176,165.06702216031601,114.66892973681422
2025-07-16 13:10:00,67.56222,0.0,0.0,165.06702216031601,0.0
2025-07-16 13:15:00,52.85841,100.0,0.0,172.97271631073696,-440.4867499999999
2025-07-16 13:20:00,90.0,0.0,100.0,164.18861169915812,749.9999999999999
2025-07-16 13:25:00,43.15,100.0,0.0,172.09430584957906,-359.58333333333326
2025-07-16 13:30:00,54.96361,100.0,0.0,180.0,-458.03008333333327
2025-07-16 13:35:00,72.40331,0.0,0.0,180.0,0.0
2025-07-16 13:40:00,89.23,0.0,0.0,180.0,0.0
2025-07-16 13:45:00,112.49819,0.0,100.0,171.21589538842116,937.4849166666664
2025-07-16 13:50:00,90.01,11.111111111111304,0.0,172.09430584957906,-83.34259259259404
2025-07-16 13:55:00,75.38357,100.0,0.0,180.0,-628.1964166666667
2025-07-16 14:00:00,116.6361,0.0,0.0,180.0,0.0
2025-07-16 14:05:00,115.75399,0.0,0.0,180.0,0.0
2025-07-16 14:10:00,117.58397,0.0,100.0,171.21589538842116,979.8664166666665
2025-07-16 14:15:00,114.83698,0.0,0.0,171.21589538842116,0.0
2025-07-16 14:20:00,147.99906,0.0,100.0,162.43179077684232,1233.3254999999997
2025-07-16 14:25:00,142.70411,0.0,100.0,153.64768616526348,1189.2009166666664
2025-07-16 14:30:00,116.51878,0.0,0.0,153.64768616526348,0.0
2025-07-16 14:35:00,75.80003,100.0,0.0,161.55338031568442,-631.6669166666667
2025-07-16 14:40:00,111.62316,0.0,0.0,161.55338031568442,0.0
2025-07-16 14:45:00,164.18,0.0,100.0,152.76927570410558,1368.1666666666665
2025-07-16 14:50:00,105.63634,11.111111111112741,0.0,153.6476861652636,-97.81142592594027
2025-07-16 14:55:00,101.39986,100.0,0.0,161.55338031568454,-844.9988333333332
2025-07-16 15:00:00,199.2056,0.0,100.0,152.76927570410572,1660.0466666666664
2025-07-16 15:05:00,159.68431,0.0,100.0,143.98517109252688,1330.7025833333332
2025-07-16 15:10:00,163.06403,0.0,100.0,135.20106648094804,1358.8669166666664
2025-07-16 15:15:00,110.65905,0.0,0.0,135.20106648094804,0.0
2025-07-16 15:20:00,130.60807,0.0,100.0,126.4169618693692,1088.400583333333
2025-07-16 15:25:00,104.96471,100.0,0.0,134.32265601979014,-874.7059166666666
2025-07-16 15:30:00,156.1393,0.0,100.0,125.5385514082113,1301.1608333333331
2025-07-16 15:35:00,102.08489,100.0,0.0,133.44424555863225,-850.7074166666665
2025-07-16 15:40:00,119.84416,0.0,100.0,124.6601409470534,998.7013333333332
2025-07-16 15:45:00,100.5071,100.0,0.0,132.56583509747435,-837.5591666666664
2025-07-16 15:50:00,97.5245,100.0,0.0,140.4715292478953,-812.7041666666665
2025-07-16 15:55:00,69.22714,100.0,0.0,148.37722339831623,-576.8928333333333
2025-07-16 16:00:00,68.52999,100.0,0.0,156.28291754873717,-571.0832499999999
2025-07-16 16:05:00,73.95,100.0,0.0,164.18861169915812,-616.2499999999999
2025-07-16 16:10:00,68.79,100.0,0.0,172.09430584957906,-573.25
2025-07-16 16:15:00,99.76349,100.0,0.0,180.0,-831.3624166666666
2025-07-16 16:20:00,123.48612,0.0,-0.0,180.0,-0.0
2025-07-16 16:25:00,121.67413,0.0,0.0,180.0,0.0
2025-07-16 16:30:00,178.57033,0.0,100.0,171.21589538842116,1488.0860833333331
2025-07-16 16:35:00,122.02029,100.0,0.0,179.1215895388421,-1016.8357499999998
2025-07-16 16:40:00,161.4631,0.0,0.0,179.1215895388421,0.0
2025-07-16 16:45:00,175.64,0.0,69.99999999999959,172.97271631073696,1024.5666666666605
2025-07-16 16:50:00,214.88243,0.0,100.0,164.18861169915812,1790.6869166666663
2025-07-16 16:55:00,162.68652,0.0,0.0,164.18861169915812,0.0
2025-07-16 17:00:00,166.02,0.0,0.0,164.18861169915812,0.0
2025-07-16 17:05:00,164.46467,0.0,0.0,164.18861169915812,0.0
2025-07-16 17:10:00,155.5788,100.0,0.0,172.09430584957906,-1296.4899999999998
2025-07-16 17:15:00,153.56089,100.0,0.0,180.0,-1279.674083333333
2025-07-16 17:20:00,180.94,0.0,-0.0,180.0,-0.0
2025-07-16 17:25:00,170.22,0.0,0.0,180.0,0.0
2025-07-16 17:30:00,227.21,0.0,100.0,171.21589538842116,1893.4166666666665
2025-07-16 17:35:00,213.67351,0.0,100.0,162.43179077684232,1780.612583333333
2025-07-16 17:40:00,241.59352,0.0,100.0,153.64768616526348,2013.2793333333332
2025-07-16 17:45:00,244.41043,0.0,100.0,144.86358155368464,2036.753583333333
2025-07-16 17:50:00,256.28399,0.0,100.0,136.0794769421058,2135.6999166666665
2025-07-16 17:55:00,254.36923,0.0,100.0,127.29537233052697,2119.743583333333
2025-07-16 18:00:00,243.5545,0.0,100.0,118.51126771894815,2029.620833333333
2025-07-16 18:05:00,211.8435,0.0,100.0,109.72716310736932,1765.3624999999997
2025-07-16 18:10:00,269.05375,0.0,100.0,100.9430584957905,2242.114583333333
2025-07-16 18:15:00,234.05724,0.0,100.0,92.15895388421167,1950.4769999999999
2025-07-16 18:20:00,257.48032,0.0,100.0,83.37484927263284,2145.6693333333333
2025-07-16 18:25:00,166.36416,100.0,0.0,91.28054342305379,-1386.3679999999997
2025-07-16 18:30:00,239.16785,0.0,100.0,82.49643881147496,1993.0654166666664
2025-07-16 18:35:00,175.64,98.36451971445958,0.0,90.27283689263065,-1439.7286868873066
2025-07-16 18:40:00,198.03895,0.0,100.0,81.48873228105182,1650.324583333333
2025-07-16 18:45:00,267.61612,0.0,100.0,72.704627669473,2230.1343333333334
2025-07-16 18:50:00,222.08584,0.0,100.0,63.920523057894165,1850.715333333333
2025-07-16 18:55:00,196.46737,0.0,100.0,55.13641844631533,1637.228083333333
2025-07-16 19:00:00,180.94,0.0,0.0,55.13641844631533,0.0
2025-07-16 19:05:00,180.94,0.0,0.0,55.13641844631533,0.0
2025-07-16 19:10:00,176.81918,0.0,0.0,55.13641844631533,0.0
2025-07-16 19:15:00,213.28232,0.0,100.0,46.3523138347365,1777.3526666666664
2025-07-16 19:20:00,202.28001,0.0,100.0,37.568209223157666,1685.6667499999999
2025-07-16 19:25:00,208.05202,0.0,100.0,28.784104611578833,1733.7668333333331
2025-07-16 19:30:00,200.96037,0.0,100.0,20.0,1674.6697499999998
2025-07-16 19:35:00,180.94,0.0,0.0,20.0,0.0
2025-07-16 19:40:00,180.94,0.0,0.0,20.0,0.0
2025-07-16 19:45:00,177.22577,0.0,0.0,20.0,0.0
2025-07-16 19:50:00,180.94,0.0,0.0,20.0,0.0
2025-07-16 19:55:00,190.24445,0.0,0.0,20.0,0.0
2025-07-16 20:00:00,137.96,-0.0,0.0,20.0,0.0
2025-07-16 20:05:00,142.08377,0.0,0.0,20.0,0.0
2025-07-16 20:10:00,139.71181,0.0,0.0,20.0,0.0
2025-07-16 20:15:00,150.00408,0.0,-0.0,20.0,-0.0
2025-07-16 20:20:00,98.53637,0.0,0.0,20.0,0.0
2025-07-16 20:25:00,101.27572,0.0,-0.0,20.0,-0.0
2025-07-16 20:30:00,61.87944,100.0,0.0,27.90569415042095,-515.6619999999999
2025-07-16 20:35:00,84.2335,22.222222222222246,0.0,29.662515072736717,-155.98796296296314
2025-07-16 20:40:00,98.50956,0.0,100.0,20.878410461157884,820.9129999999998
2025-07-16 20:45:00,81.18148,100.0,0.0,28.784104611578833,-676.5123333333332
2025-07-16 20:50:00,130.4115,0.0,100.0,20.0,1086.7624999999998
2025-07-16 20:55:00,87.12952,0.0,0.0,20.0,0.0
2025-07-16 21:00:00,79.81127,100.0,0.0,27.90569415042095,-665.0939166666665
2025-07-16 21:05:00,80.57148,100.0,0.0,35.8113883008419,-671.4289999999999
2025-07-16 21:10:00,58.50386,100.0,0.0,43.71708245126285,-487.5321666666666
2025-07-16 21:15:00,130.21908,0.0,100.0,34.932977839684014,1085.1589999999999
2025-07-16 21:20:00,98.57383,0.0,100.0,26.14887322810518,821.4485833333332
2025-07-16 21:25:00,82.77492,0.0,0.0,26.14887322810518,0.0
2025-07-16 21:30:00,20.0,100.0,0.0,34.05456737852613,-166.66666666666663
2025-07-16 21:35:00,81.97206,44.44444444444449,0.0,37.568209223157666,-303.60022222222256
2025-07-16 21:40:00,95.91801,0.0,100.0,28.784104611578833,799.3167499999998
2025-07-16 21:45:00,96.36177,0.0,100.0,20.0,803.0147499999999
2025-07-16 21:50:00,20.0,100.0,0.0,27.90569415042095,-166.66666666666663
2025-07-16 21:55:00,50.15816,0.0,80.0,20.878410461157884,334.3877333333333
2025-07-16 22:00:00,8.95,100.0,0.0,28.784104611578833,-74.58333333333331
2025-07-16 22:05:00,70.53235,0.0,100.0,20.0,587.7695833333332
2025-07-16 22:10:00,8.95,100.0,0.0,27.90569415042095,-74.58333333333331
2025-07-16 22:15:00,42.51242,0.0,0.0,27.90569415042095,0.0
2025-07-16 22:20:00,47.02844,0.0,90.00000000000001,20.0,352.71330000000006
2025-07-16 22:25:00,8.95,0.0,-0.0,20.0,-0.0
2025-07-16 22:30:00,0.01,100.0,0.0,27.90569415042095,-0.08333333333333333
2025-07-16 22:35:00,8.95,0.0,0.0,27.90569415042095,0.0
2025-07-16 22:40:00,8.95,0.0,90.00000000000001,20.0,67.125
2025-07-16 22:45:00,0.06,100.0,0.0,27.90569415042095,-0.4999999999999999
2025-07-16 22:50:00,0.01,100.0,0.0,35.8113883008419,-0.08333333333333333
2025-07-16 22:55:00,8.94974,0.0,0.0,35.8113883008419,0.0
2025-07-16 23:00:00,24.15072,0.0,100.0,27.027283689263065,201.25599999999997
2025-07-16 23:05:00,8.95,0.0,80.0,20.0,59.66666666666666
2025-07-16 23:10:00,8.95,0.0,0.0,20.0,0.0
2025-07-16 23:15:00,0.00023,100.0,0.0,27.90569415042095,-0.0019166666666666663
2025-07-16 23:20:00,0.00036,100.0,0.0,35.8113883008419,-0.0029999999999999996
2025-07-16 23:25:00,8.95,0.0,100.0,27.027283689263065,74.58333333333331
2025-07-16 23:30:00,5.26,0.0,29.99999999999995,24.39205230578942,13.149999999999975
2025-07-16 23:35:00,0.01,100.0,0.0,32.29774645621037,-0.08333333333333333
2025-07-16 23:40:00,0.00036,100.0,0.0,40.20344060663132,-0.0029999999999999996
2025-07-16 23:45:00,0.01,100.0,0.0,48.10913475705227,-0.08333333333333333
2025-07-16 23:50:00,5.3602,0.0,100.0,39.325030145473434,44.66833333333332
2025-07-16 23:55:00,0.01,100.0,0.0,47.23072429589438,-0.08333333333333333
2025-07-17 00:00:00,6.86909,0.0,100.0,38.44661968431555,57.24241666666666
2025-07-17 00:05:00,0.01,100.0,0.0,46.3523138347365,-0.08333333333333333
2025-07-17 00:10:00,8.16997,0.0,100.0,37.568209223157666,68.08308333333332
2025-07-17 00:15:00,8.00543,0.0,100.0,28.784104611578833,66.71191666666667
2025-07-17 00:20:00,20.04,0.0,100.0,20.0,166.99999999999997
2025-07-17 00:25:00,0.01,-0.0,0.0,20.0,0.0
2025-07-17 00:30:00,3e-05,100.0,0.0,27.90569415042095,-0.00024999999999999995
2025-07-17 00:35:00,3e-05,100.0,0.0,35.8113883008419,-0.00024999999999999995
2025-07-17 00:40:00,0.01,0.0,80.0,28.784104611578833,0.06666666666666667
2025-07-17 00:45:00,0.01,0.0,0.0,28.784104611578833,0.0
2025-07-17 00:50:00,0.06,0.0,100.0,20.0,0.4999999999999999
2025-07-17 00:55:00,0.01,0.0,0.0,20.0,0.0
2025-07-17 01:00:00,0.01,0.0,0.0,20.0,0.0
2025-07-17 01:05:00,0.01,0.0,0.0,20.0,0.0
2025-07-17 01:10:00,3e-05,0.0,0.0,20.0,0.0
2025-07-17 01:15:00,3e-05,0.0,-0.0,20.0,-0.0
2025-07-17 01:20:00,3e-05,0.0,0.0,20.0,0.0
2025-07-17 01:25:00,3e-05,0.0,0.0,20.0,0.0
2025-07-17 01:30:00,-4.80105,100.0,0.0,27.90569415042095,40.00874999999999
2025-07-17 01:35:00,-1.82168,100.0,0.0,35.8113883008419,15.180666666666664
2025-07-17 01:40:00,3e-05,0.0,100.0,27.027283689263065,0.00024999999999999995
2025-07-17 01:45:00,-5.06,100.0,0.0,34.932977839684014,42.16666666666666
2025-07-17 01:50:00,-4.80802,100.0,0.0,42.83867199010496,40.06683333333333
2025-07-17 01:55:00,0.0,0.0,0.0,42.83867199010496,0.0
2025-07-17 02:00:00,0.0,0.0,0.0,42.83867199010496,0.0
2025-07-17 02:05:00,3e-05,0.0,100.0,34.05456737852613,0.00024999999999999995
2025-07-17 02:10:00,3e-05,0.0,100.0,25.270462766947297,0.00024999999999999995
2025-07-17 02:15:00,-7.06771,100.0,0.0,33.176156917368246,58.89758333333332
2025-07-17 02:20:00,-4.82061,100.0,0.0,41.081851067789195,40.171749999999996
2025-07-17 02:25:00,-1.83904,100.0,0.0,48.987545218210144,15.325333333333331
2025-07-17 02:30:00,0.0,0.0,100.0,40.20344060663131,0.0
2025-07-17 02:35:00,-9.83,100.0,0.0,48.10913475705226,81.91666666666666
2025-07-17 02:40:00,-9.96,100.0,0.0,56.01482890747321,83.0
2025-07-17 02:45:00,-7.00518,100.0,0.0,63.92052305789416,58.37649999999999
2025-07-17 02:50:00,-9.96,100.0,0.0,71.8262172083151,83.0
2025-07-17 02:55:00,-11.65877,100.0,0.0,79.73191135873604,97.15641666666666
2025-07-17 03:00:00,-9.83,100.0,0.0,87.63760550915698,81.91666666666666
2025-07-17 03:05:00,5.26,0.0,100.0,78.85350089757816,43.83333333333333
2025-07-17 03:10:00,0.01912,0.0,100.0,70.06939628599933,0.15933333333333333
2025-07-17 03:15:00,4.28797,0.0,100.0,61.2852916744205,35.733083333333326
2025-07-17 03:20:00,0.6848,0.0,100.0,52.501187062841666,5.706666666666665
2025-07-17 03:25:00,-11.14856,100.0,0.0,60.406881213262615,92.90466666666666
2025-07-17 03:30:00,-11.84755,100.0,0.0,68.31257536368356,98.72958333333332
2025-07-17 03:35:00,-5.06,100.0,0.0,76.2182695141045,42.16666666666666
2025-07-17 03:40:00,3e-05,0.0,100.0,67.43416490252568,0.00024999999999999995
2025-07-17 03:45:00,-7.41,100.0,0.0,75.33985905294662,61.74999999999999
2025-07-17 03:50:00,-4.87928,100.0,0.0,83.24555320336756,40.66066666666666
2025-07-17 03:55:00,0.0,0.0,100.0,74.46144859178874,0.0
2025-07-17 04:00:00,0.0,0.0,38.528067743012265,71.07710281642258,0.0
2025-07-17 04:05:00,3e-05,0.0,100.0,62.29299820484375,0.00024999999999999995
2025-07-17 04:10:00,-9.83,100.0,0.0,70.1986923552647,81.91666666666666
2025-07-17 04:15:00,-1.93797,100.0,0.0,78.10438650568564,16.149749999999997
2025-07-17 04:20:00,-5.06,100.0,0.0,86.01008065610658,42.16666666666666
2025-07-17 04:25:00,-1.82994,100.0,0.0,93.91577480652752,15.249499999999998
2025-07-17 04:30:00,3e-05,0.0,100.0,85.1316701949487,0.00024999999999999995
2025-07-17 04:35:00,0.0,0.0,0.0,85.1316701949487,0.0
2025-07-17 04:40:00,-7.41,100.0,0.0,93.03736434536964,61.74999999999999
2025-07-17 04:45:00,-9.83,100.0,0.0,100.94305849579058,81.91666666666666
2025-07-17 04:50:00,-9.83,100.0,0.0,108.84875264621152,81.91666666666666
2025-07-17 04:55:00,-9.83,100.0,0.0,116.75444679663246,81.91666666666666
2025-07-17 05:00:00,-7.41,100.0,0.0,124.6601409470534,61.74999999999999
2025-07-17 05:05:00,-9.96,100.0,0.0,132.56583509747435,83.0
2025-07-17 05:10:00,-9.96,100.0,0.0,140.4715292478953,83.0
2025-07-17 05:15:00,-9.96,100.0,0.0,148.37722339831623,83.0
2025-07-17 05:20:00,-9.83,100.0,0.0,156.28291754873717,81.91666666666666
2025-07-17 05:25:00,-5.06,100.0,0.0,164.18861169915812,42.16666666666666
2025-07-17 05:30:00,-7.41,100.0,0.0,172.09430584957906,61.74999999999999
2025-07-17 05:35:00,-5.06,100.0,0.0,180.0,42.16666666666666
2025-07-17 05:40:00,3e-05,0.0,0.0,180.0,0.0
2025-07-17 05:45:00,3e-05,0.0,0.0,180.0,0.0
2025-07-17 05:50:00,3e-05,0.0,0.0,180.0,0.0
2025-07-17 05:55:00,3e-05,-0.0,0.0,180.0,0.0
2025-07-17 06:00:00,0.01,0.0,49.99999999999924,175.60794769421065,0.04166666666666603
2025-07-17 06:05:00,63.74613,0.0,100.0,166.8238430826318,531.2177499999999
2025-07-17 06:10:00,35.29598,0.0,100.0,158.03973847105297,294.1331666666666
2025-07-17 06:15:00,19.78,0.0,100.0,149.25563385947413,164.83333333333331
2025-07-17 06:20:00,3e-05,100.0,0.0,157.16132800989507,-0.00024999999999999995
2025-07-17 06:25:00,20.0,0.0,100.0,148.37722339831623,166.66666666666663
2025-07-17 06:30:00,-13.99985,100.0,0.0,156.28291754873717,116.66541666666666
2025-07-17 06:35:00,-13.99985,100.0,0.0,164.18861169915812,116.66541666666666
2025-07-17 06:40:00,-13.99985,100.0,0.0,172.09430584957906,116.66541666666666
2025-07-17 06:45:00,-13.99985,100.0,0.0,180.0,116.66541666666666
2025-07-17 06:50:00,0.01,0.0,0.0,180.0,0.0
2025-07-17 06:55:00,7.00008,0.0,0.0,180.0,0.0
2025-07-17 07:00:00,104.95676,0.0,100.0,171.21589538842116,874.6396666666666
2025-07-17 07:05:00,83.13283,0.0,100.0,162.43179077684232,692.7735833333332
2025-07-17 07:10:00,83.01673,0.0,100.0,153.64768616526348,691.8060833333332
2025-07-17 07:15:00,88.66616,0.0,100.0,144.86358155368464,738.8846666666666
2025-07-17 07:20:00,85.03821,0.0,100.0,136.0794769421058,708.65175
2025-07-17 07:25:00,104.68331,0.0,100.0,127.29537233052697,872.3609166666666
2025-07-17 07:30:00,20.0,100.0,0.0,135.20106648094793,-166.66666666666663
2025-07-17 07:35:00,8.95052,100.0,0.0,143.1067606313689,-74.58766666666665
2025-07-17 07:40:00,20.0,100.0,0.0,151.01245478178984,-166.66666666666663
2025-07-17 07:45:00,0.01,100.0,0.0,158.91814893221078,-0.08333333333333333
2025-07-17 07:50:00,8.94951,100.0,0.0,166.82384308263173,-74.57924999999999
2025-07-17 07:55:00,20.63,100.0,0.0,174.72953723305267,-171.91666666666663
2025-07-17 08:00:00,76.17941,0.0,100.0,165.94543262147383,634.8284166666666
2025-07-17 08:05:00,75.41986,0.0,100.0,157.161328009895,628.4988333333332
2025-07-17 08:10:00,75.79985,0.0,100.0,148.37722339831615,631.6654166666666
2025-07-17 08:15:00,48.45844,100.0,0.0,156.2829175487371,-403.8203333333333
2025-07-17 08:20:00,71.53879,0.0,100.0,147.49881293715825,596.1565833333333
2025-07-17 08:25:00,70.95109,0.0,100.0,138.7147083255794,591.2590833333333
2025-07-17 08:30:00,61.83731,0.0,0.0,138.7147083255794,0.0
2025-07-17 08:35:00,72.13566,0.0,100.0,129.93060371400057,601.1304999999999
2025-07-17 08:40:00,75.8,0.0,100.0,121.14649910242174,631.6666666666665
2025-07-17 08:45:00,74.86103,0.0,100.0,112.36239449084292,623.8419166666665
2025-07-17 08:50:00,74.92377,0.0,100.0,103.57828987926409,624.36475
2025-07-17 08:55:00,20.04,100.0,0.0,111.48398402968505,-166.99999999999997
2025-07-17 09:00:00,55.54724,100.0,0.0,119.38967818010599,-462.8936666666666
2025-07-17 09:05:00,42.19,100.0,0.0,127.29537233052693,-351.58333333333326
2025-07-17 09:10:00,75.06977,0.0,100.0,118.5112677189481,625.5814166666667
2025-07-17 09:15:00,74.61945,0.0,100.0,109.72716310736928,621.8287499999999
2025-07-17 09:20:00,53.19498,100.0,0.0,117.63285725779022,-443.2914999999999
2025-07-17 09:25:00,75.8,0.0,100.0,108.8487526462114,631.6666666666665
2025-07-17 09:30:00,20.0,100.0,0.0,116.75444679663234,-166.66666666666663
2025-07-17 09:35:00,56.36666,100.0,0.0,124.66014094705328,-469.7221666666666
2025-07-17 09:40:00,76.30015,0.0,100.0,115.87603633547445,635.8345833333333
2025-07-17 09:45:00,43.15,100.0,0.0,123.7817304858954,-359.58333333333326
2025-07-17 09:50:00,43.15,100.0,0.0,131.68742463631634,-359.58333333333326
2025-07-17 09:55:00,132.72,0.0,100.0,122.90332002473751,1105.9999999999998
2025-07-17 10:00:00,55.71544,100.0,0.0,130.80901417515847,-464.2953333333333
2025-07-17 10:05:00,43.15,100.0,0.0,138.7147083255794,-359.58333333333326
2025-07-17 10:10:00,130.23,0.0,100.0,129.93060371400057,1085.2499999999998
2025-07-17 10:15:00,130.23,0.0,100.0,121.14649910242174,1085.2499999999998
2025-07-17 10:20:00,84.34701,0.0,100.0,112.36239449084292,702.8917499999999
2025-07-17 10:25:00,55.86629,100.0,0.0,120.26808864126386,-465.5524166666666
2025-07-17 10:30:00,130.23,0.0,100.0,111.48398402968503,1085.2499999999998
2025-07-17 10:35:00,80.0,0.0,100.0,102.6998794181062,666.6666666666665
2025-07-17 10:40:00,81.44161,0.0,100.0,93.91577480652738,678.6800833333332
2025-07-17 10:45:00,81.04766,0.0,100.0,85.13167019494855,675.3971666666665
2025-07-17 10:50:00,83.4627,0.0,100.0,76.34756558336973,695.5224999999999
2025-07-17 10:55:00,130.23,0.0,100.0,67.5634609717909,1085.2499999999998
2025-07-17 11:00:00,130.23,0.0,100.0,58.77935636021207,1085.2499999999998
2025-07-17 11:05:00,79.44691,0.0,100.0,49.99525174863324,662.0575833333332
2025-07-17 11:10:00,90.01,0.0,100.0,41.211147137054404,750.0833333333333
2025-07-17 11:15:00,43.15,100.0,0.0,49.11684128747535,-359.58333333333326
2025-07-17 11:20:00,56.95169,100.0,0.0,57.0225354378963,-474.5974166666666
2025-07-17 11:25:00,69.28165,0.0,100.0,48.23843082631747,577.3470833333332
2025-07-17 11:30:00,44.94521,100.0,0.0,56.14412497673842,-374.54341666666664
2025-07-17 11:35:00,126.93466,0.0,100.0,47.360020365159585,1057.788833333333
2025-07-17 11:40:00,75.29,0.0,100.0,38.57591575358075,627.4166666666666
2025-07-17 11:45:00,48.13768,100.0,0.0,46.4816099040017,-401.1473333333333
2025-07-17 11:50:00,130.23,0.0,100.0,37.69750529242287,1085.2499999999998
2025-07-17 11:55:00,82.81,0.0,100.0,28.913400680844035,690.0833333333333
2025-07-17 12:00:00,20.0,100.0,0.0,36.819094831264984,-166.66666666666663
2025-07-17 12:05:00,33.86,100.0,0.0,44.72478898168593,-282.16666666666663
2025-07-17 12:10:00,20.0,100.0,0.0,52.63048313210688,-166.66666666666663
2025-07-17 12:15:00,39.1655,100.0,0.0,60.53617728252783,-326.3791666666666
2025-07-17 12:20:00,35.93992,100.0,0.0,68.44187143294877,-299.4993333333333
2025-07-17 12:25:00,35.94,100.0,0.0,76.34756558336971,-299.49999999999994
2025-07-17 12:30:00,20.0,100.0,0.0,84.25325973379066,-166.66666666666663
2025-07-17 12:35:00,20.0,100.0,0.0,92.1589538842116,-166.66666666666663
2025-07-17 12:40:00,0.01,100.0,0.0,100.06464803463255,-0.08333333333333333
2025-07-17 12:45:00,19.17989,100.0,0.0,107.9703421850535,-159.83241666666666
2025-07-17 12:50:00,0.0,100.0,0.0,115.87603633547445,-0.0
2025-07-17 12:55:00,1.0483,100.0,0.0,123.7817304858954,-8.735833333333332
2025-07-17 13:00:00,0.0,100.0,0.0,131.68742463631634,-0.0
2025-07-17 13:05:00,53.21931,100.0,0.0,139.59311878673728,-443.49424999999997
2025-07-17 13:10:00,64.83026,0.0,0.0,139.59311878673728,0.0
2025-07-17 13:15:00,54.45779,100.0,0.0,147.49881293715822,-453.81491666666665
2025-07-17 13:20:00,35.94023,100.0,0.0,155.40450708757916,-299.5019166666666
2025-07-17 13:25:00,53.22816,100.0,0.0,163.3102012380001,-443.568
2025-07-17 13:30:00,19.17994,100.0,0.0,171.21589538842105,-159.8328333333333
2025-07-17 13:35:00,51.84554,100.0,0.0,179.121589538842,-432.0461666666666
2025-07-17 13:40:00,70.18654,0.0,100.0,170.33748492726315,584.8878333333332
2025-07-17 13:45:00,1.59582,100.0,0.0,178.2431790776841,-13.298499999999999
2025-07-17 13:50:00,74.22234,0.0,100.0,169.45907446610525,618.5194999999999
2025-07-17 13:55:00,35.11199,100.0,0.0,177.3647686165262,-292.5999166666666
2025-07-17 14:00:00,75.8,0.0,100.0,168.58066400494735,631.6666666666665
2025-07-17 14:05:00,55.38587,100.0,0.0,176.4863581553683,-461.54891666666657
2025-07-17 14:10:00,60.84223,44.44444444444665,0.0,180.0,-225.34159259260377
2025-07-17 14:15:00,108.5596,0.0,100.0,171.21589538842116,904.6633333333332
2025-07-17 14:20:00,73.83701,0.0,79.99999999999976,164.18861169915812,492.2467333333319
2025-07-17 14:25:00,54.31902,100.0,0.0,172.09430584957906,-452.65849999999995
2025-07-17 14:30:00,58.81001,100.0,0.0,180.0,-490.0834166666666
2025-07-17 14:35:00,72.08726,0.0,0.0,180.0,0.0
2025-07-17 14:40:00,74.81168,0.0,-0.0,180.0,-0.0
2025-07-17 14:45:00,132.72,0.0,100.0,171.21589538842116,1105.9999999999998
2025-07-17 14:50:00,136.27795,0.0,100.0,162.43179077684232,1135.649583333333
2025-07-17 14:55:00,137.6307,0.0,100.0,153.64768616526348,1146.9224999999997
2025-07-17 15:00:00,74.57729,100.0,0.0,161.55338031568442,-621.4774166666666
2025-07-17 15:05:00,227.97,0.0,100.0,152.76927570410558,1899.7499999999998
2025-07-17 15:10:00,108.76796,0.0,100.0,143.98517109252674,906.3996666666666
2025-07-17 15:15:00,77.04,55.555555555556516,0.0,148.37722339831623,-356.6666666666729
2025-07-17 15:20:00,52.77344,100.0,0.0,156.28291754873717,-439.7786666666666
2025-07-17 15:25:00,53.3833,100.0,0.0,164.18861169915812,-444.86083333333323
2025-07-17 15:30:00,57.34472,100.0,0.0,172.09430584957906,-477.87266666666665
2025-07-17 15:35:00,44.65835,100.0,0.0,180.0,-372.1529166666666
2025-07-17 15:40:00,79.99979,0.0,0.0,180.0,0.0
2025-07-17 15:45:00,100.3605,0.0,100.0,171.21589538842116,836.3374999999999
2025-07-17 15:50:00,71.7785,100.0,0.0,179.1215895388421,-598.1541666666666
2025-07-17 15:55:00,78.95255,0.0,0.0,179.1215895388421,0.0
2025-07-17 16:00:00,78.01181,11.111111111111304,0.0,180.0,-72.23315740740865
2025-07-17 16:05:00,80.87974,0.0,0.0,180.0,0.0
2025-07-17 16:10:00,81.01606,0.0,0.0,180.0,0.0
2025-07-17 16:15:00,80.0,0.0,0.0,180.0,0.0
2025-07-17 16:20:00,127.71635,0.0,0.0,180.0,0.0
2025-07-17 16:25:00,122.02,0.0,0.0,180.0,0.0
2025-07-17 16:30:00,122.02,0.0,0.0,180.0,0.0
2025-07-17 16:35:00,122.02,-0.0,0.0,180.0,0.0
2025-07-17 16:40:00,132.72,0.0,0.0,180.0,0.0
2025-07-17 16:45:00,158.0,0.0,0.0,180.0,0.0
2025-07-17 16:50:00,172.06572,0.0,-0.0,180.0,-0.0
2025-07-17 16:55:00,202.82685,0.0,100.0,171.21589538842116,1690.2237499999999
2025-07-17 17:00:00,169.13853,100.0,0.0,179.1215895388421,-1409.4877499999998
2025-07-17 17:05:00,192.13907,0.0,0.0,179.1215895388421,0.0
2025-07-17 17:10:00,187.61458,0.0,0.0,179.1215895388421,0.0
2025-07-17 17:15:00,193.71283,0.0,0.0,179.1215895388421,0.0
2025-07-17 17:20:00,179.24763,11.111111111111304,0.0,180.0,-165.97002777778064
2025-07-17 17:25:00,227.34468,0.0,100.0,171.21589538842116,1894.5389999999998
2025-07-17 17:30:00,174.33469,100.0,0.0,179.1215895388421,-1452.789083333333
2025-07-17 17:35:00,224.50782,0.0,100.0,170.33748492726326,1870.8984999999998
2025-07-17 17:40:00,170.87197,100.0,0.0,178.2431790776842,-1423.9330833333331
2025-07-17 17:45:00,238.1361,0.0,100.0,169.45907446610536,1984.4674999999997
2025-07-17 17:50:00,223.36,0.0,0.0,169.45907446610536,0.0
2025-07-17 17:55:00,240.0,0.0,100.0,160.67496985452652,1999.9999999999998
2025-07-17 18:00:00,240.0,0.0,100.0,151.89086524294768,1999.9999999999998
2025-07-17 18:05:00,223.69,0.0,61.47193225698508,146.49110640673524,1145.888043880416
2025-07-17 18:10:00,224.42,0.0,100.0,137.7070017951564,1870.1666666666663
2025-07-17 18:15:00,181.38596,100.0,0.0,145.61269594557734,-1511.5496666666666
2025-07-17 18:20:00,270.82,0.0,100.0,136.8285913339985,2256.833333333333
2025-07-17 18:25:00,206.47658,0.0,0.0,136.8285913339985,0.0
2025-07-17 18:30:00,270.82,0.0,100.0,128.04448672241966,2256.833333333333
2025-07-17 18:35:00,207.90838,0.0,0.0,128.04448672241966,0.0
2025-07-17 18:40:00,184.33052,100.0,0.0,135.9501808728406,-1536.0876666666666
2025-07-17 18:45:00,178.48735,100.0,0.0,143.85587502326155,-1487.394583333333
2025-07-17 18:50:00,196.90002,100.0,0.0,151.7615691736825,-1640.8335
2025-07-17 18:55:00,270.82,0.0,100.0,142.97746456210365,2256.833333333333
2025-07-17 19:00:00,226.61888,0.0,100.0,134.1933599505248,1888.4906666666664
2025-07-17 19:05:00,186.25526,100.0,0.0,142.09905410094575,-1552.1271666666664
2025-07-17 19:10:00,233.33087,0.0,100.0,133.3149494893669,1944.4239166666664
2025-07-17 19:15:00,238.82865,0.0,100.0,124.53084487778807,1990.2387499999998
2025-07-17 19:20:00,270.82,0.0,100.0,115.74674026620924,2256.833333333333
2025-07-17 19:25:00,240.0,0.0,100.0,106.9626356546304,1999.9999999999998
2025-07-17 19:30:00,240.0,0.0,100.0,98.17853104305158,1999.9999999999998
2025-07-17 19:35:00,230.91417,0.0,100.0,89.39442643147275,1924.2847499999998
2025-07-17 19:40:00,240.0,0.0,100.0,80.61032181989393,1999.9999999999998
2025-07-17 19:45:00,158.0,100.0,0.0,88.51601597031488,-1316.6666666666665
2025-07-17 19:50:00,181.79249,100.0,0.0,96.42171012073582,-1514.9374166666664
2025-07-17 19:55:00,158.0,100.0,0.0,104.32740427115677,-1316.6666666666665
2025-07-17 20:00:00,170.01697,100.0,0.0,112.23309842157772,-1416.8080833333331
2025-07-17 20:05:00,158.0,100.0,0.0,120.13879257199866,-1316.6666666666665
2025-07-17 20:10:00,230.01997,0.0,100.0,111.35468796041984,1916.833083333333
2025-07-17 20:15:00,169.44652,100.0,0.0,119.26038211084078,-1412.054333333333
2025-07-17 20:20:00,176.82699,100.0,0.0,127.16607626126172,-1473.5582499999998
2025-07-17 20:25:00,219.06166,0.0,0.0,127.16607626126172,0.0
2025-07-17 20:30:00,227.97,0.0,100.0,118.3819716496829,1899.7499999999998
2025-07-17 20:35:00,171.48755,100.0,0.0,126.28766580010384,-1429.0629166666665
2025-07-17 20:40:00,228.93398,0.0,100.0,117.50356118852501,1907.7831666666664
2025-07-17 20:45:00,241.82882,0.0,100.0,108.71945657694619,2015.2401666666665
2025-07-17 20:50:00,299.29,0.0,100.0,99.93535196536736,2494.083333333333
2025-07-17 20:55:00,270.82,0.0,100.0,91.15124735378853,2256.833333333333
2025-07-17 21:00:00,247.15501,0.0,100.0,82.36714274220971,2059.625083333333
2025-07-17 21:05:00,297.90682,0.0,100.0,73.58303813063087,2482.5568333333326
2025-07-17 21:10:00,263.40195,0.0,100.0,64.79893351905204,2195.0162499999997
2025-07-17 21:15:00,264.27607,0.0,100.0,56.014828907473216,2202.300583333333
2025-07-17 21:20:00,270.82,0.0,100.0,47.23072429589438,2256.833333333333
2025-07-17 21:25:00,264.27607,0.0,100.0,38.44661968431555,2202.300583333333
2025-07-17 21:30:00,177.30031,100.0,0.0,46.3523138347365,-1477.5025833333332
2025-07-17 21:35:00,229.60315,0.0,100.0,37.568209223157666,1913.3595833333331
2025-07-17 21:40:00,229.82819,0.0,100.0,28.784104611578833,1915.2349166666665
2025-07-17 21:45:00,226.53649,0.0,100.0,20.0,1887.804083333333
2025-07-17 21:50:00,166.53343,0.0,0.0,20.0,0.0
2025-07-17 21:55:00,159.60536,0.0,0.0,20.0,0.0
2025-07-17 22:00:00,157.48862,0.0,0.0,20.0,0.0
2025-07-17 22:05:00,158.0,0.0,0.0,20.0,0.0
2025-07-17 22:10:00,158.0,0.0,0.0,20.0,0.0
2025-07-17 22:15:00,159.1328,0.0,0.0,20.0,0.0
2025-07-17 22:20:00,158.0,0.0,0.0,20.0,0.0
2025-07-17 22:25:00,158.0,0.0,0.0,20.0,0.0
2025-07-17 22:30:00,155.77739,0.0,0.0,20.0,0.0
2025-07-17 22:35:00,158.0,0.0,0.0,20.0,0.0
2025-07-17 22:40:00,155.30601,0.0,0.0,20.0,0.0
2025-07-17 22:45:00,137.96,100.0,0.0,27.90569415042095,-1149.6666666666665
2025-07-17 22:50:00,122.58746,100.0,0.0,35.8113883008419,-1021.5621666666665
2025-07-17 22:55:00,122.02,100.0,0.0,43.71708245126285,-1016.8333333333331
2025-07-17 23:00:00,121.87676,100.0,0.0,51.622776601683796,-1015.6396666666666
2025-07-17 23:05:00,201.03541,0.0,100.0,42.83867199010496,1675.2950833333332
2025-07-17 23:10:00,186.7804,0.0,100.0,34.05456737852613,1556.503333333333
2025-07-17 23:15:00,185.43187,0.0,100.0,25.270462766947297,1545.265583333333
2025-07-17 23:20:00,158.07123,0.0,0.0,25.270462766947297,0.0
2025-07-17 23:25:00,158.27892,0.0,59.99999999999998,20.0,791.3945999999997
2025-07-17 23:30:00,156.98432,0.0,0.0,20.0,0.0
2025-07-17 23:35:00,137.96,0.0,0.0,20.0,0.0
2025-07-17 23:40:00,137.96,0.0,0.0,20.0,0.0
2025-07-17 23:45:00,123.44834,100.0,0.0,27.90569415042095,-1028.7361666666666
2025-07-17 23:50:00,122.02,100.0,0.0,35.8113883008419,-1016.8333333333331
2025-07-17 23:55:00,132.11453,0.0,0.0,35.8113883008419,0.0
2025-07-18 00:00:00,134.3472,0.0,0.0,35.8113883008419,0.0
2025-07-18 00:05:00,143.925,0.0,0.0,35.8113883008419,0.0
2025-07-18 00:10:00,148.82137,0.0,100.0,27.027283689263065,1240.1780833333332
2025-07-18 00:15:00,122.02,100.0,0.0,34.932977839684014,-1016.8333333333331
2025-07-18 00:20:00,122.02,100.0,0.0,42.83867199010496,-1016.8333333333331
2025-07-18 00:25:00,149.07952,0.0,100.0,34.05456737852613,1242.3293333333331
2025-07-18 00:30:00,146.31262,0.0,100.0,25.270462766947297,1219.2718333333332
2025-07-18 00:35:00,122.02,100.0,0.0,33.176156917368246,-1016.8333333333331
2025-07-18 00:40:00,147.21925,0.0,100.0,24.392052305789413,1226.8270833333331
2025-07-18 00:45:00,144.04558,0.0,0.0,24.392052305789413,0.0
2025-07-18 00:50:00,145.35511,0.0,49.99999999999997,20.0,605.6462916666663
2025-07-18 00:55:00,100.30983,100.0,0.0,27.90569415042095,-835.9152499999999
2025-07-18 01:00:00,93.96353,100.0,0.0,35.8113883008419,-783.0294166666666
2025-07-18 01:05:00,124.76664,0.0,80.0,28.784104611578833,831.7775999999999
2025-07-18 01:10:00,136.34323,0.0,100.0,20.0,1136.1935833333332
2025-07-18 01:15:00,90.0,100.0,0.0,27.90569415042095,-749.9999999999999
2025-07-18 01:20:00,119.72054,0.0,0.0,27.90569415042095,0.0
2025-07-18 01:25:00,120.86182,0.0,90.00000000000001,20.0,906.46365
2025-07-18 01:30:00,120.17877,0.0,0.0,20.0,0.0
2025-07-18 01:35:00,112.69373,0.0,0.0,20.0,0.0
2025-07-18 01:40:00,90.0,100.0,0.0,27.90569415042095,-749.9999999999999
2025-07-18 01:45:00,84.58499,100.0,0.0,35.8113883008419,-704.8749166666666
2025-07-18 01:50:00,89.57582,100.0,0.0,43.71708245126285,-746.4651666666665
2025-07-18 01:55:00,120.97086,0.0,100.0,34.932977839684014,1008.0904999999999
2025-07-18 02:00:00,90.0,100.0,0.0,42.83867199010496,-749.9999999999999
2025-07-18 02:05:00,80.81229,100.0,0.0,50.74436614052591,-673.43575
2025-07-18 02:10:00,90.0,100.0,0.0,58.65006029094686,-749.9999999999999
2025-07-18 02:15:00,90.0,100.0,0.0,66.55575444136781,-749.9999999999999
2025-07-18 02:20:00,90.0,100.0,0.0,74.46144859178875,-749.9999999999999
2025-07-18 02:25:00,80.0,100.0,0.0,82.3671427422097,-666.6666666666665
2025-07-18 02:30:00,81.97106,100.0,0.0,90.27283689263064,-683.0921666666666
2025-07-18 02:35:00,119.72054,0.0,100.0,81.48873228105181,997.6711666666665
2025-07-18 02:40:00,90.0,100.0,0.0,89.39442643147275,-749.9999999999999
2025-07-18 02:45:00,80.0,100.0,0.0,97.3001205818937,-666.6666666666665
2025-07-18 02:50:00,80.0,100.0,0.0,105.20581473231465,-666.6666666666665
2025-07-18 02:55:00,90.12453,100.0,0.0,113.11150888273559,-751.0377499999998
2025-07-18 03:00:00,80.0,100.0,0.0,121.01720303315653,-666.6666666666665
2025-07-18 03:05:00,90.60124,57.19103584109705,0.0,125.53855140821129,-431.79823034065294
2025-07-18 03:10:00,91.41802,0.0,0.0,125.53855140821129,0.0
2025-07-18 03:15:00,101.03644,0.0,100.0,116.75444679663246,841.9703333333332
2025-07-18 03:20:00,90.0,100.0,0.0,124.6601409470534,-749.9999999999999
2025-07-18 03:25:00,90.0,100.0,0.0,132.56583509747435,-749.9999999999999
2025-07-18 03:30:00,92.62352,0.0,0.0,132.56583509747435,0.0
2025-07-18 03:35:00,90.0,100.0,0.0,140.4715292478953,-749.9999999999999
2025-07-18 03:40:00,97.86287,0.0,0.0,140.4715292478953,0.0
2025-07-18 03:45:00,83.42828,100.0,0.0,148.37722339831623,-695.2356666666666
2025-07-18 03:50:00,85.08639,100.0,0.0,156.28291754873717,-709.0532499999998
2025-07-18 03:55:00,84.61731,100.0,0.0,164.18861169915812,-705.1442499999999
2025-07-18 04:00:00,85.17171,100.0,0.0,172.09430584957906,-709.76425
2025-07-18 04:05:00,90.0,100.0,0.0,180.0,-749.9999999999999
2025-07-18 04:10:00,94.49398,0.0,0.0,180.0,0.0
2025-07-18 04:15:00,98.18079,0.0,0.0,180.0,0.0
2025-07-18 04:20:00,99.85803,0.0,0.0,180.0,0.0
2025-07-18 04:25:00,100.55955,0.0,0.0,180.0,0.0
2025-07-18 04:30:00,98.37962,0.0,0.0,180.0,0.0
2025-07-18 04:35:00,97.13108,0.0,0.0,180.0,0.0
2025-07-18 04:40:00,96.6902,0.0,0.0,180.0,0.0
2025-07-18 04:45:00,108.4161,0.0,0.0,180.0,0.0
2025-07-18 04:50:00,117.80829,0.0,89.99999999999993,172.09430584957906,883.5621749999992
2025-07-18 04:55:00,116.34087,0.0,0.0,172.09430584957906,0.0
2025-07-18 05:00:00,116.16589,0.0,0.0,172.09430584957906,0.0
2025-07-18 05:05:00,101.05548,100.0,0.0,180.0,-842.1289999999999
2025-07-18 05:10:00,108.44347,0.0,0.0,180.0,0.0
2025-07-18 05:15:00,120.0,0.0,0.0,180.0,0.0
2025-07-18 05:20:00,122.02,0.0,0.0,180.0,0.0
2025-07-18 05:25:00,122.02,0.0,0.0,180.0,0.0
2025-07-18 05:30:00,139.38842,0.0,100.0,171.21589538842116,1161.5701666666664
2025-07-18 05:35:00,122.02,11.111111111111304,0.0,172.09430584957906,-112.98148148148344
2025-07-18 05:40:00,120.0,100.0,0.0,180.0,-999.9999999999999
2025-07-18 05:45:00,122.02,0.0,0.0,180.0,0.0
2025-07-18 05:50:00,142.6766,0.0,-0.0,180.0,-0.0
2025-07-18 05:55:00,147.02968,0.0,0.0,180.0,0.0
2025-07-18 06:00:00,160.0,0.0,-0.0,180.0,-0.0
2025-07-18 06:05:00,144.54908,0.0,0.0,180.0,0.0
2025-07-18 06:10:00,158.0,0.0,0.0,180.0,0.0
2025-07-18 06:15:00,158.0,0.0,0.0,180.0,0.0
2025-07-18 06:20:00,192.34943,-0.0,0.0,180.0,0.0
2025-07-18 06:25:00,224.50098,0.0,89.99999999999993,172.09430584957906,1683.7573499999985
2025-07-18 06:30:00,212.74039,0.0,0.0,172.09430584957906,0.0
2025-07-18 06:35:00,166.04674,100.0,0.0,180.0,-1383.722833333333
2025-07-18 06:40:00,213.55591,0.0,0.0,180.0,0.0
2025-07-18 06:45:00,211.6331,0.0,0.0,180.0,0.0
2025-07-18 06:50:00,212.44705,0.0,0.0,180.0,0.0
2025-07-18 06:55:00,214.32657,0.0,0.0,180.0,0.0
2025-07-18 07:00:00,266.11,0.0,100.0,171.21589538842116,2217.583333333333
2025-07-18 07:05:00,265.45,0.0,100.0,162.43179077684232,2212.083333333333
2025-07-18 07:10:00,272.37904,0.0,100.0,153.64768616526348,2269.8253333333328
2025-07-18 07:15:00,272.14645,0.0,100.0,144.86358155368464,2267.887083333333
2025-07-18 07:20:00,272.6418,0.0,100.0,136.0794769421058,2272.0149999999994
2025-07-18 07:25:00,275.71973,0.0,100.0,127.29537233052697,2297.6644166666665
2025-07-18 07:30:00,279.38875,0.0,100.0,118.51126771894815,2328.239583333333
2025-07-18 07:35:00,267.55425,0.0,100.0,109.72716310736932,2229.61875
2025-07-18 07:40:00,266.11,0.0,100.0,100.9430584957905,2217.583333333333
2025-07-18 07:45:00,266.11,0.0,100.0,92.15895388421167,2217.583333333333
2025-07-18 07:50:00,266.11,0.0,100.0,83.37484927263284,2217.583333333333
2025-07-18 07:55:00,266.11,0.0,100.0,74.59074466105402,2217.583333333333
2025-07-18 08:00:00,265.45,0.0,100.0,65.80664004947519,2212.083333333333
2025-07-18 08:05:00,265.51102,0.0,100.0,57.02253543789636,2212.591833333333
2025-07-18 08:10:00,265.45,0.0,100.0,48.238430826317526,2212.083333333333
2025-07-18 08:15:00,265.45,0.0,100.0,39.45432621473869,2212.083333333333
2025-07-18 08:20:00,228.78518,0.0,100.0,30.67022160315986,1906.5431666666664
2025-07-18 08:25:00,244.92644,0.0,100.0,21.886116991581027,2041.0536666666665
2025-07-18 08:30:00,168.85611,100.0,0.0,29.791811142001976,-1407.1342499999998
2025-07-18 08:35:00,217.98728,0.0,0.0,29.791811142001976,0.0
2025-07-18 08:40:00,225.20232,0.0,0.0,29.791811142001976,0.0
2025-07-18 08:45:00,226.51345,0.0,100.0,21.007706530423143,1887.6120833333332
2025-07-18 08:50:00,214.99077,0.0,0.0,21.007706530423143,0.0
2025-07-18 08:55:00,225.64522,0.0,0.0,21.007706530423143,0.0
2025-07-18 09:00:00,174.35412,100.0,0.0,28.91340068084409,-1452.9509999999998
2025-07-18 09:05:00,226.08292,0.0,91.4719322569864,20.878410461157884,1723.3534618918063
2025-07-18 09:10:00,173.97482,100.0,0.0,28.784104611578833,-1449.7901666666664
2025-07-18 09:15:00,228.26823,0.0,100.0,20.0,1902.2352499999997
2025-07-18 09:20:00,221.88577,0.0,0.0,20.0,0.0
2025-07-18 09:25:00,202.8256,0.0,0.0,20.0,0.0
2025-07-18 09:30:00,146.30325,100.0,0.0,27.90569415042095,-1219.1937499999997
2025-07-18 09:35:00,180.94,0.0,90.00000000000001,20.0,1357.0500000000002
2025-07-18 09:40:00,156.61451,0.0,0.0,20.0,0.0
2025-07-18 09:45:00,141.39862,-0.0,0.0,20.0,0.0
2025-07-18 09:50:00,141.52526,0.0,0.0,20.0,0.0
2025-07-18 09:55:00,122.02,100.0,0.0,27.90569415042095,-1016.8333333333331
2025-07-18 10:00:00,122.02,11.111111111111123,0.0,28.784104611578833,-112.9814814814816
2025-07-18 10:05:00,139.41484,0.0,100.0,20.0,1161.7903333333331
2025-07-18 10:10:00,122.65142,0.0,0.0,20.0,0.0
2025-07-18 10:15:00,117.77817,0.0,0.0,20.0,0.0
2025-07-18 10:20:00,118.75034,0.0,-0.0,20.0,-0.0
2025-07-18 10:25:00,97.45694,0.0,0.0,20.0,0.0
2025-07-18 10:30:00,87.53739,100.0,0.0,27.90569415042095,-729.4782499999999
2025-07-18 10:35:00,95.90292,0.0,0.0,27.90569415042095,0.0
2025-07-18 10:40:00,97.53182,0.0,90.00000000000001,20.0,731.48865
2025-07-18 10:45:00,86.05124,0.0,0.0,20.0,0.0
2025-07-18 10:50:00,75.44009,0.0,0.0,20.0,0.0
2025-07-18 10:55:00,73.85205,100.0,0.0,27.90569415042095,-615.4337499999999
2025-07-18 11:00:00,56.59417,100.0,0.0,35.8113883008419,-471.61808333333323
2025-07-18 11:05:00,83.33839,0.0,100.0,27.027283689263065,694.4865833333332
2025-07-18 11:10:00,83.1226,0.0,80.0,20.0,554.1506666666667
2025-07-18 11:15:00,77.74313,0.0,-0.0,20.0,-0.0
2025-07-18 11:20:00,38.03387,0.0,0.0,20.0,0.0
2025-07-18 11:25:00,38.72205,0.0,-0.0,20.0,-0.0
2025-07-18 11:30:00,35.94,0.0,0.0,20.0,0.0
2025-07-18 11:35:00,33.16173,100.0,0.0,27.90569415042095,-276.34774999999996
2025-07-18 11:40:00,35.94,0.0,0.0,27.90569415042095,0.0
2025-07-18 11:45:00,35.94,0.0,0.0,27.90569415042095,0.0
2025-07-18 11:50:00,38.02418,0.0,90.00000000000001,20.0,285.18135000000007
2025-07-18 11:55:00,35.94,0.0,0.0,20.0,0.0
2025-07-18 12:00:00,34.92,0.0,0.0,20.0,0.0
2025-07-18 12:05:00,35.94,0.0,-0.0,20.0,-0.0
2025-07-18 12:10:00,33.60902,0.0,0.0,20.0,0.0
2025-07-18 12:15:00,35.94,0.0,0.0,20.0,0.0
2025-07-18 12:20:00,20.73,0.0,0.0,20.0,0.0
2025-07-18 12:25:00,20.04,0.0,0.0,20.0,0.0
2025-07-18 12:30:00,20.00007,0.0,0.0,20.0,0.0
2025-07-18 12:35:00,20.0,0.0,0.0,20.0,0.0
2025-07-18 12:40:00,20.0,0.0,0.0,20.0,0.0
2025-07-18 12:45:00,20.0,46.07992472998494,0.0,23.642937913896795,-76.79987454997489
2025-07-18 12:50:00,20.0,100.00000000000118,0.0,31.548632064317836,-166.66666666666862
2025-07-18 12:55:00,17.79672,100.0,0.0,39.454326214738785,-148.30599999999998
2025-07-18 13:00:00,19.18,100.0,0.0,47.360020365159734,-159.83333333333331
2025-07-18 13:05:00,20.0,100.0,0.0,55.26571451558068,-166.66666666666663
2025-07-18 13:10:00,19.18,100.0,0.0,63.17140866600163,-159.83333333333331
2025-07-18 13:15:00,20.2,0.0,0.0,63.17140866600163,0.0
2025-07-18 13:20:00,20.0,100.0,0.0,71.07710281642258,-166.66666666666663
2025-07-18 13:25:00,20.04,0.0,0.0,71.07710281642258,0.0
2025-07-18 13:30:00,20.04,0.0,0.0,71.07710281642258,0.0
2025-07-18 13:35:00,20.04,0.0,0.0,71.07710281642258,0.0
2025-07-18 13:40:00,20.04,0.0,0.0,71.07710281642258,0.0
2025-07-18 13:45:00,20.04,0.0,0.0,71.07710281642258,0.0
2025-07-18 13:50:00,20.04,0.0,0.0,71.07710281642258,0.0
2025-07-18 13:55:00,20.04,0.0,0.0,71.07710281642258,0.0
2025-07-18 14:00:00,35.78231,0.0,100.0,62.29299820484375,298.1859166666666
2025-07-18 14:05:00,36.99005,0.0,100.0,53.508893593264915,308.2504166666666
2025-07-18 14:10:00,8.5517,100.0,0.0,61.414587743685864,-71.26416666666665
2025-07-18 14:15:00,0.06,100.0,0.0,69.32028189410681,-0.4999999999999999
2025-07-18 14:20:00,0.06,100.0,0.0,77.22597604452775,-0.4999999999999999
2025-07-18 14:25:00,19.18011,100.0,0.0,85.1316701949487,-159.83424999999997
2025-07-18 14:30:00,19.18,100.0,0.0,93.03736434536964,-159.83333333333331
2025-07-18 14:35:00,17.03889,100.0,0.0,100.94305849579058,-141.99074999999996
2025-07-18 14:40:00,8.95,100.0,0.0,108.84875264621152,-74.58333333333331
2025-07-18 14:45:00,8.95,100.0,0.0,116.75444679663246,-74.58333333333331
2025-07-18 14:50:00,19.18,100.0,0.0,124.6601409470534,-159.83333333333331
2025-07-18 14:55:00,15.7,100.0,0.0,132.56583509747435,-130.83333333333331
2025-07-18 15:00:00,19.18,100.0,0.0,140.4715292478953,-159.83333333333331
2025-07-18 15:05:00,16.29867,100.0,0.0,148.37722339831623,-135.82225
2025-07-18 15:10:00,20.04,0.0,0.0,148.37722339831623,0.0
2025-07-18 15:15:00,19.18,100.0,0.0,156.28291754873717,-159.83333333333331
2025-07-18 15:20:00,19.18,100.0,0.0,164.18861169915812,-159.83333333333331
2025-07-18 15:25:00,20.0,100.0,0.0,172.09430584957906,-166.66666666666663
2025-07-18 15:30:00,20.0,100.0,0.0,180.0,-166.66666666666663
2025-07-18 15:35:00,20.3,0.0,0.0,180.0,0.0
2025-07-18 15:40:00,47.63123,0.0,0.0,180.0,0.0
2025-07-18 15:45:00,50.19182,0.0,-0.0,180.0,-0.0
2025-07-18 15:50:00,75.2769,0.0,100.0,171.21589538842116,627.3074999999999
2025-07-18 15:55:00,67.28481,0.0,0.0,171.21589538842116,0.0
2025-07-18 16:00:00,68.10702,0.0,79.99999999999976,164.18861169915812,454.04679999999865
2025-07-18 16:05:00,57.35395,100.0,0.0,172.09430584957906,-477.94958333333324
2025-07-18 16:10:00,58.98321,100.0,0.0,180.0,-491.52674999999994
2025-07-18 16:15:00,75.89616,0.0,0.0,180.0,0.0
2025-07-18 16:20:00,85.45181,0.0,-0.0,180.0,-0.0
2025-07-18 16:25:00,114.37835,0.0,0.0,180.0,0.0
2025-07-18 16:30:00,148.38647,0.0,0.0,180.0,0.0
2025-07-18 16:35:00,162.48076,0.0,0.0,180.0,0.0
2025-07-18 16:40:00,180.66923,0.0,100.0,171.21589538842116,1505.5769166666664
2025-07-18 16:45:00,210.4849,0.0,100.0,162.43179077684232,1754.0408333333332
2025-07-18 16:50:00,250.96717,0.0,100.0,153.64768616526348,2091.393083333333
2025-07-18 16:55:00,246.43094,0.0,100.0,144.86358155368464,2053.591166666666
2025-07-18 17:00:00,223.36,0.0,100.0,136.0794769421058,1861.3333333333333
2025-07-18 17:05:00,179.83518,0.0,21.471932256986335,134.19335995052478,321.78406686524534
2025-07-18 17:10:00,172.97412,0.0,0.0,134.19335995052478,0.0
2025-07-18 17:15:00,166.97,0.0,0.0,134.19335995052478,0.0
2025-07-18 17:20:00,170.22,0.0,0.0,134.19335995052478,0.0
2025-07-18 17:25:00,217.53972,0.0,100.0,125.40925533894595,1812.8309999999997
2025-07-18 17:30:00,224.89568,0.0,100.0,116.62515072736713,1874.1306666666665
2025-07-18 17:35:00,185.93999,0.0,100.0,107.8410461157883,1549.4999166666664
2025-07-18 17:40:00,219.45489,0.0,100.0,99.05694150420948,1828.79075
2025-07-18 17:45:00,251.04089,0.0,100.0,90.27283689263065,2092.0074166666664
2025-07-18 17:50:00,261.05621,0.0,100.0,81.48873228105182,2175.4684166666666
2025-07-18 17:55:00,300.3,0.0,100.0,72.704627669473,2502.4999999999995
2025-07-18 18:00:00,280.82714,0.0,100.0,63.920523057894165,2340.2261666666664
2025-07-18 18:05:00,238.81844,0.0,100.0,55.13641844631533,1990.1536666666664
2025-07-18 18:10:00,189.5703,0.0,100.0,46.3523138347365,1579.7524999999998
2025-07-18 18:15:00,185.68255,0.0,100.0,37.568209223157666,1547.354583333333
2025-07-18 18:20:00,181.90548,0.0,100.0,28.784104611578833,1515.879
2025-07-18 18:25:00,180.96,0.0,100.0,20.0,1507.9999999999998
2025-07-18 18:30:00,176.06569,0.0,0.0,20.0,0.0
2025-07-18 18:35:00,172.79173,0.0,0.0,20.0,0.0
2025-07-18 18:40:00,166.02,0.0,0.0,20.0,0.0
2025-07-18 18:45:00,165.02071,0.0,0.0,20.0,0.0
2025-07-18 18:50:00,163.71795,0.0,0.0,20.0,0.0
2025-07-18 18:55:00,162.05351,0.0,0.0,20.0,0.0
2025-07-18 19:00:00,166.02,0.0,0.0,20.0,0.0
2025-07-18 19:05:00,163.52376,0.0,0.0,20.0,0.0
2025-07-18 19:10:00,166.02,0.0,0.0,20.0,0.0
2025-07-18 19:15:00,144.77226,0.0,0.0,20.0,0.0
2025-07-18 19:20:00,141.91788,0.0,0.0,20.0,0.0
2025-07-18 19:25:00,145.22088,0.0,0.0,20.0,0.0
2025-07-18 19:30:00,138.64456,0.0,0.0,20.0,0.0
2025-07-18 19:35:00,134.72976,0.0,0.0,20.0,0.0
2025-07-18 19:40:00,131.23,0.0,0.0,20.0,0.0
2025-07-18 19:45:00,123.64351,0.0,0.0,20.0,0.0
2025-07-18 19:50:00,123.96981,0.0,0.0,20.0,0.0
2025-07-18 19:55:00,112.43623,0.0,0.0,20.0,0.0
2025-07-18 20:00:00,109.67942,100.0,0.0,27.90569415042095,-913.9951666666665
2025-07-18 20:05:00,120.0,0.0,0.0,27.90569415042095,0.0
2025-07-18 20:10:00,122.02,0.0,90.00000000000001,20.0,915.1500000000001
2025-07-18 20:15:00,109.04766,0.0,0.0,20.0,0.0
2025-07-18 20:20:00,120.0,0.0,-0.0,20.0,-0.0
2025-07-18 20:25:00,108.14765,0.0,0.0,20.0,0.0
2025-07-18 20:30:00,105.08954,100.0,0.0,27.90569415042095,-875.7461666666666
2025-07-18 20:35:00,120.0,0.0,90.00000000000001,20.0,900.0000000000001
2025-07-18 20:40:00,115.5532,0.0,0.0,20.0,0.0
2025-07-18 20:45:00,117.28567,0.0,0.0,20.0,0.0
2025-07-18 20:50:00,100.08667,0.0,0.0,20.0,0.0
2025-07-18 20:55:00,99.56302,11.111111111111123,0.0,20.878410461157884,-92.18798148148157
2025-07-18 21:00:00,85.06059,100.0,0.0,28.784104611578833,-708.8382499999999
2025-07-18 21:05:00,112.86241,0.0,100.0,20.0,940.5200833333332
2025-07-18 21:10:00,99.99537,0.0,0.0,20.0,0.0
2025-07-18 21:15:00,87.71432,100.0,0.0,27.90569415042095,-730.9526666666666
2025-07-18 21:20:00,93.23126,0.0,0.0,27.90569415042095,0.0
2025-07-18 21:25:00,101.92203,0.0,90.00000000000001,20.0,764.4152250000002
2025-07-18 21:30:00,81.41004,100.0,0.0,27.90569415042095,-678.4169999999999
2025-07-18 21:35:00,88.68334,11.111111111111123,0.0,28.784104611578833,-82.1142037037038
2025-07-18 21:40:00,101.19988,0.0,100.0,20.0,843.3323333333332
2025-07-18 21:45:00,86.97281,-0.0,0.0,20.0,0.0
2025-07-18 21:50:00,82.07652,0.0,0.0,20.0,0.0
2025-07-18 21:55:00,71.89038,0.0,0.0,20.0,0.0
2025-07-18 22:00:00,74.37708,0.0,0.0,20.0,0.0
2025-07-18 22:05:00,76.54,0.0,0.0,20.0,0.0
2025-07-18 22:10:00,76.5401,0.0,0.0,20.0,0.0
2025-07-18 22:15:00,77.27,0.0,-0.0,20.0,-0.0
2025-07-18 22:20:00,48.40645,100.0,0.0,27.90569415042095,-403.3870833333333
2025-07-18 22:25:00,73.8001,0.0,90.00000000000001,20.0,553.50075
2025-07-18 22:30:00,20.0,0.0,0.0,20.0,0.0
2025-07-18 22:35:00,20.0,0.0,0.0,20.0,0.0
2025-07-18 22:40:00,19.18,0.0,0.0,20.0,0.0
2025-07-18 22:45:00,0.01,100.0,0.0,27.90569415042095,-0.08333333333333333
2025-07-18 22:50:00,0.01,100.0,0.0,35.8113883008419,-0.08333333333333333
2025-07-18 22:55:00,0.01,100.0,0.0,43.71708245126284,-0.08333333333333333
2025-07-18 23:00:00,8.94977,0.0,0.0,43.71708245126284,0.0
2025-07-18 23:05:00,8.95,0.0,100.0,34.93297783968401,74.58333333333331
2025-07-18 23:10:00,8.95,0.0,100.0,26.148873228105174,74.58333333333331
2025-07-18 23:15:00,8.95,0.0,69.9999999999999,20.0,52.20833333333326
2025-07-18 23:20:00,0.01,100.0,0.0,27.90569415042095,-0.08333333333333333
2025-07-18 23:25:00,8.94977,0.0,90.00000000000001,20.0,67.123275
2025-07-18 23:30:00,0.01,0.0,0.0,20.0,0.0
2025-07-18 23:35:00,-2e-05,100.0,0.0,27.90569415042095,0.00016666666666666666
2025-07-18 23:40:00,0.01,0.0,0.0,27.90569415042095,0.0
2025-07-18 23:45:00,0.01,0.0,80.0,20.878410461157884,0.06666666666666667
2025-07-18 23:50:00,-2e-05,100.0,0.0,28.784104611578833,0.00016666666666666666
2025-07-18 23:55:00,8.4594,0.0,100.0,20.0,70.49499999999999
2025-07-19 00:00:00,-2e-05,100.0,0.0,27.90569415042095,0.00016666666666666666
2025-07-19 00:05:00,0.01,0.0,90.00000000000001,20.0,0.07500000000000001
2025-07-19 00:10:00,0.01,0.0,0.0,20.0,0.0
2025-07-19 00:15:00,0.01,0.0,0.0,20.0,0.0
2025-07-19 00:20:00,-2e-05,100.0,0.0,27.90569415042095,0.00016666666666666666
2025-07-19 00:25:00,-2e-05,100.0,0.0,35.8113883008419,0.00016666666666666666
2025-07-19 00:30:00,-2e-05,100.0,0.0,43.71708245126285,0.00016666666666666666
2025-07-19 00:35:00,3e-05,0.0,100.0,34.932977839684014,0.00024999999999999995
2025-07-19 00:40:00,3e-05,0.0,100.0,26.14887322810518,0.00024999999999999995
2025-07-19 00:45:00,3e-05,0.0,69.99999999999999,20.0,0.00017499999999999997
2025-07-19 00:50:00,3e-05,0.0,0.0,20.0,0.0
2025-07-19 00:55:00,3e-05,0.0,0.0,20.0,0.0
2025-07-19 01:00:00,-7.41,100.0,0.0,27.90569415042095,61.74999999999999
2025-07-19 01:05:00,-7.41,-0.0,90.00000000000001,20.0,-55.57500000000001
2025-07-19 01:10:00,-9.83,22.222222222222342,0.0,21.756820922315775,18.203703703703802
2025-07-19 01:15:00,-9.96,99.99999999999987,1.2133440467401077e-13,29.662515072736696,82.99999999999979
2025-07-19 01:20:00,-9.96,0.0,100.0,20.878410461157863,-83.0
2025-07-19 01:25:00,-9.96,100.00000000000013,-1.2316074086508402e-13,28.784104611578833,83.00000000000021
2025-07-19 01:30:00,-9.96,0.0,100.0,20.0,-83.0
2025-07-19 01:35:00,-11.21445,100.0,-0.0,27.90569415042095,93.45374999999999
2025-07-19 01:40:00,-11.94891,0.0,90.00000000000001,20.0,-89.616825
2025-07-19 01:45:00,-13.78871,100.00000000000009,0.0,27.905694150420963,114.90591666666676
2025-07-19 01:50:00,-13.79,100.0,0.0,35.81138830084191,114.91666666666664
2025-07-19 01:55:00,-13.79,-0.0,100.0000000000003,27.027283689263054,-114.91666666666698
2025-07-19 02:00:00,-13.99967,100.0,0.0,34.932977839684,116.66391666666665
2025-07-19 02:05:00,-13.99942,100.0,0.0,42.83867199010544,116.66183333333332
2025-07-19 02:10:00,-13.79,-3.397363330872313e-13,100.0000000000012,34.05456737852648,-114.9166666666684
2025-07-19 02:15:00,-13.79,-0.0,60.000000000001684,28.78410461157903,-68.95000000000194
2025-07-19 02:20:00,-11.81745,0.0,100.0,20.0000000000002,-98.47874999999998
2025-07-19 02:25:00,-13.99967,100.0,0.0,27.905694150421144,116.66391666666665
2025-07-19 02:30:00,-13.99967,100.0,0.0,35.81138830084209,116.66391666666665
2025-07-19 02:35:00,-13.79,-5.684341886080802e-14,100.00000000000006,27.02728368926325,-114.91666666666679
2025-07-19 02:40:00,-13.79,0.0,80.0000000000021,20.0,-91.93333333333574
2025-07-19 02:45:00,-13.99967,100.0000000000003,-0.0,27.905694150421,116.66391666666699
2025-07-19 02:50:00,-13.99967,100.0,0.0,35.81138830084195,116.66391666666665
2025-07-19 02:55:00,-13.99967,-0.0,99.99999999999862,27.027283689263236,-116.66391666666506
2025-07-19 03:00:00,-13.99967,100.0,-3.4746320594861716e-12,34.93297783968449,116.66391666667073
2025-07-19 03:05:00,-13.99967,-0.0,99.9999999999992,26.148873228105728,-116.66391666666573
2025-07-19 03:10:00,-13.99967,100.0,0.0,34.05456737852668,116.66391666666665
2025-07-19 03:15:00,-13.99967,-2.4519660944539683e-12,100.00000000000246,25.27046276694744,-116.66391666667239
2025-07-19 03:20:00,-13.99967,9.031787663439489e-13,60.000000000008626,20.0,-69.998350000009
2025-07-19 03:25:00,-13.99967,99.99999999999945,0.0,27.90569415041917,116.663916666666
2025-07-19 03:30:00,-13.99967,1.2835902810250619e-11,89.99999999999321,20.000000000000913,-104.9975249999771
2025-07-19 03:35:00,-13.99967,90.52436917442913,7.744915819785092e-12,27.156579758528373,105.60927461667265
2025-07-19 03:40:00,-13.99967,100.00000000000065,-6.536993168992922e-13,35.06227390894943,116.66391666666819
2025-07-19 03:45:00,-13.99967,0.0,100.0,26.2781692973706,-116.66391666666665
2025-07-19 03:50:00,-13.99967,100.0,-0.0,34.183863447791545,116.66391666666665
2025-07-19 03:55:00,-13.99967,-0.0,100.0,25.399758836212712,-116.66391666666665
2025-07-19 04:00:00,-13.99967,99.99999999999996,-0.0,33.30545298663363,116.6639166666666
2025-07-19 04:05:00,-13.99967,1.915806389589644e-12,100.0,24.521348375055133,-116.6639166666644
2025-07-19 04:10:00,-13.99991,100.0,0.0,32.42704252547608,116.66591666666665
2025-07-19 04:15:00,-13.99967,-0.0,100.0,23.64293791389725,-116.66391666666665
2025-07-19 04:20:00,-13.99991,100.0,0.0,31.5486320643182,116.66591666666665
2025-07-19 04:25:00,-13.99991,100.00000000000047,-4.670695670563741e-13,39.454326214739226,116.66591666666774
2025-07-19 04:30:00,-13.99967,0.0,100.0,30.670221603160392,-116.66391666666665
2025-07-19 04:35:00,-13.99967,-0.0,100.0,21.886116991581,-116.66391666666665
2025-07-19 04:40:00,-13.99967,99.99999999999417,-0.0,29.79181114200149,116.66391666665986
2025-07-19 04:45:00,-13.99967,100.0,0.0,37.69750529242242,116.66391666666665
2025-07-19 04:50:00,-13.99967,100.0,0.0,45.60319944284337,116.66391666666665
2025-07-19 04:55:00,-13.99967,100.00000000000107,-1.0608803126931527e-12,53.50889359326449,116.66391666666914
2025-07-19 05:00:00,-13.99967,100.0,0.0,61.41458774368543,116.66391666666665
2025-07-19 05:05:00,-13.99967,100.0,-0.0,69.32028189410637,116.66391666666665
2025-07-19 05:10:00,-13.99967,100.0,0.0,77.22597604452731,116.66391666666665
2025-07-19 05:15:00,-13.99967,99.99999999999991,-0.0,85.13167019494824,116.66391666666655
2025-07-19 05:20:00,-13.99991,100.0,0.0,93.03736434536918,116.66591666666665
2025-07-19 05:25:00,-13.99967,100.00000000000276,-2.7569058147491887e-12,100.94305849579058,116.66391666667309
2025-07-19 05:30:00,-13.99967,100.0,0.0,108.84875264621152,116.66391666666665
2025-07-19 05:35:00,-13.99967,100.0,0.0,116.75444679663246,116.66391666666665
2025-07-19 05:40:00,-13.99967,100.00000000000001,-0.0,124.6601409470534,116.66391666666668
2025-07-19 05:45:00,-13.99967,100.00000000000003,-0.0,132.56583509747435,116.6639166666667
2025-07-19 05:50:00,-13.99967,100.0,0.0,140.4715292478953,116.66391666666665
2025-07-19 05:55:00,-13.99967,100.0,-0.0,148.37722339831623,116.66391666666665
2025-07-19 06:00:00,-13.99967,100.0,0.0,156.28291754873717,116.66391666666665
2025-07-19 06:05:00,-13.99967,100.0,-0.0,164.18861169915812,116.66391666666665
2025-07-19 06:10:00,-13.99967,100.0,0.0,172.09430584957906,116.66391666666665
2025-07-19 06:15:00,-13.99967,100.0,-0.0,180.0,116.66391666666665
2025-07-19 06:20:00,-11.89635,0.0,0.0,180.0,-0.0
2025-07-19 06:25:00,-9.96,0.0,100.0,171.21589538842116,-83.0
2025-07-19 06:30:00,-9.96,0.0,79.99999999999976,164.18861169915812,-66.3999999999998
2025-07-19 06:35:00,-13.99967,100.0,0.0,172.09430584957906,116.66391666666665
2025-07-19 06:40:00,-13.99967,100.0,0.0,180.0,116.66391666666665
2025-07-19 06:45:00,0.01,0.0,100.0,171.21589538842116,0.08333333333333333
2025-07-19 06:50:00,0.01,0.0,79.99999999999976,164.18861169915812,0.06666666666666647
2025-07-19 06:55:00,-13.99976,100.0,0.0,172.09430584957906,116.66466666666665
2025-07-19 07:00:00,-13.99967,100.0,0.0,180.0,116.66391666666665
2025-07-19 07:05:00,104.60914,0.0,100.0,171.21589538842116,871.7428333333331
2025-07-19 07:10:00,15.51263,0.0,100.0,162.43179077684232,129.27191666666664
2025-07-19 07:15:00,6.95,0.0,100.0,153.6476861652635,57.91666666666666
2025-07-19 07:20:00,6.95,0.0,100.0,144.86358155368467,57.91666666666666
2025-07-19 07:25:00,0.01,87.25340860334863,0.0,151.7615691736825,-0.07271117383612385
2025-07-19 07:30:00,20.0,0.0,100.0,142.97746456210365,166.66666666666663
2025-07-19 07:35:00,33.8901,0.0,100.0,134.1933599505248,282.41749999999996
2025-07-19 07:40:00,33.8901,0.0,100.0,125.40925533894597,282.41749999999996
2025-07-19 07:45:00,69.64815,0.0,100.0,116.62515072736714,580.4012499999999
2025-07-19 07:50:00,45.89,0.0,100.0,107.84104611578832,382.41666666666663
2025-07-19 07:55:00,45.89,0.0,100.0,99.05694150420949,382.41666666666663
2025-07-19 08:00:00,45.8901,0.0,100.0,90.27283689263066,382.4174999999999
2025-07-19 08:05:00,20.0,0.0,100.0,81.48873228105182,166.66666666666663
2025-07-19 08:10:00,33.89001,0.0,100.0,72.704627669473,282.4167499999999
2025-07-19 08:15:00,22.77044,0.0,100.0,63.920523057894165,189.75366666666665
2025-07-19 08:20:00,20.0,0.0,100.0,55.13641844631533,166.66666666666663
2025-07-19 08:25:00,18.0,0.0,100.0,46.3523138347365,149.99999999999997
2025-07-19 08:30:00,4.49211,0.0,100.0,37.568209223157666,37.43425
2025-07-19 08:35:00,8.95,0.0,100.0,28.784104611578833,74.58333333333331
2025-07-19 08:40:00,20.0,0.0,100.0,20.0,166.66666666666663
2025-07-19 08:45:00,3e-05,100.0,0.0,27.90569415042095,-0.00024999999999999995
2025-07-19 08:50:00,0.01,0.0,0.0,27.90569415042095,0.0
2025-07-19 08:55:00,0.01,0.0,0.0,27.90569415042095,0.0
2025-07-19 09:00:00,0.01,11.111111111111123,0.0,28.784104611578833,-0.00925925925925927
2025-07-19 09:05:00,1.20735,0.0,100.0,20.0,10.061249999999998
2025-07-19 09:10:00,0.00022,100.0,0.0,27.90569415042095,-0.001833333333333333
2025-07-19 09:15:00,0.01,0.0,90.00000000000001,20.0,0.07500000000000001
2025-07-19 09:20:00,0.01,0.0,0.0,20.0,0.0
2025-07-19 09:25:00,0.01,0.0,0.0,20.0,0.0
2025-07-19 09:30:00,0.0,0.0,0.0,20.0,0.0
2025-07-19 09:35:00,-5.06,0.0,0.0,20.0,-0.0
2025-07-19 09:40:00,-9.83,66.6666666666672,0.0,25.270462766947343,54.61111111111155
2025-07-19 09:45:00,-9.96,100.0,0.0,33.17615691736829,83.0
2025-07-19 09:50:00,-9.83,0.0,100.0,24.39205230578946,-81.91666666666666
2025-07-19 09:55:00,-9.96,100.0,0.0,32.297746456210405,83.0
2025-07-19 10:00:00,-9.83,0.0,100.0,23.513641844631575,-81.91666666666666
2025-07-19 10:05:00,-9.83,100.0,-0.0,31.419335995052524,81.91666666666666
2025-07-19 10:10:00,-9.83,0.0,100.0,22.63523138347369,-81.91666666666666
2025-07-19 10:15:00,-9.83,100.0,-0.0,30.540925533894637,81.91666666666666
2025-07-19 10:20:00,-9.83,0.0,100.0,21.756820922315804,-81.91666666666666
2025-07-19 10:25:00,-9.83,100.0,0.0,29.662515072736753,81.91666666666666
2025-07-19 10:30:00,-9.96,0.0,100.00000000000001,20.87841046115792,-83.00000000000001
2025-07-19 10:35:00,-9.96,99.99999999999957,-0.0,28.784104611578833,82.99999999999964
2025-07-19 10:40:00,-9.96,0.0,100.0,20.0,-83.0
2025-07-19 10:45:00,-13.79,99.99999999999989,0.0,27.90569415042094,114.91666666666652
2025-07-19 10:50:00,-13.79,100.0,0.0,35.811388300841884,114.91666666666664
2025-07-19 10:55:00,-13.79,-6.65093507871259e-14,100.00000000000007,27.027283689263044,-114.91666666666681
2025-07-19 11:00:00,-13.99976,100.0,3.70745263139646e-12,34.932977839683666,116.66466666666233
2025-07-19 11:05:00,-13.99976,99.99999999999747,0.0,42.838671990104416,116.66466666666372
2025-07-19 11:10:00,-13.99967,0.0,59.99999999998229,37.568209223158675,-69.99834999997934
2025-07-19 11:15:00,-13.99967,-1.7621459846850485e-11,100.00000000001762,28.784104611576907,-116.66391666670778
2025-07-19 11:20:00,-13.99967,0.0,100.0,19.999999999998078,-116.66391666666665
2025-07-19 11:25:00,-15.0,100.00000000001377,-1.3755181746455628e-11,27.905694150421322,125.0000000000344
2025-07-19 11:30:00,-15.79,0.0,90.00000000000425,20.0,-118.42500000000558
2025-07-19 11:35:00,-18.0,100.0,-0.0,27.90569415042095,149.99999999999997
2025-07-19 11:40:00,-18.0,100.0,0.0,35.8113883008419,149.99999999999997
2025-07-19 11:45:00,-19.41491,100.0,0.0,43.71708245126285,161.79091666666665
2025-07-19 11:50:00,-19.27039,100.0,0.0,51.622776601683796,160.5865833333333
2025-07-19 11:55:00,-16.8791,0.0,100.00000000000018,42.83867199010495,-140.65916666666692
2025-07-19 12:00:00,-16.53293,0.0,100.0,34.054567378526116,-137.77441666666664
2025-07-19 12:05:00,-15.35476,0.0,100.0,25.270462766947283,-127.95633333333332
2025-07-19 12:10:00,-19.99,100.0,0.0,33.17615691736823,166.5833333333333
2025-07-19 12:15:00,-19.99,100.0,0.0,41.081851067789174,166.5833333333333
2025-07-19 12:20:00,-17.76667,100.00000000000011,-1.132966248150218e-13,48.98754521821014,148.05558333333366
2025-07-19 12:25:00,-19.11377,100.0,-0.0,56.893239368631086,159.28141666666664
2025-07-19 12:30:00,-17.65967,100.0,0.0,64.79893351905203,147.16391666666664
2025-07-19 12:35:00,-17.42287,57.19103584109705,-2.895358189717224e-13,69.32028189410681,83.03599855206495
2025-07-19 12:40:00,-17.52523,99.9999999999998,0.0,77.22597604452774,146.04358333333303
2025-07-19 12:45:00,-19.5,100.0,0.0,85.13167019494868,162.49999999999997
2025-07-19 12:50:00,-20.78858,100.0,0.0,93.03736434536962,173.23816666666664
2025-07-19 12:55:00,-20.4347,100.0,0.0,100.94305849579057,170.28916666666663
2025-07-19 13:00:00,-20.99,100.0,0.0,108.84875264621152,174.91666666666663
2025-07-19 13:05:00,-19.99,100.0,0.0,116.75444679663246,166.5833333333333
2025-07-19 13:10:00,-19.5,100.0,0.0,124.6601409470534,162.49999999999997
2025-07-19 13:15:00,-19.5,100.0,0.0,132.56583509747435,162.49999999999997
2025-07-19 13:20:00,-18.94583,100.0,-0.0,140.4715292478953,157.88191666666665
2025-07-19 13:25:00,-18.82218,100.0,-0.0,148.37722339831623,156.8515
2025-07-19 13:30:00,-19.99,100.0,0.0,156.28291754873717,166.5833333333333
2025-07-19 13:35:00,-20.34537,100.0,0.0,164.18861169915812,169.54474999999996
2025-07-19 13:40:00,-19.66065,100.0,0.0,172.09430584957906,163.83874999999998
2025-07-19 13:45:00,-19.99,100.0,0.0,180.0,166.5833333333333
2025-07-19 13:50:00,-17.30039,0.0,100.0,171.21589538842116,-144.16991666666664
2025-07-19 13:55:00,-17.51846,100.0,0.0,179.1215895388421,145.98716666666667
2025-07-19 14:00:00,-16.53037,-0.0,100.0,170.33748492726326,-137.75308333333334
2025-07-19 14:05:00,-16.84518,100.0,0.0,178.2431790776842,140.37649999999996
2025-07-19 14:10:00,-16.69835,0.0,100.0,169.45907446610536,-139.15291666666667
2025-07-19 14:15:00,-18.96965,100.0,0.0,177.3647686165263,158.08041666666665
2025-07-19 14:20:00,-16.0,33.33333333333429,-0.0,180.00000000000003,44.444444444445715
2025-07-19 14:25:00,-14.57381,-4.265723576837559e-13,79.99999999999976,172.97271631073696,-97.15873333333356
2025-07-19 14:30:00,-13.99976,0.0,100.0000000000001,164.18861169915812,-116.66466666666678
2025-07-19 14:35:00,-13.99976,100.0,-0.0,172.09430584957906,116.66466666666665
2025-07-19 14:40:00,-13.99976,100.0,0.0,180.0,116.66466666666665
2025-07-19 14:45:00,-13.57677,0.0,89.99999999999993,172.0943058495791,-101.82577499999991
2025-07-19 14:50:00,-13.58929,100.0,3.235584124640288e-13,180.0,113.24408333333295
2025-07-19 14:55:00,-8.38177,0.0,0.0,180.0,-0.0
2025-07-19 15:00:00,0.0,0.0,100.0,171.21589538842116,0.0
2025-07-19 15:05:00,-5.06,100.0,0.0,179.1215895388421,42.16666666666666
2025-07-19 15:10:00,-2.18782,11.11111111111146,1.2789769243681803e-13,180.0,2.0257592592592997
2025-07-19 15:15:00,0.0,0.0,0.0,180.0,0.0
2025-07-19 15:20:00,27.53653,0.0,-0.0,180.0,-0.0
2025-07-19 15:25:00,55.67809,0.0,0.0,180.0,0.0
2025-07-19 15:30:00,55.74641,0.0,89.99999999999993,172.09430584957906,418.09807499999965
2025-07-19 15:35:00,43.81211,100.0,0.0,180.0,-365.1009166666666
2025-07-19 15:40:00,62.97886,0.0,0.0,180.0,0.0
2025-07-19 15:45:00,78.03087,0.0,100.0,171.21589538842116,650.2572499999999
2025-07-19 15:50:00,57.0851,11.111111111111304,0.0,172.09430584957906,-52.85657407407499
2025-07-19 15:55:00,53.08574,100.0,0.0,180.0,-442.3811666666666
2025-07-19 16:00:00,108.90989,0.0,100.0,171.21589538842116,907.5824166666665
2025-07-19 16:05:00,55.2659,100.0,0.0,179.1215895388421,-460.5491666666666
2025-07-19 16:10:00,63.17067,11.111111111111304,0.0,180.0,-58.49136111111213
2025-07-19 16:15:00,88.83603,0.0,0.0,180.0,0.0
2025-07-19 16:20:00,95.86107,0.0,0.0,180.0,0.0
2025-07-19 16:25:00,127.66634,0.0,89.99999999999993,172.09430584957906,957.4975499999993
2025-07-19 16:30:00,107.56927,100.0,0.0,180.0,-896.4105833333332
2025-07-19 16:35:00,136.40664,0.0,100.0,171.21589538842116,1136.722
2025-07-19 16:40:00,122.43186,11.111111111111304,0.0,172.09430584957906,-113.3628333333353
2025-07-19 16:45:00,114.15331,100.0,0.0,180.0,-951.2775833333333
2025-07-19 16:50:00,133.73933,0.0,0.0,180.0,0.0
2025-07-19 16:55:00,140.47254,0.0,0.0,180.0,0.0
2025-07-19 17:00:00,137.98602,0.0,0.0,180.0,0.0
2025-07-19 17:05:00,130.23,0.0,0.0,180.0,0.0
2025-07-19 17:10:00,128.90216,-0.0,0.0,180.0,0.0
2025-07-19 17:15:00,131.23,0.0,0.0,180.0,0.0
2025-07-19 17:20:00,138.51261,0.0,0.0,180.0,0.0
2025-07-19 17:25:00,137.02719,0.0,0.0,180.0,0.0
2025-07-19 17:30:00,143.1078,0.0,0.0,180.0,0.0
2025-07-19 17:35:00,133.06832,0.0,0.0,180.0,0.0
2025-07-19 17:40:00,166.36585,0.0,100.0,171.21589538842116,1386.3820833333332
2025-07-19 17:45:00,132.72,0.0,0.0,171.21589538842116,0.0
2025-07-19 17:50:00,150.40383,0.0,100.0,162.43179077684232,1253.3652499999998
2025-07-19 17:55:00,155.97881,0.0,100.0,153.64768616526348,1299.8234166666666
2025-07-19 18:00:00,135.13775,0.0,0.0,153.64768616526348,0.0
2025-07-19 18:05:00,131.23,0.0,0.0,153.64768616526348,0.0
2025-07-19 18:10:00,131.23,0.0,0.0,153.64768616526348,0.0
2025-07-19 18:15:00,130.23,100.0,0.0,161.55338031568442,-1085.2499999999998
2025-07-19 18:20:00,131.23,98.36451971446066,0.0,169.3297783968402,-1075.6979935107224
2025-07-19 18:25:00,131.23,-0.0,0.0,169.3297783968402,0.0
2025-07-19 18:30:00,154.41146,0.0,100.0,160.54567378526136,1286.7621666666664
2025-07-19 18:35:00,155.47906,0.0,100.0,151.76156917368252,1295.6588333333332
2025-07-19 18:40:00,131.23,100.0,0.0,159.66726332410346,-1093.583333333333
2025-07-19 18:45:00,159.20803,0.0,100.0,150.88315871252462,1326.7335833333332
2025-07-19 18:50:00,131.23,100.0,0.0,158.78885286294556,-1093.583333333333
2025-07-19 18:55:00,131.23,100.0,0.0,166.6945470133665,-1093.583333333333
2025-07-19 19:00:00,163.29179,0.0,100.0,157.91044240178766,1360.7649166666663
2025-07-19 19:05:00,135.88997,0.0,0.0,157.91044240178766,0.0
2025-07-19 19:10:00,164.47982,0.0,100.0,149.12633779020882,1370.6651666666664
2025-07-19 19:15:00,158.67491,0.0,100.0,140.34223317862998,1322.2909166666666
2025-07-19 19:20:00,163.65638,0.0,100.0,131.55812856705114,1363.8031666666666
2025-07-19 19:25:00,161.05672,0.0,100.0,122.7740239554723,1342.1393333333333
2025-07-19 19:30:00,132.72,0.0,0.0,122.7740239554723,0.0
2025-07-19 19:35:00,152.13807,0.0,100.0,113.98991934389348,1267.8172499999998
2025-07-19 19:40:00,140.08012,0.0,0.0,113.98991934389348,0.0
2025-07-19 19:45:00,160.55726,0.0,100.0,105.20581473231465,1337.9771666666666
2025-07-19 19:50:00,207.61427,0.0,100.0,96.42171012073582,1730.1189166666666
2025-07-19 19:55:00,159.37608,0.0,100.0,87.637605509157,1328.1339999999998
2025-07-19 20:00:00,159.58849,0.0,100.0,78.85350089757817,1329.9040833333331
2025-07-19 20:05:00,160.93917,0.0,100.0,70.06939628599935,1341.1597499999998
2025-07-19 20:10:00,152.60676,0.0,100.0,61.28529167442052,1271.723
2025-07-19 20:15:00,153.6335,0.0,100.0,52.50118706284169,1280.2791666666665
2025-07-19 20:20:00,153.70562,0.0,100.0,43.717082451262854,1280.8801666666666
2025-07-19 20:25:00,132.72,0.0,0.0,43.717082451262854,0.0
2025-07-19 20:30:00,151.58512,0.0,100.0,34.93297783968402,1263.209333333333
2025-07-19 20:35:00,131.72,0.0,0.0,34.93297783968402,0.0
2025-07-19 20:40:00,127.23153,100.0,0.0,42.83867199010497,-1060.2627499999999
2025-07-19 20:45:00,129.87949,100.0,0.0,50.74436614052592,-1082.3290833333333
2025-07-19 20:50:00,152.79006,0.0,100.0,41.960261528947086,1273.2504999999999
2025-07-19 20:55:00,151.40609,0.0,100.0,33.17615691736825,1261.7174166666666
2025-07-19 21:00:00,126.97553,100.0,0.0,41.0818510677892,-1058.1294166666667
2025-07-19 21:05:00,150.4982,0.0,100.0,32.29774645621037,1254.1516666666664
2025-07-19 21:10:00,135.43239,0.0,0.0,32.29774645621037,0.0
2025-07-19 21:15:00,129.47835,100.0,0.0,40.20344060663132,-1078.98625
2025-07-19 21:20:00,121.79084,100.0,0.0,48.10913475705227,-1014.9236666666666
2025-07-19 21:25:00,122.92748,100.0,0.0,56.014828907473216,-1024.3956666666666
2025-07-19 21:30:00,118.67263,100.0,0.0,63.920523057894165,-988.9385833333332
2025-07-19 21:35:00,132.72,0.0,0.0,63.920523057894165,0.0
2025-07-19 21:40:00,149.8676,0.0,100.0,55.13641844631533,1248.8966666666665
2025-07-19 21:45:00,148.55702,0.0,100.0,46.3523138347365,1237.9751666666664
2025-07-19 21:50:00,155.96455,0.0,100.0,37.568209223157666,1299.7045833333332
2025-07-19 21:55:00,138.90387,0.0,0.0,37.568209223157666,0.0
2025-07-19 22:00:00,134.80974,0.0,0.0,37.568209223157666,0.0
2025-07-19 22:05:00,134.70027,0.0,0.0,37.568209223157666,0.0
2025-07-19 22:10:00,153.28087,0.0,100.0,28.784104611578833,1277.3405833333331
2025-07-19 22:15:00,154.35284,0.0,100.0,20.0,1286.2736666666663
2025-07-19 22:20:00,126.71377,-0.0,0.0,20.0,0.0
2025-07-19 22:25:00,113.28345,0.0,0.0,20.0,0.0
2025-07-19 22:30:00,104.02199,100.0,0.0,27.90569415042095,-866.8499166666666
2025-07-19 22:35:00,125.22174,0.0,90.00000000000001,20.0,939.1630500000001
2025-07-19 22:40:00,114.78891,0.0,0.0,20.0,0.0
2025-07-19 22:45:00,116.47675,0.0,0.0,20.0,0.0
2025-07-19 22:50:00,100.2004,100.0,0.0,27.90569415042095,-835.0033333333332
2025-07-19 22:55:00,106.09534,0.0,0.0,27.90569415042095,0.0
2025-07-19 23:00:00,89.9027,100.0,0.0,35.8113883008419,-749.1891666666666
2025-07-19 23:05:00,111.55278,0.0,0.0,35.8113883008419,0.0
2025-07-19 23:10:00,119.88197,0.0,100.0,27.027283689263065,999.0164166666665
2025-07-19 23:15:00,116.85503,0.0,0.0,27.027283689263065,0.0
2025-07-19 23:20:00,112.34499,0.0,0.0,27.027283689263065,0.0
2025-07-19 23:25:00,94.30584,100.0,0.0,34.932977839684014,-785.882
2025-07-19 23:30:00,94.25762,100.0,0.0,42.83867199010496,-785.4801666666666
2025-07-19 23:35:00,151.61031,0.0,100.0,34.05456737852613,1263.41925
2025-07-19 23:40:00,117.18793,0.0,59.99999999999998,28.784104611578833,585.9396499999998
2025-07-19 23:45:00,117.43588,0.0,100.0,20.0,978.6323333333331
2025-07-19 23:50:00,108.65277,0.0,-0.0,20.0,-0.0
2025-07-19 23:55:00,82.93982,11.111111111111123,0.0,20.878410461157884,-76.7961296296297
2025-07-20 00:00:00,80.28542,100.0,0.0,28.784104611578833,-669.0451666666665
2025-07-20 00:05:00,89.91929,0.0,0.0,28.784104611578833,0.0
2025-07-20 00:10:00,101.3934,0.0,100.0,20.0,844.9449999999998
2025-07-20 00:15:00,79.73788,0.0,0.0,20.0,0.0
2025-07-20 00:20:00,74.8189,100.0,0.0,27.90569415042095,-623.4908333333333
2025-07-20 00:25:00,79.89913,0.0,0.0,27.90569415042095,0.0
2025-07-20 00:30:00,79.15653,0.0,0.0,27.90569415042095,0.0
2025-07-20 00:35:00,78.68262,0.0,0.0,27.90569415042095,0.0
2025-07-20 00:40:00,79.68287,0.0,0.0,27.90569415042095,0.0
2025-07-20 00:45:00,79.31486,0.0,0.0,27.90569415042095,0.0
2025-07-20 00:50:00,77.44973,0.0,0.0,27.90569415042095,0.0
2025-07-20 00:55:00,75.44142,0.0,0.0,27.90569415042095,0.0
2025-07-20 01:00:00,75.39357,23.857702507763857,0.0,29.791811142002068,-149.89311367152249
2025-07-20 01:05:00,79.81495,0.0,0.0,29.791811142002068,0.0
2025-07-20 01:10:00,78.56919,0.0,0.0,29.791811142002068,0.0
2025-07-20 01:15:00,70.76279,100.0,0.0,37.69750529242302,-589.6899166666666
2025-07-20 01:20:00,73.24079,100.0,0.0,45.603199442843966,-610.3399166666666
2025-07-20 01:25:00,73.07513,100.0,0.0,53.508893593264915,-608.9594166666666
2025-07-20 01:30:00,69.67227,100.0,0.0,61.414587743685864,-580.6022499999999
2025-07-20 01:35:00,69.77437,100.0,0.0,69.32028189410681,-581.4530833333333
2025-07-20 01:40:00,72.86299,100.0,0.0,77.22597604452775,-607.1915833333333
2025-07-20 01:45:00,73.03676,100.0,0.0,85.1316701949487,-608.6396666666666
2025-07-20 01:50:00,69.4283,100.0,0.0,93.03736434536964,-578.5691666666665
2025-07-20 01:55:00,69.89912,100.0,0.0,100.94305849579058,-582.4926666666665
2025-07-20 02:00:00,70.80579,100.0,0.0,108.84875264621152,-590.0482499999999
2025-07-20 02:05:00,73.63749,100.0,0.0,116.75444679663246,-613.6457499999999
2025-07-20 02:10:00,77.80482,0.0,0.0,116.75444679663246,0.0
2025-07-20 02:15:00,76.0846,0.0,0.0,116.75444679663246,0.0
2025-07-20 02:20:00,68.33623,100.0,0.0,124.6601409470534,-569.4685833333333
2025-07-20 02:25:00,73.40115,100.0,0.0,132.56583509747435,-611.6762499999999
2025-07-20 02:30:00,73.38527,100.0,0.0,140.4715292478953,-611.5439166666666
2025-07-20 02:35:00,73.47715,100.0,0.0,148.37722339831623,-612.3095833333332
2025-07-20 02:40:00,72.85428,100.0,0.0,156.28291754873717,-607.1189999999999
2025-07-20 02:45:00,75.80708,0.0,0.0,156.28291754873717,0.0
2025-07-20 02:50:00,71.76386,100.0,0.0,164.18861169915812,-598.0321666666665
2025-07-20 02:55:00,73.34476,100.0,0.0,172.09430584957906,-611.2063333333332
2025-07-20 03:00:00,73.48898,100.0,0.0,180.0,-612.4081666666666
2025-07-20 03:05:00,79.47584,0.0,0.0,180.0,0.0
2025-07-20 03:10:00,79.43903,0.0,0.0,180.0,0.0
2025-07-20 03:15:00,82.02191,0.0,0.0,180.0,0.0
2025-07-20 03:20:00,83.45644,0.0,0.0,180.0,0.0
2025-07-20 03:25:00,79.92506,0.0,0.0,180.0,0.0
2025-07-20 03:30:00,79.39538,-0.0,0.0,180.0,0.0
2025-07-20 03:35:00,83.94068,0.0,0.0,180.0,0.0
2025-07-20 03:40:00,81.80172,0.0,0.0,180.0,0.0
2025-07-20 03:45:00,85.9907,0.0,0.0,180.0,0.0
2025-07-20 03:50:00,81.71447,0.0,0.0,180.0,0.0
2025-07-20 03:55:00,85.19658,0.0,0.0,180.0,0.0
2025-07-20 04:00:00,83.54882,0.0,0.0,180.0,0.0
2025-07-20 04:05:00,80.0,0.0,0.0,180.0,0.0
2025-07-20 04:10:00,91.63116,0.0,0.0,180.0,0.0
2025-07-20 04:15:00,92.54172,0.0,0.0,180.0,0.0
2025-07-20 04:20:00,93.9092,0.0,0.0,180.0,0.0
2025-07-20 04:25:00,93.83907,0.0,0.0,180.0,0.0
2025-07-20 04:30:00,94.55811,0.0,79.99999999999976,172.97271631073696,630.3873999999981
2025-07-20 04:35:00,94.4137,0.0,0.0,172.97271631073696,0.0
2025-07-20 04:40:00,95.57072,0.0,100.0,164.18861169915812,796.4226666666665
2025-07-20 04:45:00,92.5122,0.0,0.0,164.18861169915812,0.0
2025-07-20 04:50:00,90.45302,0.0,0.0,164.18861169915812,0.0
2025-07-20 04:55:00,91.31967,0.0,0.0,164.18861169915812,0.0
2025-07-20 05:00:00,93.18424,0.0,0.0,164.18861169915812,0.0
2025-07-20 05:05:00,84.39967,100.0,0.0,172.09430584957906,-703.3305833333333
2025-07-20 05:10:00,83.57159,100.0,0.0,180.0,-696.4299166666666
2025-07-20 05:15:00,95.09727,0.0,0.0,180.0,0.0
2025-07-20 05:20:00,95.76274,0.0,0.0,180.0,0.0
2025-07-20 05:25:00,96.13149,0.0,89.99999999999993,172.09430584957906,720.9861749999994
2025-07-20 05:30:00,86.65749,0.0,0.0,172.09430584957906,0.0
2025-07-20 05:35:00,85.51235,100.0,0.0,180.0,-712.6029166666666
2025-07-20 05:40:00,98.43789,0.0,0.0,180.0,0.0
2025-07-20 05:45:00,101.26653,0.0,89.99999999999993,172.09430584957906,759.4989749999994
2025-07-20 05:50:00,94.4352,0.0,0.0,172.09430584957906,0.0
2025-07-20 05:55:00,87.12632,100.0,0.0,180.0,-726.0526666666666
2025-07-20 06:00:00,107.50692,0.0,-0.0,180.0,-0.0
2025-07-20 06:05:00,106.4059,0.0,0.0,180.0,0.0
2025-07-20 06:10:00,111.19873,-0.0,0.0,180.0,0.0
2025-07-20 06:15:00,120.0,0.0,0.0,180.0,0.0
2025-07-20 06:20:00,124.98073,0.0,89.99999999999993,172.09430584957906,937.3554749999992
2025-07-20 06:25:00,107.70171,100.0,0.0,180.0,-897.51425
2025-07-20 06:30:00,123.29751,0.0,0.0,180.0,0.0
2025-07-20 06:35:00,120.0,0.0,0.0,180.0,0.0
2025-07-20 06:40:00,114.87071,0.0,0.0,180.0,0.0
2025-07-20 06:45:00,123.46357,0.0,0.0,180.0,0.0
2025-07-20 06:50:00,131.26403,0.0,100.0,171.21589538842116,1093.8669166666664
2025-07-20 06:55:00,131.86194,0.0,100.0,162.43179077684232,1098.8494999999998
2025-07-20 07:00:00,132.52607,0.0,100.0,153.64768616526348,1104.3839166666664
2025-07-20 07:05:00,124.07089,0.0,0.0,153.64768616526348,0.0
2025-07-20 07:10:00,130.23,0.0,100.0,144.86358155368464,1085.2499999999998
2025-07-20 07:15:00,130.23,0.0,21.471932256986335,142.97746456210362,233.02414481894417
2025-07-20 07:20:00,133.18722,0.0,100.0,134.19335995052478,1109.8935
2025-07-20 07:25:00,165.2199,0.0,100.0,125.40925533894595,1376.8324999999998
2025-07-20 07:30:00,135.02482,0.0,100.0,116.62515072736713,1125.2068333333332
2025-07-20 07:35:00,166.02,0.0,100.0,107.8410461157883,1383.5
2025-07-20 07:40:00,166.02,0.0,100.0,99.05694150420948,1383.5
2025-07-20 07:45:00,166.02,0.0,100.0,90.27283689263065,1383.5
2025-07-20 07:50:00,177.11427,0.0,100.0,81.48873228105182,1475.9522499999998
2025-07-20 07:55:00,179.85496,0.0,100.0,72.704627669473,1498.7913333333331
2025-07-20 08:00:00,178.98084,0.0,100.0,63.920523057894165,1491.5069999999998
2025-07-20 08:05:00,135.01961,0.0,100.0,55.13641844631533,1125.1634166666665
2025-07-20 08:10:00,132.4,0.0,100.0,46.3523138347365,1103.3333333333333
2025-07-20 08:15:00,177.95141,0.0,100.0,37.568209223157666,1482.9284166666666
2025-07-20 08:20:00,163.04711,0.0,100.0,28.784104611578833,1358.7259166666665
2025-07-20 08:25:00,135.43622,0.0,100.0,20.0,1128.6351666666665
2025-07-20 08:30:00,95.00437,0.0,-0.0,20.0,-0.0
2025-07-20 08:35:00,65.75062,0.0,0.0,20.0,0.0
2025-07-20 08:40:00,57.0,100.0,0.0,27.90569415042095,-474.99999999999994
2025-07-20 08:45:00,64.72779,0.0,90.00000000000001,20.0,485.45842500000003
2025-07-20 08:50:00,56.4846,11.111111111111123,0.0,20.878410461157884,-52.30055555555561
2025-07-20 08:55:00,57.0,0.0,0.0,20.878410461157884,0.0
2025-07-20 09:00:00,35.54282,100.0,0.0,28.784104611578833,-296.19016666666664
2025-07-20 09:05:00,56.93894,0.0,0.0,28.784104611578833,0.0
2025-07-20 09:10:00,65.78375,0.0,100.0,20.0,548.1979166666665
2025-07-20 09:15:00,57.54006,0.0,-0.0,20.0,-0.0
2025-07-20 09:20:00,42.19,0.0,0.0,20.0,0.0
2025-07-20 09:25:00,35.30514,-0.0,0.0,20.0,0.0
2025-07-20 09:30:00,20.04,100.0,0.0,27.90569415042095,-166.99999999999997
2025-07-20 09:35:00,34.89934,0.0,0.0,27.90569415042095,0.0
2025-07-20 09:40:00,34.92264,0.0,90.00000000000001,20.0,261.91980000000007
2025-07-20 09:45:00,34.51337,0.0,0.0,20.0,0.0
2025-07-20 09:50:00,22.7703,22.222222222222246,0.0,21.756820922315768,-42.167222222222264
2025-07-20 09:55:00,22.92569,0.0,0.0,21.756820922315768,0.0
2025-07-20 10:00:00,8.95,100.0,0.0,29.662515072736717,-74.58333333333331
2025-07-20 10:05:00,11.52,100.0,0.0,37.568209223157666,-95.99999999999999
2025-07-20 10:10:00,45.98731,0.0,100.0,28.784104611578833,383.2275833333333
2025-07-20 10:15:00,33.3537,0.0,100.0,20.0,277.9475
2025-07-20 10:20:00,8.81856,100.0,0.0,27.90569415042095,-73.48799999999999
2025-07-20 10:25:00,8.95,100.0,0.0,35.8113883008419,-74.58333333333331
2025-07-20 10:30:00,20.0,0.0,100.0,27.027283689263065,166.66666666666663
2025-07-20 10:35:00,10.5274,33.33333333333337,0.0,29.662515072736717,-29.24277777777781
2025-07-20 10:40:00,8.94974,100.0,0.0,37.568209223157666,-74.58116666666666
2025-07-20 10:45:00,12.29292,0.0,100.0,28.784104611578833,102.44099999999999
2025-07-20 10:50:00,10.55817,0.0,0.0,28.784104611578833,0.0
2025-07-20 10:55:00,12.42766,0.0,100.0,20.0,103.56383333333332
2025-07-20 11:00:00,-0.09,100.0,0.0,27.90569415042095,0.7499999999999999
2025-07-20 11:05:00,0.01,100.0,0.0,35.8113883008419,-0.08333333333333333
2025-07-20 11:10:00,9.36427,0.0,100.0,27.027283689263065,78.03558333333332
2025-07-20 11:15:00,8.95,0.0,80.0,20.0,59.66666666666666
2025-07-20 11:20:00,8.95,0.0,0.0,20.0,0.0
2025-07-20 11:25:00,8.94974,0.0,0.0,20.0,0.0
2025-07-20 11:30:00,8.95,0.0,0.0,20.0,0.0
2025-07-20 11:35:00,8.95,0.0,0.0,20.0,0.0
2025-07-20 11:40:00,8.95,0.0,0.0,20.0,0.0
2025-07-20 11:45:00,0.0,100.0,0.0,27.90569415042095,-0.0
2025-07-20 11:50:00,6.80026,100.0,0.0,35.8113883008419,-56.668833333333325
2025-07-20 11:55:00,-5.10515,100.0,0.0,43.71708245126285,42.54291666666666
2025-07-20 12:00:00,0.0,100.0,0.0,51.622776601683796,-0.0
2025-07-20 12:05:00,2.5033,100.0,0.0,59.528470752104745,-20.86083333333333
2025-07-20 12:10:00,-0.05539,100.0,0.0,67.4341649025257,0.4615833333333333
2025-07-20 12:15:00,-12.94904,100.0,0.0,75.33985905294664,107.90866666666665
2025-07-20 12:20:00,0.0,100.0,0.0,83.24555320336758,-0.0
2025-07-20 12:25:00,8.94974,0.0,58.52806774301245,78.10438650568564,43.650915750195686
2025-07-20 12:30:00,-12.70611,100.0,0.0,86.01008065610658,105.88425
2025-07-20 12:35:00,0.0,100.0,0.0,93.91577480652752,-0.0
2025-07-20 12:40:00,8.95075,0.0,100.0,85.1316701949487,74.58958333333332
2025-07-20 12:45:00,-8.95979,100.0,0.0,93.03736434536964,74.66491666666666
2025-07-20 12:50:00,-13.00916,100.0,0.0,100.94305849579058,108.40966666666665
2025-07-20 12:55:00,0.01,100.0,0.0,108.84875264621152,-0.08333333333333333
2025-07-20 13:00:00,0.0,100.0,0.0,116.75444679663246,-0.0
2025-07-20 13:05:00,-13.79,100.0,0.0,124.6601409470534,114.91666666666664
2025-07-20 13:10:00,-13.06601,100.0,0.0,132.56583509747435,108.88341666666665
2025-07-20 13:15:00,-10.08186,100.0,0.0,140.4715292478953,84.01549999999999
2025-07-20 13:20:00,-9.96,100.0,0.0,148.37722339831623,83.0
2025-07-20 13:25:00,0.0,100.0,0.0,156.28291754873717,-0.0
2025-07-20 13:30:00,0.0,100.0,0.0,164.18861169915812,-0.0
2025-07-20 13:35:00,0.01,100.0,0.0,172.09430584957906,-0.08333333333333333
2025-07-20 13:40:00,0.01,100.0,0.0,180.0,-0.08333333333333333
2025-07-20 13:45:00,8.95026,0.0,100.0,171.21589538842116,74.5855
2025-07-20 13:50:00,6.30278,100.0,0.0,179.1215895388421,-52.52316666666666
2025-07-20 13:55:00,8.95,0.0,79.99999999999976,172.09430584957906,59.66666666666648
2025-07-20 14:00:00,8.95,0.0,0.0,172.09430584957906,0.0
2025-07-20 14:05:00,8.95,0.0,0.0,172.09430584957906,0.0
2025-07-20 14:10:00,0.01,100.0,0.0,180.0,-0.08333333333333333
2025-07-20 14:15:00,11.00212,0.0,89.99999999999993,172.09430584957906,82.51589999999993
2025-07-20 14:20:00,8.95,100.0,0.0,180.0,-74.58333333333331
2025-07-20 14:25:00,20.0,0.0,100.0,171.21589538842116,166.66666666666663
2025-07-20 14:30:00,20.0,0.0,100.0,162.43179077684232,166.66666666666663
2025-07-20 14:35:00,10.60406,22.22222222222261,0.0,164.18861169915812,-19.63714814814849
2025-07-20 14:40:00,8.95,100.0,0.0,172.09430584957906,-74.58333333333331
2025-07-20 14:45:00,10.20937,100.0,0.0,180.0,-85.07808333333332
2025-07-20 14:50:00,26.10701,0.0,100.0,171.21589538842116,217.55841666666663
2025-07-20 14:55:00,20.0,11.111111111111304,0.0,172.09430584957906,-18.51851851851884
2025-07-20 15:00:00,21.09474,0.0,0.0,172.09430584957906,0.0
2025-07-20 15:05:00,8.95,100.0,0.0,180.0,-74.58333333333331
2025-07-20 15:10:00,50.33484,0.0,100.0,171.21589538842116,419.45699999999994
2025-07-20 15:15:00,30.9117,0.0,0.0,171.21589538842116,0.0
2025-07-20 15:20:00,23.81,100.0,0.0,179.1215895388421,-198.41666666666663
2025-07-20 15:25:00,29.85602,11.111111111111304,0.0,180.0,-27.644462962963445
2025-07-20 15:30:00,50.40398,0.0,89.99999999999993,172.09430584957906,378.02984999999967
2025-07-20 15:35:00,32.12415,100.0,0.0,180.0,-267.70124999999996
2025-07-20 15:40:00,65.49517,0.0,100.0,171.21589538842116,545.7930833333332
2025-07-20 15:45:00,40.5219,100.0,0.0,179.1215895388421,-337.68249999999995
2025-07-20 15:50:00,51.23768,11.111111111111304,0.0,180.0,-47.442296296297116
2025-07-20 15:55:00,67.23793,0.0,-0.0,180.0,-0.0
2025-07-20 16:00:00,91.61743,0.0,100.0,171.21589538842116,763.4785833333332
2025-07-20 16:05:00,69.34277,11.111111111111304,0.0,172.09430584957906,-64.20626851851964
2025-07-20 16:10:00,68.89218,100.0,0.0,180.0,-574.1014999999999
2025-07-20 16:15:00,89.66032,0.0,0.0,180.0,0.0
2025-07-20 16:20:00,120.0,0.0,0.0,180.0,0.0
2025-07-20 16:25:00,132.72,0.0,0.0,180.0,0.0
2025-07-20 16:30:00,120.0,0.0,0.0,180.0,0.0
2025-07-20 16:35:00,123.10598,0.0,0.0,180.0,0.0
2025-07-20 16:40:00,120.0,0.0,0.0,180.0,0.0
2025-07-20 16:45:00,136.02327,0.0,-0.0,180.0,-0.0
2025-07-20 16:50:00,158.0,0.0,0.0,180.0,0.0
2025-07-20 16:55:00,158.0,0.0,0.0,180.0,0.0
2025-07-20 17:00:00,158.0,0.0,0.0,180.0,0.0
2025-07-20 17:05:00,166.97,0.0,100.0,171.21589538842116,1391.4166666666665
2025-07-20 17:10:00,158.0,0.0,0.0,171.21589538842116,0.0
2025-07-20 17:15:00,166.02,0.0,100.0,162.43179077684232,1383.5
2025-07-20 17:20:00,166.02,0.0,21.471932256986335,160.5456737852613,297.0641827754059
2025-07-20 17:25:00,170.01954,0.0,100.0,151.76156917368246,1416.8294999999998
2025-07-20 17:30:00,170.04468,0.0,100.0,142.97746456210362,1417.0389999999998
2025-07-20 17:35:00,166.97,0.0,100.0,134.19335995052478,1391.4166666666665
2025-07-20 17:40:00,166.97,0.0,100.0,125.40925533894595,1391.4166666666665
2025-07-20 17:45:00,297.17946,0.0,100.0,116.62515072736713,2476.4954999999995
2025-07-20 17:50:00,226.69073,0.0,100.0,107.8410461157883,1889.0894166666665
2025-07-20 17:55:00,233.45114,0.0,100.0,99.05694150420948,1945.4261666666664
2025-07-20 18:00:00,203.83197,0.0,100.0,90.27283689263065,1698.5997499999999
2025-07-20 18:05:00,167.47086,0.0,100.0,81.48873228105182,1395.5904999999998
2025-07-20 18:10:00,207.03469,0.0,100.0,72.704627669473,1725.289083333333
2025-07-20 18:15:00,164.94518,0.0,0.0,72.704627669473,0.0
2025-07-20 18:20:00,167.83681,0.0,100.0,63.920523057894165,1398.6400833333332
2025-07-20 18:25:00,166.97,0.0,100.0,55.13641844631533,1391.4166666666665
2025-07-20 18:30:00,166.97,0.0,100.0,46.3523138347365,1391.4166666666665
2025-07-20 18:35:00,164.96488,0.0,0.0,46.3523138347365,0.0
2025-07-20 18:40:00,166.97,0.0,100.0,37.568209223157666,1391.4166666666665
2025-07-20 18:45:00,166.97,0.0,100.0,28.784104611578833,1391.4166666666665
2025-07-20 18:50:00,158.0,0.0,0.0,28.784104611578833,0.0
2025-07-20 18:55:00,171.3693,0.0,100.0,20.0,1428.0774999999999
2025-07-20 19:00:00,140.83099,100.0,0.0,27.90569415042095,-1173.5915833333333
2025-07-20 19:05:00,164.34494,0.0,90.00000000000001,20.0,1232.5870500000003
2025-07-20 19:10:00,158.0,0.0,0.0,20.0,0.0
2025-07-20 19:15:00,131.72,100.0,0.0,27.90569415042095,-1097.6666666666665
2025-07-20 19:20:00,158.0,0.0,90.00000000000001,20.0,1185.0000000000002
2025-07-20 19:25:00,158.0,0.0,0.0,20.0,0.0
2025-07-20 19:30:00,141.23412,100.0,0.0,27.90569415042095,-1176.9509999999998
2025-07-20 19:35:00,143.09434,0.0,0.0,27.90569415042095,0.0
2025-07-20 19:40:00,143.67537,0.0,0.0,27.90569415042095,0.0
2025-07-20 19:45:00,158.0,0.0,90.00000000000001,20.0,1185.0000000000002
2025-07-20 19:50:00,158.0,0.0,0.0,20.0,0.0
2025-07-20 19:55:00,137.78345,100.0,0.0,27.90569415042095,-1148.1954166666665
2025-07-20 20:00:00,138.73135,11.111111111111123,0.0,28.784104611578833,-128.45495370370384
2025-07-20 20:05:00,158.0,0.0,100.0,20.0,1316.6666666666665
2025-07-20 20:10:00,142.23665,0.0,0.0,20.0,0.0
2025-07-20 20:15:00,131.23,0.0,0.0,20.0,0.0
2025-07-20 20:20:00,131.23,-0.0,0.0,20.0,0.0
2025-07-20 20:25:00,122.02,0.0,0.0,20.0,0.0
2025-07-20 20:30:00,122.02,0.0,0.0,20.0,0.0
2025-07-20 20:35:00,131.23,0.0,0.0,20.0,0.0
2025-07-20 20:40:00,131.23,0.0,0.0,20.0,0.0
2025-07-20 20:45:00,131.23,0.0,-0.0,20.0,-0.0
2025-07-20 20:50:00,122.02,0.0,-0.0,20.0,-0.0
2025-07-20 20:55:00,98.56973,11.111111111111123,0.0,20.878410461157884,-91.26826851851862
2025-07-20 21:00:00,86.58858,100.0,0.0,28.784104611578833,-721.5714999999998
2025-07-20 21:05:00,120.0,0.0,100.0,20.0,999.9999999999999
2025-07-20 21:10:00,99.34605,0.0,-0.0,20.0,-0.0
2025-07-20 21:15:00,82.78834,0.0,0.0,20.0,0.0
2025-07-20 21:20:00,80.0,0.0,-0.0,20.0,-0.0
2025-07-20 21:25:00,78.76187,0.0,0.0,20.0,0.0
2025-07-20 21:30:00,76.80646,0.0,-0.0,20.0,-0.0
2025-07-20 21:35:00,71.95451,0.0,0.0,20.0,0.0
2025-07-20 21:40:00,72.24239,0.0,0.0,20.0,0.0
2025-07-20 21:45:00,59.88413,100.0,0.0,27.90569415042095,-499.0344166666666
2025-07-20 21:50:00,68.07962,0.0,90.00000000000001,20.0,510.5971500000001
2025-07-20 21:55:00,62.56943,0.0,0.0,20.0,0.0
2025-07-20 22:00:00,51.51862,100.0,0.0,27.90569415042095,-429.32183333333325
2025-07-20 22:05:00,58.25391,100.0,0.0,35.8113883008419,-485.4492499999999
2025-07-20 22:10:00,70.54746,0.0,100.0,27.027283689263065,587.8955
2025-07-20 22:15:00,67.25129,0.0,80.0,20.0,448.34193333333326
2025-07-20 22:20:00,59.52674,0.0,-0.0,20.0,-0.0
2025-07-20 22:25:00,58.96977,0.0,-0.0,20.0,-0.0
2025-07-20 22:30:00,52.5066,0.0,0.0,20.0,0.0
2025-07-20 22:35:00,57.6607,0.0,-0.0,20.0,-0.0
2025-07-20 22:40:00,20.0,0.0,0.0,20.0,0.0
2025-07-20 22:45:00,20.99993,0.0,0.0,20.0,0.0
2025-07-20 22:50:00,14.21451,0.0,-0.0,20.0,-0.0
2025-07-20 22:55:00,2.86989,100.0,0.0,27.90569415042095,-23.915749999999996
2025-07-20 23:00:00,8.94974,0.0,0.0,27.90569415042095,0.0
2025-07-20 23:05:00,8.95,0.0,90.00000000000001,20.0,67.125
2025-07-20 23:10:00,8.95,0.0,-0.0,20.0,-0.0
2025-07-20 23:15:00,8.95,0.0,0.0,20.0,0.0
2025-07-20 23:20:00,0.01,100.0,0.0,27.90569415042095,-0.08333333333333333
2025-07-20 23:25:00,8.94948,0.0,0.0,27.90569415042095,0.0
2025-07-20 23:30:00,8.95,0.0,90.00000000000001,20.0,67.125
2025-07-20 23:35:00,8.95,0.0,-0.0,20.0,-0.0
2025-07-20 23:40:00,8.95,0.0,0.0,20.0,0.0
2025-07-20 23:45:00,8.95,0.0,0.0,20.0,0.0
2025-07-20 23:50:00,8.95,0.0,0.0,20.0,0.0
2025-07-20 23:55:00,0.01,100.0,0.0,27.90569415042095,-0.08333333333333333
2025-07-21 00:00:00,0.01,100.0,0.0,35.8113883008419,-0.08333333333333333
2025-07-21 00:05:00,8.41171,0.0,39.99999999999996,32.29774645621037,28.0390333333333
2025-07-21 00:10:00,8.94974,0.0,100.0,23.513641844631536,74.58116666666666
2025-07-21 00:15:00,0.11153,100.0,0.0,31.419335995052485,-0.9294166666666666
2025-07-21 00:20:00,0.01,100.0,0.0,39.325030145473434,-0.08333333333333333
2025-07-21 00:25:00,0.01,100.0,0.0,47.23072429589438,-0.08333333333333333
2025-07-21 00:30:00,7.94925,0.0,0.0,47.23072429589438,0.0
2025-07-21 00:35:00,8.94974,0.0,100.0,38.44661968431555,74.58116666666666
2025-07-21 00:40:00,8.94974,0.0,100.0,29.662515072736717,74.58116666666666
2025-07-21 00:45:00,8.94974,0.0,100.0,20.878410461157884,74.58116666666666
2025-07-21 00:50:00,0.01,100.0,0.0,28.784104611578833,-0.08333333333333333
2025-07-21 00:55:00,8.46023,0.0,100.0,20.0,70.50191666666665
2025-07-21 01:00:00,-3e-05,100.0,0.0,27.90569415042095,0.00024999999999999995
2025-07-21 01:05:00,0.01,0.0,90.00000000000001,20.0,0.07500000000000001
2025-07-21 01:10:00,0.00992,0.0,0.0,20.0,0.0
2025-07-21 01:15:00,0.01,0.0,0.0,20.0,0.0
2025-07-21 01:20:00,0.01,0.0,0.0,20.0,0.0
2025-07-21 01:25:00,3e-05,0.0,0.0,20.0,0.0
2025-07-21 01:30:00,3e-05,0.0,0.0,20.0,0.0
2025-07-21 01:35:00,3e-05,0.0,0.0,20.0,0.0
2025-07-21 01:40:00,3e-05,0.0,0.0,20.0,0.0
2025-07-21 01:45:00,-2.82,100.0,0.0,27.90569415042095,23.499999999999996
2025-07-21 01:50:00,3e-05,0.0,0.0,27.90569415042095,0.0
2025-07-21 01:55:00,3e-05,0.0,0.0,27.90569415042095,0.0
2025-07-21 02:00:00,3e-05,22.222222222222246,0.0,29.662515072736717,-5.555555555555562e-05
2025-07-21 02:05:00,-2.82,100.0,0.0,37.568209223157666,23.499999999999996
2025-07-21 02:10:00,0.01,0.0,100.0,28.784104611578833,0.08333333333333333
2025-07-21 02:15:00,8.88016,0.0,100.0,20.0,74.00133333333332
2025-07-21 02:20:00,3e-05,0.0,0.0,20.0,0.0
2025-07-21 02:25:00,-2.82,100.0,-0.0,27.905694150420942,23.499999999999996
2025-07-21 02:30:00,-7.41,100.0,0.0,35.81138830084189,61.74999999999999
2025-07-21 02:35:00,-2.82,-0.0,79.99999999999996,28.78410461157883,-18.799999999999986
2025-07-21 02:40:00,3e-05,0.0,100.0,20.000000000000004,0.00024999999999999995
2025-07-21 02:45:00,-8.9536,100.0,0.0,27.90569415042095,74.61333333333332
2025-07-21 02:50:00,-7.41,100.0,0.0,35.8113883008419,61.74999999999999
2025-07-21 02:55:00,-2.28512,0.0,100.0,27.027283689263065,-19.042666666666666
2025-07-21 03:00:00,-2.82,0.0,80.00000000000003,20.0,-18.800000000000004
2025-07-21 03:05:00,-7.41,11.111111111111102,-0.0,20.878410461157884,6.861111111111105
2025-07-21 03:10:00,-9.83,100.0,0.0,28.784104611578833,81.91666666666666
2025-07-21 03:15:00,-2.82,0.0,100.0,20.0,-23.499999999999996
2025-07-21 03:20:00,-9.13468,46.07992472998617,0.0,23.64293791389689,35.077113902709165
2025-07-21 03:25:00,-9.83,100.0,0.0,31.548632064317836,81.91666666666666
2025-07-21 03:30:00,-9.07065,0.0,100.00000000000027,22.76452745273899,-75.5887500000002
2025-07-21 03:35:00,-9.83,100.0,0.0,30.670221603159938,81.91666666666666
2025-07-21 03:40:00,-2.82,0.0,100.0,21.886116991581105,-23.499999999999996
2025-07-21 03:45:00,-9.16557,100.00000000000003,0.0,29.791811142002054,76.37975000000003
2025-07-21 03:50:00,-9.96,100.0,-0.0,37.697505292423,83.0
2025-07-21 03:55:00,-9.96,100.0,0.0,45.60319944284395,83.0
2025-07-21 04:00:00,-9.96,100.0,-0.0,53.5088935932649,83.0
2025-07-21 04:05:00,-9.96,100.0,0.0,61.41458774368585,83.0
2025-07-21 04:10:00,-9.96,100.0,-0.0,69.3202818941068,83.0
2025-07-21 04:15:00,-9.96,100.0,-0.0,77.22597604452774,83.0
2025-07-21 04:20:00,-13.99927,100.0,0.0,85.1316701949487,116.6605833333333
2025-07-21 04:25:00,-12.79,100.0,0.0,93.03736434536964,106.58333333333331
2025-07-21 04:30:00,-12.79,100.0,0.0,100.94305849579058,106.58333333333331
2025-07-21 04:35:00,-13.99952,100.0,0.0,108.84875264621152,116.66266666666665
2025-07-21 04:40:00,-9.96,100.0,-0.0,116.75444679663246,83.0
2025-07-21 04:45:00,-9.96,100.0,0.0,124.6601409470534,83.0
2025-07-21 04:50:00,-13.99952,100.0,0.0,132.56583509747435,116.66266666666665
2025-07-21 04:55:00,-12.79,100.0,0.0,140.4715292478953,106.58333333333331
2025-07-21 05:00:00,-9.96,100.0,-0.0,148.37722339831623,83.0
2025-07-21 05:05:00,-9.96,100.0,-0.0,156.28291754873717,83.0
2025-07-21 05:10:00,-9.96,100.0,0.0,164.18861169915812,83.0
2025-07-21 05:15:00,-9.96,100.0,-0.0,172.09430584957906,83.0
2025-07-21 05:20:00,-9.96,100.0,-0.0,180.0,83.0
2025-07-21 05:25:00,-7.41,0.0,100.0,171.21589538842116,-61.74999999999999
2025-07-21 05:30:00,-7.41,11.111111111111157,-0.0,172.09430584957906,6.861111111111139
2025-07-21 05:35:00,-7.41,100.0,0.0,180.0,61.74999999999999
2025-07-21 05:40:00,3e-05,0.0,-0.0,180.0,-0.0
2025-07-21 05:45:00,3e-05,0.0,0.0,180.0,0.0
2025-07-21 05:50:00,0.40811,0.0,89.99999999999993,172.09430584957906,3.0608249999999972
2025-07-21 05:55:00,0.01,100.0,0.0,180.0,-0.08333333333333333
2025-07-21 06:00:00,8.94932,0.0,0.0,180.0,0.0
2025-07-21 06:05:00,8.95,0.0,-0.0,180.0,-0.0
2025-07-21 06:10:00,20.0,0.0,100.0,171.21589538842116,166.66666666666663
2025-07-21 06:15:00,24.50373,0.0,100.0,162.43179077684232,204.19774999999998
2025-07-21 06:20:00,34.51421,0.0,100.0,153.64768616526348,287.61841666666663
2025-07-21 06:25:00,34.15432,0.0,100.0,144.86358155368464,284.61933333333326
2025-07-21 06:30:00,51.03884,0.0,100.0,136.0794769421058,425.3236666666666
2025-07-21 06:35:00,41.0199,0.0,100.0,127.29537233052697,341.8324999999999
2025-07-21 06:40:00,44.89402,0.0,100.0,118.51126771894815,374.11683333333326
2025-07-21 06:45:00,59.18432,0.0,100.0,109.72716310736932,493.2026666666666
2025-07-21 06:50:00,74.98924,0.0,100.0,100.9430584957905,624.9103333333333
2025-07-21 06:55:00,88.52659,0.0,100.0,92.15895388421167,737.7215833333332
2025-07-21 07:00:00,8.95049,100.0,0.0,100.06464803463261,-74.58741666666666
2025-07-21 07:05:00,8.94925,100.0,0.0,107.97034218505355,-74.57708333333332
2025-07-21 07:10:00,-0.00028,100.0,0.0,115.8760363354745,0.0023333333333333327
2025-07-21 07:15:00,0.00992,100.0,0.0,123.78173048589544,-0.08266666666666665
2025-07-21 07:20:00,8.94925,100.0,0.0,131.6874246363164,-74.57708333333332
2025-07-21 07:25:00,8.07078,100.0,0.0,139.59311878673734,-67.25649999999999
2025-07-21 07:30:00,28.04564,0.0,100.0,130.8090141751585,233.71366666666663
2025-07-21 07:35:00,27.61409,0.0,100.0,122.02490956357967,230.11741666666663
2025-07-21 07:40:00,20.0,0.0,100.0,113.24080495200084,166.66666666666663
2025-07-21 07:45:00,59.09238,0.0,100.0,104.45670034042202,492.4364999999999
2025-07-21 07:50:00,79.1615,0.0,100.0,95.67259572884319,659.6791666666666
2025-07-21 07:55:00,76.26149,0.0,100.0,86.88849111726437,635.5124166666666
2025-07-21 08:00:00,20.00007,0.0,100.0,78.10438650568554,166.66725
2025-07-21 08:05:00,48.46331,0.0,100.0,69.32028189410671,403.8609166666666
2025-07-21 08:10:00,55.3392,0.0,100.0,60.53617728252788,461.1599999999999
2025-07-21 08:15:00,37.71687,0.0,100.0,51.75207267094905,314.30724999999995
2025-07-21 08:20:00,20.0,0.0,100.0,42.967968059370214,166.66666666666663
2025-07-21 08:25:00,20.0,0.0,100.0,34.18386344779138,166.66666666666663
2025-07-21 08:30:00,8.95,100.0,0.0,42.08955759821233,-74.58333333333331
2025-07-21 08:35:00,8.95,100.0,0.0,49.99525174863328,-74.58333333333331
2025-07-21 08:40:00,8.95,100.0,0.0,57.90094589905423,-74.58333333333331
2025-07-21 08:45:00,8.95,100.0,0.0,65.80664004947518,-74.58333333333331
2025-07-21 08:50:00,20.20007,0.0,100.0,57.022535437896344,168.33391666666665
2025-07-21 08:55:00,20.10007,0.0,100.0,48.23843082631751,167.5005833333333
2025-07-21 09:00:00,8.95,100.0,0.0,56.14412497673846,-74.58333333333331
2025-07-21 09:05:00,0.06,100.0,0.0,64.04981912715941,-0.4999999999999999
2025-07-21 09:10:00,0.06,100.0,0.0,71.95551327758035,-0.4999999999999999
2025-07-21 09:15:00,20.1,0.0,100.0,63.17140866600152,167.5
2025-07-21 09:20:00,8.95,100.0,0.0,71.07710281642247,-74.58333333333331
2025-07-21 09:25:00,0.0,100.0,0.0,78.98279696684341,-0.0
2025-07-21 09:30:00,0.06,100.0,0.0,86.88849111726435,-0.4999999999999999
2025-07-21 09:35:00,19.18005,0.0,100.0,78.10438650568553,159.83374999999998
2025-07-21 09:40:00,19.18,0.0,100.0,69.3202818941067,159.83333333333331
2025-07-21 09:45:00,19.18,0.0,100.0,60.536177282527866,159.83333333333331
2025-07-21 09:50:00,19.18,0.0,41.47193225698603,56.89323936863111,66.28597172408267
2025-07-21 09:55:00,-2.52646,100.0,0.0,64.79893351905206,21.05383333333333
2025-07-21 10:00:00,0.01,100.0,0.0,72.704627669473,-0.08333333333333333
2025-07-21 10:05:00,33.89034,0.0,100.0,63.920523057894165,282.41949999999997
2025-07-21 10:10:00,39.83255,0.0,100.0,55.13641844631533,331.9379166666666
2025-07-21 10:15:00,35.94,0.0,100.0,46.3523138347365,299.49999999999994
2025-07-21 10:20:00,35.94,0.0,100.0,37.568209223157666,299.49999999999994
2025-07-21 10:25:00,35.28674,0.0,100.0,28.784104611578833,294.0561666666666
2025-07-21 10:30:00,19.18,0.0,0.0,28.784104611578833,0.0
2025-07-21 10:35:00,35.79067,0.0,100.0,20.0,298.2555833333333
2025-07-21 10:40:00,2.20134,100.0,0.0,27.90569415042095,-18.344499999999996
2025-07-21 10:45:00,19.18,0.0,0.0,27.90569415042095,0.0
2025-07-21 10:50:00,19.18,0.0,90.00000000000001,20.0,143.85000000000002
2025-07-21 10:55:00,-9.83,100.0,0.0,27.90569415042095,81.91666666666666
2025-07-21 11:00:00,8.95,0.0,59.99999999999998,22.635231383473652,44.74999999999998
2025-07-21 11:05:00,-9.96,100.0,0.0,30.5409255338946,83.0
2025-07-21 11:10:00,8.95,0.0,0.0,30.5409255338946,0.0
2025-07-21 11:15:00,0.0,100.0,0.0,38.44661968431555,-0.0
2025-07-21 11:20:00,8.95,0.0,0.0,38.44661968431555,0.0
2025-07-21 11:25:00,8.95,0.0,0.0,38.44661968431555,0.0
2025-07-21 11:30:00,-7.82395,100.0,0.0,46.3523138347365,65.19958333333332
2025-07-21 11:35:00,13.34842,0.0,100.0,37.568209223157666,111.23683333333332
2025-07-21 11:40:00,19.18,0.0,100.0,28.784104611578833,159.83333333333331
2025-07-21 11:45:00,12.47998,0.0,100.0,20.0,103.99983333333331
2025-07-21 11:50:00,0.06,100.0,0.0,27.90569415042095,-0.4999999999999999
2025-07-21 11:55:00,7.77495,0.0,90.00000000000001,20.0,58.312125
2025-07-21 12:00:00,-12.79,100.0,0.0,27.90569415042095,106.58333333333331
2025-07-21 12:05:00,-9.96,100.0,0.0,35.8113883008419,83.0
2025-07-21 12:10:00,-9.83,-0.0,80.0,28.784104611578833,-65.53333333333333
2025-07-21 12:15:00,0.06,0.0,100.0,20.0,0.4999999999999999
2025-07-21 12:20:00,-12.79,100.0,8.08896031160072e-14,27.905694150420942,106.58333333333321
2025-07-21 12:25:00,-13.99976,100.0,0.0,35.81138830084189,116.66466666666665
2025-07-21 12:30:00,-14.0,99.99999999999864,1.5347723092418126e-12,43.71708245126259,116.66666666666328
2025-07-21 12:35:00,-13.99976,99.99999999999181,0.0,51.622776601682894,116.6646666666571
2025-07-21 12:40:00,-14.0,0.0,100.0,42.83867199010406,-116.66666666666666
2025-07-21 12:45:00,-13.99976,-0.0,99.99999999999244,34.054567378525896,-116.66466666665785
2025-07-21 12:50:00,-16.5,100.0,0.0,41.960261528946845,137.49999999999997
2025-07-21 12:55:00,-14.0,-2.090142954791963e-13,100.0,33.17615691736733,-116.6666666666669
2025-07-21 13:00:00,-14.0,-0.0,100.0,24.392052305788496,-116.66666666666666
2025-07-21 13:05:00,-18.14,100.0,0.0,32.297746456209445,151.16666666666666
2025-07-21 13:10:00,-18.14,100.0,0.0,40.203440606630394,151.16666666666666
2025-07-21 13:15:00,-14.0,0.0,100.0,31.41933599505156,-116.66666666666666
2025-07-21 13:20:00,-16.5,100.0,0.0,39.32503014547251,137.49999999999997
2025-07-21 13:25:00,-20.99,100.0,0.0,47.23072429589346,174.91666666666663
2025-07-21 13:30:00,-20.99,100.0,0.0,55.13641844631441,174.91666666666663
2025-07-21 13:35:00,-20.99,100.0,0.0,63.04211259673536,174.91666666666663
2025-07-21 13:40:00,-22.63,100.0,0.0,70.9478067471563,188.5833333333333
2025-07-21 13:45:00,-19.99,100.0,0.0,78.85350089757725,166.5833333333333
2025-07-21 13:50:00,-17.42,100.0,0.0,86.75919504799819,145.16666666666666
2025-07-21 13:55:00,-20.99,100.0,0.0,94.66488919841913,174.91666666666663
2025-07-21 14:00:00,-16.5,100.0,0.0,102.57058334884007,137.49999999999997
2025-07-21 14:05:00,-16.5,100.0,0.0,110.47627749926102,137.49999999999997
2025-07-21 14:10:00,-14.16768,100.0,0.0,118.38197164968203,118.064
2025-07-21 14:15:00,-20.99,100.0,0.0,126.28766580010297,174.91666666666663
2025-07-21 14:20:00,-19.92523,100.0,0.0,134.19335995052393,166.04358333333332
2025-07-21 14:25:00,-14.0,-0.0,100.0,125.4092553389451,-116.66666666666666
2025-07-21 14:30:00,-19.99,100.0,0.0,133.31494948936606,166.5833333333333
2025-07-21 14:35:00,-19.95084,100.0,0.0,141.220643639787,166.25699999999998
2025-07-21 14:40:00,-14.0,0.0,100.0,132.43653902820816,-116.66666666666666
2025-07-21 14:45:00,-16.64132,100.0,0.0,140.3422331786291,138.67766666666665
2025-07-21 14:50:00,-15.8761,100.0,0.0,148.24792732905004,132.30083333333332
2025-07-21 14:55:00,-19.99,100.0,0.0,156.15362147947098,166.5833333333333
2025-07-21 15:00:00,-19.95245,100.0,0.0,164.05931562989193,166.27041666666665
2025-07-21 15:05:00,-19.99,100.0,0.0,171.96500978031287,166.5833333333333
2025-07-21 15:10:00,-20.99,100.0,0.0,179.8707039307341,174.91666666666663
2025-07-21 15:15:00,-13.99976,1.8047785488306545e-12,99.9999999999982,171.08659931915557,-116.66466666666246
2025-07-21 15:20:00,-14.0,0.0,100.0,162.30249470757673,-116.66666666666666
2025-07-21 15:25:00,10.08042,0.0,100.0,153.5183900959979,84.00349999999999
2025-07-21 15:30:00,8.95,0.0,100.0,144.73428548441905,74.58333333333331
2025-07-21 15:35:00,-14.0,-0.0,38.52806774302711,141.3499397090536,-44.949412366864955
2025-07-21 15:40:00,-20.99,100.0,0.0,149.25563385947453,174.91666666666663
2025-07-21 15:45:00,-17.39625,100.0,0.0,157.16132800989547,144.96874999999997
2025-07-21 15:50:00,-16.62427,100.0,0.0,165.0670221603164,138.5355833333333
2025-07-21 15:55:00,-13.99976,-0.0,99.99999999999486,156.28291754873803,-116.66466666666066
2025-07-21 16:00:00,-13.99976,100.0,0.0,164.18861169915897,116.66466666666665
2025-07-21 16:05:00,-13.99976,100.0,8.100187187665142e-12,172.09430584957906,116.6646666666572
2025-07-21 16:10:00,-13.99976,100.0,0.0,180.0,116.66466666666665
2025-07-21 16:15:00,8.25016,0.0,-0.0,180.0,-0.0
2025-07-21 16:20:00,7.82016,0.0,0.0,180.0,0.0
2025-07-21 16:25:00,75.8,0.0,100.0,171.21589538842116,631.6666666666665
2025-07-21 16:30:00,75.8,0.0,100.0,162.43179077684232,631.6666666666665
2025-07-21 16:35:00,70.66966,0.0,100.0,153.64768616526348,588.9138333333332
2025-07-21 16:40:00,73.79,0.0,100.0,144.86358155368464,614.9166666666666
2025-07-21 16:45:00,75.8,0.0,100.0,136.0794769421058,631.6666666666665
2025-07-21 16:50:00,101.67643,0.0,100.0,127.29537233052697,847.3035833333332
2025-07-21 16:55:00,71.11582,0.0,100.0,118.51126771894815,592.6318333333332
2025-07-21 17:00:00,75.8,0.0,100.0,109.72716310736932,631.6666666666665
2025-07-21 17:05:00,20.0,100.0,0.0,117.63285725779026,-166.66666666666663
2025-07-21 17:10:00,8.95,100.0,0.0,125.5385514082112,-74.58333333333331
2025-07-21 17:15:00,8.95049,100.0,0.0,133.44424555863216,-74.58741666666666
2025-07-21 17:20:00,8.95,100.0,0.0,141.3499397090531,-74.58333333333331
2025-07-21 17:25:00,8.95,100.0,0.0,149.25563385947405,-74.58333333333331
2025-07-21 17:30:00,8.95,100.0,0.0,157.161328009895,-74.58333333333331
2025-07-21 17:35:00,20.0,100.0,0.0,165.06702216031593,-166.66666666666663
2025-07-21 17:40:00,30.2979,100.0,0.0,172.97271631073687,-252.48249999999996
2025-07-21 17:45:00,38.68268,88.88888888888971,0.0,180.0,-286.538370370373
2025-07-21 17:50:00,97.76092,0.0,100.0,171.21589538842116,814.6743333333332
2025-07-21 17:55:00,31.26684,100.0,0.0,179.1215895388421,-260.55699999999996
2025-07-21 18:00:00,57.32606,0.0,100.0,170.33748492726326,477.71716666666657
2025-07-21 18:05:00,53.22289,0.0,100.0,161.55338031568442,443.5240833333333
2025-07-21 18:10:00,52.92958,0.0,100.0,152.76927570410558,441.0798333333333
2025-07-21 18:15:00,76.68023,0.0,100.0,143.98517109252674,639.0019166666665
2025-07-21 18:20:00,113.29514,0.0,100.0,135.2010664809479,944.1261666666666
2025-07-21 18:25:00,114.94071,0.0,100.0,126.41696186936908,957.8392499999999
2025-07-21 18:30:00,103.78893,0.0,100.0,117.63285725779025,864.9077499999999
2025-07-21 18:35:00,151.66368,0.0,100.0,108.84875264621142,1263.8639999999998
2025-07-21 18:40:00,149.22439,0.0,100.0,100.0646480346326,1243.536583333333
2025-07-21 18:45:00,82.91831,0.0,100.0,91.28054342305377,690.9859166666666
2025-07-21 18:50:00,64.99951,0.0,100.0,82.49643881147495,541.6625833333333
2025-07-21 18:55:00,65.17112,0.0,100.0,73.71233419989612,543.0926666666666
2025-07-21 19:00:00,73.36189,0.0,100.0,64.9282295883173,611.3490833333333
2025-07-21 19:05:00,199.19473,0.0,100.0,56.14412497673846,1659.956083333333
2025-07-21 19:10:00,149.1012,0.0,100.0,47.36002036515963,1242.5099999999998
2025-07-21 19:15:00,62.46626,0.0,100.0,38.5759157535808,520.5521666666666
2025-07-21 19:20:00,54.52098,0.0,100.0,29.79181114200197,454.34149999999994
2025-07-21 19:25:00,121.46534,0.0,100.0,21.007706530423135,1012.2111666666665
2025-07-21 19:30:00,33.86944,100.0,0.0,28.913400680844084,-282.2453333333333
2025-07-21 19:35:00,-4.17021,100.0,0.0,36.81909483126503,34.751749999999994
2025-07-21 19:40:00,42.68011,20.586741936681896,0.0,38.44661968431555,-73.22036753326636
2025-07-21 19:45:00,77.5973,0.0,100.0,29.662515072736717,646.6441666666666
2025-07-21 19:50:00,92.66187,0.0,100.0,20.878410461157884,772.1822499999998
2025-07-21 19:55:00,-51.10244,100.0,0.0,28.784104611578833,425.85366666666664
2025-07-21 20:00:00,198.98057,0.0,100.0,20.0,1658.1714166666663
2025-07-21 20:05:00,-157.62766,100.0,0.0,27.90569415042095,1313.5638333333332
2025-07-21 20:10:00,-48.75822,100.0,0.0,35.81138830084189,406.3185
2025-07-21 20:15:00,-16.04108,100.0,0.0,43.71708245126284,133.67566666666664
2025-07-21 20:20:00,13.75549,0.0,0.0,43.71708245126284,0.0
2025-07-21 20:25:00,13.6659,0.0,0.0,43.71708245126284,0.0
2025-07-21 20:30:00,6.64429,100.0,0.0,51.62277660168379,-55.36908333333332
2025-07-21 20:35:00,15.21267,0.0,100.0,42.838671990104956,126.77224999999997
2025-07-21 20:40:00,31.25093,0.0,100.0,34.05456737852612,260.4244166666666
2025-07-21 20:45:00,17.28795,0.0,100.0,25.27046276694729,144.06624999999997
2025-07-21 20:50:00,8.18531,100.0,0.0,33.17615691736824,-68.21091666666665
2025-07-21 20:55:00,-14.4557,100.0,0.0,41.08185106778919,120.46416666666666
2025-07-21 21:00:00,0.91147,100.0,0.0,48.98754521821014,-7.595583333333332
2025-07-21 21:05:00,14.67657,0.0,100.0,40.203440606631304,122.30474999999998
2025-07-21 21:10:00,14.69393,0.0,100.0,31.41933599505247,122.44941666666665
2025-07-21 21:15:00,15.25078,0.0,100.0,22.635231383473638,127.08983333333332
2025-07-21 21:20:00,7.4059,100.0,0.0,30.540925533894587,-61.71583333333332
2025-07-21 21:25:00,15.2307,0.0,100.0,21.756820922315754,126.92249999999999
2025-07-21 21:30:00,14.46232,0.0,9.999999999999847,20.878410461157884,12.05193333333315
2025-07-21 21:35:00,8.95,100.0,0.0,28.784104611578833,-74.58333333333331
2025-07-21 21:40:00,20.0,0.0,100.0,20.0,166.66666666666663
2025-07-21 21:45:00,8.95,0.0,0.0,20.0,0.0
2025-07-21 21:50:00,8.95,-0.0,0.0,20.0,0.0
2025-07-21 21:55:00,8.95,0.0,0.0,20.0,0.0
2025-07-21 22:00:00,8.95,-0.0,0.0,20.0,0.0
2025-07-21 22:05:00,8.95,0.0,0.0,20.0,0.0
2025-07-21 22:10:00,-4.92067,0.0,-0.0,20.0,0.0
2025-07-21 22:15:00,-13.99985,100.0,0.0,27.90569415042095,116.66541666666666
2025-07-21 22:20:00,-13.99985,100.0,0.0,35.81138830084189,116.66541666666666
2025-07-21 22:25:00,-13.99985,100.0,0.0,43.71708245126284,116.66541666666666
2025-07-21 22:30:00,3e-05,0.0,100.0,34.93297783968401,0.00024999999999999995
2025-07-21 22:35:00,47.20272,0.0,100.0,26.148873228105177,393.35599999999994
2025-07-21 22:40:00,-9.83,77.77777777777737,0.0,32.29774645621033,63.71296296296263
2025-07-21 22:45:00,-7.41,0.0,99.99999999999994,23.5136418446315,-61.749999999999964
2025-07-21 22:50:00,-9.96,100.0,-0.0,31.419335995052446,83.0
2025-07-21 22:55:00,-13.99976,100.0,0.0,39.32503014547339,116.66466666666665
2025-07-21 23:00:00,-13.99976,100.0,0.0,47.23072429589435,116.66466666666665
2025-07-21 23:05:00,-9.96,100.0,0.0,55.13641844631529,83.0
2025-07-21 23:10:00,-7.41,0.0,100.0,46.352313834736464,-61.74999999999999
2025-07-21 23:15:00,-9.83,0.0,100.0,37.56820922315762,-81.91666666666666
2025-07-21 23:20:00,-9.83,-6.335160634984745e-13,100.00000000000064,28.784104611578687,-81.91666666666771
2025-07-21 23:25:00,-7.41,0.0,100.0,19.999999999999858,-61.74999999999999
2025-07-21 23:30:00,-9.83,44.44444444444496,-0.0,23.513641844631536,36.40740740740783
2025-07-21 23:35:00,-9.83,100.0,0.0,31.41933599505248,81.91666666666666
2025-07-21 23:40:00,-9.96,99.99999999999987,-0.0,39.32503014547342,82.99999999999989
2025-07-21 23:45:00,-9.96,100.0,0.0,47.23072429589437,83.0
2025-07-21 23:50:00,-9.83,0.0,100.0,38.446619684315536,-81.91666666666666
2025-07-21 23:55:00,-9.83,0.0,100.0,29.662515072736703,-81.91666666666666
2025-07-22 00:00:00,-9.96,0.0,100.0,20.87841046115787,-83.0
2025-07-22 00:05:00,-9.96,100.0000000000001,-9.57903194794822e-14,28.784104611578833,83.00000000000017
2025-07-22 00:10:00,-9.96,-0.0,100.0,20.0,-83.0
2025-07-22 00:15:00,-12.79,-0.0,-0.0,20.0,-0.0
2025-07-22 00:20:00,-13.99976,99.9999999999997,2.984279490192421e-13,27.9056941504209,116.66466666666595
2025-07-22 00:25:00,-13.99976,100.0,0.0,35.81138830084184,116.66466666666665
2025-07-22 00:30:00,-13.99976,100.00000000000013,-1.2789769243681803e-13,43.71708245126281,116.66466666666695
2025-07-22 00:35:00,-13.99976,100.0,0.0,51.62277660168375,116.66466666666665
2025-07-22 00:40:00,-13.99967,0.0,100.0,42.83867199010493,-116.66391666666665
2025-07-22 00:45:00,-13.99967,0.0,100.0,34.054567378526095,-116.66391666666665
2025-07-22 00:50:00,-13.99967,66.66666666666382,-0.0,39.32503014547317,77.77594444444111
2025-07-22 00:55:00,-13.99967,100.0,-0.0,47.23072429589412,116.66391666666665
2025-07-22 01:00:00,-13.99967,0.0,100.0,38.44661968431529,-116.66391666666665
2025-07-22 01:05:00,-13.99976,-3.2663222376731466e-14,100.0,29.662515072736408,-116.6646666666667
2025-07-22 01:10:00,-13.99976,99.99999999999994,-0.0,37.56820922315735,116.6646666666666
2025-07-22 01:15:00,-13.99976,8.526512829121202e-14,99.99999999999991,28.784104611578535,-116.66466666666645
2025-07-22 01:20:00,-14.0,100.0,-0.0,36.689798761999484,116.66666666666666
2025-07-22 01:25:00,-14.0,100.0,0.0,44.595492912420426,116.66666666666666
2025-07-22 01:30:00,-14.0,-3.966328122458433e-13,100.0,35.811388300841564,-116.66666666666713
2025-07-22 01:35:00,-14.0,100.0,0.0,43.71708245126251,116.66666666666666
2025-07-22 01:40:00,-14.0,100.0,-0.0,51.62277660168346,116.66666666666666
2025-07-22 01:45:00,-14.0,100.0,0.0,59.52847075210441,116.66666666666666
2025-07-22 01:50:00,-14.0,8.641886308690386e-13,100.0,50.74436614052573,-116.66666666666566
2025-07-22 01:55:00,-14.0,100.00000000000009,-7.993605777301034e-14,58.65006029094669,116.66666666666686
2025-07-22 02:00:00,-14.0,100.0,0.0,66.55575444136764,116.66666666666666
2025-07-22 02:05:00,-13.99976,0.0,100.0,57.77164982978881,-116.66466666666665
2025-07-22 02:10:00,-13.99976,0.0,100.0,48.98754521820997,-116.66466666666665
2025-07-22 02:15:00,-13.99976,-2.5579538487363607e-13,100.00000000000026,40.2034406066311,-116.66466666666724
2025-07-22 02:20:00,-13.99976,1.7053025658242404e-13,99.99999999999983,31.419335995052293,-116.66466666666625
2025-07-22 02:25:00,-14.0,0.0,100.0,22.63523138347346,-116.66666666666666
2025-07-22 02:30:00,-14.0,100.0,-0.0,30.54092553389441,116.66666666666666
2025-07-22 02:35:00,-14.0,0.0,100.0,21.756820922315576,-116.66666666666666
2025-07-22 02:40:00,-14.0,99.99999999999972,2.873709584384466e-13,29.662515072736507,116.666666666666
2025-07-22 02:45:00,-14.0,1.2366755024159096e-12,100.0,20.878410461157884,-116.66666666666521
2025-07-22 02:50:00,-14.0,100.0,0.0,28.784104611578833,116.66666666666666
2025-07-22 02:55:00,-14.0,-0.0,100.0,20.0,-116.66666666666666
2025-07-22 03:00:00,-15.08029,57.19103584109942,-0.0,24.521348375054945,71.87145049034777
2025-07-22 03:05:00,-19.96,100.0,0.0,32.42704252547589,166.33333333333331
2025-07-22 03:10:00,-19.96,100.0,0.0,40.33273667589684,166.33333333333331
2025-07-22 03:15:00,-20.34,100.0,0.0,48.23843082631779,169.49999999999997
2025-07-22 03:20:00,-19.96,100.0,0.0,56.14412497673874,166.33333333333331
2025-07-22 03:25:00,-19.56319,100.0,0.0,64.04981912715968,163.0265833333333
2025-07-22 03:30:00,-16.07565,-1.117973858608358e-12,100.00000000000112,55.26571451558066,-133.96375000000302
2025-07-22 03:35:00,-16.45058,-6.934897101018578e-12,100.00000000000693,46.48160990400067,-137.08816666668565
2025-07-22 03:40:00,-17.67794,100.0,0.0,54.38730405442162,147.31616666666665
2025-07-22 03:45:00,-16.38427,100.0,-0.0,62.29299820484256,136.5355833333333
2025-07-22 03:50:00,-16.44891,7.972289495228324e-12,99.99999999999203,53.50889359326506,-137.07424999997815
2025-07-22 03:55:00,-17.67338,100.0,0.0,61.414587743686006,147.27816666666666
2025-07-22 04:00:00,-16.79,100.0,0.0,69.32028189410696,139.91666666666663
2025-07-22 04:05:00,-19.96,100.0,0.0,77.2259760445279,166.33333333333331
2025-07-22 04:10:00,-18.14,100.0,0.0,85.13167019494885,151.16666666666666
2025-07-22 04:15:00,-19.99,100.0,0.0,93.0373643453698,166.5833333333333
2025-07-22 04:20:00,-19.96,100.0,0.0,100.94305849579074,166.33333333333331
2025-07-22 04:25:00,-19.99,100.0,0.0,108.84875264621168,166.5833333333333
2025-07-22 04:30:00,-19.7239,100.0,0.0,116.75444679663262,164.3658333333333
2025-07-22 04:35:00,-19.96007,100.0,0.0,124.66014094705356,166.33391666666665
2025-07-22 04:40:00,-19.6998,100.0,0.0,132.56583509747452,164.16499999999996
2025-07-22 04:45:00,-19.61231,100.0,0.0,140.47152924789546,163.43591666666666
2025-07-22 04:50:00,-19.5503,100.0,0.0,148.3772233983164,162.91916666666665
2025-07-22 04:55:00,-19.96,100.0,0.0,156.28291754873734,166.33333333333331
2025-07-22 05:00:00,-16.63503,100.0,2.667103587473774e-12,164.1886116991581,138.6252499999963
2025-07-22 05:05:00,-16.34463,100.0,0.0,172.09430584957903,136.20524999999998
2025-07-22 05:10:00,-16.26373,100.0,0.0,179.99999999999997,135.5310833333333
2025-07-22 05:15:00,-13.99991,0.0,100.0,171.21589538842113,-116.66591666666665
2025-07-22 05:20:00,-13.99991,0.0,100.0,162.4317907768423,-116.66591666666665
2025-07-22 05:25:00,-16.47548,100.0,0.0,170.33748492726326,137.29566666666665
2025-07-22 05:30:00,-13.99991,-1.1368683772161618e-13,100.0,161.55338031568442,-116.6659166666668
2025-07-22 05:35:00,-13.99967,0.0,100.0,152.76927570410658,-116.66391666666665
2025-07-22 05:40:00,-13.99967,0.0,100.0,143.98517109252774,-116.66391666666665
2025-07-22 05:45:00,-13.99967,99.99999999999864,1.3642420526593924e-12,151.89086524294845,116.66391666666347
2025-07-22 05:50:00,-13.99967,55.55555555554669,-0.0,156.28291754873717,64.8132870370267
2025-07-22 05:55:00,-13.99967,100.0,0.0,164.18861169915812,116.66391666666665
2025-07-22 06:00:00,-13.99967,100.0,-0.0,172.09430584957906,116.66391666666665
2025-07-22 06:05:00,-13.99967,100.0,0.0,180.0,116.66391666666665
2025-07-22 06:10:00,-9.96,-0.0,89.99999999999993,172.09430584957906,-74.69999999999995
2025-07-22 06:15:00,-9.96,99.99999999999993,0.0,180.0,82.99999999999994
2025-07-22 06:20:00,-2.82,3.750086660956085e-13,3.3750779948604754e-13,180.0,8.812703653246822e-15
2025-07-22 06:25:00,0.01,0.0,0.0,180.0,0.0
2025-07-22 06:30:00,0.01,0.0,0.0,180.0,0.0
2025-07-22 06:35:00,2.12624,0.0,0.0,180.0,0.0
2025-07-22 06:40:00,36.76,0.0,100.0,171.21589538842116,306.33333333333326
2025-07-22 06:45:00,20.74,0.0,100.0,162.43179077684232,172.8333333333333
2025-07-22 06:50:00,20.73,0.0,100.0,153.64768616526348,172.74999999999997
2025-07-22 06:55:00,53.56689,0.0,100.0,144.86358155368464,446.39074999999997
2025-07-22 07:00:00,55.789,0.0,100.0,136.0794769421058,464.9083333333333
2025-07-22 07:05:00,45.81508,0.0,100.0,127.29537233052697,381.7923333333333
2025-07-22 07:10:00,8.95061,0.0,0.0,127.29537233052697,0.0
2025-07-22 07:15:00,8.95002,0.0,0.0,127.29537233052697,0.0
2025-07-22 07:20:00,26.96734,0.0,100.0,118.51126771894815,224.7278333333333
2025-07-22 07:25:00,15.01109,0.0,100.0,109.72716310736932,125.09241666666664
2025-07-22 07:30:00,15.08285,0.0,100.0,100.9430584957905,125.69041666666665
2025-07-22 07:35:00,27.03886,0.0,100.0,92.15895388421167,225.3238333333333
2025-07-22 07:40:00,26.39363,0.0,100.0,83.37484927263284,219.94691666666665
2025-07-22 07:45:00,8.95069,0.0,0.0,83.37484927263284,0.0
2025-07-22 07:50:00,20.0,0.0,100.0,74.59074466105402,166.66666666666663
2025-07-22 07:55:00,8.95069,0.0,0.0,74.59074466105402,0.0
2025-07-22 08:00:00,8.94979,100.0,0.0,82.49643881147496,-74.58158333333333
2025-07-22 08:05:00,8.95,0.0,0.0,82.49643881147496,0.0
2025-07-22 08:10:00,8.95,0.0,0.0,82.49643881147496,0.0
2025-07-22 08:15:00,8.95,0.0,0.0,82.49643881147496,0.0
2025-07-22 08:20:00,8.95,0.0,0.0,82.49643881147496,0.0
2025-07-22 08:25:00,8.95,0.0,0.0,82.49643881147496,0.0
2025-07-22 08:30:00,8.95,0.0,0.0,82.49643881147496,0.0
2025-07-22 08:35:00,8.95,0.0,0.0,82.49643881147496,0.0
2025-07-22 08:40:00,8.94978,100.0,0.0,90.4021329618959,-74.58149999999999
2025-07-22 08:45:00,8.95,0.0,0.0,90.4021329618959,0.0
2025-07-22 08:50:00,8.95,0.0,0.0,90.4021329618959,0.0
2025-07-22 08:55:00,0.77003,100.0,0.0,98.30782711231684,-6.4169166666666655
2025-07-22 09:00:00,8.95,-0.0,0.0,98.30782711231684,0.0
2025-07-22 09:05:00,8.95,0.0,0.0,98.30782711231684,0.0
2025-07-22 09:10:00,8.95,-0.0,0.0,98.30782711231684,0.0
2025-07-22 09:15:00,8.95,0.0,0.0,98.30782711231684,0.0
2025-07-22 09:20:00,8.95,100.0,0.0,106.21352126273779,-74.58333333333331
2025-07-22 09:25:00,1.05,100.0,0.0,114.11921541315873,-8.75
2025-07-22 09:30:00,8.95,-0.0,0.0,114.11921541315873,0.0
2025-07-22 09:35:00,1.86907,100.0,0.0,122.02490956357967,-15.57558333333333
2025-07-22 09:40:00,12.58892,0.0,100.0,113.24080495200084,104.90766666666666
2025-07-22 09:45:00,4.73902,100.0,0.0,121.14649910242179,-39.491833333333325
2025-07-22 09:50:00,24.98194,0.0,100.0,112.36239449084296,208.18283333333332
2025-07-22 09:55:00,13.16107,0.0,100.0,103.57828987926412,109.67558333333332
2025-07-22 10:00:00,8.95,88.88888888889025,0.0,110.60557356852729,-66.2962962962973
2025-07-22 10:05:00,8.95,100.0,0.0,118.51126771894823,-74.58333333333331
2025-07-22 10:10:00,8.95,100.0,0.0,126.41696186936917,-74.58333333333331
2025-07-22 10:15:00,12.55445,0.0,100.0,117.63285725779035,104.62041666666664
2025-07-22 10:20:00,21.51163,0.0,100.0,108.84875264621152,179.26358333333332
2025-07-22 10:25:00,3.92425,100.0,0.0,116.75444679663246,-32.70208333333333
2025-07-22 10:30:00,8.95,100.0,0.0,124.6601409470534,-74.58333333333331
2025-07-22 10:35:00,8.95,100.0,0.0,132.56583509747435,-74.58333333333331
2025-07-22 10:40:00,-13.99976,100.0,0.0,140.4715292478953,116.66466666666665
2025-07-22 10:45:00,8.95,100.0,0.0,148.37722339831623,-74.58333333333331
2025-07-22 10:50:00,8.95,100.0,0.0,156.28291754873717,-74.58333333333331
2025-07-22 10:55:00,-13.99976,100.0,0.0,164.18861169915812,116.66466666666665
2025-07-22 11:00:00,-2.92842,100.0,0.0,172.09430584957906,24.403499999999998
2025-07-22 11:05:00,8.95,100.0,0.0,180.0,-74.58333333333331
2025-07-22 11:10:00,32.21495,0.0,100.0,171.21589538842116,268.4579166666666
2025-07-22 11:15:00,14.13375,0.0,100.0,162.43179077684232,117.78124999999997
2025-07-22 11:20:00,-1.6999,100.0,0.0,170.33748492726326,14.165833333333332
2025-07-22 11:25:00,20.0,0.0,100.0,161.55338031568442,166.66666666666663
2025-07-22 11:30:00,14.42459,0.0,100.0,152.76927570410558,120.20491666666665
2025-07-22 11:35:00,17.04779,0.0,100.0,143.98517109252674,142.06491666666665
2025-07-22 11:40:00,15.84257,0.0,100.0,135.2010664809479,132.02141666666665
2025-07-22 11:45:00,18.40533,0.0,100.0,126.41696186936908,153.37774999999996
2025-07-22 11:50:00,-3.77204,100.0,0.0,134.32265601979003,31.433666666666664
2025-07-22 11:55:00,18.4056,0.0,100.0,125.5385514082112,153.37999999999997
2025-07-22 12:00:00,79.41088,0.0,100.0,116.75444679663238,661.7573333333332
2025-07-22 12:05:00,37.36195,0.0,100.0,107.97034218505355,311.34958333333327
2025-07-22 12:10:00,-27.0049,100.0,0.0,115.8760363354745,225.0408333333333
2025-07-22 12:15:00,37.09518,0.0,100.0,107.09193172389567,309.12649999999996
2025-07-22 12:20:00,18.29868,0.0,100.0,98.30782711231684,152.48899999999998
2025-07-22 12:25:00,40.79276,0.0,100.0,89.52372250073802,339.93966666666665
2025-07-22 12:30:00,127.60739,0.0,100.0,80.73961788915919,1063.3949166666664
2025-07-22 12:35:00,136.61233,0.0,100.0,71.95551327758037,1138.436083333333
2025-07-22 12:40:00,-37.22594,100.0,0.0,79.86120742800132,310.21616666666665
2025-07-22 12:45:00,-44.20147,100.0,0.0,87.76690157842226,368.3455833333333
2025-07-22 12:50:00,-4.73402,100.0,0.0,95.6725957288432,39.45016666666666
2025-07-22 12:55:00,11.23253,76.14229749223733,0.0,101.69217288768313,-71.27255340420672
2025-07-22 13:00:00,-14.0,100.0,0.0,109.59786703810407,116.66666666666666
2025-07-22 13:05:00,-9.61012,100.0,0.0,117.50356118852501,80.08433333333332
2025-07-22 13:10:00,-9.20913,100.0,0.0,125.40925533894595,76.74274999999999
2025-07-22 13:15:00,45.89,0.0,100.0,116.62515072736713,382.41666666666663
2025-07-22 13:20:00,30.22415,0.0,100.0,107.8410461157883,251.86791666666664
2025-07-22 13:25:00,45.89,0.0,100.0,99.05694150420948,382.41666666666663
2025-07-22 13:30:00,73.02053,0.0,100.0,90.27283689263065,608.5044166666665
2025-07-22 13:35:00,45.89,0.0,100.0,81.48873228105182,382.41666666666663
2025-07-22 13:40:00,45.89,0.0,100.0,72.704627669473,382.41666666666663
2025-07-22 13:45:00,43.49469,0.0,100.0,63.920523057894165,362.4557499999999
2025-07-22 13:50:00,13.02523,0.0,100.0,55.13641844631533,108.54358333333332
2025-07-22 13:55:00,136.46069,0.0,100.0,46.3523138347365,1137.1724166666665
2025-07-22 14:00:00,45.89005,0.0,100.0,37.568209223157666,382.4170833333333
2025-07-22 14:05:00,17.96383,0.0,100.0,28.784104611578833,149.69858333333332
2025-07-22 14:10:00,17.964,0.0,100.0,20.0,149.69999999999996
2025-07-22 14:15:00,-5.20368,100.0,0.0,27.90569415042095,43.364
2025-07-22 14:20:00,-37.27782,100.0,0.0,35.81138830084189,310.64849999999996
2025-07-22 14:25:00,-38.31483,100.0,0.0,43.71708245126284,319.29024999999996
2025-07-22 14:30:00,-22.63,100.0,0.0,51.62277660168379,188.5833333333333
2025-07-22 14:35:00,-22.63,100.0,0.0,59.52847075210474,188.5833333333333
2025-07-22 14:40:00,-22.63,100.0,0.0,67.43416490252568,188.5833333333333
2025-07-22 14:45:00,-19.99,100.0,0.0,75.33985905294662,166.5833333333333
2025-07-22 14:50:00,-21.58865,100.0,0.0,83.24555320336756,179.90541666666664
2025-07-22 14:55:00,-22.63,100.0,0.0,91.1512473537885,188.5833333333333
2025-07-22 15:00:00,-37.09044,100.0,0.0,99.05694150420946,309.087
2025-07-22 15:05:00,-20.0,100.0,0.0,106.9626356546304,166.66666666666663
2025-07-22 15:10:00,-16.5,100.0,0.0,114.86832980505135,137.49999999999997
2025-07-22 15:15:00,-15.71253,100.0,0.0,122.77402395547229,130.93774999999997
2025-07-22 15:20:00,-20.0,100.0,0.0,130.67971810589324,166.66666666666663
2025-07-22 15:25:00,-13.99967,100.0,0.0,138.58541225631419,116.66391666666665
2025-07-22 15:30:00,-13.99967,100.0,0.0,146.49110640673513,116.66391666666665
2025-07-22 15:35:00,-13.99967,100.0,0.0,154.39680055715607,116.66391666666665
2025-07-22 15:40:00,-9.96,100.0,0.0,162.302494707577,83.0
2025-07-22 15:45:00,-13.99991,100.0,0.0,170.20818885799795,116.66591666666665
2025-07-22 15:50:00,-16.69683,100.0,0.0,178.1138830084189,139.14024999999998
2025-07-22 15:55:00,19.99007,0.0,100.0,169.32977839684006,166.58391666666662
2025-07-22 16:00:00,26.90974,0.0,100.0,160.54567378526122,224.2478333333333
2025-07-22 16:05:00,-13.99981,100.0,0.0,168.45136793568216,116.66508333333331
2025-07-22 16:10:00,8.95,0.0,100.0,159.66726332410332,74.58333333333331
2025-07-22 16:15:00,8.95,0.0,38.5280677430121,156.28291754873717,28.735517191663188
2025-07-22 16:20:00,-8.14118,100.0,0.0,164.18861169915812,67.84316666666666
2025-07-22 16:25:00,-5.18456,100.0,0.0,172.09430584957906,43.20466666666666
2025-07-22 16:30:00,-13.99985,100.0,0.0,180.0,116.66541666666666
2025-07-22 16:35:00,15.17447,0.0,0.0,180.0,0.0
2025-07-22 16:40:00,60.67899,0.0,100.0,171.21589538842116,505.6582499999999
2025-07-22 16:45:00,59.82942,0.0,100.0,162.43179077684232,498.5784999999999
2025-07-22 16:50:00,83.29819,0.0,100.0,153.64768616526348,694.1515833333333
2025-07-22 16:55:00,70.02755,0.0,100.0,144.86358155368464,583.5629166666666
2025-07-22 17:00:00,75.59218,0.0,100.0,136.0794769421058,629.9348333333332
2025-07-22 17:05:00,24.33073,100.0,0.0,143.98517109252674,-202.7560833333333
2025-07-22 17:10:00,15.17562,100.0,0.0,151.89086524294768,-126.46349999999998
2025-07-22 17:15:00,17.26464,100.0,0.0,159.79655939336863,-143.87199999999999
2025-07-22 17:20:00,79.54743,0.0,100.0,151.01245478178978,662.8952499999999
2025-07-22 17:25:00,46.82105,0.0,100.0,142.22835017021094,390.1754166666666
2025-07-22 17:30:00,7.61478,100.0,0.0,150.1340443206319,-63.45649999999999
2025-07-22 17:35:00,32.35246,0.0,100.0,141.34993970905305,269.6038333333333
2025-07-22 17:40:00,26.24518,100.0,0.0,149.255633859474,-218.7098333333333
2025-07-22 17:45:00,127.30468,0.0,100.0,140.47152924789515,1060.8723333333332
2025-07-22 17:50:00,141.82293,0.0,100.0,131.6874246363163,1181.85775
2025-07-22 17:55:00,57.9747,0.0,100.0,122.90332002473748,483.12249999999995
2025-07-22 18:00:00,-61.52693,100.0,0.0,130.80901417515844,512.7244166666666
2025-07-22 18:05:00,24.41769,100.0,0.0,138.71470832557938,-203.48074999999997
2025-07-22 18:10:00,145.91825,0.0,100.0,129.93060371400054,1215.9854166666664
2025-07-22 18:15:00,334.70322,0.0,100.0,121.14649910242171,2789.1934999999994
2025-07-22 18:20:00,-36.27278,100.0,0.0,129.05219325284267,302.2731666666666
2025-07-22 18:25:00,257.8723,0.0,100.0,120.26808864126384,2148.935833333333
2025-07-22 18:30:00,148.92268,0.0,100.0,111.48398402968502,1241.0223333333333
2025-07-22 18:35:00,148.84159,0.0,100.0,102.69987941810619,1240.3465833333332
2025-07-22 18:40:00,66.97679,0.0,100.0,93.91577480652737,558.1399166666665
2025-07-22 18:45:00,27.90468,0.0,0.0,93.91577480652737,0.0
2025-07-22 18:50:00,138.39978,0.0,100.0,85.13167019494854,1153.3314999999998
2025-07-22 18:55:00,97.57906,0.0,100.0,76.34756558336971,813.1588333333332
2025-07-22 19:00:00,57.01642,0.0,100.0,67.56346097179089,475.13683333333324
2025-07-22 19:05:00,97.63034,0.0,100.0,58.779356360212056,813.5861666666666
2025-07-22 19:10:00,100.80429,0.0,100.0,49.99525174863322,840.0357499999998
2025-07-22 19:15:00,64.55568,0.0,100.0,41.21114713705439,537.9639999999998
2025-07-22 19:20:00,46.24566,0.0,100.0,32.42704252547556,385.3804999999999
2025-07-22 19:25:00,65.8006,0.0,100.0,23.642937913896724,548.3383333333333
2025-07-22 19:30:00,-13.4505,100.0,0.0,31.548632064317673,112.08749999999998
2025-07-22 19:35:00,27.90468,87.25340860334936,0.0,38.44661968431555,-202.89820383214254
2025-07-22 19:40:00,217.58303,0.0,100.0,29.662515072736717,1813.1919166666664
2025-07-22 19:45:00,97.59091,0.0,100.0,20.878410461157884,813.2575833333332
2025-07-22 19:50:00,-13.4505,100.0,0.0,28.784104611578833,112.08749999999998
2025-07-22 19:55:00,81.7602,0.0,100.0,20.0,681.3349999999999
2025-07-22 20:00:00,-64.87232,100.0,0.0,27.90569415042095,540.6026666666666
2025-07-22 20:05:00,-64.59566,100.0,0.0,35.81138830084189,538.2971666666665
2025-07-22 20:10:00,-0.97436,100.0,0.0,43.71708245126284,8.119666666666665
2025-07-22 20:15:00,-14.0,100.0,0.0,51.62277660168379,116.66666666666666
2025-07-22 20:20:00,-16.82304,100.0,0.0,59.52847075210474,140.19199999999998
2025-07-22 20:25:00,-14.0,100.0,0.0,67.43416490252568,116.66666666666666
2025-07-22 20:30:00,-27.5,100.0,0.0,75.33985905294662,229.16666666666663
2025-07-22 20:35:00,-13.99985,100.0,0.0,83.24555320336756,116.66541666666666
2025-07-22 20:40:00,-14.00009,100.0,0.0,91.1512473537885,116.66741666666665
2025-07-22 20:45:00,-14.00009,100.0,0.0,99.05694150420945,116.66741666666665
2025-07-22 20:50:00,-14.00009,100.0,0.0,106.96263565463039,116.66741666666665
2025-07-22 20:55:00,-14.00009,100.0,0.0,114.86832980505133,116.66741666666665
2025-07-22 21:00:00,-13.99985,100.0,0.0,122.77402395547227,116.66541666666666
2025-07-22 21:05:00,-13.99942,100.0,0.0,130.67971810589322,116.66183333333332
2025-07-22 21:10:00,4.5,0.0,100.0,121.89561349431439,37.49999999999999
2025-07-22 21:15:00,-13.99985,100.0,0.0,129.80130764473535,116.66541666666666
2025-07-22 21:20:00,-13.99985,100.0,0.0,137.7070017951563,116.66541666666666
2025-07-22 21:25:00,-13.99985,100.0,0.0,145.61269594557723,116.66541666666666
2025-07-22 21:30:00,-13.99985,100.0,0.0,153.51839009599817,116.66541666666666
2025-07-22 21:35:00,8.95,0.0,100.0,144.73428548441933,74.58333333333331
2025-07-22 21:40:00,4.5,0.0,100.0,135.9501808728405,37.49999999999999
2025-07-22 21:45:00,4.5,0.0,38.52806774301081,132.56583509747446,14.448025403629051
2025-07-22 21:50:00,4.5,0.0,0.0,132.56583509747446,0.0
2025-07-22 21:55:00,4.5,0.0,0.0,132.56583509747446,0.0
2025-07-22 22:00:00,-13.99985,100.0,0.0,140.4715292478954,116.66541666666666
2025-07-22 22:05:00,-13.9996,100.0,0.0,148.37722339831635,116.66333333333331
2025-07-22 22:10:00,26.63,0.0,100.0,139.5931187867375,221.91666666666663
2025-07-22 22:15:00,23.55,0.0,100.0,130.80901417515867,196.24999999999997
2025-07-22 22:20:00,20.0,0.0,100.0,122.02490956357983,166.66666666666663
2025-07-22 22:25:00,20.0,0.0,100.0,113.240804952001,166.66666666666663
2025-07-22 22:30:00,20.0,0.0,100.0,104.45670034042217,166.66666666666663
2025-07-22 22:35:00,8.95026,0.0,100.0,95.67259572884335,74.5855
2025-07-22 22:40:00,-13.99985,100.0,0.0,103.57828987926429,116.66541666666666
2025-07-22 22:45:00,-13.9996,100.0,0.0,111.48398402968523,116.66333333333331
2025-07-22 22:50:00,20.0,0.0,100.0,102.6998794181064,166.66666666666663
2025-07-22 22:55:00,20.0,0.0,100.0,93.91577480652758,166.66666666666663
2025-07-22 23:00:00,-3.89737,100.0,0.0,101.82146895694852,32.47808333333333
2025-07-22 23:05:00,8.94977,0.0,100.0,93.0373643453697,74.58141666666666
2025-07-22 23:10:00,23.55,0.0,100.0,84.25325973379087,196.24999999999997
2025-07-22 23:15:00,8.95026,0.0,100.0,75.46915512221204,74.5855
2025-07-22 23:20:00,8.95026,0.0,100.0,66.68505051063322,74.5855
2025-07-22 23:25:00,8.95026,0.0,100.0,57.900945899054385,74.5855
2025-07-22 23:30:00,-2.57083,100.0,0.0,65.80664004947533,21.42358333333333
2025-07-22 23:35:00,20.0,0.0,100.0,57.0225354378965,166.66666666666663
2025-07-22 23:40:00,20.0,0.0,100.0,48.23843082631767,166.66666666666663
2025-07-22 23:45:00,-13.99985,100.0,0.0,56.14412497673862,116.66541666666666
2025-07-22 23:50:00,-13.99985,100.0,0.0,64.04981912715957,116.66541666666666
2025-07-22 23:55:00,-13.99985,100.0,0.0,71.95551327758051,116.66541666666666
2025-07-23 00:00:00,32.01,0.0,100.0,63.171408666001675,266.74999999999994
2025-07-23 00:05:00,20.0,0.0,100.0,54.38730405442284,166.66666666666663
2025-07-23 00:10:00,8.94977,0.0,100.0,45.60319944284401,74.58141666666666
2025-07-23 00:15:00,20.0,0.0,100.0,36.819094831265176,166.66666666666663
2025-07-23 00:20:00,8.94977,0.0,100.0,28.034990219686343,74.58141666666666
2025-07-23 00:25:00,-13.99985,100.0,0.0,35.94068437010729,116.66541666666666
2025-07-23 00:30:00,-13.99985,100.0,0.0,43.84637852052824,116.66541666666666
2025-07-23 00:35:00,23.55,0.0,100.0,35.06227390894941,196.24999999999997
2025-07-23 00:40:00,20.0,0.0,100.0,26.278169297370574,166.66666666666663
2025-07-23 00:45:00,-2.82,100.0,0.0,34.18386344779152,23.499999999999996
2025-07-23 00:50:00,-10.8122,100.0,0.0,42.08955759821247,90.10166666666666
2025-07-23 00:55:00,-13.99985,100.0,0.0,49.99525174863342,116.66541666666666
2025-07-23 01:00:00,-2.82,100.0,0.0,57.90094589905437,23.499999999999996
2025-07-23 01:05:00,14.39,0.0,100.0,49.11684128747554,119.91666666666666
2025-07-23 01:10:00,8.59977,0.0,100.0,40.332736675896705,71.66474999999998
2025-07-23 01:15:00,4.5,0.0,0.0,40.332736675896705,0.0
2025-07-23 01:20:00,3e-05,100.0,0.0,48.238430826317654,-0.00024999999999999995
2025-07-23 01:25:00,4.5,0.0,0.0,48.238430826317654,0.0
2025-07-23 01:30:00,4.5,0.0,0.0,48.238430826317654,0.0
2025-07-23 01:35:00,4.5,0.0,0.0,48.238430826317654,0.0
2025-07-23 01:40:00,0.14003,100.0,0.0,56.1441249767386,-1.1669166666666664
2025-07-23 01:45:00,0.05003,100.0,0.0,64.04981912715955,-0.4169166666666666
2025-07-23 01:50:00,0.05003,100.0,0.0,71.9555132775805,-0.4169166666666666
2025-07-23 01:55:00,3e-05,100.0,0.0,79.86120742800144,-0.00024999999999999995
2025-07-23 02:00:00,3e-05,100.0,0.0,87.76690157842238,-0.00024999999999999995
2025-07-23 02:05:00,-2.82,100.0,0.0,95.67259572884332,23.499999999999996
2025-07-23 02:10:00,4.5,0.0,0.0,95.67259572884332,0.0
2025-07-23 02:15:00,12.42,0.0,100.0,86.8884911172645,103.49999999999999
2025-07-23 02:20:00,3e-05,100.0,0.0,94.79418526768544,-0.00024999999999999995
2025-07-23 02:25:00,3e-05,100.0,0.0,102.69987941810638,-0.00024999999999999995
2025-07-23 02:30:00,3e-05,100.0,0.0,110.60557356852732,-0.00024999999999999995
2025-07-23 02:35:00,3e-05,100.0,0.0,118.51126771894826,-0.00024999999999999995
2025-07-23 02:40:00,3e-05,100.0,0.0,126.4169618693692,-0.00024999999999999995
2025-07-23 02:45:00,3e-05,100.0,0.0,134.32265601979014,-0.00024999999999999995
2025-07-23 02:50:00,4.5,0.0,0.0,134.32265601979014,0.0
2025-07-23 02:55:00,3e-05,100.0,0.0,142.2283501702111,-0.00024999999999999995
2025-07-23 03:00:00,4.5,0.0,0.0,142.2283501702111,0.0
2025-07-23 03:05:00,3e-05,100.0,0.0,150.13404432063203,-0.00024999999999999995
2025-07-23 03:10:00,3e-05,100.0,0.0,158.03973847105297,-0.00024999999999999995
2025-07-23 03:15:00,3e-05,100.0,0.0,165.9454326214739,-0.00024999999999999995
2025-07-23 03:20:00,4.49629,0.0,0.0,165.9454326214739,0.0
2025-07-23 03:25:00,4.5,0.0,0.0,165.9454326214739,0.0
2025-07-23 03:30:00,4.5,0.0,0.0,165.9454326214739,0.0
2025-07-23 03:35:00,4.5,0.0,0.0,165.9454326214739,0.0
2025-07-23 03:40:00,20.0,0.0,100.0,157.16132800989507,166.66666666666663
2025-07-23 03:45:00,4.5,0.0,0.0,157.16132800989507,0.0
2025-07-23 03:50:00,4.5,0.0,0.0,157.16132800989507,0.0
2025-07-23 03:55:00,4.5,0.0,0.0,157.16132800989507,0.0
2025-07-23 04:00:00,13.77,0.0,100.0,148.37722339831623,114.74999999999999
2025-07-23 04:05:00,4.5,0.0,0.0,148.37722339831623,0.0
2025-07-23 04:10:00,4.5,0.0,0.0,148.37722339831623,0.0
2025-07-23 04:15:00,0.9,100.0,0.0,156.28291754873717,-7.499999999999999
2025-07-23 04:20:00,0.01,100.0,0.0,164.18861169915812,-0.08333333333333333
2025-07-23 04:25:00,3e-05,100.0,0.0,172.09430584957906,-0.00024999999999999995
2025-07-23 04:30:00,0.01,100.0,0.0,180.0,-0.08333333333333333
2025-07-23 04:35:00,4.5,0.0,0.0,180.0,0.0
2025-07-23 04:40:00,4.5,0.0,0.0,180.0,0.0
2025-07-23 04:45:00,4.5,0.0,0.0,180.0,0.0
2025-07-23 04:50:00,8.95023,-0.0,0.0,180.0,0.0
2025-07-23 04:55:00,12.42,-0.0,0.0,180.0,0.0
2025-07-23 05:00:00,13.77,0.0,0.0,180.0,0.0
2025-07-23 05:05:00,20.0,0.0,-0.0,180.0,-0.0
2025-07-23 05:10:00,34.91,0.0,100.0,171.21589538842116,290.9166666666666
2025-07-23 05:15:00,59.04017,0.0,100.0,162.43179077684232,492.0014166666666
2025-07-23 05:20:00,60.10334,0.0,100.0,153.64768616526348,500.86116666666663
2025-07-23 05:25:00,58.57205,0.0,100.0,144.86358155368464,488.10041666666655
2025-07-23 05:30:00,59.63754,0.0,100.0,136.0794769421058,496.9794999999999
2025-07-23 05:35:00,21.62336,100.0,0.0,143.98517109252674,-180.19466666666665
2025-07-23 05:40:00,23.79,0.0,0.0,143.98517109252674,0.0
2025-07-23 05:45:00,19.18,100.0,0.0,151.89086524294768,-159.83333333333331
2025-07-23 05:50:00,6.17635,100.0,0.0,159.79655939336863,-51.469583333333325
2025-07-23 05:55:00,20.33,100.0,0.0,167.70225354378957,-169.41666666666663
2025-07-23 06:00:00,20.47,100.0,0.0,175.6079476942105,-170.5833333333333
2025-07-23 06:05:00,30.18696,0.0,100.0,166.82384308263167,251.55799999999996
2025-07-23 06:10:00,20.46993,100.0,0.0,174.7295372330526,-170.58274999999998
2025-07-23 06:15:00,65.58494,0.0,100.0,165.94543262147377,546.5411666666666
2025-07-23 06:20:00,68.45541,0.0,100.0,157.16132800989493,570.4617499999999
2025-07-23 06:25:00,37.96214,0.0,100.0,148.3772233983161,316.3511666666666
2025-07-23 06:30:00,20.0,100.0,0.0,156.28291754873703,-166.66666666666663
2025-07-23 06:35:00,16.54783,100.0,0.0,164.18861169915797,-137.89858333333333
2025-07-23 06:40:00,19.18004,100.0,0.0,172.09430584957892,-159.83366666666666
2025-07-23 06:45:00,20.0,100.0,0.0,179.99999999999986,-166.66666666666663
2025-07-23 06:50:00,27.69,0.0,100.0,171.21589538842102,230.74999999999997
2025-07-23 06:55:00,23.54,87.25340860335044,0.0,178.11388300841898,-171.16210321023908
2025-07-23 07:00:00,74.10837,0.0,100.0,169.32977839684014,617.5697499999999
2025-07-23 07:05:00,107.23981,0.0,100.0,160.5456737852613,893.6650833333332
2025-07-23 07:10:00,123.15108,0.0,100.0,151.76156917368246,1026.2589999999998
2025-07-23 07:15:00,124.70641,0.0,100.0,142.97746456210362,1039.2200833333332
2025-07-23 07:20:00,138.85707,0.0,100.0,134.19335995052478,1157.1422499999999
2025-07-23 07:25:00,145.28034,0.0,100.0,125.40925533894595,1210.6694999999997
2025-07-23 07:30:00,145.57727,0.0,100.0,116.62515072736713,1213.1439166666664
2025-07-23 07:35:00,146.09248,0.0,100.0,107.8410461157883,1217.437333333333
2025-07-23 07:40:00,149.51156,0.0,100.0,99.05694150420948,1245.9296666666664
2025-07-23 07:45:00,140.17,0.0,100.0,90.27283689263065,1168.083333333333
2025-07-23 07:50:00,132.69307,0.0,100.0,81.48873228105182,1105.7755833333333
2025-07-23 07:55:00,115.39718,0.0,100.0,72.704627669473,961.6431666666666
2025-07-23 08:00:00,104.33253,0.0,100.0,63.920523057894165,869.4377499999999
2025-07-23 08:05:00,103.86417,0.0,100.0,55.13641844631533,865.5347499999999
2025-07-23 08:10:00,98.67425,0.0,100.0,46.3523138347365,822.2854166666666
2025-07-23 08:15:00,92.64092,0.0,100.0,37.568209223157666,772.0076666666665
2025-07-23 08:20:00,75.06546,0.0,100.0,28.784104611578833,625.5455
2025-07-23 08:25:00,54.94223,0.0,100.0,20.0,457.8519166666666
2025-07-23 08:30:00,21.76,0.0,0.0,20.0,0.0
2025-07-23 08:35:00,20.71,0.0,0.0,20.0,0.0
2025-07-23 08:40:00,20.00007,100.0,0.0,27.90569415042095,-166.66725
2025-07-23 08:45:00,20.00007,100.0,0.0,35.8113883008419,-166.66725
2025-07-23 08:50:00,20.0,100.0,0.0,43.71708245126285,-166.66666666666663
2025-07-23 08:55:00,20.00007,100.0,0.0,51.622776601683796,-166.66725
2025-07-23 09:00:00,20.01007,66.66666666666674,0.0,56.8932393686311,-111.16705555555566
2025-07-23 09:05:00,34.20508,0.0,100.0,48.10913475705227,285.0423333333333
2025-07-23 09:10:00,34.14459,0.0,100.0,39.325030145473434,284.53824999999995
2025-07-23 09:15:00,33.76854,0.0,100.0,30.5409255338946,281.4045
2025-07-23 09:20:00,20.0,100.0,0.0,38.44661968431555,-166.66666666666663
2025-07-23 09:25:00,33.14975,0.0,100.0,29.662515072736717,276.2479166666666
2025-07-23 09:30:00,8.95,100.0,0.0,37.568209223157666,-74.58333333333331
2025-07-23 09:35:00,45.89,0.0,100.0,28.784104611578833,382.41666666666663
2025-07-23 09:40:00,22.04727,0.0,0.0,28.784104611578833,0.0
2025-07-23 09:45:00,21.8574,0.0,0.0,28.784104611578833,0.0
2025-07-23 09:50:00,27.76954,0.0,100.0,20.0,231.41283333333328
2025-07-23 09:55:00,21.79672,0.0,0.0,20.0,0.0
2025-07-23 10:00:00,8.95,100.0,0.0,27.90569415042095,-74.58333333333331
2025-07-23 10:05:00,8.95,100.0,0.0,35.8113883008419,-74.58333333333331
2025-07-23 10:10:00,45.02074,0.0,100.0,27.027283689263065,375.1728333333333
2025-07-23 10:15:00,3e-05,100.0,0.0,34.932977839684014,-0.00024999999999999995
2025-07-23 10:20:00,8.95,100.0,0.0,42.83867199010496,-74.58333333333331
2025-07-23 10:25:00,-0.86115,100.0,0.0,50.74436614052591,7.176249999999999
2025-07-23 10:30:00,4.5,100.0,0.0,58.65006029094686,-37.49999999999999
2025-07-23 10:35:00,26.8086,0.0,100.0,49.86595567936803,223.40499999999994
2025-07-23 10:40:00,20.57082,0.0,100.0,41.081851067789195,171.4235
2025-07-23 10:45:00,4.5,100.0,0.0,48.987545218210144,-37.49999999999999
2025-07-23 10:50:00,-0.00817,100.0,0.0,56.89323936863109,0.06808333333333333
2025-07-23 10:55:00,8.95,100.0,0.0,64.79893351905204,-74.58333333333331
2025-07-23 11:00:00,-0.08082,100.0,0.0,72.70462766947298,0.6734999999999999
2025-07-23 11:05:00,-6.17037,100.0,0.0,80.61032181989393,51.41974999999999
2025-07-23 11:10:00,4.5,100.0,0.0,88.51601597031488,-37.49999999999999
2025-07-23 11:15:00,8.95,100.0,0.0,96.42171012073582,-74.58333333333331
2025-07-23 11:20:00,4.5,100.0,0.0,104.32740427115677,-37.49999999999999
2025-07-23 11:25:00,8.95,100.0,0.0,112.23309842157771,-74.58333333333331
2025-07-23 11:30:00,10.67537,100.0,0.0,120.13879257199865,-88.96141666666665
2025-07-23 11:35:00,4.5,100.0,0.0,128.0444867224196,-37.49999999999999
2025-07-23 11:40:00,4.5,100.0,0.0,135.95018087284055,-37.49999999999999
2025-07-23 11:45:00,27.05746,0.0,100.0,127.16607626126172,225.47883333333328
2025-07-23 11:50:00,10.28798,100.0,0.0,135.07177041168268,-85.73316666666665
2025-07-23 11:55:00,20.51878,0.0,100.0,126.28766580010385,170.9898333333333
2025-07-23 12:00:00,-2.82,100.0,0.0,134.1933599505248,23.499999999999996
2025-07-23 12:05:00,4.5,100.0,0.0,142.09905410094575,-37.49999999999999
2025-07-23 12:10:00,8.95,100.0,0.0,150.0047482513667,-74.58333333333331
2025-07-23 12:15:00,8.95,100.0,0.0,157.91044240178763,-74.58333333333331
2025-07-23 12:20:00,18.14649,0.0,18.528067743013057,156.28291754873717,28.018283001492414
2025-07-23 12:25:00,0.43514,100.0,0.0,164.18861169915812,-3.6261666666666663
2025-07-23 12:30:00,8.95,100.0,0.0,172.09430584957906,-74.58333333333331
2025-07-23 12:35:00,8.95,100.0,0.0,180.0,-74.58333333333331
2025-07-23 12:40:00,26.28733,0.0,100.0,171.21589538842116,219.0610833333333
2025-07-23 12:45:00,25.87772,0.0,0.0,171.21589538842116,0.0
2025-07-23 12:50:00,29.60057,0.0,100.0,162.43179077684232,246.67141666666663
2025-07-23 12:55:00,4.5,100.0,0.0,170.33748492726326,-37.49999999999999
2025-07-23 13:00:00,8.95,100.0,0.0,178.2431790776842,-74.58333333333331
2025-07-23 13:05:00,30.68426,0.0,100.0,169.45907446610536,255.7021666666666
2025-07-23 13:10:00,50.04411,0.0,100.0,160.67496985452652,417.03425
2025-07-23 13:15:00,45.89005,0.0,100.0,151.89086524294768,382.4170833333333
2025-07-23 13:20:00,38.46241,0.0,100.0,143.10676063136884,320.5200833333333
2025-07-23 13:25:00,14.42837,100.0,0.0,151.01245478178978,-120.23641666666664
2025-07-23 13:30:00,44.56696,0.0,100.0,142.22835017021094,371.3913333333333
2025-07-23 13:35:00,45.50656,0.0,100.0,133.4442455586321,379.2213333333333
2025-07-23 13:40:00,39.68443,0.0,100.0,124.66014094705328,330.70358333333326
2025-07-23 13:45:00,28.48,0.0,100.0,115.87603633547445,237.33333333333331
2025-07-23 13:50:00,12.42,100.0,0.0,123.7817304858954,-103.49999999999999
2025-07-23 13:55:00,26.23737,0.0,59.99999999999812,118.51126771894826,131.18684999999587
2025-07-23 14:00:00,4.5,100.0,0.0,126.4169618693692,-37.49999999999999
2025-07-23 14:05:00,4.5,100.0,0.0,134.32265601979014,-37.49999999999999
2025-07-23 14:10:00,3e-05,100.0,0.0,142.2283501702111,-0.00024999999999999995
2025-07-23 14:15:00,23.53997,100.0,0.0,150.13404432063203,-196.16641666666663
2025-07-23 14:20:00,6.71694,100.0,0.0,158.03973847105297,-55.97449999999999
2025-07-23 14:25:00,30.36982,0.0,100.0,149.25563385947413,253.0818333333333
2025-07-23 14:30:00,29.53748,0.0,100.0,140.4715292478953,246.1456666666666
2025-07-23 14:35:00,0.0,100.0,0.0,148.37722339831623,-0.0
2025-07-23 14:40:00,0.0,100.0,0.0,156.28291754873717,-0.0
2025-07-23 14:45:00,0.01005,100.0,0.0,164.18861169915812,-0.08374999999999999
2025-07-23 14:50:00,-9.96,100.0,0.0,172.09430584957906,83.0
2025-07-23 14:55:00,8.94978,100.0,0.0,180.0,-74.58149999999999
2025-07-23 15:00:00,41.76005,0.0,100.0,171.21589538842116,348.00041666666664
2025-07-23 15:05:00,33.89005,0.0,69.99999999999959,165.06702216031601,197.69195833333217
2025-07-23 15:10:00,34.87363,0.0,100.0,156.28291754873717,290.6135833333333
2025-07-23 15:15:00,20.04,100.0,0.0,164.18861169915812,-166.99999999999997
2025-07-23 15:20:00,8.95,100.0,0.0,172.09430584957906,-74.58333333333331
2025-07-23 15:25:00,21.06392,100.0,0.0,180.0,-175.53266666666664
2025-07-23 15:30:00,39.96732,0.0,0.0,180.0,0.0
2025-07-23 15:35:00,40.75199,0.0,89.99999999999993,172.09430584957906,305.6399249999997
2025-07-23 15:40:00,32.52586,100.0,0.0,180.0,-271.04883333333333
2025-07-23 15:45:00,57.0,0.0,0.0,180.0,0.0
2025-07-23 15:50:00,80.33238,0.0,100.0,171.21589538842116,669.4364999999999
2025-07-23 15:55:00,72.47715,0.0,100.0,162.43179077684232,603.9762499999998
2025-07-23 16:00:00,58.44263,0.0,0.0,162.43179077684232,0.0
2025-07-23 16:05:00,20.93627,100.0,0.0,170.33748492726326,-174.46891666666664
2025-07-23 16:10:00,34.27,100.0,0.0,178.2431790776842,-285.5833333333333
2025-07-23 16:15:00,54.09015,22.22222222222261,0.0,180.0,-100.16694444444619
2025-07-23 16:20:00,54.46856,0.0,0.0,180.0,0.0
2025-07-23 16:25:00,77.0046,0.0,-0.0,180.0,-0.0
2025-07-23 16:30:00,82.05123,0.0,0.0,180.0,0.0
2025-07-23 16:35:00,99.51685,0.0,-0.0,180.0,-0.0
2025-07-23 16:40:00,102.66929,0.0,0.0,180.0,0.0
2025-07-23 16:45:00,131.23,0.0,0.0,180.0,0.0
2025-07-23 16:50:00,131.23,0.0,0.0,180.0,0.0
2025-07-23 16:55:00,129.94893,-0.0,0.0,180.0,0.0
2025-07-23 17:00:00,158.0,0.0,0.0,180.0,0.0
2025-07-23 17:05:00,151.16459,0.0,0.0,180.0,0.0
2025-07-23 17:10:00,158.0,0.0,0.0,180.0,0.0
2025-07-23 17:15:00,166.97,0.0,0.0,180.0,0.0
2025-07-23 17:20:00,163.55239,0.0,0.0,180.0,0.0
2025-07-23 17:25:00,162.01494,0.0,0.0,180.0,0.0
2025-07-23 17:30:00,166.97,0.0,0.0,180.0,0.0
2025-07-23 17:35:00,158.0,-0.0,0.0,180.0,0.0
2025-07-23 17:40:00,170.22,0.0,0.0,180.0,0.0
2025-07-23 17:45:00,263.83901,0.0,100.0,171.21589538842116,2198.658416666666
2025-07-23 17:50:00,202.47251,0.0,0.0,171.21589538842116,0.0
2025-07-23 17:55:00,218.08618,0.0,100.0,162.43179077684232,1817.3848333333333
2025-07-23 18:00:00,210.92007,0.0,0.0,162.43179077684232,0.0
2025-07-23 18:05:00,213.70426,0.0,59.99999999999941,157.16132800989507,1068.5212999999894
2025-07-23 18:10:00,166.97,100.0,0.0,165.06702216031601,-1391.4166666666665
2025-07-23 18:15:00,170.22,100.0,0.0,172.97271631073696,-1418.4999999999998
2025-07-23 18:20:00,223.36,0.0,100.0,164.18861169915812,1861.3333333333333
2025-07-23 18:25:00,203.78037,0.0,0.0,164.18861169915812,0.0
2025-07-23 18:30:00,173.77796,100.0,0.0,172.09430584957906,-1448.1496666666665
2025-07-23 18:35:00,184.27799,100.0,0.0,180.0,-1535.6499166666663
2025-07-23 18:40:00,223.36,0.0,0.0,180.0,0.0
2025-07-23 18:45:00,245.64123,0.0,100.0,171.21589538842116,2047.0102499999998
2025-07-23 18:50:00,266.11,0.0,100.0,162.43179077684232,2217.583333333333
2025-07-23 18:55:00,273.44457,0.0,100.0,153.64768616526348,2278.70475
2025-07-23 19:00:00,266.11,0.0,100.0,144.86358155368464,2217.583333333333
2025-07-23 19:05:00,266.11,0.0,100.0,136.0794769421058,2217.583333333333
2025-07-23 19:10:00,266.11,0.0,100.0,127.29537233052697,2217.583333333333
2025-07-23 19:15:00,288.53858,0.0,100.0,118.51126771894815,2404.4881666666665
2025-07-23 19:20:00,266.53017,0.0,100.0,109.72716310736932,2221.0847499999995
2025-07-23 19:25:00,267.92031,0.0,100.0,100.9430584957905,2232.6692499999995
2025-07-23 19:30:00,266.11,0.0,100.0,92.15895388421167,2217.583333333333
2025-07-23 19:35:00,266.11,0.0,100.0,83.37484927263283,2217.583333333333
2025-07-23 19:40:00,263.83901,0.0,100.0,74.590744661054,2198.658416666666
2025-07-23 19:45:00,223.92063,0.0,1.4719322569863162,74.46144859178875,27.46633319180815
2025-07-23 19:50:00,265.84898,0.0,100.0,65.67734398020993,2215.408166666666
2025-07-23 19:55:00,265.17038,0.0,100.0,56.89323936863109,2209.7531666666664
2025-07-23 20:00:00,222.42866,0.0,0.0,56.89323936863109,0.0
2025-07-23 20:05:00,227.26293,0.0,100.0,48.10913475705226,1893.85775
2025-07-23 20:10:00,160.50284,100.0,0.0,56.01482890747321,-1337.5236666666665
2025-07-23 20:15:00,166.97,100.0,0.0,63.92052305789416,-1391.4166666666665
2025-07-23 20:20:00,265.1502,0.0,100.0,55.13641844631533,2209.5849999999996
2025-07-23 20:25:00,265.1502,0.0,100.0,46.3523138347365,2209.5849999999996
2025-07-23 20:30:00,264.27607,0.0,100.0,37.568209223157666,2202.300583333333
2025-07-23 20:35:00,265.1502,0.0,100.0,28.784104611578833,2209.5849999999996
2025-07-23 20:40:00,263.12093,0.0,100.0,20.0,2192.6744166666663
2025-07-23 20:45:00,165.92131,100.0,0.0,27.90569415042095,-1382.6775833333331
2025-07-23 20:50:00,216.76919,0.0,90.00000000000001,20.0,1625.7689250000003
2025-07-23 20:55:00,176.63341,0.0,0.0,20.0,0.0
2025-07-23 21:00:00,168.46448,-0.0,0.0,20.0,0.0
2025-07-23 21:05:00,167.06451,0.0,0.0,20.0,0.0
2025-07-23 21:10:00,168.35562,0.0,0.0,20.0,0.0
2025-07-23 21:15:00,168.30424,0.0,0.0,20.0,0.0
2025-07-23 21:20:00,183.3944,0.0,-0.0,20.0,-0.0
2025-07-23 21:25:00,169.79656,0.0,0.0,20.0,0.0
2025-07-23 21:30:00,160.0,-0.0,0.0,20.0,0.0
2025-07-23 21:35:00,160.0,0.0,0.0,20.0,0.0
2025-07-23 21:40:00,120.91454,0.0,0.0,20.0,0.0
2025-07-23 21:45:00,117.35432,0.0,0.0,20.0,0.0
2025-07-23 21:50:00,116.24557,-0.0,0.0,20.0,0.0
2025-07-23 21:55:00,104.38797,0.0,0.0,20.0,0.0
2025-07-23 22:00:00,97.0,-2.8889143970002624e-14,0.0,19.999999999999996,2.3352058042418787e-13
2025-07-23 22:05:00,97.0,-5.777828794000518e-14,0.0,19.999999999999993,4.670411608483752e-13
2025-07-23 22:10:00,101.06233,0.0,0.0,19.999999999999993,0.0
2025-07-23 22:15:00,97.0,22.22222222222232,0.0,21.756820922315768,-179.62962962963041
2025-07-23 22:20:00,97.0,100.0,0.0,29.662515072736717,-808.3333333333333
2025-07-23 22:25:00,96.87612,100.0,0.0,37.568209223157666,-807.3009999999999
2025-07-23 22:30:00,118.11493,0.0,100.0,28.784104611578833,984.2910833333332
2025-07-23 22:35:00,122.1281,0.0,100.0,20.0,1017.7341666666665
2025-07-23 22:40:00,103.20317,0.0,0.0,20.0,0.0
2025-07-23 22:45:00,98.69695,0.0,0.0,20.0,0.0
2025-07-23 22:50:00,101.84179,0.0,0.0,20.0,0.0
2025-07-23 22:55:00,82.67137,100.0,0.0,27.90569415042095,-688.9280833333332
2025-07-23 23:00:00,90.01,0.0,0.0,27.90569415042095,0.0
2025-07-23 23:05:00,90.01,0.0,0.0,27.90569415042095,0.0
2025-07-23 23:10:00,93.84821,0.0,90.00000000000001,20.0,703.861575
2025-07-23 23:15:00,80.70669,0.0,0.0,20.0,0.0
2025-07-23 23:20:00,80.0,0.0,0.0,20.0,0.0
2025-07-23 23:25:00,84.36794,0.0,-0.0,20.0,-0.0
2025-07-23 23:30:00,80.56331,0.0,0.0,20.0,0.0
2025-07-23 23:35:00,80.0,0.0,0.0,20.0,0.0
2025-07-23 23:40:00,83.53084,0.0,0.0,20.0,0.0
2025-07-23 23:45:00,80.0,0.0,0.0,20.0,0.0
2025-07-23 23:50:00,80.0,0.0,0.0,20.0,0.0
2025-07-23 23:55:00,77.18876,0.0,0.0,20.0,0.0
2025-07-24 00:00:00,76.84551,0.0,0.0,20.0,0.0
2025-07-24 00:05:00,71.25752,0.0,0.0,20.0,0.0
2025-07-24 00:10:00,73.45167,0.0,0.0,20.0,0.0
2025-07-24 00:15:00,69.80705,0.0,0.0,20.0,0.0
2025-07-24 00:20:00,71.16151,0.0,0.0,20.0,0.0
2025-07-24 00:25:00,57.0,100.0,0.0,27.90569415042095,-474.99999999999994
2025-07-24 00:30:00,67.94655,0.0,0.0,27.90569415042095,0.0
2025-07-24 00:35:00,74.25091,0.0,90.00000000000001,20.0,556.881825
2025-07-24 00:40:00,73.40276,0.0,0.0,20.0,0.0
2025-07-24 00:45:00,73.10307,0.0,0.0,20.0,0.0
2025-07-24 00:50:00,71.4612,0.0,0.0,20.0,0.0
2025-07-24 00:55:00,68.19807,0.0,0.0,20.0,0.0
2025-07-24 01:00:00,57.0,11.111111111111123,0.0,20.878410461157884,-52.777777777777835
2025-07-24 01:05:00,49.92688,100.0,0.0,28.784104611578833,-416.05733333333325
2025-07-24 01:10:00,65.85913,0.0,100.0,20.0,548.8260833333331
2025-07-24 01:15:00,49.10218,100.0,0.0,27.90569415042095,-409.18483333333324
2025-07-24 01:20:00,51.32817,0.0,0.0,27.90569415042095,0.0
2025-07-24 01:25:00,49.45099,100.0,0.0,35.8113883008419,-412.09158333333323
2025-07-24 01:30:00,49.84952,22.222222222222246,0.0,37.568209223157666,-92.31392592592603
2025-07-24 01:35:00,55.43076,0.0,100.0,28.784104611578833,461.92299999999994
2025-07-24 01:40:00,56.34133,0.0,100.0,20.0,469.51108333333326
2025-07-24 01:45:00,54.2078,0.0,0.0,20.0,0.0
2025-07-24 01:50:00,33.31577,100.0,0.0,27.90569415042095,-277.6314166666666
2025-07-24 01:55:00,34.03397,100.0,0.0,35.8113883008419,-283.6164166666666
2025-07-24 02:00:00,20.22993,100.0,0.0,43.71708245126285,-168.58274999999998
2025-07-24 02:05:00,39.43817,100.0,0.0,51.622776601683796,-328.6514166666666
2025-07-24 02:10:00,65.70287,0.0,100.0,42.83867199010496,547.5239166666667
2025-07-24 02:15:00,48.75642,0.0,100.0,34.05456737852613,406.30349999999993
2025-07-24 02:20:00,39.68711,0.0,0.0,34.05456737852613,0.0
2025-07-24 02:25:00,39.67878,68.30214695220835,0.0,39.454326214738785,-225.84548853702879
2025-07-24 02:30:00,31.20352,100.0,0.0,47.360020365159734,-260.0293333333333
2025-07-24 02:35:00,39.72813,0.0,0.0,47.360020365159734,0.0
2025-07-24 02:40:00,39.73001,0.0,0.0,47.360020365159734,0.0
2025-07-24 02:45:00,20.0,100.0,0.0,55.26571451558068,-166.66666666666663
2025-07-24 02:50:00,39.91043,0.0,0.0,55.26571451558068,0.0
2025-07-24 02:55:00,39.70459,0.0,0.0,55.26571451558068,0.0
2025-07-24 03:00:00,38.12544,100.0,0.0,63.17140866600163,-317.71199999999993
2025-07-24 03:05:00,48.65555,0.0,100.0,54.3873040544228,405.4629166666666
2025-07-24 03:10:00,33.08417,100.0,0.0,62.29299820484375,-275.7014166666666
2025-07-24 03:15:00,20.00007,100.0,0.0,70.1986923552647,-166.66725
2025-07-24 03:20:00,43.15,0.0,0.0,70.1986923552647,0.0
2025-07-24 03:25:00,40.96959,0.0,0.0,70.1986923552647,0.0
2025-07-24 03:30:00,43.15,0.0,0.0,70.1986923552647,0.0
2025-07-24 03:35:00,41.93294,0.0,0.0,70.1986923552647,0.0
2025-07-24 03:40:00,48.57018,0.0,100.0,61.414587743685864,404.75149999999996
2025-07-24 03:45:00,43.15,0.0,0.0,61.414587743685864,0.0
2025-07-24 03:50:00,42.58359,0.0,0.0,61.414587743685864,0.0
2025-07-24 03:55:00,37.61106,100.0,0.0,69.32028189410681,-313.4255
2025-07-24 04:00:00,33.24107,100.0,0.0,77.22597604452775,-277.0089166666666
2025-07-24 04:05:00,31.14003,100.0,0.0,85.1316701949487,-259.50024999999994
2025-07-24 04:10:00,35.94,100.0,0.0,93.03736434536964,-299.49999999999994
2025-07-24 04:15:00,35.94,100.0,0.0,100.94305849579058,-299.49999999999994
2025-07-24 04:20:00,35.94,100.0,0.0,108.84875264621152,-299.49999999999994
2025-07-24 04:25:00,23.32531,100.0,0.0,116.75444679663246,-194.37758333333332
2025-07-24 04:30:00,30.67232,100.0,0.0,124.6601409470534,-255.60266666666664
2025-07-24 04:35:00,35.94,100.0,0.0,132.56583509747435,-299.49999999999994
2025-07-24 04:40:00,22.89506,100.0,0.0,140.4715292478953,-190.79216666666665
2025-07-24 04:45:00,35.94,100.0,0.0,148.37722339831623,-299.49999999999994
2025-07-24 04:50:00,35.94,100.0,0.0,156.28291754873717,-299.49999999999994
2025-07-24 04:55:00,35.94,100.0,0.0,164.18861169915812,-299.49999999999994
2025-07-24 05:00:00,35.94,100.0,0.0,172.09430584957906,-299.49999999999994
2025-07-24 05:05:00,30.9723,100.0,0.0,180.0,-258.10249999999996
2025-07-24 05:10:00,48.15945,0.0,-0.0,180.0,-0.0
2025-07-24 05:15:00,48.46897,0.0,0.0,180.0,0.0
2025-07-24 05:20:00,49.68944,0.0,0.0,180.0,0.0
2025-07-24 05:25:00,49.75258,0.0,0.0,180.0,0.0
2025-07-24 05:30:00,48.73051,0.0,0.0,180.0,0.0
2025-07-24 05:35:00,49.00338,0.0,0.0,180.0,0.0
2025-07-24 05:40:00,49.75258,0.0,0.0,180.0,0.0
2025-07-24 05:45:00,49.06823,0.0,0.0,180.0,0.0
2025-07-24 05:50:00,48.39525,-0.0,0.0,180.0,0.0
2025-07-24 05:55:00,64.21397,0.0,0.0,180.0,0.0
2025-07-24 06:00:00,66.54785,-0.0,0.0,180.0,0.0
2025-07-24 06:05:00,70.6512,0.0,0.0,180.0,0.0
2025-07-24 06:10:00,89.89596,0.0,0.0,180.0,0.0
2025-07-24 06:15:00,88.45095,0.0,0.0,180.0,0.0
2025-07-24 06:20:00,96.10748,0.0,0.0,180.0,0.0
2025-07-24 06:25:00,100.22797,0.0,100.0,171.21589538842116,835.2330833333332
2025-07-24 06:30:00,99.19867,0.0,100.0,162.43179077684232,826.6555833333333
2025-07-24 06:35:00,80.0,100.0,0.0,170.33748492726326,-666.6666666666665
2025-07-24 06:40:00,104.99247,0.0,100.0,161.55338031568442,874.9372499999998
2025-07-24 06:45:00,104.32989,0.0,100.0,152.76927570410558,869.4157499999999
2025-07-24 06:50:00,141.27096,0.0,100.0,143.98517109252674,1177.2579999999998
2025-07-24 06:55:00,145.73296,0.0,100.0,135.2010664809479,1214.441333333333
2025-07-24 07:00:00,145.18329,0.0,100.0,126.41696186936908,1209.8607499999998
2025-07-24 07:05:00,143.53424,0.0,100.0,117.63285725779025,1196.1186666666665
2025-07-24 07:10:00,130.63045,0.0,100.0,108.84875264621141,1088.587083333333
2025-07-24 07:15:00,111.40662,0.0,100.0,100.06464803463258,928.3884999999999
2025-07-24 07:20:00,117.82998,0.0,100.0,91.28054342305376,981.9164999999999
2025-07-24 07:25:00,103.11542,0.0,100.0,82.49643881147493,859.2951666666665
2025-07-24 07:30:00,97.0,0.0,100.0,73.7123341998961,808.3333333333333
2025-07-24 07:35:00,97.48695,0.0,100.0,64.92822958831728,812.3912499999998
2025-07-24 07:40:00,97.0,0.0,1.4719322569859927,64.79893351905206,11.898119077303441
2025-07-24 07:45:00,86.78299,100.0,0.0,72.704627669473,-723.1915833333333
2025-07-24 07:50:00,97.0,0.0,0.0,72.704627669473,0.0
2025-07-24 07:55:00,97.0,0.0,0.0,72.704627669473,0.0
2025-07-24 08:00:00,133.99683,0.0,100.0,63.920523057894165,1116.6402499999997
2025-07-24 08:05:00,107.84743,0.0,100.0,55.13641844631533,898.7285833333332
2025-07-24 08:10:00,97.0,0.0,0.0,55.13641844631533,0.0
2025-07-24 08:15:00,137.83304,0.0,100.0,46.3523138347365,1148.6086666666665
2025-07-24 08:20:00,164.97,0.0,100.0,37.568209223157666,1374.7499999999998
2025-07-24 08:25:00,133.54671,0.0,100.0,28.784104611578833,1112.8892499999997
2025-07-24 08:30:00,118.19914,0.0,100.0,20.0,984.9928333333332
2025-07-24 08:35:00,37.25932,0.0,0.0,20.0,0.0
2025-07-24 08:40:00,37.38839,0.0,0.0,20.0,0.0
2025-07-24 08:45:00,8.95,100.0,0.0,27.90569415042095,-74.58333333333331
2025-07-24 08:50:00,20.0,100.0,0.0,35.8113883008419,-166.66666666666663
2025-07-24 08:55:00,38.88691,0.0,100.0,27.027283689263065,324.0575833333333
2025-07-24 09:00:00,20.0,100.0,0.0,34.932977839684014,-166.66666666666663
2025-07-24 09:05:00,24.88685,0.0,0.0,34.932977839684014,0.0
2025-07-24 09:10:00,20.0,100.0,0.0,42.83867199010496,-166.66666666666663
2025-07-24 09:15:00,37.44729,0.0,100.0,34.05456737852613,312.06075
2025-07-24 09:20:00,25.10951,0.0,59.99999999999998,28.784104611578833,125.54754999999996
2025-07-24 09:25:00,24.9059,0.0,0.0,28.784104611578833,0.0
2025-07-24 09:30:00,24.5122,0.0,0.0,28.784104611578833,0.0
2025-07-24 09:35:00,41.6202,0.0,100.0,20.0,346.8349999999999
2025-07-24 09:40:00,13.47016,0.0,0.0,20.0,0.0
2025-07-24 09:45:00,8.95,11.111111111111123,0.0,20.878410461157884,-8.287037037037045
2025-07-24 09:50:00,8.95,100.0,0.0,28.784104611578833,-74.58333333333331
2025-07-24 09:55:00,20.01,0.0,100.0,20.0,166.75
2025-07-24 10:00:00,0.05,100.0,0.0,27.90569415042095,-0.41666666666666663
2025-07-24 10:05:00,8.95,22.222222222222246,0.0,29.662515072736717,-16.57407407407409
2025-07-24 10:10:00,8.95,100.0,0.0,37.568209223157666,-74.58333333333331
2025-07-24 10:15:00,12.01979,0.0,100.0,28.784104611578833,100.16491666666666
2025-07-24 10:20:00,12.07867,0.0,100.0,20.0,100.65558333333333
2025-07-24 10:25:00,-10.88051,99.99999999999994,0.0,27.905694150420942,90.67091666666661
2025-07-24 10:30:00,-9.83,100.0,0.0,35.81138830084189,81.91666666666666
2025-07-24 10:35:00,-7.41,22.222222222222324,0.0,37.568209223157666,13.722222222222285
2025-07-24 10:40:00,8.30961,0.0,100.0,28.784104611578833,69.24674999999998
2025-07-24 10:45:00,8.95,0.0,100.0,20.0,74.58333333333331
2025-07-24 10:50:00,-10.28467,100.0,0.0,27.90569415042095,85.70558333333332
2025-07-24 10:55:00,-9.00274,44.44444444444449,0.0,31.419335995052485,33.34348148148152
2025-07-24 11:00:00,-9.96,100.0,0.0,39.325030145473434,83.0
2025-07-24 11:05:00,-3.24879,0.0,100.0,30.5409255338946,-27.073249999999998
2025-07-24 11:10:00,0.05,0.0,100.0,21.756820922315768,0.41666666666666663
2025-07-24 11:15:00,-9.83,100.0,0.0,29.662515072736717,81.91666666666666
2025-07-24 11:20:00,-3.88229,0.0,100.0,20.878410461157884,-32.35241666666666
2025-07-24 11:25:00,-9.96,100.0,0.0,28.784104611578833,83.0
2025-07-24 11:30:00,-9.83,-0.0,100.0,20.0,-81.91666666666666
2025-07-24 11:35:00,-13.0,100.0,0.0,27.90569415042095,108.33333333333331
2025-07-24 11:40:00,-13.5,100.0,0.0,35.8113883008419,112.49999999999999
2025-07-24 11:45:00,-13.90331,100.0,0.0,43.71708245126285,115.86091666666664
2025-07-24 11:50:00,-9.96,0.0,100.0,34.932977839684014,-83.0
2025-07-24 11:55:00,-9.08105,0.0,100.0,26.14887322810518,-75.67541666666665
2025-07-24 12:00:00,-13.0,100.0,0.0,34.05456737852613,108.33333333333331
2025-07-24 12:05:00,-2.82,0.0,100.0,25.270462766947297,-23.499999999999996
2025-07-24 12:10:00,-11.23407,-8.088960311600723e-14,59.999999999999964,19.999999999999996,-56.170350000000035
2025-07-24 12:15:00,-13.0,100.0,-8.08896031160072e-14,27.90569415042095,108.33333333333341
2025-07-24 12:20:00,-13.99344,100.0,-0.0,35.81138830084189,116.61199999999998
2025-07-24 12:25:00,-13.0,0.0,100.0,27.027283689263058,-108.33333333333331
2025-07-24 12:30:00,-13.0,-0.0,79.99999999999991,20.0,-86.66666666666657
2025-07-24 12:35:00,-13.99951,34.96881361920466,0.0,22.764527452765066,40.79552132918265
2025-07-24 12:40:00,-14.11233,100.0000000000153,2.842170943040401e-14,30.670221603187223,117.60275000001796
2025-07-24 12:45:00,-14.0851,100.0,0.0,38.57591575360817,117.37583333333332
2025-07-24 12:50:00,-14.29185,99.99999999999973,2.7000623958883807e-13,46.48160990402907,119.09874999999936
2025-07-24 12:55:00,-14.77115,100.0,0.0,54.38730405445002,123.09291666666665
2025-07-24 13:00:00,-16.5,100.0,0.0,62.29299820487096,137.49999999999997
2025-07-24 13:05:00,-14.12941,100.00000000000031,-3.126388037344441e-13,70.19869235529197,117.74508333333407
2025-07-24 13:10:00,-14.77852,100.0,0.0,78.10438650571291,123.15433333333331
2025-07-24 13:15:00,-14.0,100.0,-5.717466442054982e-12,86.01008065613435,116.66666666667331
2025-07-24 13:20:00,-14.16658,100.00000000000003,-2.842170943040401e-14,93.9157748065553,118.05483333333339
2025-07-24 13:25:00,-14.16397,100.0,0.0,101.82146895697625,118.03308333333332
2025-07-24 13:30:00,-17.56682,100.0,0.0,109.72716310739719,146.39016666666666
2025-07-24 13:35:00,-20.0,100.0,0.0,117.63285725781813,166.66666666666663
2025-07-24 13:40:00,-20.6466,100.0,0.0,125.53855140823907,172.05499999999998
2025-07-24 13:45:00,-17.70646,100.0,0.0,133.44424555866001,147.5538333333333
2025-07-24 13:50:00,-19.99,100.0,0.0,141.34993970908096,166.5833333333333
2025-07-24 13:55:00,-14.79067,100.0,8.088960311600722e-14,149.2556338595019,123.25558333333322
2025-07-24 14:00:00,-14.80543,100.0,0.0,157.16132800992284,123.37858333333331
2025-07-24 14:05:00,-14.75433,99.99999999999983,2.971191323083793e-13,165.06702216034375,122.9527499999994
2025-07-24 14:10:00,-14.0,100.0,2.1580261392963704e-10,172.97271631073258,116.66666666641487
2025-07-24 14:15:00,-14.0,0.0,99.99999999995032,164.18861169915812,-116.6666666666087
2025-07-24 14:20:00,-13.99976,100.0,-0.0,172.0943058495791,116.66466666666665
2025-07-24 14:25:00,-14.36048,100.0,0.0,180.00000000000003,119.67066666666666
2025-07-24 14:30:00,-9.83,0.0,3.235584124640288e-13,180.0,-2.650482662101169e-13
2025-07-24 14:35:00,-5.22834,0.0,0.0,180.0,-0.0
2025-07-24 14:40:00,0.0,-0.0,0.0,180.0,0.0
2025-07-24 14:45:00,3e-05,0.0,89.99999999999993,172.09430584957906,0.00022499999999999983
2025-07-24 14:50:00,-7.41,100.0,0.0,180.0,61.74999999999999
2025-07-24 14:55:00,0.01,0.0,0.0,180.0,0.0
2025-07-24 15:00:00,0.01,-0.0,0.0,180.0,0.0
2025-07-24 15:05:00,0.01,0.0,0.0,180.0,0.0
2025-07-24 15:10:00,2.64826,0.0,0.0,180.0,0.0
2025-07-24 15:15:00,8.95,0.0,89.99999999999993,172.09430584957906,67.12499999999994
2025-07-24 15:20:00,0.01,100.0,0.0,180.0,-0.08333333333333333
2025-07-24 15:25:00,8.95,0.0,0.0,180.0,0.0
2025-07-24 15:30:00,46.77378,0.0,100.0,171.21589538842116,389.78149999999994
2025-07-24 15:35:00,21.47,100.0,0.0,179.1215895388421,-178.91666666666663
2025-07-24 15:40:00,37.27237,0.0,79.99999999999976,172.09430584957906,248.48246666666594
2025-07-24 15:45:00,34.80974,0.0,0.0,172.09430584957906,0.0
2025-07-24 15:50:00,20.88007,100.0,0.0,180.0,-174.0005833333333
2025-07-24 15:55:00,54.91526,0.0,79.99999999999976,172.97271631073696,366.1017333333323
2025-07-24 16:00:00,77.61,0.0,100.0,164.18861169915812,646.7499999999999
2025-07-24 16:05:00,35.94,100.0,0.0,172.09430584957906,-299.49999999999994
2025-07-24 16:10:00,45.99673,100.0,0.0,180.0,-383.3060833333333
2025-07-24 16:15:00,77.76645,0.0,-0.0,180.0,-0.0
2025-07-24 16:20:00,79.61003,0.0,0.0,180.0,0.0
2025-07-24 16:25:00,79.72,0.0,0.0,180.0,0.0
2025-07-24 16:30:00,80.0,0.0,-0.0,180.0,-0.0
2025-07-24 16:35:00,80.14583,0.0,0.0,180.0,0.0
2025-07-24 16:40:00,105.54758,-0.0,0.0,180.0,0.0
2025-07-24 16:45:00,145.2385,0.0,0.0,180.0,0.0
2025-07-24 16:50:00,155.2265,0.0,0.0,180.0,0.0
2025-07-24 16:55:00,164.97,0.0,0.0,180.0,0.0
2025-07-24 17:00:00,163.59425,0.0,0.0,180.0,0.0
2025-07-24 17:05:00,164.97,0.0,0.0,180.0,0.0
2025-07-24 17:10:00,159.98339,0.0,0.0,180.0,0.0
2025-07-24 17:15:00,173.26465,0.0,0.0,180.0,0.0
2025-07-24 17:20:00,164.97,0.0,0.0,180.0,0.0
2025-07-24 17:25:00,170.7743,0.0,0.0,180.0,0.0
2025-07-24 17:30:00,179.3771,0.0,-0.0,180.0,-0.0
2025-07-24 17:35:00,168.22156,0.0,0.0,180.0,0.0
2025-07-24 17:40:00,201.13598,0.0,100.0,171.21589538842116,1676.1331666666663
2025-07-24 17:45:00,224.06942,0.0,100.0,162.43179077684232,1867.2451666666664
2025-07-24 17:50:00,242.35476,0.0,100.0,153.64768616526348,2019.6229999999996
2025-07-24 17:55:00,207.47444,0.0,100.0,144.86358155368464,1728.9536666666663
2025-07-24 18:00:00,269.20612,0.0,100.0,136.0794769421058,2243.384333333333
2025-07-24 18:05:00,264.70273,0.0,100.0,127.29537233052697,2205.8560833333327
2025-07-24 18:10:00,218.12601,0.0,100.0,118.51126771894815,1817.7167499999998
2025-07-24 18:15:00,243.01235,0.0,100.0,109.72716310736932,2025.1029166666663
2025-07-24 18:20:00,268.22162,0.0,100.0,100.9430584957905,2235.180166666666
2025-07-24 18:25:00,239.17063,0.0,100.0,92.15895388421167,1993.088583333333
2025-07-24 18:30:00,260.11133,0.0,100.0,83.37484927263284,2167.5944166666663
2025-07-24 18:35:00,254.38545,0.0,100.0,74.59074466105402,2119.87875
2025-07-24 18:40:00,257.57616,0.0,100.0,65.80664004947519,2146.468
2025-07-24 18:45:00,266.11,0.0,100.0,57.02253543789636,2217.583333333333
2025-07-24 18:50:00,265.5929,0.0,100.0,48.238430826317526,2213.274166666666
2025-07-24 18:55:00,263.10691,0.0,100.0,39.45432621473869,2192.5575833333332
2025-07-24 19:00:00,254.7341,0.0,100.0,30.67022160315986,2122.7841666666664
2025-07-24 19:05:00,253.96938,0.0,100.0,21.886116991581027,2116.4114999999997
2025-07-24 19:10:00,196.0,0.0,21.471932256986417,20.0,350.70822686411145
2025-07-24 19:15:00,164.97,0.0,0.0,20.0,0.0
2025-07-24 19:20:00,158.69628,11.111111111111123,0.0,20.878410461157884,-146.94100000000017
2025-07-24 19:25:00,151.1842,100.0,0.0,28.784104611578833,-1259.868333333333
2025-07-24 19:30:00,183.10672,0.0,100.0,20.0,1525.889333333333
2025-07-24 19:35:00,146.9413,0.0,0.0,20.0,0.0
2025-07-24 19:40:00,158.0,0.0,-0.0,20.0,-0.0
2025-07-24 19:45:00,129.94631,100.0,0.0,27.90569415042095,-1082.8859166666666
2025-07-24 19:50:00,151.24645,0.0,0.0,27.90569415042095,0.0
2025-07-24 19:55:00,137.53079,100.0,0.0,35.8113883008419,-1146.0899166666666
2025-07-24 20:00:00,155.37707,0.0,100.0,27.027283689263065,1294.8089166666666
2025-07-24 20:05:00,147.77089,0.0,0.0,27.027283689263065,0.0
2025-07-24 20:10:00,145.13748,0.0,0.0,27.027283689263065,0.0
2025-07-24 20:15:00,155.30735,0.0,80.0,20.0,1035.3823333333332
2025-07-24 20:20:00,143.63775,0.0,0.0,20.0,0.0
2025-07-24 20:25:00,134.81824,11.111111111111123,0.0,20.878410461157884,-124.83170370370384
2025-07-24 20:30:00,135.95118,0.0,0.0,20.878410461157884,0.0
2025-07-24 20:35:00,122.02,100.0,0.0,28.784104611578833,-1016.8333333333331
2025-07-24 20:40:00,144.34317,0.0,0.0,28.784104611578833,0.0
2025-07-24 20:45:00,151.93314,0.0,100.0,20.0,1266.1094999999998
2025-07-24 20:50:00,122.02,0.0,0.0,20.0,0.0
2025-07-24 20:55:00,122.02,0.0,-0.0,20.0,-0.0
2025-07-24 21:00:00,119.82544,0.0,0.0,20.0,0.0
2025-07-24 21:05:00,122.02,0.0,0.0,20.0,0.0
2025-07-24 21:10:00,98.37896,0.0,-0.0,20.0,-0.0
2025-07-24 21:15:00,96.6325,0.0,0.0,20.0,0.0
2025-07-24 21:20:00,87.67518,0.0,-0.0,20.0,-0.0
2025-07-24 21:25:00,64.12474,11.111111111111123,0.0,20.878410461157884,-59.37475925925933
2025-07-24 21:30:00,24.19468,100.0,0.0,28.784104611578833,-201.62233333333333
2025-07-24 21:35:00,85.33,0.0,100.0,20.0,711.0833333333333
2025-07-24 21:40:00,20.0,0.0,0.0,20.0,0.0
2025-07-24 21:45:00,14.82136,100.0,0.0,27.90569415042095,-123.51133333333331
2025-07-24 21:50:00,0.75989,100.0,0.0,35.8113883008419,-6.332416666666665
2025-07-24 21:55:00,8.95,100.0,0.0,43.71708245126285,-74.58333333333331
2025-07-24 22:00:00,17.9999,0.0,0.0,43.71708245126285,0.0
2025-07-24 22:05:00,23.38,0.0,100.0,34.932977839684014,194.8333333333333
2025-07-24 22:10:00,19.18,0.0,59.99999999999998,29.662515072736717,95.89999999999996
2025-07-24 22:15:00,20.0,0.0,100.0,20.878410461157884,166.66666666666663
2025-07-24 22:20:00,8.14979,100.0,0.0,28.784104611578833,-67.91491666666666
2025-07-24 22:25:00,20.0,0.0,100.0,20.0,166.66666666666663
2025-07-24 22:30:00,0.05,100.0,0.0,27.90569415042095,-0.41666666666666663
2025-07-24 22:35:00,19.17996,0.0,0.0,27.90569415042095,0.0
2025-07-24 22:40:00,19.18,0.0,90.00000000000001,20.0,143.85000000000002
2025-07-24 22:45:00,0.74015,100.0,0.0,27.90569415042095,-6.167916666666666
2025-07-24 22:50:00,19.18,0.0,90.00000000000001,20.0,143.85000000000002
2025-07-24 22:55:00,19.18,0.0,0.0,20.0,0.0
2025-07-24 23:00:00,0.53015,100.0,0.0,27.90569415042095,-4.417916666666666
2025-07-24 23:05:00,19.18,0.0,90.00000000000001,20.0,143.85000000000002
2025-07-24 23:10:00,8.95,100.0,0.0,27.90569415042095,-74.58333333333331
2025-07-24 23:15:00,19.18,0.0,90.00000000000001,20.0,143.85000000000002
2025-07-24 23:20:00,8.94958,-0.0,0.0,20.0,0.0
2025-07-24 23:25:00,8.9498,0.0,0.0,20.0,0.0
2025-07-24 23:30:00,8.95,0.0,0.0,20.0,0.0
2025-07-24 23:35:00,8.95021,0.0,0.0,20.0,0.0
2025-07-24 23:40:00,8.95,0.0,0.0,20.0,0.0
2025-07-24 23:45:00,7.19231,100.0,0.0,27.90569415042095,-59.93591666666666
2025-07-24 23:50:00,8.95,0.0,90.00000000000001,20.0,67.125
2025-07-24 23:55:00,0.06,100.0,0.0,27.90569415042095,-0.4999999999999999
2025-07-25 00:00:00,0.42003,100.0,0.0,35.8113883008419,-3.5002499999999994
2025-07-25 00:05:00,8.95,0.0,100.0,27.027283689263065,74.58333333333331
2025-07-25 00:10:00,8.95,0.0,80.0,20.0,59.66666666666666
2025-07-25 00:15:00,8.95,0.0,0.0,20.0,0.0
2025-07-25 00:20:00,8.95,0.0,0.0,20.0,0.0
2025-07-25 00:25:00,8.95,0.0,0.0,20.0,0.0
2025-07-25 00:30:00,8.95,0.0,0.0,20.0,0.0
2025-07-25 00:35:00,8.95,0.0,0.0,20.0,0.0
2025-07-25 00:40:00,8.95,0.0,0.0,20.0,0.0
2025-07-25 00:45:00,8.95,0.0,0.0,20.0,0.0
2025-07-25 00:50:00,7.94983,100.0,0.0,27.90569415042095,-66.24858333333333
2025-07-25 00:55:00,8.95,0.0,90.00000000000001,20.0,67.125
2025-07-25 01:00:00,8.94983,0.0,0.0,20.0,0.0
2025-07-25 01:05:00,8.95,0.0,0.0,20.0,0.0
2025-07-25 01:10:00,0.74003,100.0,0.0,27.90569415042095,-6.1669166666666655
2025-07-25 01:15:00,8.95,0.0,90.00000000000001,20.0,67.125
2025-07-25 01:20:00,8.95,0.0,0.0,20.0,0.0
2025-07-25 01:25:00,8.95,0.0,0.0,20.0,0.0
2025-07-25 01:30:00,8.95,0.0,0.0,20.0,0.0
2025-07-25 01:35:00,4.20874,100.0,0.0,27.90569415042095,-35.07283333333333
2025-07-25 01:40:00,8.95,0.0,90.00000000000001,20.0,67.125
2025-07-25 01:45:00,8.95,0.0,0.0,20.0,0.0
2025-07-25 01:50:00,0.56003,100.0,0.0,27.90569415042095,-4.666916666666666
2025-07-25 01:55:00,0.68003,100.0,0.0,35.8113883008419,-5.666916666666666
2025-07-25 02:00:00,8.60016,0.0,0.0,35.8113883008419,0.0
2025-07-25 02:05:00,8.95,0.0,100.0,27.027283689263065,74.58333333333331
2025-07-25 02:10:00,8.95,0.0,59.99999999999998,21.756820922315768,44.74999999999998
2025-07-25 02:15:00,0.70003,100.0,0.0,29.662515072736717,-5.8335833333333325
2025-07-25 02:20:00,8.95,0.0,0.0,29.662515072736717,0.0
2025-07-25 02:25:00,8.09015,0.0,0.0,29.662515072736717,0.0
2025-07-25 02:30:00,8.25,0.0,0.0,29.662515072736717,0.0
2025-07-25 02:35:00,20.0,0.0,100.0,20.878410461157884,166.66666666666663
2025-07-25 02:40:00,7.94984,100.0,0.0,28.784104611578833,-66.24866666666665
2025-07-25 02:45:00,8.94969,0.0,0.0,28.784104611578833,0.0
2025-07-25 02:50:00,8.95029,0.0,100.0,20.0,74.58574999999999
2025-07-25 02:55:00,6.66,100.0,0.0,27.90569415042095,-55.49999999999999
2025-07-25 03:00:00,0.06,100.0,0.0,35.8113883008419,-0.4999999999999999
2025-07-25 03:05:00,11.89,0.0,100.0,27.027283689263065,99.08333333333333
2025-07-25 03:10:00,0.06,100.0,0.0,34.932977839684014,-0.4999999999999999
2025-07-25 03:15:00,0.06,100.0,0.0,42.83867199010496,-0.4999999999999999
2025-07-25 03:20:00,7.95045,0.0,100.0,34.05456737852613,66.25375
2025-07-25 03:25:00,7.81013,0.0,28.528067743012137,31.548632064317868,18.567326476810948
2025-07-25 03:30:00,0.06,100.0,0.0,39.45432621473881,-0.4999999999999999
2025-07-25 03:35:00,0.06,100.0,0.0,47.36002036515976,-0.4999999999999999
2025-07-25 03:40:00,0.06,100.0,0.0,55.26571451558071,-0.4999999999999999
2025-07-25 03:45:00,0.06,100.0,0.0,63.17140866600166,-0.4999999999999999
2025-07-25 03:50:00,0.06,100.0,0.0,71.07710281642261,-0.4999999999999999
2025-07-25 03:55:00,0.06,100.0,0.0,78.98279696684355,-0.4999999999999999
2025-07-25 04:00:00,0.06,100.0,0.0,86.8884911172645,-0.4999999999999999
2025-07-25 04:05:00,0.05,100.0,0.0,94.79418526768544,-0.41666666666666663
2025-07-25 04:10:00,0.06,100.0,0.0,102.69987941810638,-0.4999999999999999
2025-07-25 04:15:00,0.01,100.0,0.0,110.60557356852732,-0.08333333333333333
2025-07-25 04:20:00,0.01,100.0,0.0,118.51126771894826,-0.08333333333333333
2025-07-25 04:25:00,-2.82,100.0,0.0,126.4169618693692,23.499999999999996
2025-07-25 04:30:00,0.06,100.0,0.0,134.32265601979014,-0.4999999999999999
2025-07-25 04:35:00,0.05,100.0,0.0,142.2283501702111,-0.41666666666666663
2025-07-25 04:40:00,0.05,100.0,0.0,150.13404432063203,-0.41666666666666663
2025-07-25 04:45:00,0.06,100.0,0.0,158.03973847105297,-0.4999999999999999
2025-07-25 04:50:00,8.94987,0.0,100.0,149.25563385947413,74.58225
2025-07-25 04:55:00,0.20003,100.0,0.0,157.16132800989507,-1.6669166666666666
2025-07-25 05:00:00,0.20003,100.0,0.0,165.06702216031601,-1.6669166666666666
2025-07-25 05:05:00,0.20003,100.0,0.0,172.97271631073696,-1.6669166666666666
2025-07-25 05:10:00,8.60014,0.0,100.0,164.18861169915812,71.66783333333332
2025-07-25 05:15:00,0.05141,100.0,0.0,172.09430584957906,-0.42841666666666656
2025-07-25 05:20:00,0.20553,100.0,0.0,180.0,-1.7127499999999998
2025-07-25 05:25:00,15.88,0.0,100.0,171.21589538842116,132.33333333333331
2025-07-25 05:30:00,8.95015,0.0,0.0,171.21589538842116,0.0
2025-07-25 05:35:00,0.01,100.0,0.0,179.1215895388421,-0.08333333333333333
2025-07-25 05:40:00,8.95,0.0,0.0,179.1215895388421,0.0
2025-07-25 05:45:00,8.95,0.0,0.0,179.1215895388421,0.0
2025-07-25 05:50:00,8.95023,0.0,0.0,179.1215895388421,0.0
2025-07-25 05:55:00,8.95,11.111111111111304,0.0,180.0,-8.28703703703718
2025-07-25 06:00:00,8.95,0.0,0.0,180.0,0.0
2025-07-25 06:05:00,8.95023,0.0,0.0,180.0,0.0
2025-07-25 06:10:00,33.8903,0.0,100.0,171.21589538842116,282.4191666666667
2025-07-25 06:15:00,20.0,0.0,100.0,162.43179077684232,166.66666666666663
2025-07-25 06:20:00,20.0,0.0,0.0,162.43179077684232,0.0
2025-07-25 06:25:00,8.95,100.0,0.0,170.33748492726326,-74.58333333333331
2025-07-25 06:30:00,20.0,0.0,69.99999999999959,164.18861169915812,116.66666666666598
2025-07-25 06:35:00,8.95052,100.0,0.0,172.09430584957906,-74.58766666666665
2025-07-25 06:40:00,8.94974,100.0,0.0,180.0,-74.58116666666666
2025-07-25 06:45:00,33.89,-0.0,0.0,180.0,0.0
2025-07-25 06:50:00,46.77893,0.0,89.99999999999993,172.09430584957906,350.8419749999997
2025-07-25 06:55:00,33.89,100.0,0.0,180.0,-282.41666666666663
2025-07-25 07:00:00,90.0,0.0,100.0,171.21589538842116,749.9999999999999
2025-07-25 07:05:00,68.43307,0.0,100.0,162.43179077684232,570.2755833333332
2025-07-25 07:10:00,20.0,100.0,0.0,170.33748492726326,-166.66666666666663
2025-07-25 07:15:00,130.23,0.0,100.0,161.55338031568442,1085.2499999999998
2025-07-25 07:20:00,130.23,0.0,100.0,152.76927570410558,1085.2499999999998
2025-07-25 07:25:00,46.42506,100.0,0.0,160.67496985452652,-386.8755
2025-07-25 07:30:00,127.35,0.0,100.0,151.89086524294768,1061.2499999999998
2025-07-25 07:35:00,108.02519,0.0,100.0,143.10676063136884,900.2099166666665
2025-07-25 07:40:00,81.98,0.0,100.0,134.32265601979,683.1666666666666
2025-07-25 07:45:00,81.98,0.0,100.0,125.53855140821118,683.1666666666666
2025-07-25 07:50:00,73.07211,0.0,100.0,116.75444679663235,608.9342499999999
2025-07-25 07:55:00,73.15295,0.0,100.0,107.97034218505352,609.6079166666666
2025-07-25 08:00:00,53.03403,0.0,0.0,107.97034218505352,0.0
2025-07-25 08:05:00,52.01013,0.0,0.0,107.97034218505352,0.0
2025-07-25 08:10:00,72.58487,0.0,100.0,99.1862375734747,604.8739166666666
2025-07-25 08:15:00,77.85467,0.0,100.0,90.40213296189587,648.7889166666665
2025-07-25 08:20:00,76.48577,0.0,100.0,81.61802835031705,637.3814166666666
2025-07-25 08:25:00,76.66936,0.0,100.0,72.83392373873822,638.9113333333332
2025-07-25 08:30:00,56.65679,0.0,100.0,64.0498191271594,472.1399166666666
2025-07-25 08:35:00,56.72826,0.0,100.0,55.26571451558056,472.73549999999994
2025-07-25 08:40:00,35.54132,100.0,0.0,63.17140866600151,-296.1776666666666
2025-07-25 08:45:00,48.47975,100.0,0.0,71.07710281642245,-403.99791666666664
2025-07-25 08:50:00,44.25783,100.0,0.0,78.9827969668434,-368.81524999999993
2025-07-25 08:55:00,55.97723,0.0,71.47193225698607,72.70462766947298,333.4000658744773
2025-07-25 09:00:00,56.10197,0.0,100.0,63.92052305789415,467.5164166666666
2025-07-25 09:05:00,82.98,0.0,100.0,55.13641844631533,691.4999999999999
2025-07-25 09:10:00,76.0705,0.0,100.0,46.3523138347365,633.9208333333332
2025-07-25 09:15:00,56.26812,0.0,100.0,37.568209223157666,468.90099999999995
2025-07-25 09:20:00,56.42315,0.0,100.0,28.784104611578833,470.1929166666666
2025-07-25 09:25:00,57.0742,0.0,100.0,20.0,475.6183333333332
2025-07-25 09:30:00,46.19,0.0,0.0,20.0,0.0
2025-07-25 09:35:00,44.71644,0.0,0.0,20.0,0.0
2025-07-25 09:40:00,27.01,100.0,0.0,27.90569415042095,-225.08333333333331
2025-07-25 09:45:00,20.0,100.0,0.0,35.8113883008419,-166.66666666666663
2025-07-25 09:50:00,8.95,100.0,0.0,43.71708245126285,-74.58333333333331
2025-07-25 09:55:00,20.0,100.0,0.0,51.622776601683796,-166.66666666666663
2025-07-25 10:00:00,8.95,100.0,0.0,59.528470752104745,-74.58333333333331
2025-07-25 10:05:00,33.89019,100.0,0.0,67.4341649025257,-282.41824999999994
2025-07-25 10:10:00,48.62829,0.0,38.528067743012265,64.04981912715954,156.12950427890382
2025-07-25 10:15:00,33.88989,100.0,0.0,71.95551327758048,-282.41574999999995
2025-07-25 10:20:00,34.00876,100.0,0.0,79.86120742800142,-283.4063333333333
2025-07-25 10:25:00,33.74211,100.0,0.0,87.76690157842236,-281.1842499999999
2025-07-25 10:30:00,34.03758,100.0,0.0,95.6725957288433,-283.64649999999995
2025-07-25 10:35:00,34.90354,100.0,0.0,103.57828987926425,-290.8628333333333
2025-07-25 10:40:00,34.60008,100.0,0.0,111.4839840296852,-288.33399999999995
2025-07-25 10:45:00,34.08647,100.0,0.0,119.38967818010615,-284.0539166666666
2025-07-25 10:50:00,50.49537,0.0,100.0,110.60557356852732,420.79474999999996
2025-07-25 10:55:00,35.5285,100.0,0.0,118.51126771894826,-296.0708333333333
2025-07-25 11:00:00,20.0,100.0,0.0,126.4169618693692,-166.66666666666663
2025-07-25 11:05:00,20.0,100.0,0.0,134.32265601979014,-166.66666666666663
2025-07-25 11:10:00,55.75498,0.0,100.0,125.5385514082113,464.6248333333333
2025-07-25 11:15:00,46.698,0.0,0.0,125.5385514082113,0.0
2025-07-25 11:20:00,19.18,100.0,0.0,133.44424555863225,-159.83333333333331
2025-07-25 11:25:00,20.0,100.0,0.0,141.3499397090532,-166.66666666666663
2025-07-25 11:30:00,23.62555,100.0,0.0,149.25563385947413,-196.8795833333333
2025-07-25 11:35:00,24.0076,100.0,0.0,157.16132800989507,-200.0633333333333
2025-07-25 11:40:00,24.93206,100.0,0.0,165.06702216031601,-207.76716666666664
2025-07-25 11:45:00,34.56037,100.0,0.0,172.97271631073696,-288.0030833333333
2025-07-25 11:50:00,62.02589,0.0,100.0,164.18861169915812,516.8824166666666
2025-07-25 11:55:00,24.93206,100.0,0.0,172.09430584957906,-207.76716666666664
2025-07-25 12:00:00,43.52345,100.0,0.0,180.0,-362.6954166666666
2025-07-25 12:05:00,75.7874,0.0,100.0,171.21589538842116,631.5616666666666
2025-07-25 12:10:00,93.87691,0.0,100.0,162.43179077684232,782.3075833333331
2025-07-25 12:15:00,76.90888,0.0,100.0,153.64768616526348,640.9073333333332
2025-07-25 12:20:00,57.09791,100.0,0.0,161.55338031568442,-475.81591666666657
2025-07-25 12:25:00,53.02166,100.0,0.0,169.45907446610536,-441.84716666666657
2025-07-25 12:30:00,73.06516,0.0,100.0,160.67496985452652,608.8763333333333
2025-07-25 12:35:00,65.50292,0.0,0.0,160.67496985452652,0.0
2025-07-25 12:40:00,63.79651,1.0785280415467628e-12,0.0,160.6749698545266,-5.733860415651539e-12
2025-07-25 12:45:00,72.02385,0.0,100.0,151.89086524294777,600.1987499999999
2025-07-25 12:50:00,92.01,0.0,100.0,143.10676063136893,766.7499999999999
2025-07-25 12:55:00,66.8491,0.0,0.0,143.10676063136893,0.0
2025-07-25 13:00:00,77.08904,0.0,100.0,134.3226560197901,642.4086666666666
2025-07-25 13:05:00,87.68456,0.0,100.0,125.53855140821126,730.7046666666666
2025-07-25 13:10:00,96.08702,0.0,100.0,116.75444679663242,800.7251666666665
2025-07-25 13:15:00,102.30726,0.0,100.0,107.9703421850536,852.5604999999998
2025-07-25 13:20:00,99.33445,0.0,100.0,99.18623757347477,827.7870833333333
2025-07-25 13:25:00,100.11471,0.0,100.0,90.40213296189594,834.2892499999999
2025-07-25 13:30:00,110.50742,0.0,100.0,81.61802835031712,920.8951666666665
2025-07-25 13:35:00,92.01,0.0,100.0,72.83392373873829,766.7499999999999
2025-07-25 13:40:00,63.60152,100.0,0.0,80.73961788915923,-530.0126666666666
2025-07-25 13:45:00,53.71418,100.0,0.0,88.64531203958018,-447.6181666666666
2025-07-25 13:50:00,54.54918,100.0,0.0,96.55100619000112,-454.57649999999995
2025-07-25 13:55:00,76.56,0.0,100.0,87.76690157842229,637.9999999999999
2025-07-25 14:00:00,73.24488,0.0,100.0,78.98279696684347,610.3739999999999
2025-07-25 14:05:00,82.88165,0.0,100.0,70.19869235526464,690.6804166666665
2025-07-25 14:10:00,54.4918,100.0,0.0,78.10438650568558,-454.09833333333324
2025-07-25 14:15:00,54.39178,100.0,0.0,86.01008065610652,-453.26483333333323
2025-07-25 14:20:00,53.27306,100.0,0.0,93.91577480652747,-443.9421666666666
2025-07-25 14:25:00,32.94573,100.0,0.0,101.82146895694841,-274.54774999999995
2025-07-25 14:30:00,78.33124,0.0,100.0,93.03736434536958,652.7603333333332
2025-07-25 14:35:00,70.69835,0.0,0.0,93.03736434536958,0.0
2025-07-25 14:40:00,8.95,100.0,0.0,100.94305849579052,-74.58333333333331
2025-07-25 14:45:00,21.15,100.0,0.0,108.84875264621148,-176.24999999999997
2025-07-25 14:50:00,20.0,100.0,0.0,116.75444679663242,-166.66666666666663
2025-07-25 14:55:00,20.0,100.0,0.0,124.66014094705338,-166.66666666666663
2025-07-25 15:00:00,21.967,100.0,0.0,132.56583509747432,-183.0583333333333
2025-07-25 15:05:00,19.18,100.0,0.0,140.47152924789526,-159.83333333333331
2025-07-25 15:10:00,11.86959,100.0,0.0,148.3772233983162,-98.91324999999999
2025-07-25 15:15:00,22.96263,100.0,0.0,156.28291754873717,-191.35524999999998
2025-07-25 15:20:00,22.96263,100.0,0.0,164.18861169915812,-191.35524999999998
2025-07-25 15:25:00,23.42385,100.0,0.0,172.09430584957906,-195.19875
2025-07-25 15:30:00,28.93797,100.0,0.0,180.0,-241.14974999999995
2025-07-25 15:35:00,132.22931,0.0,100.0,171.21589538842116,1101.9109166666665
2025-07-25 15:40:00,102.23086,0.0,100.0,162.43179077684232,851.9238333333333
2025-07-25 15:45:00,44.03335,100.0,0.0,170.33748492726326,-366.94458333333324
2025-07-25 15:50:00,127.93229,0.0,100.0,161.55338031568442,1066.1024166666664
2025-07-25 15:55:00,130.23,0.0,100.0,152.76927570410558,1085.2499999999998
2025-07-25 16:00:00,127.00473,0.0,100.0,143.98517109252674,1058.3727499999998
2025-07-25 16:05:00,105.31785,0.0,100.0,135.2010664809479,877.64875
2025-07-25 16:10:00,45.62195,100.0,0.0,143.10676063136884,-380.1829166666666
2025-07-25 16:15:00,128.3305,0.0,100.0,134.32265601979,1069.4208333333331
2025-07-25 16:20:00,128.40905,0.0,100.0,125.53855140821118,1070.0754166666666
2025-07-25 16:25:00,103.28279,0.0,100.0,116.75444679663235,860.6899166666666
2025-07-25 16:30:00,79.62613,100.0,0.0,124.66014094705329,-663.5510833333333
2025-07-25 16:35:00,81.98,100.0,0.0,132.56583509747423,-683.1666666666666
2025-07-25 16:40:00,100.80886,0.0,0.0,132.56583509747423,0.0
2025-07-25 16:45:00,102.41196,0.0,100.0,123.78173048589541,853.4329999999999
2025-07-25 16:50:00,130.23,0.0,100.0,114.99762587431658,1085.2499999999998
2025-07-25 16:55:00,140.08292,0.0,100.0,106.21352126273776,1167.3576666666665
2025-07-25 17:00:00,149.84443,0.0,100.0,97.42941665115893,1248.703583333333
2025-07-25 17:05:00,125.5242,0.0,100.0,88.6453120395801,1046.0349999999999
2025-07-25 17:10:00,126.33106,0.0,100.0,79.86120742800128,1052.758833333333
2025-07-25 17:15:00,163.88917,0.0,100.0,71.07710281642245,1365.7430833333333
2025-07-25 17:20:00,76.79318,100.0,0.0,78.98279696684341,-639.9431666666667
2025-07-25 17:25:00,76.58276,100.0,0.0,86.88849111726435,-638.1896666666665
2025-07-25 17:30:00,193.81915,0.0,100.0,78.10438650568553,1615.159583333333
2025-07-25 17:35:00,274.38948,0.0,100.0,69.3202818941067,2286.5789999999997
2025-07-25 17:40:00,194.73973,0.0,100.0,60.536177282527866,1622.8310833333333
2025-07-25 17:45:00,264.60225,0.0,100.0,51.75207267094903,2205.0187499999997
2025-07-25 17:50:00,211.23262,0.0,100.0,42.9679680593702,1760.271833333333
2025-07-25 17:55:00,81.98,100.0,0.0,50.87366220979115,-683.1666666666666
2025-07-25 18:00:00,-468.93136,100.0,0.0,58.7793563602121,3907.7613333333325
2025-07-25 18:05:00,130.23,0.0,100.0,49.995251748633265,1085.2499999999998
2025-07-25 18:10:00,130.23,0.0,100.0,41.21114713705443,1085.2499999999998
2025-07-25 18:15:00,81.98,100.0,0.0,49.11684128747538,-683.1666666666666
2025-07-25 18:20:00,81.98,100.0,0.0,57.02253543789633,-683.1666666666666
2025-07-25 18:25:00,81.98,100.0,0.0,64.92822958831728,-683.1666666666666
2025-07-25 18:30:00,81.98,100.0,0.0,72.83392373873822,-683.1666666666666
2025-07-25 18:35:00,247.50824,0.0,100.0,64.0498191271594,2062.5686666666666
2025-07-25 18:40:00,99.64617,0.0,0.0,64.0498191271594,0.0
2025-07-25 18:45:00,101.19654,0.0,71.47193225698614,57.77164982978898,602.7260209601155
2025-07-25 18:50:00,99.15529,0.0,0.0,57.77164982978898,0.0
2025-07-25 18:55:00,90.14542,100.0,0.0,65.67734398020993,-751.2118333333333
2025-07-25 19:00:00,30.86475,100.0,0.0,73.58303813063087,-257.20624999999995
2025-07-25 19:05:00,91.84975,0.0,0.0,73.58303813063087,0.0
2025-07-25 19:10:00,167.10467,0.0,100.0,64.79893351905204,1392.5389166666664
2025-07-25 19:15:00,132.35592,0.0,100.0,56.014828907473216,1102.966
2025-07-25 19:20:00,160.69939,0.0,100.0,47.23072429589438,1339.161583333333
2025-07-25 19:25:00,89.57231,100.0,0.0,55.13641844631533,-746.4359166666666
2025-07-25 19:30:00,124.13475,0.0,100.0,46.3523138347365,1034.4562499999997
2025-07-25 19:35:00,149.49834,0.0,100.0,37.568209223157666,1245.8194999999998
2025-07-25 19:40:00,122.74494,0.0,100.0,28.784104611578833,1022.8744999999999
2025-07-25 19:45:00,129.37867,0.0,100.0,20.0,1078.1555833333332
2025-07-25 19:50:00,68.24638,100.0,0.0,27.90569415042095,-568.7198333333332
2025-07-25 19:55:00,68.22869,100.0,0.0,35.8113883008419,-568.5724166666666
2025-07-25 20:00:00,60.93644,100.0,0.0,43.71708245126285,-507.8036666666666
2025-07-25 20:05:00,81.98,0.0,0.0,43.71708245126285,0.0
2025-07-25 20:10:00,81.98,0.0,0.0,43.71708245126285,0.0
2025-07-25 20:15:00,81.98,44.44444444444449,0.0,47.23072429589438,-303.62962962962996
2025-07-25 20:20:00,0.00013,100.0,0.0,55.13641844631533,-0.001083333333333333
2025-07-25 20:25:00,81.98,0.0,0.0,55.13641844631533,0.0
2025-07-25 20:30:00,90.69858,0.0,0.0,55.13641844631533,0.0
2025-07-25 20:35:00,131.57883,0.0,100.0,46.3523138347365,1096.4902499999998
2025-07-25 20:40:00,90.69858,0.0,0.0,46.3523138347365,0.0
2025-07-25 20:45:00,131.57844,0.0,100.0,37.568209223157666,1096.4869999999999
2025-07-25 20:50:00,131.57782,0.0,100.0,28.784104611578833,1096.4818333333333
2025-07-25 20:55:00,130.24325,0.0,100.0,20.0,1085.3604166666664
2025-07-25 21:00:00,48.63957,0.0,-0.0,20.0,-0.0
2025-07-25 21:05:00,-2.6216,100.0,0.0,27.90569415042095,21.846666666666664
2025-07-25 21:10:00,20.0,0.0,90.00000000000001,20.0,150.00000000000003
2025-07-25 21:15:00,0.01,0.0,0.0,20.0,0.0
2025-07-25 21:20:00,-2.82,100.0,0.0,27.90569415042095,23.499999999999996
2025-07-25 21:25:00,-2.82,100.0,0.0,35.8113883008419,23.499999999999996
2025-07-25 21:30:00,0.50997,0.0,100.0,27.027283689263065,4.24975
2025-07-25 21:35:00,-2.82,100.0,0.0,34.932977839684014,23.499999999999996
2025-07-25 21:40:00,-9.96,100.0,0.0,42.83867199010496,83.0
2025-07-25 21:45:00,-11.79,100.0,0.0,50.74436614052591,98.24999999999999
2025-07-25 21:50:00,-9.96,100.0,0.0,58.65006029094686,83.0
2025-07-25 21:55:00,-12.99995,100.0,0.0,66.55575444136781,108.33291666666665
2025-07-25 22:00:00,-13.99976,100.0,0.0,74.46144859178875,116.66466666666665
2025-07-25 22:05:00,-13.99976,100.0,0.0,82.3671427422097,116.66466666666665
2025-07-25 22:10:00,-12.99995,100.0,0.0,90.27283689263064,108.33291666666665
2025-07-25 22:15:00,-12.99995,100.0,0.0,98.17853104305158,108.33291666666665
2025-07-25 22:20:00,-12.99995,100.0,0.0,106.08422519347252,108.33291666666665
2025-07-25 22:25:00,-11.79,100.0,0.0,113.98991934389346,98.24999999999999
2025-07-25 22:30:00,-7.41,100.0,0.0,121.8956134943144,61.74999999999999
2025-07-25 22:35:00,-7.41,100.0,0.0,129.80130764473535,61.74999999999999
2025-07-25 22:40:00,-7.74924,100.0,0.0,137.7070017951563,64.577
2025-07-25 22:45:00,0.0,100.0,0.0,145.61269594557723,-0.0
2025-07-25 22:50:00,3e-05,100.0,0.0,153.51839009599817,-0.00024999999999999995
2025-07-25 22:55:00,3e-05,100.0,0.0,161.4240842464191,-0.00024999999999999995
2025-07-25 23:00:00,-2.82,100.0,0.0,169.32977839684006,23.499999999999996
2025-07-25 23:05:00,0.01,0.0,100.0,160.54567378526122,0.08333333333333333
2025-07-25 23:10:00,0.05197,0.0,100.0,151.76156917368237,0.43308333333333326
2025-07-25 23:15:00,0.26258,0.0,100.0,142.97746456210353,2.188166666666666
2025-07-25 23:20:00,18.9819,0.0,100.0,134.1933599505247,158.18249999999998
2025-07-25 23:25:00,20.0,0.0,100.0,125.40925533894587,166.66666666666663
2025-07-25 23:30:00,0.06,0.0,100.0,116.62515072736704,0.4999999999999999
2025-07-25 23:35:00,10.49722,0.0,100.0,107.84104611578822,87.47683333333333
2025-07-25 23:40:00,20.0,0.0,100.0,99.05694150420939,166.66666666666663
2025-07-25 23:45:00,0.06,0.0,100.0,90.27283689263056,0.4999999999999999
2025-07-25 23:50:00,8.95,0.0,100.0,81.48873228105174,74.58333333333331
2025-07-25 23:55:00,0.01,0.0,100.0,72.70462766947291,0.08333333333333333
2025-07-26 00:00:00,-0.99,100.0,0.0,80.61032181989385,8.249999999999998
2025-07-26 00:05:00,0.01,0.0,100.0,71.82621720831503,0.08333333333333333
2025-07-26 00:10:00,0.05316,0.0,100.0,63.042112596736196,0.44299999999999995
2025-07-26 00:15:00,0.06,0.0,100.0,54.25800798515736,0.4999999999999999
2025-07-26 00:20:00,0.01,0.0,100.0,45.47390337357853,0.08333333333333333
2025-07-26 00:25:00,0.0,100.0,0.0,53.37959752399948,-0.0
2025-07-26 00:30:00,0.01,0.0,100.0,44.595492912420646,0.08333333333333333
2025-07-26 00:35:00,0.01,0.0,100.0,35.81138830084181,0.08333333333333333
2025-07-26 00:40:00,0.01,0.0,100.0,27.02728368926298,0.08333333333333333
2025-07-26 00:45:00,0.0,100.0,0.0,34.93297783968393,-0.0
2025-07-26 00:50:00,0.0,100.0,0.0,42.83867199010488,-0.0
2025-07-26 00:55:00,0.01,0.0,100.0,34.054567378526045,0.08333333333333333
2025-07-26 01:00:00,3e-05,100.0,0.0,41.960261528946994,-0.00024999999999999995
2025-07-26 01:05:00,0.01,0.0,100.0,33.17615691736816,0.08333333333333333
2025-07-26 01:10:00,0.00447,0.0,49.999999999999,28.784104611578833,0.018624999999999624
2025-07-26 01:15:00,0.00447,0.0,0.0,28.784104611578833,0.0
2025-07-26 01:20:00,0.01,0.0,100.0,20.0,0.08333333333333333
2025-07-26 01:25:00,-7.41,100.0,0.0,27.90569415042095,61.74999999999999
2025-07-26 01:30:00,-9.83,100.0,0.0,35.8113883008419,81.91666666666666
2025-07-26 01:35:00,-2.53094,100.0,0.0,43.71708245126285,21.091166666666666
2025-07-26 01:40:00,0.01,0.0,100.0,34.932977839684014,0.08333333333333333
2025-07-26 01:45:00,-2.28769,100.0,0.0,42.83867199010496,19.06408333333333
2025-07-26 01:50:00,-1.92896,100.0,0.0,50.74436614052591,16.074666666666666
2025-07-26 01:55:00,0.00447,0.0,100.0,41.96026152894708,0.03724999999999999
2025-07-26 02:00:00,0.00447,0.0,49.99999999999997,37.568209223157666,0.01862499999999999
2025-07-26 02:05:00,0.01,0.0,100.0,28.784104611578833,0.08333333333333333
2025-07-26 02:10:00,0.01,0.0,100.0,20.0,0.08333333333333333
2025-07-26 02:15:00,3e-05,0.0,0.0,20.0,0.0
2025-07-26 02:20:00,0.0,0.0,0.0,20.0,0.0
2025-07-26 02:25:00,-1.92637,100.0,0.0,27.90569415042095,16.05308333333333
2025-07-26 02:30:00,-9.83,100.0,0.0,35.8113883008419,81.91666666666666
2025-07-26 02:35:00,0.0,0.0,80.0,28.784104611578833,0.0
2025-07-26 02:40:00,0.01,0.0,100.0,20.0,0.08333333333333333
2025-07-26 02:45:00,0.0,0.0,0.0,20.0,0.0
2025-07-26 02:50:00,-8.79178,100.0,0.0,27.90569415042095,73.26483333333331
2025-07-26 02:55:00,-2.139,0.0,38.52806774301259,24.521348375054764,-6.867628075191994
2025-07-26 03:00:00,-2.16545,100.0,0.0,32.42704252547571,18.045416666666664
2025-07-26 03:05:00,-2.82,100.0,0.0,40.33273667589666,23.499999999999996
2025-07-26 03:10:00,-8.71802,100.0,0.0,48.23843082631761,72.65016666666665
2025-07-26 03:15:00,0.0,0.0,100.0,39.45432621473878,0.0
2025-07-26 03:20:00,0.0,0.0,100.0,30.670221603159952,0.0
2025-07-26 03:25:00,-2.21825,100.0,0.0,38.5759157535809,18.485416666666662
2025-07-26 03:30:00,-8.84198,100.0,0.0,46.48160990400185,73.68316666666665
2025-07-26 03:35:00,-8.75321,100.0,0.0,54.3873040544228,72.94341666666665
2025-07-26 03:40:00,-7.41,100.0,0.0,62.29299820484375,61.74999999999999
2025-07-26 03:45:00,0.0,0.0,100.0,53.508893593264915,0.0
2025-07-26 03:50:00,-2.82,100.0,0.0,61.414587743685864,23.499999999999996
2025-07-26 03:55:00,-2.82,100.0,0.0,69.32028189410681,23.499999999999996
2025-07-26 04:00:00,-8.6805,100.0,0.0,77.22597604452775,72.33749999999999
2025-07-26 04:05:00,-9.83,100.0,0.0,85.1316701949487,81.91666666666666
2025-07-26 04:10:00,-7.41,100.0,0.0,93.03736434536964,61.74999999999999
2025-07-26 04:15:00,-12.0,100.0,0.0,100.94305849579058,99.99999999999999
2025-07-26 04:20:00,-2.16778,100.0,0.0,108.84875264621152,18.064833333333333
2025-07-26 04:25:00,-9.83,100.0,0.0,116.75444679663246,81.91666666666666
2025-07-26 04:30:00,-8.95166,100.0,0.0,124.6601409470534,74.59716666666667
2025-07-26 04:35:00,-2.27045,100.0,0.0,132.56583509747435,18.920416666666664
2025-07-26 04:40:00,-7.41,100.0,0.0,140.4715292478953,61.74999999999999
2025-07-26 04:45:00,-2.82,100.0,0.0,148.37722339831623,23.499999999999996
2025-07-26 04:50:00,-2.82,100.0,0.0,156.28291754873717,23.499999999999996
2025-07-26 04:55:00,-2.82,100.0,0.0,164.18861169915812,23.499999999999996
2025-07-26 05:00:00,-2.22893,100.0,0.0,172.09430584957906,18.574416666666664
2025-07-26 05:05:00,-12.0,100.0,0.0,180.0,99.99999999999999
2025-07-26 05:10:00,0.0,0.0,89.99999999999993,172.09430584957906,0.0
2025-07-26 05:15:00,-2.82,100.0,0.0,180.0,23.499999999999996
2025-07-26 05:20:00,0.01,0.0,0.0,180.0,0.0
2025-07-26 05:25:00,0.01,0.0,0.0,180.0,0.0
2025-07-26 05:30:00,0.01,0.0,0.0,180.0,0.0
2025-07-26 05:35:00,0.20003,0.0,100.0,171.21589538842116,1.6669166666666666
2025-07-26 05:40:00,0.01,0.0,0.0,171.21589538842116,0.0
2025-07-26 05:45:00,0.01,0.0,0.0,171.21589538842116,0.0
2025-07-26 05:50:00,0.01,11.111111111111304,0.0,172.09430584957906,-0.00925925925925942
2025-07-26 05:55:00,0.01,100.0,0.0,180.0,-0.08333333333333333
2025-07-26 06:00:00,20.04,0.0,100.0,171.21589538842116,166.99999999999997
2025-07-26 06:05:00,20.04,0.0,100.0,162.43179077684232,166.99999999999997
2025-07-26 06:10:00,20.0,0.0,100.0,153.64768616526348,166.66666666666663
2025-07-26 06:15:00,20.0,0.0,100.0,144.86358155368464,166.66666666666663
2025-07-26 06:20:00,20.0,0.0,19.999999999998725,143.10676063136899,33.33333333333121
2025-07-26 06:25:00,20.0,0.0,0.0,143.10676063136899,0.0
2025-07-26 06:30:00,45.89,0.0,100.0,134.32265601979014,382.41666666666663
2025-07-26 06:35:00,20.0,0.0,0.0,134.32265601979014,0.0
2025-07-26 06:40:00,8.94982,100.0,0.0,142.2283501702111,-74.58183333333334
2025-07-26 06:45:00,50.62461,0.0,100.0,133.44424555863225,421.8717499999999
2025-07-26 06:50:00,12.42,100.0,0.0,141.3499397090532,-103.49999999999999
2025-07-26 06:55:00,8.94982,100.0,0.0,149.25563385947413,-74.58183333333334
2025-07-26 07:00:00,8.9506,100.0,0.0,157.16132800989507,-74.58833333333332
2025-07-26 07:05:00,49.13993,0.0,100.0,148.37722339831623,409.4994166666666
2025-07-26 07:10:00,8.95,100.0,0.0,156.28291754873717,-74.58333333333331
2025-07-26 07:15:00,8.95,100.0,0.0,164.18861169915812,-74.58333333333331
2025-07-26 07:20:00,8.95023,100.0,0.0,172.09430584957906,-74.58524999999999
2025-07-26 07:25:00,19.18,0.0,0.0,172.09430584957906,0.0
2025-07-26 07:30:00,19.18,0.0,0.0,172.09430584957906,0.0
2025-07-26 07:35:00,8.95,100.0,0.0,180.0,-74.58333333333331
2025-07-26 07:40:00,37.45137,0.0,0.0,180.0,0.0
2025-07-26 07:45:00,42.81648,-0.0,0.0,180.0,0.0
2025-07-26 07:50:00,53.47631,0.0,0.0,180.0,0.0
2025-07-26 07:55:00,70.80411,0.0,0.0,180.0,0.0
2025-07-26 08:00:00,73.20343,0.0,0.0,180.0,0.0
2025-07-26 08:05:00,95.12347,0.0,100.0,171.21589538842116,792.6955833333332
2025-07-26 08:10:00,69.43739,98.36451971445995,0.0,178.99229346957688,-569.1812931313035
2025-07-26 08:15:00,75.8,0.0,0.0,178.99229346957688,0.0
2025-07-26 08:20:00,70.39544,0.0,0.0,178.99229346957688,0.0
2025-07-26 08:25:00,70.91104,0.0,0.0,178.99229346957688,0.0
2025-07-26 08:30:00,74.24071,0.0,0.0,178.99229346957688,0.0
2025-07-26 08:35:00,75.89,0.0,0.0,178.99229346957688,0.0
2025-07-26 08:40:00,82.79017,0.0,100.0,170.20818885799804,689.9180833333332
2025-07-26 08:45:00,79.93712,0.0,100.0,161.4240842464192,666.1426666666665
2025-07-26 08:50:00,75.8,0.0,0.0,161.4240842464192,0.0
2025-07-26 08:55:00,75.19388,0.0,0.0,161.4240842464192,0.0
2025-07-26 09:00:00,75.8,0.0,0.0,161.4240842464192,0.0
2025-07-26 09:05:00,80.08503,0.0,100.0,152.63997963484036,667.3752499999999
2025-07-26 09:10:00,75.8,0.0,0.0,152.63997963484036,0.0
2025-07-26 09:15:00,79.41,0.0,100.0,143.85587502326152,661.7499999999999
2025-07-26 09:20:00,75.89,0.0,0.0,143.85587502326152,0.0
2025-07-26 09:25:00,67.83785,100.0,0.0,151.76156917368246,-565.3154166666666
2025-07-26 09:30:00,80.43672,0.0,100.0,142.97746456210362,670.3059999999998
2025-07-26 09:35:00,77.75834,0.0,100.0,134.19335995052478,647.9861666666666
2025-07-26 09:40:00,99.85527,0.0,100.0,125.40925533894595,832.1272499999999
2025-07-26 09:45:00,77.23398,0.0,100.0,116.62515072736713,643.6165
2025-07-26 09:50:00,75.89,0.0,0.0,116.62515072736713,0.0
2025-07-26 09:55:00,75.89,0.0,0.0,116.62515072736713,0.0
2025-07-26 10:00:00,75.8,0.0,0.0,116.62515072736713,0.0
2025-07-26 10:05:00,75.8,0.0,0.0,116.62515072736713,0.0
2025-07-26 10:10:00,93.5622,0.0,100.0,107.8410461157883,779.685
2025-07-26 10:15:00,75.8,0.0,0.0,107.8410461157883,0.0
2025-07-26 10:20:00,75.89,0.0,0.0,107.8410461157883,0.0
2025-07-26 10:25:00,83.03462,0.0,100.0,99.05694150420948,691.9551666666666
2025-07-26 10:30:00,110.79603,0.0,100.0,90.27283689263065,923.3002499999999
2025-07-26 10:35:00,77.75133,0.0,100.0,81.48873228105182,647.9277499999998
2025-07-26 10:40:00,94.61643,0.0,100.0,72.704627669473,788.4702499999999
2025-07-26 10:45:00,83.49,0.0,100.0,63.920523057894165,695.7499999999999
2025-07-26 10:50:00,80.72281,0.0,100.0,55.13641844631533,672.6900833333332
2025-07-26 10:55:00,81.22596,0.0,100.0,46.3523138347365,676.8829999999999
2025-07-26 11:00:00,78.1114,0.0,100.0,37.568209223157666,650.9283333333333
2025-07-26 11:05:00,77.87,0.0,100.0,28.784104611578833,648.9166666666666
2025-07-26 11:10:00,76.98526,0.0,0.0,28.784104611578833,0.0
2025-07-26 11:15:00,77.44343,0.0,100.0,20.0,645.3619166666666
2025-07-26 11:20:00,70.34268,0.0,0.0,20.0,0.0
2025-07-26 11:25:00,75.8,0.0,0.0,20.0,0.0
2025-07-26 11:30:00,75.75204,0.0,0.0,20.0,0.0
2025-07-26 11:35:00,74.70436,0.0,0.0,20.0,0.0
2025-07-26 11:40:00,74.5817,0.0,0.0,20.0,0.0
2025-07-26 11:45:00,75.8,0.0,0.0,20.0,0.0
2025-07-26 11:50:00,75.8,0.0,0.0,20.0,0.0
2025-07-26 11:55:00,73.08898,0.0,0.0,20.0,0.0
2025-07-26 12:00:00,67.90998,0.0,0.0,20.0,0.0
2025-07-26 12:05:00,50.04586,100.0,0.0,27.90569415042095,-417.0488333333333
2025-07-26 12:10:00,57.13315,100.0,0.0,35.8113883008419,-476.10958333333326
2025-07-26 12:15:00,57.6648,100.0,0.0,43.71708245126285,-480.5399999999999
2025-07-26 12:20:00,50.24498,100.0,0.0,51.622776601683796,-418.7081666666666
2025-07-26 12:25:00,20.0,100.0,0.0,59.528470752104745,-166.66666666666663
2025-07-26 12:30:00,29.03486,100.0,0.0,67.4341649025257,-241.9571666666666
2025-07-26 12:35:00,22.63061,100.0,0.0,75.33985905294664,-188.58841666666666
2025-07-26 12:40:00,62.01,57.19103584109723,0.0,79.8612074280014,-295.5346777088699
2025-07-26 12:45:00,27.21582,100.0,0.0,87.76690157842235,-226.79849999999996
2025-07-26 12:50:00,20.56007,100.0,0.0,95.67259572884329,-171.33391666666665
2025-07-26 12:55:00,49.4624,100.0,0.0,103.57828987926425,-412.1866666666666
2025-07-26 13:00:00,45.33928,100.0,0.0,111.48398402968519,-377.8273333333333
2025-07-26 13:05:00,48.32769,100.0,0.0,119.38967818010613,-402.73074999999994
2025-07-26 13:10:00,90.09405,0.0,100.0,110.6055735685273,750.7837499999998
2025-07-26 13:15:00,66.26549,0.0,0.0,110.6055735685273,0.0
2025-07-26 13:20:00,74.09103,0.0,100.0,101.82146895694848,617.4252499999999
2025-07-26 13:25:00,48.56789,100.0,0.0,109.72716310736942,-404.7324166666666
2025-07-26 13:30:00,55.15085,100.0,0.0,117.63285725779036,-459.5904166666666
2025-07-26 13:35:00,46.66596,100.0,0.0,125.5385514082113,-388.8829999999999
2025-07-26 13:40:00,36.18598,100.0,0.0,133.44424555863225,-301.5498333333333
2025-07-26 13:45:00,63.9641,0.0,0.0,133.44424555863225,0.0
2025-07-26 13:50:00,63.83572,0.0,0.0,133.44424555863225,0.0
2025-07-26 13:55:00,63.68138,0.0,0.0,133.44424555863225,0.0
2025-07-26 14:00:00,56.74299,100.0,0.0,141.3499397090532,-472.85824999999994
2025-07-26 14:05:00,66.62647,0.0,0.0,141.3499397090532,0.0
2025-07-26 14:10:00,60.596,100.0,0.0,149.25563385947413,-504.9666666666666
2025-07-26 14:15:00,76.36,0.0,100.0,140.4715292478953,636.3333333333333
2025-07-26 14:20:00,59.59111,100.0,0.0,148.37722339831623,-496.59258333333327
2025-07-26 14:25:00,63.31581,0.0,0.0,148.37722339831623,0.0
2025-07-26 14:30:00,67.58742,0.0,0.0,148.37722339831623,0.0
2025-07-26 14:35:00,58.50906,100.0,0.0,156.28291754873717,-487.5754999999999
2025-07-26 14:40:00,62.66317,0.0,0.0,156.28291754873717,0.0
2025-07-26 14:45:00,52.9603,100.0,0.0,164.18861169915812,-441.33583333333326
2025-07-26 14:50:00,58.96571,100.0,0.0,172.09430584957906,-491.3809166666666
2025-07-26 14:55:00,63.96405,0.0,0.0,172.09430584957906,0.0
2025-07-26 15:00:00,60.57837,100.0,0.0,180.0,-504.81974999999994
2025-07-26 15:05:00,63.60996,0.0,0.0,180.0,0.0
2025-07-26 15:10:00,70.14685,0.0,89.99999999999993,172.09430584957906,526.1013749999996
2025-07-26 15:15:00,62.97068,100.0,0.0,180.0,-524.7556666666666
2025-07-26 15:20:00,77.62593,0.0,0.0,180.0,0.0
2025-07-26 15:25:00,77.81945,0.0,0.0,180.0,0.0
2025-07-26 15:30:00,83.0218,0.0,89.99999999999993,172.09430584957906,622.6634999999994
2025-07-26 15:35:00,73.40853,100.0,0.0,180.0,-611.7377499999999
2025-07-26 15:40:00,84.4761,0.0,-0.0,180.0,-0.0
2025-07-26 15:45:00,77.78693,0.0,0.0,180.0,0.0
2025-07-26 15:50:00,113.63265,0.0,100.0,171.21589538842116,946.9387499999998
2025-07-26 15:55:00,82.99847,0.0,0.0,171.21589538842116,0.0
2025-07-26 16:00:00,120.0,0.0,100.0,162.43179077684232,999.9999999999999
2025-07-26 16:05:00,80.0,0.0,0.0,162.43179077684232,0.0
2025-07-26 16:10:00,79.14,22.22222222222261,0.0,164.18861169915812,-146.5555555555581
2025-07-26 16:15:00,78.43926,100.0,0.0,172.09430584957906,-653.6605
2025-07-26 16:20:00,80.0,0.0,0.0,172.09430584957906,0.0
2025-07-26 16:25:00,78.70065,100.0,0.0,180.0,-655.8387499999999
2025-07-26 16:30:00,87.23035,0.0,0.0,180.0,0.0
2025-07-26 16:35:00,80.0,0.0,0.0,180.0,0.0
2025-07-26 16:40:00,80.0,0.0,0.0,180.0,0.0
2025-07-26 16:45:00,80.0,0.0,0.0,180.0,0.0
2025-07-26 16:50:00,91.57851,0.0,100.0,171.21589538842116,763.1542499999998
2025-07-26 16:55:00,90.54483,0.0,100.0,162.43179077684232,754.5402499999999
2025-07-26 17:00:00,80.0,0.0,0.0,162.43179077684232,0.0
2025-07-26 17:05:00,91.8388,0.0,100.0,153.64768616526348,765.3233333333333
2025-07-26 17:10:00,80.0,44.44444444444522,0.0,157.16132800989507,-296.2962962963014
2025-07-26 17:15:00,87.80911,0.0,0.0,157.16132800989507,0.0
2025-07-26 17:20:00,80.0,100.0,0.0,165.06702216031601,-666.6666666666665
2025-07-26 17:25:00,80.0,100.0,0.0,172.97271631073696,-666.6666666666665
2025-07-26 17:30:00,118.02,0.0,100.0,164.18861169915812,983.4999999999998
2025-07-26 17:35:00,80.0,100.0,0.0,172.09430584957906,-666.6666666666665
2025-07-26 17:40:00,80.0,100.0,0.0,180.0,-666.6666666666665
2025-07-26 17:45:00,80.75325,0.0,0.0,180.0,0.0
2025-07-26 17:50:00,93.98612,0.0,100.0,171.21589538842116,783.2176666666666
2025-07-26 17:55:00,80.0,100.0,0.0,179.1215895388421,-666.6666666666665
2025-07-26 18:00:00,89.66109,0.0,79.99999999999976,172.09430584957906,597.7405999999982
2025-07-26 18:05:00,80.0,100.0,0.0,180.0,-666.6666666666665
2025-07-26 18:10:00,93.08366,0.0,100.0,171.21589538842116,775.6971666666665
2025-07-26 18:15:00,90.7097,0.0,0.0,171.21589538842116,0.0
2025-07-26 18:20:00,90.01509,0.0,0.0,171.21589538842116,0.0
2025-07-26 18:25:00,82.98,0.0,0.0,171.21589538842116,0.0
2025-07-26 18:30:00,90.43351,0.0,0.0,171.21589538842116,0.0
2025-07-26 18:35:00,86.40021,0.0,0.0,171.21589538842116,0.0
2025-07-26 18:40:00,80.0,100.0,0.0,179.1215895388421,-666.6666666666665
2025-07-26 18:45:00,91.20513,0.0,0.0,179.1215895388421,0.0
2025-07-26 18:50:00,82.98,11.111111111111304,0.0,180.0,-76.83333333333468
2025-07-26 18:55:00,83.12627,0.0,0.0,180.0,0.0
2025-07-26 19:00:00,85.80032,0.0,0.0,180.0,0.0
2025-07-26 19:05:00,114.23052,0.0,100.0,171.21589538842116,951.9209999999998
2025-07-26 19:10:00,93.17889,0.0,79.99999999999976,164.18861169915812,621.192599999998
2025-07-26 19:15:00,82.99,100.0,0.0,172.09430584957906,-691.5833333333331
2025-07-26 19:20:00,80.0,100.0,0.0,180.0,-666.6666666666665
2025-07-26 19:25:00,84.89918,0.0,0.0,180.0,0.0
2025-07-26 19:30:00,84.31541,0.0,0.0,180.0,0.0
2025-07-26 19:35:00,126.11,0.0,100.0,171.21589538842116,1050.9166666666665
2025-07-26 19:40:00,125.85,0.0,100.0,162.43179077684232,1048.7499999999998
2025-07-26 19:45:00,125.49,0.0,0.0,162.43179077684232,0.0
2025-07-26 19:50:00,125.49,0.0,0.0,162.43179077684232,0.0
2025-07-26 19:55:00,131.23,0.0,100.0,153.64768616526348,1093.583333333333
2025-07-26 20:00:00,131.23,0.0,100.0,144.86358155368464,1093.583333333333
2025-07-26 20:05:00,86.89445,100.0,0.0,152.76927570410558,-724.1204166666666
2025-07-26 20:10:00,126.05,0.0,100.0,143.98517109252674,1050.4166666666665
2025-07-26 20:15:00,131.23,0.0,100.0,135.2010664809479,1093.583333333333
2025-07-26 20:20:00,125.78,0.0,91.47193225698624,127.16607626126171,958.778303273644
2025-07-26 20:25:00,131.23,0.0,100.0,118.38197164968288,1093.583333333333
2025-07-26 20:30:00,134.37097,0.0,100.0,109.59786703810406,1119.7580833333332
2025-07-26 20:35:00,136.83343,0.0,100.0,100.81376242652523,1140.278583333333
2025-07-26 20:40:00,131.23,0.0,100.0,92.0296578149464,1093.583333333333
2025-07-26 20:45:00,131.23,0.0,100.0,83.24555320336758,1093.583333333333
2025-07-26 20:50:00,131.23,0.0,100.0,74.46144859178875,1093.583333333333
2025-07-26 20:55:00,131.23,0.0,100.0,65.67734398020993,1093.583333333333
2025-07-26 21:00:00,131.23,0.0,100.0,56.8932393686311,1093.583333333333
2025-07-26 21:05:00,131.23,0.0,100.0,48.10913475705227,1093.583333333333
2025-07-26 21:10:00,131.23,0.0,100.0,39.325030145473434,1093.583333333333
2025-07-26 21:15:00,131.23,0.0,100.0,30.5409255338946,1093.583333333333
2025-07-26 21:20:00,128.40202,0.0,100.0,21.756820922315768,1070.0168333333331
2025-07-26 21:25:00,98.51309,100.0,0.0,29.662515072736717,-820.9424166666666
2025-07-26 21:30:00,83.52183,100.0,0.0,37.568209223157666,-696.0152499999998
2025-07-26 21:35:00,131.23,0.0,100.0,28.784104611578833,1093.583333333333
2025-07-26 21:40:00,131.23,0.0,100.0,20.0,1093.583333333333
2025-07-26 21:45:00,97.34094,0.0,-0.0,20.0,-0.0
2025-07-26 21:50:00,82.98,0.0,0.0,20.0,0.0
2025-07-26 21:55:00,89.76323,0.0,-0.0,20.0,-0.0
2025-07-26 22:00:00,83.27268,0.0,0.0,20.0,0.0
2025-07-26 22:05:00,80.44023,-0.0,0.0,20.0,0.0
2025-07-26 22:10:00,88.78093,0.0,0.0,20.0,0.0
2025-07-26 22:15:00,88.64539,0.0,0.0,20.0,0.0
2025-07-26 22:20:00,80.0,0.0,0.0,20.0,0.0
2025-07-26 22:25:00,80.0,0.0,0.0,20.0,0.0
2025-07-26 22:30:00,80.0,0.0,0.0,20.0,0.0
2025-07-26 22:35:00,80.0,0.0,0.0,20.0,0.0
2025-07-26 22:40:00,80.0,0.0,0.0,20.0,0.0
2025-07-26 22:45:00,80.0,0.0,0.0,20.0,0.0
2025-07-26 22:50:00,78.51467,0.0,0.0,20.0,0.0
2025-07-26 22:55:00,76.67333,0.0,0.0,20.0,0.0
2025-07-26 23:00:00,70.15257,100.0,0.0,27.90569415042095,-584.6047499999999
2025-07-26 23:05:00,76.25527,0.0,0.0,27.90569415042095,0.0
2025-07-26 23:10:00,80.0,0.0,90.00000000000001,20.0,600.0000000000001
2025-07-26 23:15:00,80.0,0.0,-0.0,20.0,-0.0
2025-07-26 23:20:00,70.81895,-0.0,0.0,20.0,0.0
2025-07-26 23:25:00,73.02304,0.0,0.0,20.0,0.0
2025-07-26 23:30:00,76.94971,0.0,0.0,20.0,0.0
2025-07-26 23:35:00,75.85479,0.0,0.0,20.0,0.0
2025-07-26 23:40:00,75.99964,0.0,0.0,20.0,0.0
2025-07-26 23:45:00,75.6476,0.0,0.0,20.0,0.0
2025-07-26 23:50:00,72.55801,0.0,0.0,20.0,0.0
2025-07-26 23:55:00,71.13443,0.0,0.0,20.0,0.0
2025-07-27 00:00:00,71.57932,0.0,0.0,20.0,0.0
2025-07-27 00:05:00,73.67809,0.0,-0.0,20.0,-0.0
2025-07-27 00:10:00,72.51669,0.0,0.0,20.0,0.0
2025-07-27 00:15:00,68.00836,0.0,0.0,20.0,0.0
2025-07-27 00:20:00,71.76821,0.0,0.0,20.0,0.0
2025-07-27 00:25:00,70.30024,0.0,0.0,20.0,0.0
2025-07-27 00:30:00,66.57889,0.0,0.0,20.0,0.0
2025-07-27 00:35:00,69.87372,0.0,0.0,20.0,0.0
2025-07-27 00:40:00,70.08631,0.0,0.0,20.0,0.0
2025-07-27 00:45:00,67.57815,0.0,0.0,20.0,0.0
2025-07-27 00:50:00,52.87979,100.0,0.0,27.90569415042095,-440.6649166666666
2025-07-27 00:55:00,65.34596,0.0,90.00000000000001,20.0,490.0947000000001
2025-07-27 01:00:00,51.67913,100.0,0.0,27.90569415042095,-430.65941666666663
2025-07-27 01:05:00,59.31437,0.0,90.00000000000001,20.0,444.857775
2025-07-27 01:10:00,59.17667,0.0,0.0,20.0,0.0
2025-07-27 01:15:00,51.60303,0.0,0.0,20.0,0.0
2025-07-27 01:20:00,52.01148,0.0,0.0,20.0,0.0
2025-07-27 01:25:00,51.9881,0.0,0.0,20.0,0.0
2025-07-27 01:30:00,52.02253,0.0,0.0,20.0,0.0
2025-07-27 01:35:00,52.32793,0.0,0.0,20.0,0.0
2025-07-27 01:40:00,54.1942,0.0,-0.0,20.0,-0.0
2025-07-27 01:45:00,52.37489,0.0,0.0,20.0,0.0
2025-07-27 01:50:00,48.01927,0.0,0.0,20.0,0.0
2025-07-27 01:55:00,51.95236,0.0,-0.0,20.0,-0.0
2025-07-27 02:00:00,51.19576,0.0,0.0,20.0,0.0
2025-07-27 02:05:00,51.156,0.0,0.0,20.0,0.0
2025-07-27 02:10:00,50.32724,0.0,0.0,20.0,0.0
2025-07-27 02:15:00,50.34089,0.0,0.0,20.0,0.0
2025-07-27 02:20:00,45.89,-0.0,0.0,20.0,0.0
2025-07-27 02:25:00,49.60632,0.0,0.0,20.0,0.0
2025-07-27 02:30:00,45.89,0.0,-0.0,20.0,-0.0
2025-07-27 02:35:00,35.94002,100.0,0.0,27.90569415042095,-299.5001666666666
2025-07-27 02:40:00,45.89,0.0,90.00000000000001,20.0,344.17500000000007
2025-07-27 02:45:00,45.89,0.0,0.0,20.0,0.0
2025-07-27 02:50:00,45.89,0.0,0.0,20.0,0.0
2025-07-27 02:55:00,35.94002,0.0,0.0,20.0,0.0
2025-07-27 03:00:00,20.0,100.0,0.0,27.90569415042095,-166.66666666666663
2025-07-27 03:05:00,38.69049,0.0,90.00000000000001,20.0,290.178675
2025-07-27 03:10:00,35.94003,0.0,-0.0,20.0,-0.0
2025-07-27 03:15:00,33.30156,0.0,0.0,20.0,0.0
2025-07-27 03:20:00,35.94003,0.0,-0.0,20.0,-0.0
2025-07-27 03:25:00,35.94003,0.0,0.0,20.0,0.0
2025-07-27 03:30:00,35.94003,0.0,0.0,20.0,0.0
2025-07-27 03:35:00,20.0,100.0,0.0,27.90569415042095,-166.66666666666663
2025-07-27 03:40:00,20.0,100.0,0.0,35.8113883008419,-166.66666666666663
2025-07-27 03:45:00,35.47805,0.0,100.0,27.027283689263065,295.6504166666667
2025-07-27 03:50:00,35.47805,0.0,80.0,20.0,236.52033333333333
2025-07-27 03:55:00,20.0,-0.0,0.0,20.0,0.0
2025-07-27 04:00:00,20.0,0.0,0.0,20.0,0.0
2025-07-27 04:05:00,20.0,0.0,0.0,20.0,0.0
2025-07-27 04:10:00,20.0,0.0,0.0,20.0,0.0
2025-07-27 04:15:00,21.76,0.0,0.0,20.0,0.0
2025-07-27 04:20:00,19.18,100.0,0.0,27.90569415042095,-159.83333333333331
2025-07-27 04:25:00,19.18,100.0,0.0,35.8113883008419,-159.83333333333331
2025-07-27 04:30:00,19.18,100.0,0.0,43.71708245126285,-159.83333333333331
2025-07-27 04:35:00,18.17994,100.0,0.0,51.622776601683796,-151.49949999999995
2025-07-27 04:40:00,19.18,100.0,0.0,59.528470752104745,-159.83333333333331
2025-07-27 04:45:00,19.18,100.0,0.0,67.4341649025257,-159.83333333333331
2025-07-27 04:50:00,20.0,0.0,0.0,67.4341649025257,0.0
2025-07-27 04:55:00,19.18,100.0,0.0,75.33985905294664,-159.83333333333331
2025-07-27 05:00:00,0.06,100.0,0.0,83.24555320336758,-0.4999999999999999
2025-07-27 05:05:00,19.18,100.0,0.0,91.15124735378852,-159.83333333333331
2025-07-27 05:10:00,19.18,100.0,0.0,99.05694150420946,-159.83333333333331
2025-07-27 05:15:00,20.0,0.0,0.0,99.05694150420946,0.0
2025-07-27 05:20:00,19.18,100.0,0.0,106.9626356546304,-159.83333333333331
2025-07-27 05:25:00,20.0,57.191035841097765,0.0,111.48398402968522,-95.31839306849626
2025-07-27 05:30:00,19.18,100.0,0.0,119.38967818010616,-159.83333333333331
2025-07-27 05:35:00,20.0,100.0,0.0,127.2953723305271,-166.66666666666663
2025-07-27 05:40:00,20.0,100.0,0.0,135.20106648094804,-166.66666666666663
2025-07-27 05:45:00,35.94,0.0,100.0,126.4169618693692,299.49999999999994
2025-07-27 05:50:00,20.0,100.0,0.0,134.32265601979014,-166.66666666666663
2025-07-27 05:55:00,20.0,100.0,0.0,142.2283501702111,-166.66666666666663
2025-07-27 06:00:00,35.94,0.0,100.0,133.44424555863225,299.49999999999994
2025-07-27 06:05:00,35.94004,0.0,100.0,124.6601409470534,299.50033333333334
2025-07-27 06:10:00,20.0,100.0,0.0,132.56583509747435,-166.66666666666663
2025-07-27 06:15:00,20.0,100.0,0.0,140.4715292478953,-166.66666666666663
2025-07-27 06:20:00,20.0,100.0,0.0,148.37722339831623,-166.66666666666663
2025-07-27 06:25:00,20.0,100.0,0.0,156.28291754873717,-166.66666666666663
2025-07-27 06:30:00,20.0,100.0,0.0,164.18861169915812,-166.66666666666663
2025-07-27 06:35:00,19.18,100.0,0.0,172.09430584957906,-159.83333333333331
2025-07-27 06:40:00,19.18005,100.0,0.0,180.0,-159.83374999999998
2025-07-27 06:45:00,21.4996,0.0,0.0,180.0,0.0
2025-07-27 06:50:00,43.27,0.0,100.0,171.21589538842116,360.5833333333333
2025-07-27 06:55:00,45.89,0.0,100.0,162.43179077684232,382.41666666666663
2025-07-27 07:00:00,54.38978,0.0,100.0,153.64768616526348,453.24816666666663
2025-07-27 07:05:00,62.75785,0.0,100.0,144.86358155368464,522.9820833333332
2025-07-27 07:10:00,61.21072,0.0,100.0,136.0794769421058,510.0893333333333
2025-07-27 07:15:00,28.73,100.0,0.0,143.98517109252674,-239.41666666666663
2025-07-27 07:20:00,49.46218,0.0,100.0,135.2010664809479,412.18483333333324
2025-07-27 07:25:00,20.0,100.0,0.0,143.10676063136884,-166.66666666666663
2025-07-27 07:30:00,47.71437,0.0,100.0,134.32265601979,397.61974999999995
2025-07-27 07:35:00,49.42098,0.0,100.0,125.53855140821118,411.84149999999994
2025-07-27 07:40:00,50.32093,0.0,100.0,116.75444679663235,419.34108333333324
2025-07-27 07:45:00,51.0761,0.0,100.0,107.97034218505351,425.6341666666666
2025-07-27 07:50:00,50.66856,0.0,100.0,99.18623757347468,422.23799999999994
2025-07-27 07:55:00,32.25487,0.0,0.0,99.18623757347468,0.0
2025-07-27 08:00:00,51.14023,0.0,100.0,90.40213296189586,426.1685833333333
2025-07-27 08:05:00,44.99531,0.0,100.0,81.61802835031703,374.96091666666666
2025-07-27 08:10:00,32.35838,0.0,0.0,81.61802835031703,0.0
2025-07-27 08:15:00,32.61589,0.0,0.0,81.61802835031703,0.0
2025-07-27 08:20:00,20.0,100.0,0.0,89.52372250073797,-166.66666666666663
2025-07-27 08:25:00,33.11556,0.0,0.0,89.52372250073797,0.0
2025-07-27 08:30:00,20.0,100.0,0.0,97.42941665115892,-166.66666666666663
2025-07-27 08:35:00,34.92308,0.0,0.0,97.42941665115892,0.0
2025-07-27 08:40:00,57.92788,0.0,100.0,88.64531203958009,482.73233333333326
2025-07-27 08:45:00,58.84442,0.0,100.0,79.86120742800125,490.3701666666666
2025-07-27 08:50:00,51.59368,0.0,100.0,71.07710281642242,429.9473333333333
2025-07-27 08:55:00,50.4846,0.0,100.0,62.29299820484359,420.7049999999999
2025-07-27 09:00:00,12.89452,100.0,0.0,70.19869235526454,-107.45433333333332
2025-07-27 09:05:00,35.92698,0.0,100.0,61.41458774368571,299.39149999999995
2025-07-27 09:10:00,35.19,0.0,61.471932256985646,56.014828907473216,180.26644134361038
2025-07-27 09:15:00,46.42218,0.0,100.0,47.23072429589438,386.85149999999993
2025-07-27 09:20:00,35.49236,0.0,100.0,38.44661968431555,295.7696666666666
2025-07-27 09:25:00,36.82685,0.0,100.0,29.662515072736717,306.8904166666666
2025-07-27 09:30:00,20.0,100.0,0.0,37.568209223157666,-166.66666666666663
2025-07-27 09:35:00,51.41838,0.0,100.0,28.784104611578833,428.4864999999999
2025-07-27 09:40:00,51.26839,0.0,100.0,20.0,427.2365833333333
2025-07-27 09:45:00,32.54674,0.0,0.0,20.0,0.0
2025-07-27 09:50:00,20.0,0.0,-0.0,20.0,-0.0
2025-07-27 09:55:00,0.05,100.0,0.0,27.90569415042095,-0.41666666666666663
2025-07-27 10:00:00,0.01,100.0,0.0,35.8113883008419,-0.08333333333333333
2025-07-27 10:05:00,8.94942,100.0,0.0,43.71708245126285,-74.57849999999999
2025-07-27 10:10:00,12.43,0.0,69.99999999999999,37.568209223157666,72.50833333333331
2025-07-27 10:15:00,22.21517,0.0,100.0,28.784104611578833,185.12641666666664
2025-07-27 10:20:00,17.41132,0.0,100.0,20.0,145.0943333333333
2025-07-27 10:25:00,0.06,100.0,0.0,27.90569415042095,-0.4999999999999999
2025-07-27 10:30:00,3e-05,100.0,0.0,35.8113883008419,-0.00024999999999999995
2025-07-27 10:35:00,0.16128,100.0,0.0,43.71708245126285,-1.3439999999999999
2025-07-27 10:40:00,35.71855,0.0,100.0,34.932977839684014,297.6545833333333
2025-07-27 10:45:00,9.1647,0.0,0.0,34.932977839684014,0.0
2025-07-27 10:50:00,0.06,100.0,0.0,42.83867199010496,-0.4999999999999999
2025-07-27 10:55:00,0.06,100.0,0.0,50.74436614052591,-0.4999999999999999
2025-07-27 11:00:00,11.11866,0.0,98.52806774301243,42.089557598212444,91.29167380762686
2025-07-27 11:05:00,8.95,-0.0,0.0,42.089557598212444,0.0
2025-07-27 11:10:00,0.06,100.0,0.0,49.99525174863339,-0.4999999999999999
2025-07-27 11:15:00,0.0,100.0,0.0,57.90094589905434,-0.0
2025-07-27 11:20:00,0.06,100.0,0.0,65.80664004947528,-0.4999999999999999
2025-07-27 11:25:00,8.95,-0.0,0.0,65.80664004947528,0.0
2025-07-27 11:30:00,1.20651,100.0,0.0,73.71233419989622,-10.054249999999998
2025-07-27 11:35:00,8.95,-0.0,0.0,73.71233419989622,0.0
2025-07-27 11:40:00,8.95,-0.0,0.0,73.71233419989622,0.0
2025-07-27 11:45:00,-7.41,100.0,0.0,81.61802835031716,61.74999999999999
2025-07-27 11:50:00,3e-05,100.0,0.0,89.5237225007381,-0.00024999999999999995
2025-07-27 11:55:00,8.95,-0.0,0.0,89.5237225007381,0.0
2025-07-27 12:00:00,0.0,100.0,0.0,97.42941665115904,-0.0
2025-07-27 12:05:00,3e-05,100.0,0.0,105.33511080157999,-0.00024999999999999995
2025-07-27 12:10:00,11.18465,0.0,100.0,96.55100619000116,93.20541666666665
2025-07-27 12:15:00,8.95,-0.0,0.0,96.55100619000116,0.0
2025-07-27 12:20:00,0.12378,100.0,0.0,104.4567003404221,-1.0314999999999999
2025-07-27 12:25:00,0.05,100.0,0.0,112.36239449084304,-0.41666666666666663
2025-07-27 12:30:00,0.05,100.0,0.0,120.268088641264,-0.41666666666666663
2025-07-27 12:35:00,0.05,100.0,0.0,128.17378279168494,-0.41666666666666663
2025-07-27 12:40:00,8.95021,-0.0,0.0,128.17378279168494,0.0
2025-07-27 12:45:00,0.01235,100.0,0.0,136.07947694210588,-0.10291666666666666
2025-07-27 12:50:00,-13.99976,100.0,0.0,143.98517109252683,116.66466666666665
2025-07-27 12:55:00,8.95,-0.0,0.0,143.98517109252683,0.0
2025-07-27 13:00:00,8.95,0.0,0.0,143.98517109252683,0.0
2025-07-27 13:05:00,0.05,100.0,0.0,151.89086524294777,-0.41666666666666663
2025-07-27 13:10:00,-0.51469,100.0,0.0,159.7965593933687,4.289083333333332
2025-07-27 13:15:00,20.0,0.0,100.0,151.01245478178987,166.66666666666663
2025-07-27 13:20:00,8.95,7.190186943645085e-13,0.0,151.01245478178993,-5.362681095468624e-13
2025-07-27 13:25:00,17.33422,0.0,100.0,142.2283501702111,144.4518333333333
2025-07-27 13:30:00,8.95,100.0,0.0,150.13404432063203,-74.58333333333331
2025-07-27 13:35:00,8.95,100.0,0.0,158.03973847105297,-74.58333333333331
2025-07-27 13:40:00,20.0,0.0,100.0,149.25563385947413,166.66666666666663
2025-07-27 13:45:00,0.05,100.0,0.0,157.16132800989507,-0.41666666666666663
2025-07-27 13:50:00,8.94916,100.0,0.0,165.06702216031601,-74.57633333333331
2025-07-27 13:55:00,22.64568,0.0,100.0,156.28291754873717,188.71399999999997
2025-07-27 14:00:00,0.05,100.0,0.0,164.18861169915812,-0.41666666666666663
2025-07-27 14:05:00,8.95,100.0,0.0,172.09430584957906,-74.58333333333331
2025-07-27 14:10:00,8.95,100.0,0.0,180.0,-74.58333333333331
2025-07-27 14:15:00,20.76,0.0,100.0,171.21589538842116,173.0
2025-07-27 14:20:00,20.0,0.0,100.0,162.43179077684232,166.66666666666663
2025-07-27 14:25:00,8.95,100.0,0.0,170.33748492726326,-74.58333333333331
2025-07-27 14:30:00,13.28953,33.33333333333391,0.0,172.97271631073696,-36.91536111111174
2025-07-27 14:35:00,20.76008,0.0,100.0,164.18861169915812,173.00066666666663
2025-07-27 14:40:00,8.95019,100.0,0.0,172.09430584957906,-74.58491666666664
2025-07-27 14:45:00,-1.06,100.0,0.0,180.0,8.833333333333332
2025-07-27 14:50:00,20.0,0.0,100.0,171.21589538842116,166.66666666666663
2025-07-27 14:55:00,21.14229,0.0,100.0,162.43179077684232,176.18574999999996
2025-07-27 15:00:00,20.0,0.0,100.0,153.64768616526348,166.66666666666663
2025-07-27 15:05:00,8.95,100.0,0.0,161.55338031568442,-74.58333333333331
2025-07-27 15:10:00,40.15004,0.0,100.0,152.7692757041056,334.5836666666666
2025-07-27 15:15:00,20.0,0.0,100.0,143.98517109252677,166.66666666666663
2025-07-27 15:20:00,36.15,0.0,100.0,135.20106648094793,301.24999999999994
2025-07-27 15:25:00,33.24643,0.0,100.0,126.4169618693691,277.0535833333333
2025-07-27 15:30:00,0.05,100.0,0.0,134.32265601979006,-0.41666666666666663
2025-07-27 15:35:00,8.95,100.0,0.0,142.228350170211,-74.58333333333331
2025-07-27 15:40:00,8.95,100.0,0.0,150.13404432063194,-74.58333333333331
2025-07-27 15:45:00,20.0,0.0,9.9999999999992,149.25563385947413,16.666666666665332
2025-07-27 15:50:00,23.84,0.0,100.0,140.4715292478953,198.66666666666663
2025-07-27 15:55:00,0.05,100.0,0.0,148.37722339831623,-0.41666666666666663
2025-07-27 16:00:00,8.95,100.0,0.0,156.28291754873717,-74.58333333333331
2025-07-27 16:05:00,0.05,100.0,0.0,164.18861169915812,-0.41666666666666663
2025-07-27 16:10:00,8.95071,100.0,0.0,172.09430584957906,-74.58924999999999
2025-07-27 16:15:00,8.95,100.0,0.0,180.0,-74.58333333333331
2025-07-27 16:20:00,50.34176,0.0,89.99999999999993,172.09430584957906,377.5631999999997
2025-07-27 16:25:00,30.45075,100.0,0.0,180.0,-253.75624999999997
2025-07-27 16:30:00,53.98422,0.0,0.0,180.0,0.0
2025-07-27 16:35:00,49.30512,-0.0,0.0,180.0,0.0
2025-07-27 16:40:00,55.34625,0.0,89.99999999999993,172.09430584957906,415.0968749999996
2025-07-27 16:45:00,48.39546,100.0,0.0,180.0,-403.29549999999995
2025-07-27 16:50:00,70.18595,0.0,100.0,171.21589538842116,584.8829166666666
2025-07-27 16:55:00,71.28654,0.0,100.0,162.43179077684235,594.0545
2025-07-27 17:00:00,70.77499,0.0,100.0,153.6476861652635,589.7915833333333
2025-07-27 17:05:00,66.31917,0.0,0.0,153.6476861652635,0.0
2025-07-27 17:10:00,64.24565,0.0,0.0,153.6476861652635,0.0
2025-07-27 17:15:00,69.90936,0.0,11.471932256986488,152.63997963484036,66.83295350410674
2025-07-27 17:20:00,69.97861,0.0,100.0,143.85587502326152,583.1550833333333
2025-07-27 17:25:00,71.73263,0.0,100.0,135.07177041168268,597.7719166666666
2025-07-27 17:30:00,71.15552,0.0,100.0,126.28766580010384,592.9626666666666
2025-07-27 17:35:00,69.77219,0.0,0.0,126.28766580010384,0.0
2025-07-27 17:40:00,68.36383,0.0,0.0,126.28766580010384,0.0
2025-07-27 17:45:00,68.5492,0.0,0.0,126.28766580010384,0.0
2025-07-27 17:50:00,64.01559,0.0,0.0,126.28766580010384,0.0
2025-07-27 17:55:00,68.96156,0.0,0.0,126.28766580010384,0.0
2025-07-27 18:00:00,69.0908,0.0,0.0,126.28766580010384,0.0
2025-07-27 18:05:00,65.50979,0.0,0.0,126.28766580010384,0.0
2025-07-27 18:10:00,61.82702,100.0,0.0,134.19335995052478,-515.2251666666666
2025-07-27 18:15:00,67.04846,0.0,0.0,134.19335995052478,0.0
2025-07-27 18:20:00,68.03324,0.0,0.0,134.19335995052478,0.0
2025-07-27 18:25:00,71.29896,0.0,100.0,125.40925533894595,594.1579999999999
2025-07-27 18:30:00,74.15646,0.0,100.0,116.62515072736713,617.9704999999999
2025-07-27 18:35:00,73.08111,0.0,100.0,107.8410461157883,609.0092499999998
2025-07-27 18:40:00,73.10319,0.0,100.0,99.05694150420948,609.1932499999999
2025-07-27 18:45:00,65.81119,0.0,0.0,99.05694150420948,0.0
2025-07-27 18:50:00,74.23,0.0,100.0,90.27283689263065,618.5833333333333
2025-07-27 18:55:00,74.23,0.0,100.0,81.48873228105182,618.5833333333333
2025-07-27 19:00:00,74.23,0.0,100.0,72.704627669473,618.5833333333333
2025-07-27 19:05:00,74.7475,0.0,100.0,63.920523057894165,622.8958333333333
2025-07-27 19:10:00,74.23,0.0,100.0,55.13641844631533,618.5833333333333
2025-07-27 19:15:00,73.60783,0.0,100.0,46.3523138347365,613.3985833333332
2025-07-27 19:20:00,73.20847,0.0,100.0,37.568209223157666,610.0705833333333
2025-07-27 19:25:00,72.98179,0.0,100.0,28.784104611578833,608.1815833333333
2025-07-27 19:30:00,72.22092,0.0,100.0,20.0,601.841
2025-07-27 19:35:00,54.79237,100.0,0.0,27.90569415042095,-456.60308333333325
2025-07-27 19:40:00,59.61723,100.0,0.0,35.8113883008419,-496.81024999999994
2025-07-27 19:45:00,59.25097,100.0,0.0,43.71708245126285,-493.7580833333333
2025-07-27 19:50:00,60.56186,100.0,0.0,51.622776601683796,-504.6821666666666
2025-07-27 19:55:00,58.69897,100.0,0.0,59.528470752104745,-489.1580833333333
2025-07-27 20:00:00,57.9652,100.0,0.0,67.4341649025257,-483.0433333333333
2025-07-27 20:05:00,70.19416,0.0,100.0,58.65006029094686,584.9513333333332
2025-07-27 20:10:00,70.14054,0.0,100.0,49.86595567936803,584.5044999999999
2025-07-27 20:15:00,69.48841,0.0,100.0,41.081851067789195,579.0700833333333
2025-07-27 20:20:00,68.98781,0.0,39.99999999999996,37.568209223157666,229.9593666666664
2025-07-27 20:25:00,68.65943,0.0,0.0,37.568209223157666,0.0
2025-07-27 20:30:00,69.66222,0.0,100.0,28.784104611578833,580.5184999999999
2025-07-27 20:35:00,68.01604,0.0,0.0,28.784104611578833,0.0
2025-07-27 20:40:00,69.16771,0.0,100.0,20.0,576.3975833333333
2025-07-27 20:45:00,68.85234,0.0,0.0,20.0,0.0
2025-07-27 20:50:00,56.09014,100.0,0.0,27.90569415042095,-467.41783333333325
2025-07-27 20:55:00,65.42894,0.0,90.00000000000001,20.0,490.71705000000003
2025-07-27 21:00:00,58.80414,0.0,0.0,20.0,0.0
2025-07-27 21:05:00,60.52401,0.0,-0.0,20.0,-0.0
2025-07-27 21:10:00,60.10074,0.0,0.0,20.0,0.0
2025-07-27 21:15:00,42.13345,100.0,0.0,27.90569415042095,-351.1120833333333
2025-07-27 21:20:00,53.97633,0.0,0.0,27.90569415042095,0.0
2025-07-27 21:25:00,57.0,0.0,0.0,27.90569415042095,0.0
2025-07-27 21:30:00,52.98316,0.0,0.0,27.90569415042095,0.0
2025-07-27 21:35:00,57.0,0.0,0.0,27.90569415042095,0.0
2025-07-27 21:40:00,57.60631,0.0,90.00000000000001,20.0,432.04732500000006
2025-07-27 21:45:00,57.05853,0.0,0.0,20.0,0.0
2025-07-27 21:50:00,50.84796,0.0,0.0,20.0,0.0
2025-07-27 21:55:00,21.0,100.0,0.0,27.90569415042095,-174.99999999999997
2025-07-27 22:00:00,21.0,100.0,0.0,35.8113883008419,-174.99999999999997
2025-07-27 22:05:00,49.94552,0.0,0.0,35.8113883008419,0.0
2025-07-27 22:10:00,52.03217,0.0,80.0,28.784104611578833,346.8811333333333
2025-07-27 22:15:00,52.24988,0.0,100.0,20.0,435.4156666666666
2025-07-27 22:20:00,25.90545,100.0,0.0,27.90569415042095,-215.87874999999997
2025-07-27 22:25:00,30.5565,100.0,0.0,35.8113883008419,-254.63749999999996
2025-07-27 22:30:00,28.66929,100.0,0.0,43.71708245126285,-238.91074999999998
2025-07-27 22:35:00,37.27754,100.0,0.0,51.622776601683796,-310.64616666666666
2025-07-27 22:40:00,8.95,100.0,0.0,59.528470752104745,-74.58333333333331
2025-07-27 22:45:00,8.95,100.0,0.0,67.4341649025257,-74.58333333333331
2025-07-27 22:50:00,37.41203,100.0,0.0,75.33985905294664,-311.76691666666665
2025-07-27 22:55:00,49.42234,0.0,100.0,66.55575444136781,411.85283333333325
2025-07-27 23:00:00,8.95026,100.0,0.0,74.46144859178875,-74.5855
2025-07-27 23:05:00,20.0,100.0,0.0,82.3671427422097,-166.66666666666663
2025-07-27 23:10:00,49.01871,0.0,0.0,82.3671427422097,0.0
2025-07-27 23:15:00,58.45272,0.0,100.0,73.58303813063087,487.10599999999994
2025-07-27 23:20:00,48.62302,0.0,0.0,73.58303813063087,0.0
2025-07-27 23:25:00,20.96007,100.0,0.0,81.48873228105181,-174.66725
2025-07-27 23:30:00,49.83192,0.0,100.0,72.70462766947298,415.2659999999999
2025-07-27 23:35:00,60.63643,0.0,100.0,63.920523057894144,505.3035833333332
2025-07-27 23:40:00,20.96,100.0,0.0,71.82621720831509,-174.66666666666666
2025-07-27 23:45:00,42.23716,100.0,0.0,79.73191135873603,-351.9763333333333
2025-07-27 23:50:00,44.14634,100.0,0.0,87.63760550915697,-367.8861666666666
2025-07-27 23:55:00,44.92435,0.0,0.0,87.63760550915697,0.0
2025-07-28 00:00:00,27.01,100.0,0.0,95.54329965957791,-225.08333333333331
2025-07-28 00:05:00,20.0,100.0,0.0,103.44899380999885,-166.66666666666663
2025-07-28 00:10:00,55.82953,0.0,100.0,94.66488919842003,465.2460833333333
2025-07-28 00:15:00,49.07213,0.0,39.99999999999955,91.15124735378853,163.57376666666482
2025-07-28 00:20:00,61.2325,0.0,100.0,82.3671427422097,510.27083333333326
2025-07-28 00:25:00,57.18576,0.0,100.0,73.58303813063087,476.54799999999994
2025-07-28 00:30:00,50.60566,0.0,100.0,64.79893351905204,421.7138333333333
2025-07-28 00:35:00,49.92229,0.0,100.0,56.014828907473216,416.01908333333324
2025-07-28 00:40:00,60.6276,0.0,100.0,47.23072429589438,505.22999999999996
2025-07-28 00:45:00,49.56612,0.0,100.0,38.44661968431555,413.05099999999993
2025-07-28 00:50:00,49.55123,0.0,100.0,29.662515072736717,412.92691666666656
2025-07-28 00:55:00,49.62069,0.0,100.0,20.878410461157884,413.50575
2025-07-28 01:00:00,43.97757,100.0,0.0,28.784104611578833,-366.47974999999997
2025-07-28 01:05:00,48.91462,0.0,0.0,28.784104611578833,0.0
2025-07-28 01:10:00,49.61553,0.0,100.0,20.0,413.4627499999999
2025-07-28 01:15:00,22.99993,100.0,0.0,27.90569415042095,-191.6660833333333
2025-07-28 01:20:00,27.59993,33.33333333333337,0.0,30.5409255338946,-76.66647222222231
2025-07-28 01:25:00,20.73993,100.0,0.0,38.44661968431555,-172.83274999999998
2025-07-28 01:30:00,19.18002,100.0,0.0,46.3523138347365,-159.83349999999996
2025-07-28 01:35:00,49.29714,0.0,100.0,37.568209223157666,410.80949999999996
2025-07-28 01:40:00,32.61161,0.0,100.0,28.784104611578833,271.7634166666666
2025-07-28 01:45:00,34.96733,0.0,100.0,20.0,291.3944166666666
2025-07-28 01:50:00,20.00007,0.0,0.0,20.0,0.0
2025-07-28 01:55:00,20.0,0.0,0.0,20.0,0.0
2025-07-28 02:00:00,20.00007,0.0,0.0,20.0,0.0
2025-07-28 02:05:00,20.0,0.0,0.0,20.0,0.0
2025-07-28 02:10:00,8.94933,100.0,0.0,27.90569415042095,-74.57775
2025-07-28 02:15:00,19.18003,0.0,0.0,27.90569415042095,0.0
2025-07-28 02:20:00,19.18003,0.0,0.0,27.90569415042095,0.0
2025-07-28 02:25:00,19.18003,0.0,0.0,27.90569415042095,0.0
2025-07-28 02:30:00,19.18003,0.0,0.0,27.90569415042095,0.0
2025-07-28 02:35:00,19.18011,0.0,0.0,27.90569415042095,0.0
2025-07-28 02:40:00,19.18004,0.0,0.0,27.90569415042095,0.0
2025-07-28 02:45:00,19.18004,0.0,0.0,27.90569415042095,0.0
2025-07-28 02:50:00,8.94981,100.0,0.0,35.8113883008419,-74.58174999999999
2025-07-28 02:55:00,19.18004,0.0,0.0,35.8113883008419,0.0
2025-07-28 03:00:00,19.18004,0.0,0.0,35.8113883008419,0.0
2025-07-28 03:05:00,8.94958,100.0,0.0,43.71708245126285,-74.57983333333331
2025-07-28 03:10:00,19.18004,0.0,0.0,43.71708245126285,0.0
2025-07-28 03:15:00,19.18004,0.0,0.0,43.71708245126285,0.0
2025-07-28 03:20:00,19.18,100.0,0.0,51.622776601683796,-159.83333333333331
2025-07-28 03:25:00,0.48992,100.0,0.0,59.528470752104745,-4.082666666666666
2025-07-28 03:30:00,0.01,100.0,0.0,67.4341649025257,-0.08333333333333333
2025-07-28 03:35:00,8.95,100.0,0.0,75.33985905294664,-74.58333333333331
2025-07-28 03:40:00,21.52993,0.0,100.0,66.55575444136781,179.41608333333332
2025-07-28 03:45:00,8.95019,100.0,0.0,74.46144859178875,-74.58491666666664
2025-07-28 03:50:00,8.95,100.0,0.0,82.3671427422097,-74.58333333333331
2025-07-28 03:55:00,8.95,100.0,0.0,90.27283689263064,-74.58333333333331
2025-07-28 04:00:00,8.95,100.0,0.0,98.17853104305158,-74.58333333333331
2025-07-28 04:05:00,8.95,100.0,0.0,106.08422519347252,-74.58333333333331
2025-07-28 04:10:00,19.18,34.96881361887498,0.0,108.84875264621152,-55.89182043416851
2025-07-28 04:15:00,19.18005,0.0,0.0,108.84875264621152,0.0
2025-07-28 04:20:00,19.18,0.0,0.0,108.84875264621152,0.0
2025-07-28 04:25:00,19.18,0.0,0.0,108.84875264621152,0.0
2025-07-28 04:30:00,19.18,0.0,0.0,108.84875264621152,0.0
2025-07-28 04:35:00,19.18,0.0,0.0,108.84875264621152,0.0
2025-07-28 04:40:00,19.18005,0.0,0.0,108.84875264621152,0.0
2025-07-28 04:45:00,19.18,100.0,0.0,116.75444679663246,-159.83333333333331
2025-07-28 04:50:00,16.05989,100.0,0.0,124.6601409470534,-133.83241666666663
2025-07-28 04:55:00,19.18005,0.0,0.0,124.6601409470534,0.0
2025-07-28 05:00:00,19.18,100.0,0.0,132.56583509747435,-159.83333333333331
2025-07-28 05:05:00,16.91995,100.0,0.0,140.4715292478953,-140.9995833333333
2025-07-28 05:10:00,19.18,100.0,0.0,148.37722339831623,-159.83333333333331
2025-07-28 05:15:00,19.18,100.0,0.0,156.28291754873717,-159.83333333333331
2025-07-28 05:20:00,19.18005,0.0,0.0,156.28291754873717,0.0
2025-07-28 05:25:00,19.18,100.0,0.0,164.18861169915812,-159.83333333333331
2025-07-28 05:30:00,15.36688,100.0,0.0,172.09430584957906,-128.0573333333333
2025-07-28 05:35:00,19.18,100.0,0.0,180.0,-159.83333333333331
2025-07-28 05:40:00,20.00007,0.0,0.0,180.0,0.0
2025-07-28 05:45:00,19.18005,0.0,0.0,180.0,0.0
2025-07-28 05:50:00,20.0,0.0,0.0,180.0,0.0
2025-07-28 05:55:00,20.00007,0.0,0.0,180.0,0.0
2025-07-28 06:00:00,19.18005,0.0,0.0,180.0,0.0
2025-07-28 06:05:00,20.0,0.0,0.0,180.0,0.0
2025-07-28 06:10:00,22.99993,0.0,0.0,180.0,0.0
2025-07-28 06:15:00,68.87917,0.0,21.471932256986012,178.113883008419,123.24740601311859
2025-07-28 06:20:00,70.4157,0.0,100.0,169.32977839684017,586.7974999999999
2025-07-28 06:25:00,70.4468,0.0,100.0,160.54567378526133,587.0566666666665
2025-07-28 06:30:00,67.04021,0.0,0.0,160.54567378526133,0.0
2025-07-28 06:35:00,70.87454,0.0,100.0,151.7615691736825,590.6211666666666
2025-07-28 06:40:00,71.97741,0.0,100.0,142.97746456210365,599.81175
2025-07-28 06:45:00,97.34921,0.0,100.0,134.1933599505248,811.2434166666666
2025-07-28 06:50:00,87.29797,0.0,100.0,125.40925533894597,727.4830833333333
2025-07-28 06:55:00,78.98559,0.0,100.0,116.62515072736714,658.2132499999999
2025-07-28 07:00:00,84.29785,0.0,100.0,107.84104611578832,702.4820833333332
2025-07-28 07:05:00,98.38246,0.0,100.0,99.05694150420948,819.8538333333332
2025-07-28 07:10:00,79.49701,0.0,100.0,90.27283689263065,662.4750833333333
2025-07-28 07:15:00,120.0,0.0,100.0,81.48873228105182,999.9999999999999
2025-07-28 07:20:00,104.1608,0.0,100.0,72.704627669473,868.0066666666665
2025-07-28 07:25:00,79.01694,0.0,100.0,63.920523057894165,658.4744999999999
2025-07-28 07:30:00,84.14713,0.0,100.0,55.13641844631533,701.2260833333332
2025-07-28 07:35:00,81.11791,0.0,100.0,46.3523138347365,675.9825833333332
2025-07-28 07:40:00,79.30532,0.0,100.0,37.568209223157666,660.8776666666665
2025-07-28 07:45:00,75.79118,0.0,100.0,28.784104611578833,631.5931666666665
2025-07-28 07:50:00,72.52256,0.0,100.0,20.0,604.3546666666666
2025-07-28 07:55:00,57.0,0.0,0.0,20.0,0.0
2025-07-28 08:00:00,56.53848,-0.0,0.0,20.0,0.0
2025-07-28 08:05:00,56.26375,0.0,0.0,20.0,0.0
2025-07-28 08:10:00,57.0,0.0,-0.0,20.0,-0.0
2025-07-28 08:15:00,57.0,0.0,0.0,20.0,0.0
2025-07-28 08:20:00,49.48384,0.0,-0.0,20.0,-0.0
2025-07-28 08:25:00,37.72887,0.0,0.0,20.0,0.0
2025-07-28 08:30:00,11.06,100.0,0.0,27.90569415042095,-92.16666666666666
2025-07-28 08:35:00,11.06,100.0,0.0,35.8113883008419,-92.16666666666666
2025-07-28 08:40:00,35.16258,0.0,100.0,27.027283689263065,293.02149999999995
2025-07-28 08:45:00,20.0,0.0,0.0,27.027283689263065,0.0
2025-07-28 08:50:00,20.0,0.0,0.0,27.027283689263065,0.0
2025-07-28 08:55:00,20.0,0.0,0.0,27.027283689263065,0.0
2025-07-28 09:00:00,8.95026,100.0,0.0,34.932977839684014,-74.5855
2025-07-28 09:05:00,20.0,55.55555555555562,0.0,39.325030145473434,-92.5925925925927
2025-07-28 09:10:00,38.18716,0.0,100.0,30.5409255338946,318.2263333333333
2025-07-28 09:15:00,48.19,0.0,100.0,21.756820922315768,401.58333333333326
2025-07-28 09:20:00,20.0,100.0,0.0,29.662515072736717,-166.66666666666663
2025-07-28 09:25:00,32.78498,0.0,100.0,20.878410461157884,273.2081666666666
2025-07-28 09:30:00,11.05,100.0,0.0,28.784104611578833,-92.08333333333333
2025-07-28 09:35:00,33.07175,0.0,100.0,20.0,275.59791666666666
2025-07-28 09:40:00,11.05,0.0,-0.0,20.0,-0.0
2025-07-28 09:45:00,0.45097,100.0,0.0,27.90569415042095,-3.7580833333333326
2025-07-28 09:50:00,8.95,0.0,80.0,20.878410461157884,59.66666666666666
2025-07-28 09:55:00,8.95,0.0,0.0,20.878410461157884,0.0
2025-07-28 10:00:00,0.07604,100.0,0.0,28.784104611578833,-0.6336666666666666
2025-07-28 10:05:00,8.95,0.0,0.0,28.784104611578833,0.0
2025-07-28 10:10:00,20.04,0.0,100.0,20.0,166.99999999999997
2025-07-28 10:15:00,0.40748,0.0,0.0,20.0,0.0
2025-07-28 10:20:00,0.0,100.0,0.0,27.90569415042095,-0.0
2025-07-28 10:25:00,0.07584,0.0,90.00000000000001,20.0,0.5688000000000001
2025-07-28 10:30:00,3e-05,100.0,0.0,27.90569415042095,-0.00024999999999999995
2025-07-28 10:35:00,0.0,100.0,0.0,35.8113883008419,-0.0
2025-07-28 10:40:00,0.07642,0.0,100.0,27.027283689263065,0.6368333333333333
2025-07-28 10:45:00,-10.77551,100.0,0.0,34.932977839684014,89.79591666666666
2025-07-28 10:50:00,0.0,100.0,0.0,42.83867199010496,-0.0
2025-07-28 10:55:00,-1.06,100.0,0.0,50.74436614052591,8.833333333333332
2025-07-28 11:00:00,0.0,100.0,0.0,58.65006029094686,-0.0
2025-07-28 11:05:00,-0.64757,100.0,0.0,66.55575444136781,5.396416666666665
2025-07-28 11:10:00,-1.06,100.0,0.0,74.46144859178875,8.833333333333332
2025-07-28 11:15:00,0.07584,0.0,100.0,65.67734398020993,0.6319999999999999
2025-07-28 11:20:00,0.00022,57.19103584109705,0.0,70.19869235526468,-0.001048502323753446
2025-07-28 11:25:00,7.03417,0.0,100.0,61.41458774368585,58.618083333333324
2025-07-28 11:30:00,-7.41,100.0,0.0,69.3202818941068,61.74999999999999
2025-07-28 11:35:00,-9.83,100.0,0.0,77.22597604452774,81.91666666666666
2025-07-28 11:40:00,-1.06,100.0,0.0,85.13167019494868,8.833333333333332
2025-07-28 11:45:00,-9.83,100.0,0.0,93.03736434536962,81.91666666666666
2025-07-28 11:50:00,-0.62722,100.0,0.0,100.94305849579057,5.2268333333333326
2025-07-28 11:55:00,-12.0,100.0,0.0,108.84875264621151,99.99999999999999
2025-07-28 12:00:00,-9.83,100.0,0.0,116.75444679663246,81.91666666666666
2025-07-28 12:05:00,-8.55943,100.0,0.0,124.6601409470534,71.32858333333333
2025-07-28 12:10:00,0.0,100.0,0.0,132.56583509747435,-0.0
2025-07-28 12:15:00,-0.87462,100.0,0.0,140.4715292478953,7.288499999999998
2025-07-28 12:20:00,-10.7142,100.0,0.0,148.37722339831623,89.28499999999998
2025-07-28 12:25:00,-10.55576,100.0,0.0,156.28291754873717,87.96466666666664
2025-07-28 12:30:00,-10.62905,100.0,0.0,164.18861169915812,88.57541666666665
2025-07-28 12:35:00,-10.67902,100.0,0.0,172.09430584957906,88.99183333333332
2025-07-28 12:40:00,3e-05,100.0,0.0,180.0,-0.00024999999999999995
2025-07-28 12:45:00,20.04,0.0,100.0,171.21589538842116,166.99999999999997
2025-07-28 12:50:00,10.36682,0.0,100.0,162.43179077684232,86.39016666666666
2025-07-28 12:55:00,8.94973,0.0,0.0,162.43179077684232,0.0
2025-07-28 13:00:00,8.95054,0.0,0.0,162.43179077684232,0.0
2025-07-28 13:05:00,8.94972,0.0,0.0,162.43179077684232,0.0
2025-07-28 13:10:00,-6.03388,100.0,0.0,170.33748492726326,50.28233333333333
2025-07-28 13:15:00,8.94916,22.22222222222261,0.0,172.09430584957906,-16.572518518518805
2025-07-28 13:20:00,0.00022,100.0,0.0,180.0,-0.001833333333333333
2025-07-28 13:25:00,8.94972,0.0,0.0,180.0,0.0
2025-07-28 13:30:00,13.66965,0.0,100.0,171.21589538842116,113.91375
2025-07-28 13:35:00,8.95,0.0,0.0,171.21589538842116,0.0
2025-07-28 13:40:00,8.95,0.0,0.0,171.21589538842116,0.0
2025-07-28 13:45:00,20.60508,0.0,100.0,162.43179077684232,171.70899999999997
2025-07-28 13:50:00,10.16926,0.0,100.0,153.64768616526348,84.74383333333331
2025-07-28 13:55:00,10.28539,0.0,100.0,144.86358155368464,85.71158333333332
2025-07-28 14:00:00,8.95,0.0,0.0,144.86358155368464,0.0
2025-07-28 14:05:00,0.07741,100.0,0.0,152.76927570410558,-0.6450833333333333
2025-07-28 14:10:00,8.95,55.555555555556516,0.0,157.16132800989507,-41.4351851851859
2025-07-28 14:15:00,0.07662,100.0,0.0,165.06702216031601,-0.6384999999999998
2025-07-28 14:20:00,8.95,100.0,0.0,172.97271631073696,-74.58333333333331
2025-07-28 14:25:00,20.0,0.0,100.0,164.18861169915812,166.66666666666663
2025-07-28 14:30:00,0.07702,100.0,0.0,172.09430584957906,-0.6418333333333333
2025-07-28 14:35:00,8.95,100.0,0.0,180.0,-74.58333333333331
2025-07-28 14:40:00,29.9804,0.0,100.0,171.21589538842116,249.83666666666662
2025-07-28 14:45:00,0.07741,100.0,0.0,179.1215895388421,-0.6450833333333333
2025-07-28 14:50:00,31.13778,0.0,100.0,170.33748492726326,259.4815
2025-07-28 14:55:00,20.0,0.0,100.0,161.55338031568442,166.66666666666663
2025-07-28 15:00:00,21.49,0.0,100.0,152.76927570410558,179.0833333333333
2025-07-28 15:05:00,19.03022,0.0,39.99999999999907,149.25563385947413,63.43406666666519
2025-07-28 15:10:00,8.95,100.0,0.0,157.16132800989507,-74.58333333333331
2025-07-28 15:15:00,8.95,100.0,0.0,165.06702216031601,-74.58333333333331
2025-07-28 15:20:00,30.70571,0.0,100.0,156.28291754873717,255.88091666666662
2025-07-28 15:25:00,8.95,100.0,0.0,164.18861169915812,-74.58333333333331
2025-07-28 15:30:00,1.04239,100.0,0.0,172.09430584957906,-8.686583333333331
2025-07-28 15:35:00,8.95,100.0,0.0,180.0,-74.58333333333331
2025-07-28 15:40:00,20.0,0.0,-0.0,180.0,-0.0
2025-07-28 15:45:00,35.0,0.0,89.99999999999993,172.09430584957906,262.4999999999998
2025-07-28 15:50:00,8.95,100.0,0.0,180.0,-74.58333333333331
2025-07-28 15:55:00,34.25845,0.0,0.0,180.0,0.0
2025-07-28 16:00:00,49.72909,0.0,100.0,171.21589538842116,414.4090833333333
2025-07-28 16:05:00,35.92,0.0,79.99999999999976,164.18861169915812,239.46666666666596
2025-07-28 16:10:00,20.04,100.0,0.0,172.09430584957906,-166.99999999999997
2025-07-28 16:15:00,12.49133,100.0,0.0,180.0,-104.09441666666665
2025-07-28 16:20:00,44.56462,0.0,-0.0,180.0,-0.0
2025-07-28 16:25:00,75.69494,0.0,0.0,180.0,0.0
2025-07-28 16:30:00,84.10834,0.0,-0.0,180.0,-0.0
2025-07-28 16:35:00,78.58245,0.0,0.0,180.0,0.0
2025-07-28 16:40:00,102.17134,-0.0,0.0,180.0,0.0
2025-07-28 16:45:00,118.32031,0.0,0.0,180.0,0.0
2025-07-28 16:50:00,139.49463,-0.0,0.0,180.0,0.0
2025-07-28 16:55:00,155.22589,0.0,0.0,180.0,0.0
2025-07-28 17:00:00,156.76591,0.0,0.0,180.0,0.0
2025-07-28 17:05:00,158.28006,0.0,89.99999999999993,172.09430584957906,1187.100449999999
2025-07-28 17:10:00,137.68574,100.0,0.0,180.0,-1147.3811666666666
2025-07-28 17:15:00,160.66957,0.0,0.0,180.0,0.0
2025-07-28 17:20:00,173.40026,0.0,-0.0,180.0,-0.0
2025-07-28 17:25:00,166.26024,0.0,0.0,180.0,0.0
2025-07-28 17:30:00,170.27,0.0,0.0,180.0,0.0
2025-07-28 17:35:00,162.8281,0.0,0.0,180.0,0.0
2025-07-28 17:40:00,170.76,0.0,0.0,180.0,0.0
2025-07-28 17:45:00,159.95065,0.0,0.0,180.0,0.0
2025-07-28 17:50:00,170.22,0.0,0.0,180.0,0.0
2025-07-28 17:55:00,162.76259,0.0,0.0,180.0,0.0
2025-07-28 18:00:00,187.00544,0.0,0.0,180.0,0.0
2025-07-28 18:05:00,190.75633,0.0,0.0,180.0,0.0
2025-07-28 18:10:00,199.01194,0.0,100.0,171.21589538842116,1658.4328333333333
2025-07-28 18:15:00,193.45729,0.0,0.0,171.21589538842116,0.0
2025-07-28 18:20:00,247.65323,0.0,100.0,162.43179077684232,2063.7769166666662
2025-07-28 18:25:00,209.33957,0.0,100.0,153.64768616526348,1744.4964166666664
2025-07-28 18:30:00,180.96007,0.0,0.0,153.64768616526348,0.0
2025-07-28 18:35:00,184.67491,0.0,0.0,153.64768616526348,0.0
2025-07-28 18:40:00,183.33811,0.0,0.0,153.64768616526348,0.0
2025-07-28 18:45:00,177.86671,0.0,0.0,153.64768616526348,0.0
2025-07-28 18:50:00,240.0,0.0,100.0,144.86358155368464,1999.9999999999998
2025-07-28 18:55:00,167.45416,100.0,0.0,152.76927570410558,-1395.4513333333332
2025-07-28 19:00:00,211.37396,0.0,100.0,143.98517109252674,1761.4496666666664
2025-07-28 19:05:00,170.98764,100.0,0.0,151.89086524294768,-1424.8969999999997
2025-07-28 19:10:00,174.79589,100.0,0.0,159.79655939336863,-1456.6324166666666
2025-07-28 19:15:00,168.72105,100.0,0.0,167.70225354378957,-1406.0087499999997
2025-07-28 19:20:00,202.29912,0.0,100.0,158.91814893221073,1685.8259999999996
2025-07-28 19:25:00,166.87887,100.0,0.0,166.82384308263167,-1390.6572499999997
2025-07-28 19:30:00,165.44135,100.0,0.0,174.7295372330526,-1378.6779166666665
2025-07-28 19:35:00,221.79452,0.0,100.0,165.94543262147377,1848.2876666666664
2025-07-28 19:40:00,192.71591,0.0,0.0,165.94543262147377,0.0
2025-07-28 19:45:00,223.41,0.0,100.0,157.16132800989493,1861.7499999999998
2025-07-28 19:50:00,223.36,0.0,100.0,148.3772233983161,1861.3333333333333
2025-07-28 19:55:00,218.68407,0.0,100.0,139.59311878673725,1822.3672499999996
2025-07-28 20:00:00,200.88997,0.0,100.0,130.8090141751584,1674.0830833333332
2025-07-28 20:05:00,223.5,0.0,100.0,122.02490956357958,1862.4999999999998
2025-07-28 20:10:00,223.36,0.0,100.0,113.24080495200076,1861.3333333333333
2025-07-28 20:15:00,247.45,0.0,100.0,104.45670034042193,2062.083333333333
2025-07-28 20:20:00,248.94,0.0,100.0,95.6725957288431,2074.4999999999995
2025-07-28 20:25:00,205.93186,0.0,100.0,86.88849111726428,1716.098833333333
2025-07-28 20:30:00,203.21354,0.0,100.0,78.10438650568545,1693.4461666666664
2025-07-28 20:35:00,195.54378,0.0,51.4719322569854,73.58303813063087,838.7513497862378
2025-07-28 20:40:00,180.96,0.0,0.0,73.58303813063087,0.0
2025-07-28 20:45:00,191.55997,0.0,0.0,73.58303813063087,0.0
2025-07-28 20:50:00,232.36456,0.0,100.0,64.79893351905204,1936.371333333333
2025-07-28 20:55:00,191.79497,0.0,0.0,64.79893351905204,0.0
2025-07-28 21:00:00,187.9805,0.0,0.0,64.79893351905204,0.0
2025-07-28 21:05:00,233.39225,0.0,100.0,56.014828907473216,1944.9354166666662
2025-07-28 21:10:00,200.89,0.0,100.0,47.23072429589438,1674.083333333333
2025-07-28 21:15:00,175.80292,100.0,0.0,55.13641844631533,-1465.024333333333
2025-07-28 21:20:00,179.28439,0.0,0.0,55.13641844631533,0.0
2025-07-28 21:25:00,209.54609,0.0,100.0,46.3523138347365,1746.2174166666664
2025-07-28 21:30:00,202.31667,0.0,100.0,37.568209223157666,1685.9722499999996
2025-07-28 21:35:00,192.28143,0.0,0.0,37.568209223157666,0.0
2025-07-28 21:40:00,196.68066,0.0,100.0,28.784104611578833,1639.0054999999998
2025-07-28 21:45:00,197.71969,0.0,100.0,20.0,1647.664083333333
2025-07-28 21:50:00,160.0,0.0,-0.0,20.0,-0.0
2025-07-28 21:55:00,145.46481,0.0,0.0,20.0,0.0
2025-07-28 22:00:00,144.26109,0.0,0.0,20.0,0.0
2025-07-28 22:05:00,142.33948,100.0,0.0,27.90569415042095,-1186.1623333333332
2025-07-28 22:10:00,160.0,0.0,90.00000000000001,20.0,1200.0000000000002
2025-07-28 22:15:00,158.0,0.0,0.0,20.0,0.0
2025-07-28 22:20:00,147.33228,0.0,0.0,20.0,0.0
2025-07-28 22:25:00,147.15391,0.0,0.0,20.0,0.0
2025-07-28 22:30:00,122.3303,100.0,0.0,27.90569415042095,-1019.4191666666665
2025-07-28 22:35:00,126.94127,100.0,0.0,35.8113883008419,-1057.8439166666665
2025-07-28 22:40:00,142.7647,0.0,0.0,35.8113883008419,0.0
2025-07-28 22:45:00,153.3057,0.0,100.0,27.027283689263065,1277.5475
2025-07-28 22:50:00,130.42994,0.0,0.0,27.027283689263065,0.0
2025-07-28 22:55:00,130.4696,0.0,0.0,27.027283689263065,0.0
2025-07-28 23:00:00,127.16531,100.0,0.0,34.932977839684014,-1059.7109166666667
2025-07-28 23:05:00,143.41478,0.0,0.0,34.932977839684014,0.0
2025-07-28 23:10:00,143.56828,0.0,0.0,34.932977839684014,0.0
2025-07-28 23:15:00,134.20561,0.0,0.0,34.932977839684014,0.0
2025-07-28 23:20:00,134.44729,0.0,0.0,34.932977839684014,0.0
2025-07-28 23:25:00,134.64692,0.0,0.0,34.932977839684014,0.0
2025-07-28 23:30:00,135.8569,0.0,0.0,34.932977839684014,0.0
2025-07-28 23:35:00,132.11761,0.0,0.0,34.932977839684014,0.0
2025-07-28 23:40:00,132.72,0.0,0.0,34.932977839684014,0.0
2025-07-28 23:45:00,144.39554,0.0,0.0,34.932977839684014,0.0
2025-07-28 23:50:00,135.57158,0.0,0.0,34.932977839684014,0.0
2025-07-28 23:55:00,144.8734,0.0,100.0,26.14887322810518,1207.2783333333332
2025-07-29 00:00:00,134.35025,0.0,0.0,26.14887322810518,0.0
2025-07-29 00:05:00,143.7968,0.0,0.0,26.14887322810518,0.0
2025-07-29 00:10:00,144.46843,0.0,69.99999999999999,20.0,842.7325083333333
2025-07-29 00:15:00,131.15123,0.0,0.0,20.0,0.0
2025-07-29 00:20:00,97.0,100.0,0.0,27.90569415042095,-808.3333333333333
2025-07-29 00:25:00,141.06851,0.0,90.00000000000001,20.0,1058.0138250000002
2025-07-29 00:30:00,128.20982,0.0,0.0,20.0,0.0
2025-07-29 00:35:00,99.63147,100.0,0.0,27.90569415042095,-830.2622499999999
2025-07-29 00:40:00,100.30555,100.0,0.0,35.8113883008419,-835.8795833333331
2025-07-29 00:45:00,123.86599,0.0,100.0,27.027283689263065,1032.2165833333331
2025-07-29 00:50:00,110.31455,22.222222222222246,0.0,28.784104611578833,-204.28620370370393
2025-07-29 00:55:00,133.1174,0.0,100.0,20.0,1109.3116666666665
2025-07-29 01:00:00,109.40318,0.0,0.0,20.0,0.0
2025-07-29 01:05:00,98.69791,100.0,0.0,27.90569415042095,-822.4825833333332
2025-07-29 01:10:00,110.63072,0.0,0.0,27.90569415042095,0.0
2025-07-29 01:15:00,119.16437,0.0,69.99999999999994,21.75682092231577,695.1254916666661
2025-07-29 01:20:00,97.0,100.0,0.0,29.662515072736717,-808.3333333333333
2025-07-29 01:25:00,98.04897,100.0,0.0,37.568209223157666,-817.0747499999999
2025-07-29 01:30:00,123.19,0.0,100.0,28.784104611578833,1026.5833333333333
2025-07-29 01:35:00,134.55422,0.0,100.0,20.0,1121.2851666666663
2025-07-29 01:40:00,86.46876,100.0,0.0,27.90569415042095,-720.573
2025-07-29 01:45:00,97.0,100.0,0.0,35.8113883008419,-808.3333333333333
2025-07-29 01:50:00,97.0,100.0,0.0,43.71708245126285,-808.3333333333333
2025-07-29 01:55:00,89.53132,100.0,0.0,51.622776601683796,-746.0943333333332
2025-07-29 02:00:00,87.93194,100.0,0.0,59.528470752104745,-732.7661666666665
2025-07-29 02:05:00,97.0,100.0,0.0,67.4341649025257,-808.3333333333333
2025-07-29 02:10:00,137.47459,0.0,100.0,58.65006029094686,1145.6215833333333
2025-07-29 02:15:00,102.6248,100.0,0.0,66.55575444136781,-855.2066666666665
2025-07-29 02:20:00,89.65018,100.0,0.0,74.46144859178875,-747.0848333333332
2025-07-29 02:25:00,100.27272,100.0,0.0,82.3671427422097,-835.6059999999999
2025-07-29 02:30:00,90.0,100.0,0.0,90.27283689263064,-749.9999999999999
2025-07-29 02:35:00,90.0,100.0,0.0,98.17853104305158,-749.9999999999999
2025-07-29 02:40:00,119.96045,0.0,100.0,89.39442643147275,999.6704166666665
2025-07-29 02:45:00,97.0,100.0,0.0,97.3001205818937,-808.3333333333333
2025-07-29 02:50:00,90.58484,100.0,0.0,105.20581473231464,-754.8736666666665
2025-07-29 02:55:00,108.50175,0.0,0.0,105.20581473231464,0.0
2025-07-29 03:00:00,88.10191,100.0,0.0,113.11150888273558,-734.1825833333332
2025-07-29 03:05:00,97.0,100.0,0.0,121.01720303315652,-808.3333333333333
2025-07-29 03:10:00,87.03356,100.0,0.0,128.92289718357748,-725.2796666666666
2025-07-29 03:15:00,97.0,100.0,0.0,136.82859133399842,-808.3333333333333
2025-07-29 03:20:00,97.0,100.0,0.0,144.73428548441936,-808.3333333333333
2025-07-29 03:25:00,85.35011,100.0,0.0,152.6399796348403,-711.2509166666666
2025-07-29 03:30:00,97.0,100.0,0.0,160.54567378526124,-808.3333333333333
2025-07-29 03:35:00,90.0,100.0,0.0,168.45136793568219,-749.9999999999999
2025-07-29 03:40:00,93.18197,100.0,0.0,176.35706208610313,-776.5164166666666
2025-07-29 03:45:00,112.67617,0.0,0.0,176.35706208610313,0.0
2025-07-29 03:50:00,130.35139,0.0,100.0,167.5729574745243,1086.2615833333332
2025-07-29 03:55:00,86.39699,100.0,0.0,175.47865162494523,-719.9749166666666
2025-07-29 04:00:00,109.09598,0.0,0.0,175.47865162494523,0.0
2025-07-29 04:05:00,111.99579,0.0,0.0,175.47865162494523,0.0
2025-07-29 04:10:00,117.5975,0.0,100.0,166.6945470133664,979.9791666666665
2025-07-29 04:15:00,117.37522,0.0,18.528067743012084,165.06702216031601,181.22800229257888
2025-07-29 04:20:00,122.86352,0.0,100.0,156.28291754873717,1023.8626666666664
2025-07-29 04:25:00,93.08632,100.0,0.0,164.18861169915812,-775.7193333333332
2025-07-29 04:30:00,107.57471,0.0,0.0,164.18861169915812,0.0
2025-07-29 04:35:00,109.13362,0.0,0.0,164.18861169915812,0.0
2025-07-29 04:40:00,93.99673,100.0,0.0,172.09430584957906,-783.3060833333332
2025-07-29 04:45:00,98.36133,100.0,0.0,180.0,-819.6777499999998
2025-07-29 04:50:00,115.49444,0.0,0.0,180.0,0.0
2025-07-29 04:55:00,111.7262,0.0,0.0,180.0,0.0
2025-07-29 05:00:00,121.77283,0.0,0.0,180.0,0.0
2025-07-29 05:05:00,116.47046,0.0,0.0,180.0,0.0
2025-07-29 05:10:00,126.63696,0.0,89.99999999999993,172.09430584957906,949.7771999999992
2025-07-29 05:15:00,121.70324,0.0,0.0,172.09430584957906,0.0
2025-07-29 05:20:00,119.69415,0.0,0.0,172.09430584957906,0.0
2025-07-29 05:25:00,112.90082,100.0,0.0,180.0,-940.8401666666665
2025-07-29 05:30:00,167.25157,0.0,89.99999999999993,172.09430584957906,1254.3867749999988
2025-07-29 05:35:00,123.60901,100.0,0.0,180.0,-1030.0750833333332
2025-07-29 05:40:00,160.39665,0.0,0.0,180.0,0.0
2025-07-29 05:45:00,168.67443,0.0,0.0,180.0,0.0
2025-07-29 05:50:00,175.69126,0.0,0.0,180.0,0.0
2025-07-29 05:55:00,171.48046,0.0,0.0,180.0,0.0
2025-07-29 06:00:00,172.61758,0.0,0.0,180.0,0.0
2025-07-29 06:05:00,199.78427,0.0,0.0,180.0,0.0
2025-07-29 06:10:00,221.84719,0.0,0.0,180.0,0.0
2025-07-29 06:15:00,295.36924,0.0,100.0,171.21589538842116,2461.410333333333
2025-07-29 06:20:00,298.52613,0.0,100.0,162.43179077684232,2487.71775
2025-07-29 06:25:00,297.12717,0.0,100.0,153.64768616526348,2476.0597499999994
2025-07-29 06:30:00,299.49,0.0,100.0,144.86358155368464,2495.7499999999995
2025-07-29 06:35:00,253.13364,0.0,0.0,144.86358155368464,0.0
2025-07-29 06:40:00,248.94,0.0,0.0,144.86358155368464,0.0
2025-07-29 06:45:00,248.94,0.0,0.0,144.86358155368464,0.0
2025-07-29 06:50:00,260.10252,0.0,0.0,144.86358155368464,0.0
2025-07-29 06:55:00,276.0733,0.0,100.0,136.0794769421058,2300.610833333333
2025-07-29 07:00:00,299.4,0.0,100.0,127.29537233052697,2494.9999999999995
2025-07-29 07:05:00,273.08175,0.0,100.0,118.51126771894815,2275.6812499999996
2025-07-29 07:10:00,253.44043,0.0,0.0,118.51126771894815,0.0
2025-07-29 07:15:00,299.17,0.0,100.0,109.72716310736932,2493.083333333333
2025-07-29 07:20:00,320.26199,0.0,100.0,100.9430584957905,2668.8499166666666
2025-07-29 07:25:00,308.25456,0.0,100.0,92.15895388421167,2568.788
2025-07-29 07:30:00,298.0,0.0,100.0,83.37484927263284,2483.333333333333
2025-07-29 07:35:00,254.77344,0.0,0.0,83.37484927263284,0.0
2025-07-29 07:40:00,247.45,0.0,0.0,83.37484927263284,0.0
2025-07-29 07:45:00,270.82,0.0,100.0,74.59074466105402,2256.833333333333
2025-07-29 07:50:00,270.82,0.0,100.0,65.80664004947519,2256.833333333333
2025-07-29 07:55:00,281.8461,0.0,100.0,57.02253543789636,2348.7174999999993
2025-07-29 08:00:00,288.17816,0.0,100.0,48.238430826317526,2401.4846666666663
2025-07-29 08:05:00,253.12696,0.0,0.0,48.238430826317526,0.0
2025-07-29 08:10:00,248.94,0.0,0.0,48.238430826317526,0.0
2025-07-29 08:15:00,270.82,0.0,100.0,39.45432621473869,2256.833333333333
2025-07-29 08:20:00,248.94,0.0,0.0,39.45432621473869,0.0
2025-07-29 08:25:00,262.46525,0.0,21.471932256986417,37.568209223157666,469.636338984417
2025-07-29 08:30:00,261.29841,0.0,0.0,37.568209223157666,0.0
2025-07-29 08:35:00,263.79739,0.0,100.0,28.784104611578833,2198.311583333333
2025-07-29 08:40:00,270.82,0.0,100.0,20.0,2256.833333333333
2025-07-29 08:45:00,248.94,0.0,0.0,20.0,0.0
2025-07-29 08:50:00,248.94,0.0,0.0,20.0,0.0
2025-07-29 08:55:00,248.94,0.0,0.0,20.0,0.0
2025-07-29 09:00:00,247.45,0.0,0.0,20.0,0.0
2025-07-29 09:05:00,222.23003,0.0,0.0,20.0,0.0
2025-07-29 09:10:00,222.10009,0.0,0.0,20.0,0.0
2025-07-29 09:15:00,228.46404,0.0,-0.0,20.0,-0.0
2025-07-29 09:20:00,221.18369,0.0,0.0,20.0,0.0
2025-07-29 09:25:00,180.96003,-0.0,0.0,20.0,0.0
2025-07-29 09:30:00,180.96003,0.0,0.0,20.0,0.0
2025-07-29 09:35:00,180.96,0.0,0.0,20.0,0.0
2025-07-29 09:40:00,180.94,0.0,0.0,20.0,0.0
2025-07-29 09:45:00,180.94,0.0,0.0,20.0,0.0
2025-07-29 09:50:00,147.98828,100.0,0.0,27.90569415042095,-1233.2356666666665
2025-07-29 09:55:00,154.59487,0.0,0.0,27.90569415042095,0.0
2025-07-29 10:00:00,123.85856,100.0,0.0,35.8113883008419,-1032.1546666666666
2025-07-29 10:05:00,160.0,0.0,0.0,35.8113883008419,0.0
2025-07-29 10:10:00,160.0,0.0,0.0,35.8113883008419,0.0
2025-07-29 10:15:00,280.16146,0.0,100.0,27.027283689263065,2334.678833333333
2025-07-29 10:20:00,167.54059,0.0,80.0,20.0,1116.9372666666666
2025-07-29 10:25:00,160.0,0.0,0.0,20.0,0.0
2025-07-29 10:30:00,106.35986,100.0,0.0,27.90569415042095,-886.3321666666665
2025-07-29 10:35:00,158.72,0.0,0.0,27.90569415042095,0.0
2025-07-29 10:40:00,162.05346,0.0,90.00000000000001,20.0,1215.4009500000002
2025-07-29 10:45:00,91.72196,100.0,0.0,27.90569415042095,-764.3496666666665
2025-07-29 10:50:00,91.64981,100.0,0.0,35.8113883008419,-763.7484166666666
2025-07-29 10:55:00,84.46075,100.0,0.0,43.71708245126285,-703.8395833333333
2025-07-29 11:00:00,73.16597,100.0,0.0,51.622776601683796,-609.7164166666666
2025-07-29 11:05:00,76.5597,100.0,0.0,59.528470752104745,-637.9975
2025-07-29 11:10:00,108.18661,100.0,0.0,67.4341649025257,-901.5550833333332
2025-07-29 11:15:00,56.19934,100.0,0.0,75.33985905294664,-468.3278333333333
2025-07-29 11:20:00,48.19,100.0,0.0,83.24555320336759,-401.58333333333326
2025-07-29 11:25:00,90.0,100.0,0.0,91.15124735378853,-749.9999999999999
2025-07-29 11:30:00,48.19,100.0,0.0,99.05694150420948,-401.58333333333326
2025-07-29 11:35:00,62.70069,100.0,0.0,106.96263565463043,-522.5057499999999
2025-07-29 11:40:00,55.74303,100.0,0.0,114.86832980505137,-464.5252499999999
2025-07-29 11:45:00,67.15341,100.0,0.0,122.77402395547232,-559.6117499999999
2025-07-29 11:50:00,90.0,100.0,0.0,130.67971810589327,-749.9999999999999
2025-07-29 11:55:00,75.8,100.0,0.0,138.5854122563142,-631.6666666666665
2025-07-29 12:00:00,50.05512,100.0,0.0,146.49110640673516,-417.126
2025-07-29 12:05:00,90.0,100.0,0.0,154.3968005571561,-749.9999999999999
2025-07-29 12:10:00,92.23,100.0,0.0,162.30249470757704,-768.5833333333333
2025-07-29 12:15:00,92.23,100.0,0.0,170.20818885799798,-768.5833333333333
2025-07-29 12:20:00,115.89,0.0,0.0,170.20818885799798,0.0
2025-07-29 12:25:00,113.57255,0.0,0.0,170.20818885799798,0.0
2025-07-29 12:30:00,113.27842,23.857702507763317,0.0,172.09430584957906,-225.21357040912218
2025-07-29 12:35:00,122.02,0.0,0.0,172.09430584957906,0.0
2025-07-29 12:40:00,92.51,100.0,0.0,180.0,-770.9166666666666
2025-07-29 12:45:00,176.16595,0.0,100.0,171.21589538842116,1468.0495833333332
2025-07-29 12:50:00,173.38351,0.0,100.0,162.43179077684232,1444.862583333333
2025-07-29 12:55:00,160.0,0.0,0.0,162.43179077684232,0.0
2025-07-29 13:00:00,166.45,0.0,0.0,162.43179077684232,0.0
2025-07-29 13:05:00,166.45,0.0,0.0,162.43179077684232,0.0
2025-07-29 13:10:00,149.17243,100.0,0.0,170.33748492726326,-1243.103583333333
2025-07-29 13:15:00,156.65928,0.0,0.0,170.33748492726326,0.0
2025-07-29 13:20:00,160.36,0.0,0.0,170.33748492726326,0.0
2025-07-29 13:25:00,207.8,0.0,100.0,161.55338031568442,1731.6666666666665
2025-07-29 13:30:00,209.91768,0.0,100.0,152.76927570410558,1749.3139999999996
2025-07-29 13:35:00,133.27684,100.0,0.0,160.67496985452652,-1110.640333333333
2025-07-29 13:40:00,155.44651,44.44444444444522,0.0,164.18861169915812,-575.7278148148248
2025-07-29 13:45:00,139.34476,100.0,0.0,172.09430584957906,-1161.2063333333333
2025-07-29 13:50:00,132.6277,100.0,0.0,180.0,-1105.2308333333333
2025-07-29 13:55:00,227.62747,0.0,100.0,171.21589538842116,1896.895583333333
2025-07-29 14:00:00,126.33684,100.0,0.0,179.1215895388421,-1052.8069999999998
2025-07-29 14:05:00,221.60908,0.0,100.0,170.33748492726326,1846.7423333333331
2025-07-29 14:10:00,216.13031,0.0,100.0,161.55338031568442,1801.0859166666664
2025-07-29 14:15:00,219.20098,0.0,100.0,152.76927570410558,1826.674833333333
2025-07-29 14:20:00,220.94654,0.0,100.0,143.98517109252674,1841.2211666666665
2025-07-29 14:25:00,160.36,0.0,0.0,143.98517109252674,0.0
2025-07-29 14:30:00,162.31574,0.0,0.0,143.98517109252674,0.0
2025-07-29 14:35:00,160.36,55.555555555556516,0.0,148.37722339831623,-742.4074074074204
2025-07-29 14:40:00,159.07916,100.0,0.0,156.28291754873717,-1325.6596666666665
2025-07-29 14:45:00,160.36,100.0,0.0,164.18861169915812,-1336.3333333333333
2025-07-29 14:50:00,167.48112,0.0,0.0,164.18861169915812,0.0
2025-07-29 14:55:00,160.36,100.0,0.0,172.09430584957906,-1336.3333333333333
2025-07-29 15:00:00,143.65936,100.0,0.0,180.0,-1197.161333333333
2025-07-29 15:05:00,171.57,0.0,0.0,180.0,0.0
2025-07-29 15:10:00,168.69337,0.0,0.0,180.0,0.0
2025-07-29 15:15:00,197.96846,0.0,-0.0,180.0,-0.0
2025-07-29 15:20:00,199.71127,0.0,0.0,180.0,0.0
2025-07-29 15:25:00,199.96501,0.0,89.99999999999993,172.09430584957906,1499.7375749999987
2025-07-29 15:30:00,197.52331,0.0,0.0,172.09430584957906,0.0
2025-07-29 15:35:00,154.60355,100.0,0.0,180.0,-1288.3629166666665
2025-07-29 15:40:00,204.5455,0.0,-0.0,180.0,-0.0
2025-07-29 15:45:00,204.52439,0.0,0.0,180.0,0.0
2025-07-29 15:50:00,236.99132,0.0,-0.0,180.0,-0.0
2025-07-29 15:55:00,239.95347,0.0,-0.0,180.0,-0.0
2025-07-29 16:00:00,254.04114,0.0,0.0,180.0,0.0
2025-07-29 16:05:00,299.5,0.0,100.0,171.21589538842116,2495.833333333333
2025-07-29 16:10:00,286.11991,0.0,0.0,171.21589538842116,0.0
2025-07-29 16:15:00,266.69829,11.111111111111304,0.0,172.09430584957906,-246.9428611111154
2025-07-29 16:20:00,254.29039,100.0,0.0,180.0,-2119.0865833333332
2025-07-29 16:25:00,278.82104,0.0,0.0,180.0,0.0
2025-07-29 16:30:00,299.5,0.0,0.0,180.0,0.0
2025-07-29 16:35:00,295.21026,0.0,0.0,180.0,0.0
2025-07-29 16:40:00,299.29,0.0,0.0,180.0,0.0
2025-07-29 16:45:00,342.67448,0.0,100.0,171.21589538842116,2855.6206666666662
2025-07-29 16:50:00,348.61,0.0,100.0,162.43179077684232,2905.083333333333
2025-07-29 16:55:00,348.61,0.0,100.0,153.64768616526348,2905.083333333333
2025-07-29 17:00:00,333.29532,0.0,100.0,144.86358155368464,2777.461
2025-07-29 17:05:00,291.12761,0.0,0.0,144.86358155368464,0.0
2025-07-29 17:10:00,298.35906,0.0,0.0,144.86358155368464,0.0
2025-07-29 17:15:00,348.61,0.0,100.0,136.0794769421058,2905.083333333333
2025-07-29 17:20:00,348.61,0.0,100.0,127.29537233052697,2905.083333333333
2025-07-29 17:25:00,375.7633,0.0,100.0,118.51126771894815,3131.360833333333
2025-07-29 17:30:00,378.37282,0.0,100.0,109.72716310736932,3153.106833333333
2025-07-29 17:35:00,359.38564,0.0,100.0,100.9430584957905,2994.880333333333
2025-07-29 17:40:00,356.46859,0.0,100.0,92.15895388421167,2970.571583333333
2025-07-29 17:45:00,354.50487,0.0,100.0,83.37484927263284,2954.2072499999995
2025-07-29 17:50:00,351.51,0.0,100.0,74.59074466105402,2929.2499999999995
2025-07-29 17:55:00,406.48,0.0,100.0,65.80664004947519,3387.333333333333
2025-07-29 18:00:00,357.14588,0.0,100.0,57.02253543789636,2976.215666666666
2025-07-29 18:05:00,348.61,0.0,100.0,48.238430826317526,2905.083333333333
2025-07-29 18:10:00,296.61724,0.0,0.0,48.238430826317526,0.0
2025-07-29 18:15:00,348.61,0.0,100.0,39.45432621473869,2905.083333333333
2025-07-29 18:20:00,321.47084,0.0,100.0,30.67022160315986,2678.9236666666666
2025-07-29 18:25:00,329.06513,0.0,100.0,21.886116991581027,2742.2094166666666
2025-07-29 18:30:00,309.46251,0.0,21.471932256986417,20.0,553.7298375664151
2025-07-29 18:35:00,293.46781,0.0,0.0,20.0,0.0
2025-07-29 18:40:00,297.89,0.0,0.0,20.0,0.0
2025-07-29 18:45:00,293.23837,0.0,0.0,20.0,0.0
2025-07-29 18:50:00,287.1738,0.0,0.0,20.0,0.0
2025-07-29 18:55:00,286.99896,0.0,0.0,20.0,0.0
2025-07-29 19:00:00,276.83605,-0.0,0.0,20.0,0.0
2025-07-29 19:05:00,254.98165,100.0,0.0,27.90569415042095,-2124.847083333333
2025-07-29 19:10:00,263.25973,100.0,0.0,35.8113883008419,-2193.831083333333
2025-07-29 19:15:00,266.96,0.0,0.0,35.8113883008419,0.0
2025-07-29 19:20:00,266.96,0.0,0.0,35.8113883008419,0.0
2025-07-29 19:25:00,257.76104,100.0,0.0,43.71708245126285,-2148.008666666666
2025-07-29 19:30:00,263.33938,100.0,0.0,51.622776601683796,-2194.494833333333
2025-07-29 19:35:00,295.46146,0.0,49.99999999999997,47.23072429589438,1231.089416666666
2025-07-29 19:40:00,294.93218,0.0,0.0,47.23072429589438,0.0
2025-07-29 19:45:00,280.22344,0.0,0.0,47.23072429589438,0.0
2025-07-29 19:50:00,263.77644,100.0,0.0,55.13641844631533,-2198.1369999999997
2025-07-29 19:55:00,269.82,0.0,0.0,55.13641844631533,0.0
2025-07-29 20:00:00,266.96,0.0,0.0,55.13641844631533,0.0
2025-07-29 20:05:00,291.10919,0.0,0.0,55.13641844631533,0.0
2025-07-29 20:10:00,285.84431,0.0,0.0,55.13641844631533,0.0
2025-07-29 20:15:00,295.79163,0.0,100.0,46.3523138347365,2464.9302499999994
2025-07-29 20:20:00,297.55455,0.0,100.0,37.568209223157666,2479.6212499999997
2025-07-29 20:25:00,297.83967,0.0,100.0,28.784104611578833,2481.99725
2025-07-29 20:30:00,295.80631,0.0,100.0,20.0,2465.052583333333
2025-07-29 20:35:00,270.82,0.0,0.0,20.0,0.0
2025-07-29 20:40:00,280.38395,0.0,0.0,20.0,0.0
2025-07-29 20:45:00,266.62464,0.0,0.0,20.0,0.0
2025-07-29 20:50:00,263.33938,0.0,0.0,20.0,0.0
2025-07-29 20:55:00,257.77741,0.0,0.0,20.0,0.0
2025-07-29 21:00:00,254.01574,0.0,0.0,20.0,0.0
2025-07-29 21:05:00,269.17307,0.0,0.0,20.0,0.0
2025-07-29 21:10:00,270.61262,0.0,0.0,20.0,0.0
2025-07-29 21:15:00,270.82,0.0,0.0,20.0,0.0
2025-07-29 21:20:00,247.65323,100.0,0.0,27.90569415042095,-2063.7769166666662
2025-07-29 21:25:00,253.55848,0.0,0.0,27.90569415042095,0.0
2025-07-29 21:30:00,244.34358,100.0,0.0,35.8113883008419,-2036.1964999999998
2025-07-29 21:35:00,279.57266,0.0,0.0,35.8113883008419,0.0
2025-07-29 21:40:00,284.28067,0.0,100.0,27.027283689263065,2369.005583333333
2025-07-29 21:45:00,281.3235,0.0,80.0,20.0,1875.49
2025-07-29 21:50:00,263.33938,0.0,0.0,20.0,0.0
2025-07-29 21:55:00,260.40371,0.0,0.0,20.0,0.0
2025-07-29 22:00:00,180.7679,100.0,0.0,27.90569415042095,-1506.3991666666664
2025-07-29 22:05:00,215.19158,100.0,0.0,35.8113883008419,-1793.2631666666664
2025-07-29 22:10:00,266.96,0.0,80.0,28.784104611578833,1779.7333333333331
2025-07-29 22:15:00,272.84183,0.0,100.0,20.0,2273.6819166666664
2025-07-29 22:20:00,262.2944,0.0,0.0,20.0,0.0
2025-07-29 22:25:00,216.44322,100.0,0.0,27.90569415042095,-1803.6934999999996
2025-07-29 22:30:00,223.30474,0.0,0.0,27.90569415042095,0.0
2025-07-29 22:35:00,236.53468,0.0,0.0,27.90569415042095,0.0
2025-07-29 22:40:00,241.96,0.0,90.00000000000001,20.0,1814.7000000000003
2025-07-29 22:45:00,219.77362,0.0,0.0,20.0,0.0
2025-07-29 22:50:00,217.78052,0.0,0.0,20.0,0.0
2025-07-29 22:55:00,168.57122,77.77777777777791,0.0,26.14887322810519,-1092.5912407407427
2025-07-29 23:00:00,158.0,100.0,0.0,34.05456737852614,-1316.6666666666665
2025-07-29 23:05:00,158.0,100.0,0.0,41.960261528947086,-1316.6666666666665
2025-07-29 23:10:00,160.0,100.0,0.0,49.865955679368035,-1333.333333333333
2025-07-29 23:15:00,227.86599,0.0,100.0,41.0818510677892,1898.8832499999999
2025-07-29 23:20:00,159.10753,100.0,0.0,48.98754521821015,-1325.896083333333
2025-07-29 23:25:00,256.88535,0.0,100.0,40.20344060663132,2140.71125
2025-07-29 23:30:00,158.0,100.0,0.0,48.10913475705227,-1316.6666666666665
2025-07-29 23:35:00,165.80641,100.0,0.0,56.014828907473216,-1381.7200833333332
2025-07-29 23:40:00,182.4441,0.0,0.0,56.014828907473216,0.0
2025-07-29 23:45:00,217.53026,0.0,100.0,47.23072429589438,1812.7521666666664
2025-07-29 23:50:00,211.73677,0.0,100.0,38.44661968431555,1764.473083333333
2025-07-29 23:55:00,186.10785,0.0,0.0,38.44661968431555,0.0
2025-07-30 00:00:00,156.94019,100.0,0.0,46.3523138347365,-1307.8349166666665
2025-07-30 00:05:00,218.15881,0.0,100.0,37.568209223157666,1817.990083333333
2025-07-30 00:10:00,195.01995,0.0,100.0,28.784104611578833,1625.1662499999998
2025-07-30 00:15:00,207.98263,0.0,100.0,20.0,1733.188583333333
2025-07-30 00:20:00,160.0,0.0,-0.0,20.0,-0.0
2025-07-30 00:25:00,155.01154,0.0,0.0,20.0,0.0
2025-07-30 00:30:00,153.29619,0.0,0.0,20.0,0.0
2025-07-30 00:35:00,160.0,0.0,0.0,20.0,0.0
2025-07-30 00:40:00,160.0,0.0,0.0,20.0,0.0
2025-07-30 00:45:00,158.0,0.0,0.0,20.0,0.0
2025-07-30 00:50:00,158.0,0.0,0.0,20.0,0.0
2025-07-30 00:55:00,160.0,0.0,0.0,20.0,0.0
2025-07-30 01:00:00,124.34516,100.0,0.0,27.90569415042095,-1036.2096666666666
2025-07-30 01:05:00,156.30496,0.0,0.0,27.90569415042095,0.0
2025-07-30 01:10:00,160.0,0.0,90.00000000000001,20.0,1200.0000000000002
2025-07-30 01:15:00,160.0,0.0,0.0,20.0,0.0
2025-07-30 01:20:00,128.67617,0.0,0.0,20.0,0.0
2025-07-30 01:25:00,126.90674,79.41325806331993,0.0,26.278169297370574,-839.8398077995538
2025-07-30 01:30:00,127.92514,0.0,0.0,26.278169297370574,0.0
2025-07-30 01:35:00,127.89394,0.0,0.0,26.278169297370574,0.0
2025-07-30 01:40:00,130.55128,0.0,0.0,26.278169297370574,0.0
2025-07-30 01:45:00,122.52587,100.0,0.0,34.18386344779152,-1021.0489166666665
2025-07-30 01:50:00,126.30375,100.0,0.0,42.08955759821247,-1052.5312499999998
2025-07-30 01:55:00,120.0,100.0,0.0,49.99525174863342,-999.9999999999999
2025-07-30 02:00:00,119.96838,100.0,0.0,57.90094589905437,-999.7364999999999
2025-07-30 02:05:00,138.51096,0.0,0.0,57.90094589905437,0.0
2025-07-30 02:10:00,128.09566,0.0,0.0,57.90094589905437,0.0
2025-07-30 02:15:00,127.19,0.0,0.0,57.90094589905437,0.0
2025-07-30 02:20:00,156.7196,0.0,100.0,49.11684128747554,1305.9966666666667
2025-07-30 02:25:00,126.24341,100.0,0.0,57.02253543789649,-1052.0284166666665
2025-07-30 02:30:00,125.22614,100.0,0.0,64.92822958831744,-1043.5511666666666
2025-07-30 02:35:00,156.34951,0.0,100.0,56.1441249767386,1302.9125833333333
2025-07-30 02:40:00,125.6171,100.0,0.0,64.04981912715955,-1046.8091666666664
2025-07-30 02:45:00,126.72392,100.0,0.0,71.9555132775805,-1056.0326666666665
2025-07-30 02:50:00,138.40204,0.0,0.0,71.9555132775805,0.0
2025-07-30 02:55:00,119.69183,100.0,0.0,79.86120742800144,-997.4319166666664
2025-07-30 03:00:00,131.34879,0.0,0.0,79.86120742800144,0.0
2025-07-30 03:05:00,122.02,100.0,0.0,87.76690157842238,-1016.8333333333331
2025-07-30 03:10:00,136.97656,0.0,0.0,87.76690157842238,0.0
2025-07-30 03:15:00,120.0,100.0,0.0,95.67259572884332,-999.9999999999999
2025-07-30 03:20:00,124.08206,100.0,0.0,103.57828987926426,-1034.0171666666665
2025-07-30 03:25:00,122.02,100.0,0.0,111.4839840296852,-1016.8333333333331
2025-07-30 03:30:00,123.65744,100.0,0.0,119.38967818010615,-1030.4786666666664
2025-07-30 03:35:00,159.83341,0.0,100.0,110.60557356852732,1331.945083333333
2025-07-30 03:40:00,122.02,100.0,0.0,118.51126771894826,-1016.8333333333331
2025-07-30 03:45:00,113.65741,100.0,0.0,126.4169618693692,-947.1450833333332
2025-07-30 03:50:00,122.02,100.0,0.0,134.32265601979014,-1016.8333333333331
2025-07-30 03:55:00,119.69183,100.0,0.0,142.2283501702111,-997.4319166666664
2025-07-30 04:00:00,119.86576,100.0,0.0,150.13404432063203,-998.8813333333331
2025-07-30 04:05:00,122.02,100.0,0.0,158.03973847105297,-1016.8333333333331
2025-07-30 04:10:00,133.05027,0.0,0.0,158.03973847105297,0.0
2025-07-30 04:15:00,122.02,100.0,0.0,165.9454326214739,-1016.8333333333331
2025-07-30 04:20:00,134.28662,0.0,0.0,165.9454326214739,0.0
2025-07-30 04:25:00,129.44505,0.0,0.0,165.9454326214739,0.0
2025-07-30 04:30:00,122.02,100.0,0.0,173.85112677189485,-1016.8333333333331
2025-07-30 04:35:00,155.88,0.0,100.0,165.06702216031601,1298.9999999999998
2025-07-30 04:40:00,166.77874,0.0,100.0,156.28291754873717,1389.8228333333332
2025-07-30 04:45:00,120.99327,100.0,0.0,164.18861169915812,-1008.2772499999999
2025-07-30 04:50:00,122.02,100.0,0.0,172.09430584957906,-1016.8333333333331
2025-07-30 04:55:00,122.02,100.0,0.0,180.0,-1016.8333333333331
2025-07-30 05:00:00,145.83533,0.0,-0.0,180.0,-0.0
2025-07-30 05:05:00,134.73975,0.0,0.0,180.0,0.0
2025-07-30 05:10:00,158.49,0.0,89.99999999999993,172.09430584957906,1188.674999999999
2025-07-30 05:15:00,130.95005,100.0,0.0,180.0,-1091.2504166666665
2025-07-30 05:20:00,162.27944,0.0,0.0,180.0,0.0
2025-07-30 05:25:00,160.0,0.0,0.0,180.0,0.0
2025-07-30 05:30:00,167.97869,0.0,0.0,180.0,0.0
2025-07-30 05:35:00,160.06124,0.0,0.0,180.0,0.0
2025-07-30 05:40:00,169.34521,0.0,89.99999999999993,172.09430584957906,1270.089074999999
2025-07-30 05:45:00,130.85813,100.0,0.0,180.0,-1090.4844166666664
2025-07-30 05:50:00,163.81444,0.0,0.0,180.0,0.0
2025-07-30 05:55:00,172.25972,0.0,0.0,180.0,0.0
2025-07-30 06:00:00,166.83132,0.0,0.0,180.0,0.0
2025-07-30 06:05:00,166.83132,0.0,0.0,180.0,0.0
2025-07-30 06:10:00,166.5686,0.0,0.0,180.0,0.0
2025-07-30 06:15:00,171.48226,0.0,0.0,180.0,0.0
2025-07-30 06:20:00,190.86574,0.0,100.0,171.21589538842116,1590.547833333333
2025-07-30 06:25:00,227.97,0.0,100.0,162.43179077684232,1899.7499999999998
2025-07-30 06:30:00,187.44459,0.0,91.47193225698592,154.39680055715615,1428.8265698682085
2025-07-30 06:35:00,182.55722,0.0,0.0,154.39680055715615,0.0
2025-07-30 06:40:00,166.29794,100.0,0.0,162.3024947075771,-1385.8161666666665
2025-07-30 06:45:00,158.0,100.0,0.0,170.20818885799804,-1316.6666666666665
2025-07-30 06:50:00,158.0,100.0,0.0,178.11388300841898,-1316.6666666666665
2025-07-30 06:55:00,242.5832,0.0,100.0,169.32977839684014,2021.5266666666664
2025-07-30 07:00:00,247.45,0.0,100.0,160.5456737852613,2062.083333333333
2025-07-30 07:05:00,247.45,0.0,100.0,151.76156917368246,2062.083333333333
2025-07-30 07:10:00,215.64432,0.0,100.0,142.97746456210362,1797.0359999999996
2025-07-30 07:15:00,284.54266,0.0,100.0,134.19335995052478,2371.188833333333
2025-07-30 07:20:00,247.45,0.0,100.0,125.40925533894594,2062.083333333333
2025-07-30 07:25:00,283.51898,0.0,100.0,116.62515072736711,2362.658166666666
2025-07-30 07:30:00,272.34807,0.0,100.0,107.84104611578829,2269.5672499999996
2025-07-30 07:35:00,299.5,0.0,100.0,99.05694150420946,2495.833333333333
2025-07-30 07:40:00,270.82,0.0,100.0,90.27283689263064,2256.833333333333
2025-07-30 07:45:00,274.70722,0.0,100.0,81.48873228105181,2289.226833333333
2025-07-30 07:50:00,247.45,0.0,100.0,72.70462766947298,2062.083333333333
2025-07-30 07:55:00,239.77114,0.0,100.0,63.92052305789416,1998.0928333333331
2025-07-30 08:00:00,170.6261,0.0,0.0,63.92052305789416,0.0
2025-07-30 08:05:00,211.97603,0.0,100.0,55.136418446315325,1766.4669166666665
2025-07-30 08:10:00,222.54477,0.0,100.0,46.3523138347365,1854.5397499999997
2025-07-30 08:15:00,269.17796,0.0,100.0,37.568209223157666,2243.1496666666662
2025-07-30 08:20:00,226.80286,0.0,100.0,28.784104611578833,1890.0238333333332
2025-07-30 08:25:00,226.8963,0.0,100.0,20.0,1890.8024999999998
2025-07-30 08:30:00,156.97,100.0,0.0,27.90569415042095,-1308.083333333333
2025-07-30 08:35:00,182.41091,0.0,80.0,20.878410461157884,1216.0727333333332
2025-07-30 08:40:00,156.97,100.0,0.0,28.784104611578833,-1308.083333333333
2025-07-30 08:45:00,184.22594,0.0,100.0,20.0,1535.2161666666666
2025-07-30 08:50:00,156.02,0.0,0.0,20.0,0.0
2025-07-30 08:55:00,156.02,0.0,0.0,20.0,0.0
2025-07-30 09:00:00,119.90967,11.111111111111123,0.0,20.878410461157884,-111.02747222222234
2025-07-30 09:05:00,127.22412,0.0,0.0,20.878410461157884,0.0
2025-07-30 09:10:00,126.57395,0.0,0.0,20.878410461157884,0.0
2025-07-30 09:15:00,119.17383,100.0,0.0,28.784104611578833,-993.1152499999998
2025-07-30 09:20:00,138.56701,0.0,100.0,20.0,1154.7250833333333
2025-07-30 09:25:00,115.78761,11.111111111111123,0.0,20.878410461157884,-107.21075000000012
2025-07-30 09:30:00,103.84398,100.0,0.0,28.784104611578833,-865.3664999999999
2025-07-30 09:35:00,132.72,0.0,100.0,20.0,1105.9999999999998
2025-07-30 09:40:00,97.0,0.0,-0.0,20.0,-0.0
2025-07-30 09:45:00,85.07012,0.0,0.0,20.0,0.0
2025-07-30 09:50:00,75.80003,0.0,0.0,20.0,0.0
2025-07-30 09:55:00,54.40674,100.0,0.0,27.90569415042095,-453.38949999999994
2025-07-30 10:00:00,53.22044,100.0,0.0,35.8113883008419,-443.5036666666666
2025-07-30 10:05:00,80.0,0.0,100.0,27.027283689263065,666.6666666666665
2025-07-30 10:10:00,80.0,0.0,0.0,27.027283689263065,0.0
2025-07-30 10:15:00,80.0,0.0,80.0,20.0,533.3333333333333
2025-07-30 10:20:00,80.0,0.0,-0.0,20.0,-0.0
2025-07-30 10:25:00,78.22797,0.0,0.0,20.0,0.0
2025-07-30 10:30:00,77.08106,0.0,0.0,20.0,0.0
2025-07-30 10:35:00,68.31665,100.0,0.0,27.90569415042095,-569.3054166666666
2025-07-30 10:40:00,75.80003,0.0,0.0,27.90569415042095,0.0
2025-07-30 10:45:00,61.18055,100.0,0.0,35.8113883008419,-509.83791666666656
2025-07-30 10:50:00,49.86972,100.0,0.0,43.71708245126285,-415.58099999999996
2025-07-30 10:55:00,49.80192,100.0,0.0,51.622776601683796,-415.01599999999996
2025-07-30 11:00:00,56.18963,100.0,0.0,59.528470752104745,-468.2469166666666
2025-07-30 11:05:00,71.28111,0.0,0.0,59.528470752104745,0.0
2025-07-30 11:10:00,54.18143,100.0,0.0,67.4341649025257,-451.5119166666666
2025-07-30 11:15:00,71.95185,0.0,0.0,67.4341649025257,0.0
2025-07-30 11:20:00,48.19,100.0,0.0,75.33985905294664,-401.58333333333326
2025-07-30 11:25:00,63.53677,100.0,0.0,83.24555320336758,-529.4730833333332
2025-07-30 11:30:00,63.5061,100.0,0.0,91.15124735378852,-529.2175
2025-07-30 11:35:00,48.19,100.0,0.0,99.05694150420946,-401.58333333333326
2025-07-30 11:40:00,80.36746,0.0,100.0,90.27283689263064,669.7288333333332
2025-07-30 11:45:00,71.03436,90.52436917443006,0.0,97.42941665115902,-535.861719059114
2025-07-30 11:50:00,80.0,0.0,100.0,88.64531203958019,666.6666666666665
2025-07-30 11:55:00,75.75094,0.0,0.0,88.64531203958019,0.0
2025-07-30 12:00:00,48.19,100.0,0.0,96.55100619000113,-401.58333333333326
2025-07-30 12:05:00,81.25456,0.0,100.0,87.7669015784223,677.1213333333333
2025-07-30 12:10:00,88.38902,0.0,100.0,78.98279696684348,736.5751666666666
2025-07-30 12:15:00,72.93578,0.0,0.0,78.98279696684348,0.0
2025-07-30 12:20:00,60.57225,100.0,0.0,86.88849111726442,-504.7687499999999
2025-07-30 12:25:00,85.4986,0.0,100.0,78.1043865056856,712.4883333333332
2025-07-30 12:30:00,85.89144,0.0,100.0,69.32028189410677,715.762
2025-07-30 12:35:00,48.15,100.0,0.0,77.22597604452771,-401.24999999999994
2025-07-30 12:40:00,51.69415,100.0,0.0,85.13167019494865,-430.7845833333333
2025-07-30 12:45:00,84.13455,0.0,100.0,76.34756558336983,701.1212499999999
2025-07-30 12:50:00,48.15,100.0,0.0,84.25325973379077,-401.24999999999994
2025-07-30 12:55:00,83.5455,0.0,100.0,75.46915512221194,696.2125
2025-07-30 13:00:00,85.63108,0.0,100.0,66.68505051063312,713.5923333333332
2025-07-30 13:05:00,73.06166,0.0,0.0,66.68505051063312,0.0
2025-07-30 13:10:00,72.25469,0.0,0.0,66.68505051063312,0.0
2025-07-30 13:15:00,72.88603,0.0,0.0,66.68505051063312,0.0
2025-07-30 13:20:00,75.80003,0.0,0.0,66.68505051063312,0.0
2025-07-30 13:25:00,70.97,100.0,0.0,74.59074466105406,-591.4166666666666
2025-07-30 13:30:00,75.63186,0.0,0.0,74.59074466105406,0.0
2025-07-30 13:35:00,62.67964,100.0,0.0,82.496438811475,-522.3303333333332
2025-07-30 13:40:00,69.77593,100.0,0.0,90.40213296189594,-581.4660833333332
2025-07-30 13:45:00,69.81527,100.0,0.0,98.3078271123169,-581.7939166666665
2025-07-30 13:50:00,69.73016,100.0,0.0,106.21352126273784,-581.0846666666665
2025-07-30 13:55:00,71.18064,0.0,0.0,106.21352126273784,0.0
2025-07-30 14:00:00,80.0,0.0,100.0,97.42941665115902,666.6666666666665
2025-07-30 14:05:00,70.05063,100.0,0.0,105.33511080157996,-583.7552499999999
2025-07-30 14:10:00,80.0,0.0,100.0,96.55100619000113,666.6666666666665
2025-07-30 14:15:00,80.0,0.0,100.0,87.7669015784223,666.6666666666665
2025-07-30 14:20:00,80.0,0.0,100.0,78.98279696684348,666.6666666666665
2025-07-30 14:25:00,83.88321,0.0,100.0,70.19869235526465,699.02675
2025-07-30 14:30:00,67.776,100.0,0.0,78.1043865056856,-564.7999999999998
2025-07-30 14:35:00,69.06975,100.0,0.0,86.01008065610654,-575.58125
2025-07-30 14:40:00,74.60478,0.0,0.0,86.01008065610654,0.0
2025-07-30 14:45:00,69.42717,100.0,0.0,93.91577480652748,-578.5597499999999
2025-07-30 14:50:00,64.58476,100.0,0.0,101.82146895694844,-538.2063333333333
2025-07-30 14:55:00,68.51058,100.0,0.0,109.72716310736938,-570.9214999999999
2025-07-30 15:00:00,85.7738,0.0,100.0,100.94305849579055,714.7816666666665
2025-07-30 15:05:00,71.2,0.0,0.0,100.94305849579055,0.0
2025-07-30 15:10:00,71.2,0.0,0.0,100.94305849579055,0.0
2025-07-30 15:15:00,65.39692,100.0,0.0,108.8487526462115,-544.9743333333332
2025-07-30 15:20:00,65.46486,100.0,0.0,116.75444679663244,-545.5405
2025-07-30 15:25:00,66.72639,100.0,0.0,124.66014094705338,-556.0532499999999
2025-07-30 15:30:00,71.42076,0.0,0.0,124.66014094705338,0.0
2025-07-30 15:35:00,36.71175,100.0,0.0,132.56583509747435,-305.93125
2025-07-30 15:40:00,26.44284,100.0,0.0,140.4715292478953,-220.35699999999997
2025-07-30 15:45:00,26.66654,100.0,0.0,148.37722339831623,-222.22116666666665
2025-07-30 15:50:00,28.15024,100.0,0.0,156.28291754873717,-234.5853333333333
2025-07-30 15:55:00,29.75798,100.0,0.0,164.18861169915812,-247.98316666666662
2025-07-30 16:00:00,78.27,0.0,0.0,164.18861169915812,0.0
2025-07-30 16:05:00,63.50183,100.0,0.0,172.09430584957906,-529.1819166666666
2025-07-30 16:10:00,64.38477,100.0,0.0,180.0,-536.5397499999999
2025-07-30 16:15:00,78.93332,0.0,0.0,180.0,0.0
2025-07-30 16:20:00,88.49484,0.0,-0.0,180.0,-0.0
2025-07-30 16:25:00,102.38532,0.0,0.0,180.0,0.0
2025-07-30 16:30:00,119.69183,0.0,89.99999999999993,172.09430584957906,897.6887249999992
2025-07-30 16:35:00,80.0,100.0,0.0,180.0,-666.6666666666665
2025-07-30 16:40:00,115.79094,0.0,0.0,180.0,0.0
2025-07-30 16:45:00,122.9484,0.0,0.0,180.0,0.0
2025-07-30 16:50:00,158.0,0.0,100.0,171.21589538842116,1316.6666666666665
2025-07-30 16:55:00,158.0,0.0,100.0,162.43179077684232,1316.6666666666665
2025-07-30 17:00:00,158.0,0.0,100.0,153.64768616526348,1316.6666666666665
2025-07-30 17:05:00,151.3188,0.0,0.0,153.64768616526348,0.0
2025-07-30 17:10:00,147.24855,0.0,0.0,153.64768616526348,0.0
2025-07-30 17:15:00,171.57,0.0,100.0,144.86358155368464,1429.7499999999998
2025-07-30 17:20:00,158.0,0.0,100.0,136.0794769421058,1316.6666666666665
2025-07-30 17:25:00,158.65812,0.0,100.0,127.29537233052697,1322.1509999999998
2025-07-30 17:30:00,158.0,0.0,100.0,118.51126771894815,1316.6666666666665
2025-07-30 17:35:00,161.38826,0.0,100.0,109.72716310736932,1344.9021666666665
2025-07-30 17:40:00,190.11563,0.0,100.0,100.9430584957905,1584.2969166666664
2025-07-30 17:45:00,164.44694,0.0,100.0,92.15895388421167,1370.3911666666665
2025-07-30 17:50:00,208.24702,0.0,100.0,83.37484927263284,1735.3918333333331
2025-07-30 17:55:00,167.04511,0.0,100.0,74.59074466105402,1392.0425833333331
2025-07-30 18:00:00,187.86146,0.0,100.0,65.80664004947519,1565.5121666666664
2025-07-30 18:05:00,186.79221,0.0,100.0,57.02253543789636,1556.6017499999998
2025-07-30 18:10:00,174.79589,0.0,100.0,48.238430826317526,1456.6324166666666
2025-07-30 18:15:00,176.0192,0.0,100.0,39.45432621473869,1466.8266666666666
2025-07-30 18:20:00,158.0,0.0,21.471932256986417,37.568209223157666,282.7137747169878
2025-07-30 18:25:00,173.58654,0.0,100.0,28.784104611578833,1446.5545
2025-07-30 18:30:00,159.47055,0.0,100.0,20.0,1328.9212499999999
2025-07-30 18:35:00,158.0,0.0,0.0,20.0,0.0
2025-07-30 18:40:00,158.0,0.0,0.0,20.0,0.0
2025-07-30 18:45:00,132.72,0.0,0.0,20.0,0.0
2025-07-30 18:50:00,139.55667,0.0,0.0,20.0,0.0
2025-07-30 18:55:00,132.72,0.0,0.0,20.0,0.0
2025-07-30 19:00:00,130.23,11.111111111111123,0.0,20.878410461157884,-120.58333333333346
2025-07-30 19:05:00,130.23,100.0,0.0,28.784104611578833,-1085.2499999999998
2025-07-30 19:10:00,132.72,0.0,0.0,28.784104611578833,0.0
2025-07-30 19:15:00,152.77256,0.0,100.0,20.0,1273.1046666666664
2025-07-30 19:20:00,124.12239,0.0,0.0,20.0,0.0
2025-07-30 19:25:00,129.99485,0.0,0.0,20.0,0.0
2025-07-30 19:30:00,129.20635,0.0,0.0,20.0,0.0
2025-07-30 19:35:00,122.02,0.0,0.0,20.0,0.0
2025-07-30 19:40:00,122.02,0.0,0.0,20.0,0.0
2025-07-30 19:45:00,120.0,0.0,0.0,20.0,0.0
2025-07-30 19:50:00,120.0,0.0,0.0,20.0,0.0
2025-07-30 19:55:00,97.0,100.0,0.0,27.90569415042095,-808.3333333333333
2025-07-30 20:00:00,112.1243,100.0,0.0,35.8113883008419,-934.3691666666666
2025-07-30 20:05:00,135.0384,0.0,100.0,27.027283689263065,1125.3199999999997
2025-07-30 20:10:00,125.36078,0.0,0.0,27.027283689263065,0.0
2025-07-30 20:15:00,130.39012,0.0,80.0,20.0,869.2674666666666
2025-07-30 20:20:00,125.19906,0.0,0.0,20.0,0.0
2025-07-30 20:25:00,125.25649,0.0,0.0,20.0,0.0
2025-07-30 20:30:00,126.22848,0.0,0.0,20.0,0.0
2025-07-30 20:35:00,122.02,0.0,0.0,20.0,0.0
2025-07-30 20:40:00,122.02,0.0,0.0,20.0,0.0
2025-07-30 20:45:00,118.76606,0.0,0.0,20.0,0.0
2025-07-30 20:50:00,120.0,0.0,0.0,20.0,0.0
2025-07-30 20:55:00,117.95096,0.0,0.0,20.0,0.0
2025-07-30 21:00:00,120.0,0.0,0.0,20.0,0.0
2025-07-30 21:05:00,113.32531,0.0,0.0,20.0,0.0
2025-07-30 21:10:00,120.0,0.0,0.0,20.0,0.0
2025-07-30 21:15:00,120.0,0.0,0.0,20.0,0.0
2025-07-30 21:20:00,116.62072,0.0,0.0,20.0,0.0
2025-07-30 21:25:00,101.04144,0.0,-0.0,20.0,-0.0
2025-07-30 21:30:00,97.11327,0.0,0.0,20.0,0.0
2025-07-30 21:35:00,97.65933,0.0,0.0,20.0,0.0
2025-07-30 21:40:00,97.0,0.0,0.0,20.0,0.0
2025-07-30 21:45:00,97.0,0.0,0.0,20.0,0.0
2025-07-30 21:50:00,89.29509,-0.0,0.0,20.0,0.0
2025-07-30 21:55:00,80.0,100.0,0.0,27.90569415042095,-666.6666666666665
2025-07-30 22:00:00,80.0,100.0,0.0,35.8113883008419,-666.6666666666665
2025-07-30 22:05:00,81.8544,100.0,0.0,43.71708245126285,-682.1199999999999
2025-07-30 22:10:00,97.0,0.0,100.0,34.932977839684014,808.3333333333333
2025-07-30 22:15:00,93.53328,0.0,100.0,26.14887322810518,779.444
2025-07-30 22:20:00,93.15752,0.0,69.99999999999999,20.0,543.4188666666665
2025-07-30 22:25:00,80.0,0.0,0.0,20.0,0.0
2025-07-30 22:30:00,81.61711,0.0,-0.0,20.0,-0.0
2025-07-30 22:35:00,81.35503,0.0,0.0,20.0,0.0
2025-07-30 22:40:00,80.0,0.0,0.0,20.0,0.0
2025-07-30 22:45:00,80.0,0.0,0.0,20.0,0.0
2025-07-30 22:50:00,80.0,0.0,0.0,20.0,0.0
2025-07-30 22:55:00,79.88594,0.0,0.0,20.0,0.0
2025-07-30 23:00:00,71.62951,100.0,0.0,27.90569415042095,-596.9125833333333
2025-07-30 23:05:00,80.0,0.0,90.00000000000001,20.0,600.0000000000001
2025-07-30 23:10:00,80.0,0.0,-0.0,20.0,-0.0
2025-07-30 23:15:00,80.0,0.0,0.0,20.0,0.0
2025-07-30 23:20:00,80.0,0.0,-0.0,20.0,-0.0
2025-07-30 23:25:00,80.0,0.0,0.0,20.0,0.0
2025-07-30 23:30:00,80.0,0.0,0.0,20.0,0.0
2025-07-30 23:35:00,80.0,0.0,0.0,20.0,0.0
2025-07-30 23:40:00,80.0,0.0,0.0,20.0,0.0
2025-07-30 23:45:00,78.08844,0.0,0.0,20.0,0.0
2025-07-30 23:50:00,78.73246,0.0,0.0,20.0,0.0
2025-07-30 23:55:00,80.0,0.0,0.0,20.0,0.0
2025-07-31 00:00:00,69.38397,100.0,0.0,27.90569415042095,-578.19975
2025-07-31 00:05:00,80.0,0.0,90.00000000000001,20.0,600.0000000000001
2025-07-31 00:10:00,77.39907,0.0,0.0,20.0,0.0
2025-07-31 00:15:00,72.67946,0.0,0.0,20.0,0.0
2025-07-31 00:20:00,74.69095,0.0,0.0,20.0,0.0
2025-07-31 00:25:00,75.97684,0.0,0.0,20.0,0.0
2025-07-31 00:30:00,76.03505,0.0,0.0,20.0,0.0
2025-07-31 00:35:00,67.75286,0.0,0.0,20.0,0.0
2025-07-31 00:40:00,69.51539,0.0,0.0,20.0,0.0
2025-07-31 00:45:00,75.17277,0.0,0.0,20.0,0.0
2025-07-31 00:50:00,68.23381,0.0,0.0,20.0,0.0
2025-07-31 00:55:00,68.72105,0.0,0.0,20.0,0.0
2025-07-31 01:00:00,66.10912,0.0,0.0,20.0,0.0
2025-07-31 01:05:00,67.43405,0.0,0.0,20.0,0.0
2025-07-31 01:10:00,67.8298,0.0,0.0,20.0,0.0
2025-07-31 01:15:00,59.78505,100.0,0.0,27.90569415042095,-498.2087499999999
2025-07-31 01:20:00,63.97853,100.0,0.0,35.8113883008419,-533.1544166666666
2025-07-31 01:25:00,48.98948,100.0,0.0,43.71708245126285,-408.24566666666664
2025-07-31 01:30:00,66.15149,0.0,0.0,43.71708245126285,0.0
2025-07-31 01:35:00,64.4601,12.746591396653812,0.0,44.72478898168617,-68.47054634062036
2025-07-31 01:40:00,73.79631,0.0,100.0,35.940684370107334,614.96925
2025-07-31 01:45:00,46.91802,100.0,0.0,43.84637852052828,-390.98349999999994
2025-07-31 01:50:00,64.06811,100.0,0.0,51.75207267094923,-533.9009166666666
2025-07-31 01:55:00,66.37696,0.0,0.0,51.75207267094923,0.0
2025-07-31 02:00:00,48.86792,100.0,0.0,59.65776682137018,-407.2326666666666
2025-07-31 02:05:00,78.89244,0.0,100.0,50.87366220979135,657.4369999999999
2025-07-31 02:10:00,67.08213,0.0,0.0,50.87366220979135,0.0
2025-07-31 02:15:00,49.57558,100.0,0.0,58.7793563602123,-413.1298333333333
2025-07-31 02:20:00,49.64496,100.0,0.0,66.68505051063325,-413.7079999999999
2025-07-31 02:25:00,73.05002,0.0,100.0,57.90094589905441,608.7501666666666
2025-07-31 02:30:00,67.61335,0.0,0.0,57.90094589905441,0.0
2025-07-31 02:35:00,60.88003,100.0,0.0,65.80664004947536,-507.33358333333325
2025-07-31 02:40:00,65.6644,0.0,0.0,65.80664004947536,0.0
2025-07-31 02:45:00,25.85864,100.0,0.0,73.7123341998963,-215.48866666666666
2025-07-31 02:50:00,26.40864,100.0,0.0,81.61802835031725,-220.07199999999995
2025-07-31 02:55:00,46.29261,100.0,0.0,89.52372250073819,-385.77175
2025-07-31 03:00:00,48.76702,100.0,0.0,97.42941665115913,-406.3918333333333
2025-07-31 03:05:00,46.47044,100.0,0.0,105.33511080158007,-387.2536666666666
2025-07-31 03:10:00,23.74715,100.0,0.0,113.24080495200101,-197.89291666666665
2025-07-31 03:15:00,46.47344,100.0,0.0,121.14649910242196,-387.2786666666666
2025-07-31 03:20:00,46.85632,100.0,0.0,129.0521932528429,-390.4693333333332
2025-07-31 03:25:00,62.50047,100.0,0.0,136.95788740326384,-520.8372499999999
2025-07-31 03:30:00,47.67309,100.0,0.0,144.86358155368478,-397.27574999999996
2025-07-31 03:35:00,51.77074,100.0,0.0,152.76927570410572,-431.4228333333333
2025-07-31 03:40:00,71.97051,0.0,100.0,143.98517109252688,599.75425
2025-07-31 03:45:00,66.00918,0.0,0.0,143.98517109252688,0.0
2025-07-31 03:50:00,63.85596,100.0,0.0,151.89086524294783,-532.1329999999999
2025-07-31 03:55:00,52.8054,100.0,0.0,159.79655939336877,-440.0449999999999
2025-07-31 04:00:00,66.08922,0.0,0.0,159.79655939336877,0.0
2025-07-31 04:05:00,66.8278,0.0,0.0,159.79655939336877,0.0
2025-07-31 04:10:00,72.85941,0.0,100.0,151.01245478178993,607.1617499999999
2025-07-31 04:15:00,74.27683,0.0,100.0,142.2283501702111,618.9735833333333
2025-07-31 04:20:00,67.52231,0.0,0.0,142.2283501702111,0.0
2025-07-31 04:25:00,75.03847,0.0,100.0,133.44424555863225,625.3205833333333
2025-07-31 04:30:00,64.44006,100.0,0.0,141.3499397090532,-537.0005
2025-07-31 04:35:00,66.03685,0.0,0.0,141.3499397090532,0.0
2025-07-31 04:40:00,73.48054,0.0,100.0,132.56583509747435,612.3378333333333
2025-07-31 04:45:00,61.7681,100.0,0.0,140.4715292478953,-514.7341666666666
2025-07-31 04:50:00,62.46795,100.0,0.0,148.37722339831623,-520.56625
2025-07-31 04:55:00,65.94412,0.0,0.0,148.37722339831623,0.0
2025-07-31 05:00:00,65.33369,0.0,0.0,148.37722339831623,0.0
2025-07-31 05:05:00,62.0054,100.0,0.0,156.28291754873717,-516.7116666666666
2025-07-31 05:10:00,61.99514,100.0,0.0,164.18861169915812,-516.6261666666666
2025-07-31 05:15:00,66.13183,0.0,0.0,164.18861169915812,0.0
2025-07-31 05:20:00,62.25466,100.0,0.0,172.09430584957906,-518.7888333333333
2025-07-31 05:25:00,62.24887,100.0,0.0,180.0,-518.7405833333332
2025-07-31 05:30:00,80.0,0.0,-0.0,180.0,-0.0
2025-07-31 05:35:00,74.83239,0.0,0.0,180.0,0.0
2025-07-31 05:40:00,80.0,0.0,0.0,180.0,0.0
2025-07-31 05:45:00,80.0,0.0,0.0,180.0,0.0
2025-07-31 05:50:00,80.0,0.0,0.0,180.0,0.0
2025-07-31 05:55:00,84.13378,0.0,-0.0,180.0,-0.0
2025-07-31 06:00:00,120.0,0.0,89.99999999999993,172.09430584957906,899.9999999999992
2025-07-31 06:05:00,83.27804,100.0,0.0,180.0,-693.9836666666666
2025-07-31 06:10:00,121.00962,0.0,0.0,180.0,0.0
2025-07-31 06:15:00,120.0,0.0,0.0,180.0,0.0
2025-07-31 06:20:00,158.0,0.0,100.0,171.21589538842116,1316.6666666666665
2025-07-31 06:25:00,132.72,0.0,21.471932256986335,169.32977839684014,237.47957076226885
2025-07-31 06:30:00,132.72,0.0,0.0,169.32977839684014,0.0
2025-07-31 06:35:00,158.0,0.0,100.0,160.5456737852613,1316.6666666666665
2025-07-31 06:40:00,158.0,0.0,100.0,151.76156917368246,1316.6666666666665
2025-07-31 06:45:00,158.0,0.0,100.0,142.97746456210362,1316.6666666666665
2025-07-31 06:50:00,172.01564,0.0,100.0,134.19335995052478,1433.4636666666663
2025-07-31 06:55:00,231.84512,0.0,100.0,125.40925533894595,1932.0426666666665
2025-07-31 07:00:00,246.6878,0.0,100.0,116.62515072736713,2055.7316666666666
2025-07-31 07:05:00,247.45,0.0,100.0,107.8410461157883,2062.083333333333
2025-07-31 07:10:00,248.94,0.0,100.0,99.05694150420948,2074.4999999999995
2025-07-31 07:15:00,247.45,0.0,100.0,90.27283689263065,2062.083333333333
2025-07-31 07:20:00,278.07737,0.0,100.0,81.48873228105182,2317.311416666666
2025-07-31 07:25:00,281.35448,0.0,100.0,72.704627669473,2344.6206666666667
2025-07-31 07:30:00,284.11265,0.0,100.0,63.920523057894165,2367.6054166666663
2025-07-31 07:35:00,270.82,0.0,100.0,55.13641844631533,2256.833333333333
2025-07-31 07:40:00,247.37512,0.0,100.0,46.3523138347365,2061.4593333333332
2025-07-31 07:45:00,195.09575,0.0,100.0,37.568209223157666,1625.7979166666664
2025-07-31 07:50:00,163.32264,0.0,100.0,28.784104611578833,1361.022
2025-07-31 07:55:00,156.02,0.0,100.0,20.0,1300.1666666666665
2025-07-31 08:00:00,122.02,0.0,0.0,20.0,0.0
2025-07-31 08:05:00,129.57465,0.0,0.0,20.0,0.0
2025-07-31 08:10:00,123.11208,0.0,0.0,20.0,0.0
2025-07-31 08:15:00,115.98909,0.0,0.0,20.0,0.0
2025-07-31 08:20:00,87.02477,100.0,0.0,27.90569415042095,-725.2064166666665
2025-07-31 08:25:00,82.24461,100.0,0.0,35.8113883008419,-685.3717499999999
2025-07-31 08:30:00,50.66743,100.0,0.0,43.71708245126285,-422.2285833333333
2025-07-31 08:35:00,112.39479,0.0,100.0,34.932977839684014,936.6232499999999
2025-07-31 08:40:00,97.0,0.0,100.0,26.14887322810518,808.3333333333333
2025-07-31 08:45:00,96.95758,0.0,69.99999999999999,20.0,565.5858833333332
2025-07-31 08:50:00,80.0,-0.0,0.0,20.0,0.0
2025-07-31 08:55:00,69.73095,0.0,0.0,20.0,0.0
2025-07-31 09:00:00,50.46985,100.0,0.0,27.90569415042095,-420.5820833333333
2025-07-31 09:05:00,59.87621,11.111111111111123,0.0,28.784104611578833,-55.440935185185246
2025-07-31 09:10:00,80.0,0.0,100.0,20.0,666.6666666666665
2025-07-31 09:15:00,61.93119,0.0,0.0,20.0,0.0
2025-07-31 09:20:00,57.0,100.0,0.0,27.90569415042095,-474.99999999999994
2025-07-31 09:25:00,64.39672,0.0,90.00000000000001,20.0,482.9754000000001
2025-07-31 09:30:00,61.11688,0.0,0.0,20.0,0.0
2025-07-31 09:35:00,50.44942,-0.0,0.0,20.0,0.0
2025-07-31 09:40:00,48.15,0.0,0.0,20.0,0.0
2025-07-31 09:45:00,33.89019,-0.0,0.0,20.0,0.0
2025-07-31 09:50:00,29.71043,100.0,0.0,27.90569415042095,-247.5869166666666
2025-07-31 09:55:00,11.06,100.0,0.0,35.8113883008419,-92.16666666666666
2025-07-31 10:00:00,33.88979,0.0,0.0,35.8113883008419,0.0
2025-07-31 10:05:00,11.6,100.0,0.0,43.71708245126285,-96.66666666666664
2025-07-31 10:10:00,12.42,100.0,0.0,51.622776601683796,-103.49999999999999
2025-07-31 10:15:00,12.42,100.0,0.0,59.528470752104745,-103.49999999999999
2025-07-31 10:20:00,20.04,100.0,0.0,67.4341649025257,-166.99999999999997
2025-07-31 10:25:00,8.95,100.0,0.0,75.33985905294664,-74.58333333333331
2025-07-31 10:30:00,0.35308,100.0,0.0,83.24555320336758,-2.942333333333333
2025-07-31 10:35:00,29.7482,100.0,0.0,91.15124735378852,-247.90166666666664
2025-07-31 10:40:00,33.46901,0.0,0.0,91.15124735378852,0.0
2025-07-31 10:45:00,9.86,100.0,0.0,99.05694150420946,-82.16666666666666
2025-07-31 10:50:00,21.72255,100.0,0.0,106.9626356546304,-181.02124999999995
2025-07-31 10:55:00,58.23087,0.0,100.0,98.17853104305158,485.25724999999994
2025-07-31 11:00:00,8.95,100.0,0.0,106.08422519347252,-74.58333333333331
2025-07-31 11:05:00,33.55407,0.0,0.0,106.08422519347252,0.0
2025-07-31 11:10:00,33.89,0.0,38.52806774301081,102.69987941810649,108.80968465088635
2025-07-31 11:15:00,1.08351,100.0,0.0,110.60557356852743,-9.02925
2025-07-31 11:20:00,11.57,100.0,0.0,118.51126771894837,-96.41666666666666
2025-07-31 11:25:00,20.04,100.0,0.0,126.41696186936932,-166.99999999999997
2025-07-31 11:30:00,8.95,100.0,0.0,134.32265601979026,-74.58333333333331
2025-07-31 11:35:00,37.90405,0.0,100.0,125.53855140821143,315.86708333333326
2025-07-31 11:40:00,35.9121,0.0,100.0,116.7544467966326,299.2675
2025-07-31 11:45:00,12.90814,100.0,0.0,124.66014094705355,-107.56783333333331
2025-07-31 11:50:00,37.50124,0.0,100.0,115.87603633547472,312.51033333333334
2025-07-31 11:55:00,21.56985,100.0,0.0,123.78173048589566,-179.74874999999997
2025-07-31 12:00:00,38.06138,0.0,100.0,114.99762587431684,317.17816666666664
2025-07-31 12:05:00,12.42,100.0,0.0,122.90332002473778,-103.49999999999999
2025-07-31 12:10:00,8.94977,100.0,0.0,130.80901417515872,-74.58141666666666
2025-07-31 12:15:00,1.08905,100.0,0.0,138.71470832557966,-9.075416666666666
2025-07-31 12:20:00,35.02104,0.0,100.0,129.93060371400082,291.8419999999999
2025-07-31 12:25:00,30.12301,100.0,0.0,137.83629786442177,-251.0250833333333
2025-07-31 12:30:00,8.95,100.0,0.0,145.7419920148427,-74.58333333333331
2025-07-31 12:35:00,8.95,100.0,0.0,153.64768616526365,-74.58333333333331
2025-07-31 12:40:00,12.42,100.0,0.0,161.5533803156846,-103.49999999999999
2025-07-31 12:45:00,36.8836,0.0,100.0,152.76927570410575,307.3633333333333
2025-07-31 12:50:00,30.19502,100.0,0.0,160.6749698545267,-251.62516666666662
2025-07-31 12:55:00,20.44738,100.0,0.0,168.58066400494764,-170.3948333333333
2025-07-31 13:00:00,20.85282,100.0,0.0,176.48635815536858,-173.77349999999998
2025-07-31 13:05:00,45.01774,0.0,100.0,167.70225354378974,375.1478333333333
2025-07-31 13:10:00,34.047,0.0,100.0,158.9181489322109,283.7249999999999
2025-07-31 13:15:00,50.8729,0.0,100.0,150.13404432063206,423.9408333333333
2025-07-31 13:20:00,34.91,0.0,100.0,141.34993970905322,290.9166666666666
2025-07-31 13:25:00,35.37893,0.0,100.0,132.56583509747438,294.8244166666666
2025-07-31 13:30:00,34.91,0.0,100.0,123.78173048589554,290.9166666666666
2025-07-31 13:35:00,33.20929,0.0,0.0,123.78173048589554,0.0
2025-07-31 13:40:00,33.69294,0.0,0.0,123.78173048589554,0.0
2025-07-31 13:45:00,46.76177,0.0,100.0,114.99762587431671,389.6814166666666
2025-07-31 13:50:00,48.69117,0.0,100.0,106.21352126273788,405.75974999999994
2025-07-31 13:55:00,48.62646,0.0,100.0,97.42941665115906,405.22049999999996
2025-07-31 14:00:00,53.18391,0.0,100.0,88.64531203958023,443.1992499999999
2025-07-31 14:05:00,33.06864,0.0,0.0,88.64531203958023,0.0
2025-07-31 14:10:00,46.21965,0.0,100.0,79.8612074280014,385.16374999999994
2025-07-31 14:15:00,53.93409,0.0,100.0,71.07710281642258,449.4507499999999
2025-07-31 14:20:00,20.04,100.0,0.0,78.98279696684352,-166.99999999999997
2025-07-31 14:25:00,12.42,100.0,0.0,86.88849111726446,-103.49999999999999
2025-07-31 14:30:00,20.04,100.0,0.0,94.7941852676854,-166.99999999999997
2025-07-31 14:35:00,40.43,0.0,100.0,86.01008065610658,336.91666666666663
2025-07-31 14:40:00,46.0561,0.0,100.0,77.22597604452775,383.8008333333333
2025-07-31 14:45:00,12.04,100.0,0.0,85.1316701949487,-100.33333333333331
2025-07-31 14:50:00,20.04,100.0,0.0,93.03736434536964,-166.99999999999997
2025-07-31 14:55:00,2.45055,100.0,0.0,100.94305849579058,-20.421249999999997
2025-07-31 15:00:00,8.95,100.0,0.0,108.84875264621152,-74.58333333333331
2025-07-31 15:05:00,2.04804,100.0,0.0,116.75444679663246,-17.066999999999997
2025-07-31 15:10:00,8.95,100.0,0.0,124.6601409470534,-74.58333333333331
2025-07-31 15:15:00,8.95,100.0,0.0,132.56583509747435,-74.58333333333331
2025-07-31 15:20:00,1.10602,100.0,0.0,140.4715292478953,-9.216833333333332
2025-07-31 15:25:00,8.95,100.0,0.0,148.37722339831623,-74.58333333333331
2025-07-31 15:30:00,8.95,100.0,0.0,156.28291754873717,-74.58333333333331
2025-07-31 15:35:00,6.70022,100.0,0.0,164.18861169915812,-55.83516666666666
2025-07-31 15:40:00,8.95,100.0,0.0,172.09430584957906,-74.58333333333331
2025-07-31 15:45:00,20.1,100.0,0.0,180.0,-167.5
2025-07-31 15:50:00,42.03128,0.0,-0.0,180.0,-0.0
2025-07-31 15:55:00,69.92739,0.0,-0.0,180.0,-0.0
2025-07-31 16:00:00,78.45399,0.0,0.0,180.0,0.0
2025-07-31 16:05:00,80.0,0.0,-0.0,180.0,-0.0
2025-07-31 16:10:00,73.29387,0.0,0.0,180.0,0.0
2025-07-31 16:15:00,100.96094,0.0,-0.0,180.0,-0.0
2025-07-31 16:20:00,104.06761,0.0,0.0,180.0,0.0
2025-07-31 16:25:00,141.75182,-0.0,0.0,180.0,0.0
2025-07-31 16:30:00,269.30889,0.0,100.0,171.21589538842116,2244.24075
2025-07-31 16:35:00,156.00484,100.0,0.0,179.1215895388421,-1300.0403333333331
2025-07-31 16:40:00,158.68067,11.111111111111304,0.0,180.0,-146.92654629629885
2025-07-31 16:45:00,173.78429,0.0,0.0,180.0,0.0
2025-07-31 16:50:00,240.37709,0.0,0.0,180.0,0.0
2025-07-31 16:55:00,247.45,0.0,100.0,171.21589538842116,2062.083333333333
2025-07-31 17:00:00,271.6051,0.0,100.0,162.43179077684232,2263.375833333333
2025-07-31 17:05:00,247.45,0.0,100.0,153.64768616526348,2062.083333333333
2025-07-31 17:10:00,248.94,0.0,100.0,144.86358155368464,2074.4999999999995
2025-07-31 17:15:00,248.94,0.0,100.0,136.0794769421058,2074.4999999999995
2025-07-31 17:20:00,261.72639,0.0,100.0,127.29537233052697,2181.0532499999995
2025-07-31 17:25:00,269.754,0.0,100.0,118.51126771894815,2247.95
2025-07-31 17:30:00,278.39275,0.0,100.0,109.72716310736932,2319.939583333333
2025-07-31 17:35:00,264.78583,0.0,100.0,100.9430584957905,2206.5485833333328
2025-07-31 17:40:00,269.80344,0.0,100.0,92.15895388421167,2248.362
2025-07-31 17:45:00,260.75133,0.0,100.0,83.37484927263284,2172.92775
2025-07-31 17:50:00,262.16345,0.0,100.0,74.59074466105402,2184.6954166666665
2025-07-31 17:55:00,262.16345,0.0,100.0,65.80664004947519,2184.6954166666665
2025-07-31 18:00:00,264.57446,0.0,100.0,57.02253543789636,2204.787166666666
2025-07-31 18:05:00,247.45,0.0,21.471932256986417,55.13641844631533,442.7691364159407
2025-07-31 18:10:00,263.05831,0.0,100.0,46.3523138347365,2192.152583333333
2025-07-31 18:15:00,248.09984,0.0,100.0,37.568209223157666,2067.4986666666664
2025-07-31 18:20:00,248.09984,0.0,100.0,28.784104611578833,2067.4986666666664
2025-07-31 18:25:00,247.41052,0.0,0.0,28.784104611578833,0.0
2025-07-31 18:30:00,248.10811,0.0,100.0,20.0,2067.567583333333
2025-07-31 18:35:00,247.45,0.0,0.0,20.0,0.0
2025-07-31 18:40:00,221.51744,0.0,0.0,20.0,0.0
2025-07-31 18:45:00,220.62312,0.0,0.0,20.0,0.0
2025-07-31 18:50:00,209.84698,0.0,0.0,20.0,0.0
2025-07-31 18:55:00,221.79452,0.0,-0.0,20.0,-0.0
2025-07-31 19:00:00,218.93059,0.0,0.0,20.0,0.0
2025-07-31 19:05:00,185.24413,100.0,0.0,27.90569415042095,-1543.7010833333331
2025-07-31 19:10:00,170.03998,100.0,0.0,35.8113883008419,-1416.9998333333333
2025-07-31 19:15:00,190.59186,100.0,0.0,43.71708245126284,-1588.2654999999997
2025-07-31 19:20:00,218.458,0.0,100.0,34.93297783968401,1820.4833333333331
2025-07-31 19:25:00,164.26705,100.0,0.0,42.838671990104956,-1368.8920833333332
2025-07-31 19:30:00,171.20882,100.0,0.0,50.744366140525905,-1426.7401666666665
2025-07-31 19:35:00,168.92226,100.0,0.0,58.650060290946854,-1407.6854999999998
2025-07-31 19:40:00,174.47038,100.0,0.0,66.5557544413678,-1453.9198333333331
2025-07-31 19:45:00,207.84375,0.0,0.0,66.5557544413678,0.0
2025-07-31 19:50:00,221.9545,0.0,100.0,57.77164982978896,1849.620833333333
2025-07-31 19:55:00,215.54491,0.0,100.0,48.98754521821013,1796.2075833333329
2025-07-31 20:00:00,164.34079,100.0,0.0,56.89323936863108,-1369.506583333333
2025-07-31 20:05:00,221.08037,0.0,100.0,48.109134757052246,1842.3364166666663
2025-07-31 20:10:00,215.52473,0.0,89.99999999999984,40.20344060663131,1616.4354749999973
2025-07-31 20:15:00,171.32911,100.0,0.0,48.10913475705226,-1427.742583333333
2025-07-31 20:20:00,174.35949,100.0,0.0,56.01482890747321,-1452.9957499999998
2025-07-31 20:25:00,218.89506,0.0,100.0,47.230724295894376,1824.1254999999996
2025-07-31 20:30:00,172.39093,100.0,0.0,55.136418446315325,-1436.591083333333
2025-07-31 20:35:00,179.61648,100.0,0.0,63.042112596736274,-1496.8039999999999
2025-07-31 20:40:00,220.64331,0.0,100.0,54.25800798515744,1838.6942499999998
2025-07-31 20:45:00,185.56438,100.0,0.0,62.16370213557839,-1546.3698333333332
2025-07-31 20:50:00,167.92611,100.0,0.0,70.06939628599935,-1399.3842499999998
2025-07-31 20:55:00,184.29693,100.0,0.0,77.97509043642029,-1535.8077499999997
2025-07-31 21:00:00,158.14769,100.0,0.0,85.88078458684123,-1317.8974166666667
2025-07-31 21:05:00,175.24739,100.0,0.0,93.78647873726217,-1460.3949166666664
2025-07-31 21:10:00,226.62114,0.0,100.0,85.00237412568335,1888.5094999999997
2025-07-31 21:15:00,242.93145,0.0,100.0,76.21826951410452,2024.4287499999998
2025-07-31 21:20:00,195.6532,0.0,0.0,76.21826951410452,0.0
2025-07-31 21:25:00,221.25499,0.0,100.0,67.4341649025257,1843.791583333333
2025-07-31 21:30:00,219.94381,0.0,100.0,58.65006029094687,1832.8650833333331
2025-07-31 21:35:00,266.34983,0.0,100.0,49.865955679368035,2219.5819166666665
2025-07-31 21:40:00,250.7641,0.0,100.0,41.0818510677892,2089.7008333333333
2025-07-31 21:45:00,253.55848,0.0,100.0,32.29774645621037,2112.987333333333
2025-07-31 21:50:00,197.02168,0.0,0.0,32.29774645621037,0.0
2025-07-31 21:55:00,168.87653,100.0,0.0,40.20344060663132,-1407.3044166666664
2025-07-31 22:00:00,158.0,100.0,0.0,48.10913475705227,-1316.6666666666665
2025-07-31 22:05:00,158.0,100.0,0.0,56.014828907473216,-1316.6666666666665
2025-07-31 22:10:00,266.13582,0.0,100.0,47.23072429589438,2217.7985
2025-07-31 22:15:00,265.17956,0.0,100.0,38.44661968431555,2209.829666666666
2025-07-31 22:20:00,268.7815,0.0,100.0,29.662515072736717,2239.845833333333
2025-07-31 22:25:00,249.76197,0.0,100.0,20.878410461157884,2081.3497499999994
2025-07-31 22:30:00,170.20047,100.0,0.0,28.784104611578833,-1418.3372499999998
2025-07-31 22:35:00,242.96865,0.0,100.0,20.0,2024.7387499999998
2025-07-31 22:40:00,178.36663,0.0,0.0,20.0,0.0
2025-07-31 22:45:00,172.84589,0.0,0.0,20.0,0.0
2025-07-31 22:50:00,158.0,100.0,0.0,27.90569415042095,-1316.6666666666665
2025-07-31 22:55:00,158.0,100.0,0.0,35.8113883008419,-1316.6666666666665
2025-07-31 23:00:00,131.4368,100.0,0.0,43.71708245126285,-1095.3066666666666
2025-07-31 23:05:00,158.0,100.0,0.0,51.622776601683796,-1316.6666666666665
2025-07-31 23:10:00,174.9946,0.0,0.0,51.622776601683796,0.0
2025-07-31 23:15:00,128.94987,100.0,0.0,59.528470752104745,-1074.58225
2025-07-31 23:20:00,158.0,100.0,0.0,67.4341649025257,-1316.6666666666665
2025-07-31 23:25:00,161.85415,23.039962364992512,0.0,69.25563385947409,-310.75946038482107
2025-07-31 23:30:00,158.75236,100.0,0.0,77.16132800989503,-1322.9363333333333
2025-07-31 23:35:00,208.52604,0.0,100.0,68.3772233983162,1737.7169999999996
2025-07-31 23:40:00,161.67743,100.0,0.0,76.28291754873715,-1347.3119166666663
2025-07-31 23:45:00,158.0,100.0,0.0,84.1886116991581,-1316.6666666666665
2025-07-31 23:50:00,165.95947,0.0,0.0,84.1886116991581,0.0
2025-07-31 23:55:00,135.54016,100.0,0.0,92.09430584957906,-1129.5013333333332
2025-08-01 00:00:00,137.28722,100.0,0.0,100.0,-1144.0601666666664
